providerOutcomeId,providerId,providerOfferId,label,oddsAmerican,oddsDecimal,oddsDecimalDisplay,oddsFractional,line,participant,participantType,main,sortOrder,tags,participants,category,prop_label
0HC79110487N350_3,2,2_79110487,Saint Francis PA,-115,1.86956522,1.86,20/23,-3.5,Saint Francis PA,Team,True,-3501,"['MainPointLine', 'SGP']","[{'id': '41332', 'name': 'Saint Francis PA', 'type': 'Team'}]",Madness Props,Spread
0HC79110487P350_1,2,2_79110487,Alabama State,-115,1.86956522,1.86,20/23,3.5,Alabama State,Team,True,-3499,"['MainPointLine', 'SGP']","[{'id': '42969', 'name': 'Alabama State', 'type': 'Team'}]",Madness Props,Spread
0OU79110487O14650_1,2,3_79110487,Over,-110,1.90909091,1.90,10/11,146.5,,Unknown,True,146500,"['MainPointLine', 'SGP']",Madness Props,Total
0OU79110487U14650_3,2,3_79110487,Under,-120,1.83333334,1.83,5/6,146.5,,Unknown,True,146502,"['MainPointLine', 'SGP']",Madness Props,Total
0ML79110487_3,2,1_79110487,Saint Francis PA,-200,1.5,1.50,1/2,Saint Francis PA,Team,True,1280230384,['SGP'],"[{'id': '41332', 'name': 'Saint Francis PA', 'type': 'Team'}]",Madness Props,Moneyline
0ML79110487_1,2,1_79110487,Alabama State,+154,2.54,2.54,77/50,Alabama State,Team,True,1280232377,['SGP'],"[{'id': '42969', 'name': 'Alabama State', 'type': 'Team'}]",Madness Props,Moneyline
0HC79110488P550_3,2,2_79110488,Kent State,-115,1.86956522,1.86,20/23,5.5,Kent State,Team,True,5499,"['MainPointLine', 'SGP']","[{'id': '43444', 'name': 'Kent State', 'type': 'Team'}]",Madness Props,Spread
0HC79110488N550_1,2,2_79110488,Saint Bonaventure,-115,1.86956522,1.86,20/23,-5.5,Saint Bonaventure,Team,True,5501,"['MainPointLine', 'SGP']","[{'id': '44786', 'name': 'Saint Bonaventure', 'type': 'Team'}]",Madness Props,Spread
0OU79110488O13450_1,2,3_79110488,Over,-115,1.86956522,1.86,20/23,134.5,,Unknown,True,134500,"['MainPointLine', 'SGP']",Madness Props,Total
0OU79110488U13450_3,2,3_79110488,Under,-115,1.86956522,1.86,20/23,134.5,,Unknown,True,134502,"['MainPointLine', 'SGP']",Madness Props,Total
0ML79110488_3,2,1_79110488,Kent State,+210,3.1,3.10,21/10,Kent State,Team,True,1280230388,['SGP'],"[{'id': '43444', 'name': 'Kent State', 'type': 'Team'}]",Madness Props,Moneyline
0ML79110488_1,2,1_79110488,Saint Bonaventure,-280,1.35714286,1.35,5/14,Saint Bonaventure,Team,True,1280232378,['SGP'],"[{'id': '44786', 'name': 'Saint Bonaventure', 'type': 'Team'}]",Madness Props,Moneyline
0HC79110490P250_3,2,2_79110490,Jacksonville State,-115,1.86956522,1.86,20/23,2.5,Jacksonville State,Team,True,2499,"['MainPointLine', 'SGP']","[{'id': '42218', 'name': 'Jacksonville State', 'type': 'Team'}]",Madness Props,Spread
0HC79110490N250_1,2,2_79110490,Georgia Tech,-115,1.86956522,1.86,20/23,-2.5,Georgia Tech,Team,True,2501,"['MainPointLine', 'SGP']","[{'id': '42150', 'name': 'Georgia Tech', 'type': 'Team'}]",Madness Props,Spread
0OU79110490O14950_1,2,3_79110490,Over,-110,1.90909091,1.90,10/11,149.5,,Unknown,True,149500,"['MainPointLine', 'SGP']",Madness Props,Total
0OU79110490U14950_3,2,3_79110490,Under,-120,1.83333334,1.83,5/6,149.5,,Unknown,True,149502,"['MainPointLine', 'SGP']",Madness Props,Total
0ML79110490_3,2,1_79110490,Jacksonville State,+124,2.24,2.24,31/25,Jacksonville State,Team,True,1280230402,['SGP'],"[{'id': '42218', 'name': 'Jacksonville State', 'type': 'Team'}]",Madness Props,Moneyline
0ML79110490_1,2,1_79110490,Georgia Tech,-160,1.625,1.62,5/8,Georgia Tech,Team,True,1280232398,['SGP'],"[{'id': '42150', 'name': 'Georgia Tech', 'type': 'Team'}]",Madness Props,Moneyline
0HC79100355P150_3,2,2_79100355,Chattanooga,-110,1.90909091,1.90,10/11,1.5,Chattanooga,Team,True,1499,"['ProgressiveParlayTeamEligible', 'MainPointLine', 'SGP']","[{'id': '41974', 'name': 'Chattanooga', 'type': 'Team'}]",Madness Props,Spread
0HC79100355N150_1,2,2_79100355,Middle Tennessee,-110,1.90909091,1.90,10/11,-1.5,Middle Tennessee,Team,True,1501,"['ProgressiveParlayTeamEligible', 'MainPointLine', 'SGP']","[{'id': '42683', 'name': 'Middle Tennessee', 'type': 'Team'}]",Madness Props,Spread
0OU79100355O15250_1,2,3_79100355,Over,-115,1.86956522,1.86,20/23,152.5,,Unknown,True,152500,"['ProgressiveParlayTeamEligible', 'MainPointLine', 'SGP']",Madness Props,Total
0OU79100355U15250_3,2,3_79100355,Under,-105,1.95238096,1.95,20/21,152.5,,Unknown,True,152502,"['ProgressiveParlayTeamEligible', 'MainPointLine', 'SGP']",Madness Props,Total
0ML79100355_3,2,1_79100355,Chattanooga,+105,2.05,2.05,21/20,Chattanooga,Team,True,1280025918,['SGP'],"[{'id': '41974', 'name': 'Chattanooga', 'type': 'Team'}]",Madness Props,Moneyline
0ML79100355_1,2,1_79100355,Middle Tennessee,-125,1.8,1.80,4/5,Middle Tennessee,Team,True,1280027914,['SGP'],"[{'id': '42683', 'name': 'Middle Tennessee', 'type': 'Team'}]",Madness Props,Moneyline
0HC79100357P650_3,2,2_79100357,Wichita State,-112,1.89285715,1.89,25/28,6.5,Wichita State,Team,True,6499,"['ProgressiveParlayTeamEligible', 'MainPointLine', 'SGP']","[{'id': '43593', 'name': 'Wichita State', 'type': 'Team'}]",Madness Props,Spread
0HC79100357N650_1,2,2_79100357,Oklahoma State,-108,1.92592593,1.92,25/27,-6.5,Oklahoma State,Team,True,6501,"['ProgressiveParlayTeamEligible', 'MainPointLine', 'SGP']","[{'id': '43141', 'name': 'Oklahoma State', 'type': 'Team'}]",Madness Props,Spread
0OU79100357O15450_1,2,3_79100357,Over,-105,1.95238096,1.95,20/21,154.5,,Unknown,True,154500,"['ProgressiveParlayTeamEligible', 'MainPointLine', 'SGP']",Madness Props,Total
0OU79100357U15450_3,2,3_79100357,Under,-115,1.86956522,1.86,20/23,154.5,,Unknown,True,154502,"['ProgressiveParlayTeamEligible', 'MainPointLine', 'SGP']",Madness Props,Total
0ML79100357_3,2,1_79100357,Wichita State,+230,3.3,3.30,23/10,Wichita State,Team,True,1280025932,['SGP'],"[{'id': '43593', 'name': 'Wichita State', 'type': 'Team'}]",Madness Props,Moneyline
0ML79100357_1,2,1_79100357,Oklahoma State,-285,1.3508772,1.35,20/57,Oklahoma State,Team,True,1280027928,['SGP'],"[{'id': '43141', 'name': 'Oklahoma State', 'type': 'Team'}]",Madness Props,Moneyline
0HC79100359P550_3,2,2_79100359,Saint Louis,-108,1.92592593,1.92,25/27,5.5,Saint Louis,Team,True,5499,"['ProgressiveParlayTeamEligible', 'MainPointLine', 'SGP']","[{'id': '43370', 'name': 'Saint Louis', 'type': 'Team'}]",Madness Props,Spread
0HC79100359N550_1,2,2_79100359,Arkansas State,-112,1.89285715,1.89,25/28,-5.5,Arkansas State,Team,True,5501,"['ProgressiveParlayTeamEligible', 'MainPointLine', 'SGP']","[{'id': '42673', 'name': 'Arkansas State', 'type': 'Team'}]",Madness Props,Spread
0OU79100359O15450_1,2,3_79100359,Over,-105,1.95238096,1.95,20/21,154.5,,Unknown,True,154500,"['ProgressiveParlayTeamEligible', 'MainPointLine', 'SGP']",Madness Props,Total
0OU79100359U15450_3,2,3_79100359,Under,-115,1.86956522,1.86,20/23,154.5,,Unknown,True,154502,"['ProgressiveParlayTeamEligible', 'MainPointLine', 'SGP']",Madness Props,Total
0ML79100359_3,2,1_79100359,Saint Louis,+200,3,3.00,2/1,Saint Louis,Team,True,1280025946,['SGP'],"[{'id': '43370', 'name': 'Saint Louis', 'type': 'Team'}]",Madness Props,Moneyline
0ML79100359_1,2,1_79100359,Arkansas State,-245,1.40816327,1.40,20/49,Arkansas State,Team,True,1280027942,['SGP'],"[{'id': '42673', 'name': 'Arkansas State', 'type': 'Team'}]",Madness Props,Moneyline
0HC79092473N450_3,2,2_79092473,North Carolina,-112,1.89285715,1.89,25/28,-4.5,North Carolina,Team,True,-4501,"['ProgressiveParlayTeamEligible', 'MainPointLine', 'SGP']","[{'id': '42450', 'name': 'North Carolina', 'type': 'Team'}]",Madness Props,Spread
0HC79092473P450_1,2,2_79092473,San Diego State,-108,1.92592593,1.92,25/27,4.5,San Diego State,Team,True,-4499,"['ProgressiveParlayTeamEligible', 'MainPointLine', 'SGP']","[{'id': '44675', 'name': 'San Diego State', 'type': 'Team'}]",Madness Props,Spread
0OU79092473O14150_1,2,3_79092473,Over,-112,1.89285715,1.89,25/28,141.5,,Unknown,True,141500,"['ProgressiveParlayTeamEligible', 'MainPointLine', 'SGP']",Madness Props,Total
0OU79092473U14150_3,2,3_79092473,Under,-108,1.92592593,1.92,25/27,141.5,,Unknown,True,141502,"['ProgressiveParlayTeamEligible', 'MainPointLine', 'SGP']",Madness Props,Total
0ML79092473_3,2,1_79092473,North Carolina,-218,1.4587156,1.45,50/109,North Carolina,Team,True,1279852086,['SGP'],"[{'id': '42450', 'name': 'North Carolina', 'type': 'Team'}]",Madness Props,Moneyline
0ML79092473_1,2,1_79092473,San Diego State,+180,2.8,2.80,9/5,San Diego State,Team,True,1279854082,['SGP'],"[{'id': '44675', 'name': 'San Diego State', 'type': 'Team'}]",Madness Props,Moneyline
0HC79100356P650_3,2,2_79100356,CSUN,-108,1.92592593,1.92,25/27,6.5,CSUN,Team,True,6499,"['ProgressiveParlayTeamEligible', 'MainPointLine', 'SGP']","[{'id': '44653', 'name': 'CSUN', 'type': 'Team'}]",Madness Props,Spread
0HC79100356N650_1,2,2_79100356,Stanford,-112,1.89285715,1.89,25/28,-6.5,Stanford,Team,True,6501,"['ProgressiveParlayTeamEligible', 'MainPointLine', 'SGP']","[{'id': '44739', 'name': 'Stanford', 'type': 'Team'}]",Madness Props,Spread
0OU79100356O15650_1,2,3_79100356,Over,-108,1.92592593,1.92,25/27,156.5,,Unknown,True,156500,"['ProgressiveParlayTeamEligible', 'MainPointLine', 'SGP']",Madness Props,Total
0OU79100356U15650_3,2,3_79100356,Under,-112,1.89285715,1.89,25/28,156.5,,Unknown,True,156502,"['ProgressiveParlayTeamEligible', 'MainPointLine', 'SGP']",Madness Props,Total
0ML79100356_3,2,1_79100356,CSUN,+230,3.3,3.30,23/10,CSUN,Team,True,1280025925,['SGP'],"[{'id': '44653', 'name': 'CSUN', 'type': 'Team'}]",Madness Props,Moneyline
0ML79100356_1,2,1_79100356,Stanford,-285,1.3508772,1.35,20/57,Stanford,Team,True,1280027921,['SGP'],"[{'id': '44739', 'name': 'Stanford', 'type': 'Team'}]",Madness Props,Moneyline
0HC79100358P1050_3,2,2_79100358,UC Riverside,-118,1.84745763,1.84,50/59,10.5,UC Riverside,Team,True,10499,"['ProgressiveParlayTeamEligible', 'MainPointLine', 'SGP']","[{'id': '44279', 'name': 'UC Riverside', 'type': 'Team'}]",Madness Props,Spread
0HC79100358N1050_1,2,2_79100358,Santa Clara,-102,1.98039216,1.98,50/51,-10.5,Santa Clara,Team,True,10501,"['ProgressiveParlayTeamEligible', 'MainPointLine', 'SGP']","[{'id': '42757', 'name': 'Santa Clara', 'type': 'Team'}]",Madness Props,Spread
0OU79100358O15650_1,2,3_79100358,Over,-110,1.90909091,1.90,10/11,156.5,,Unknown,True,156500,"['ProgressiveParlayTeamEligible', 'MainPointLine', 'SGP']",Madness Props,Total
0OU79100358U15650_3,2,3_79100358,Under,-110,1.90909091,1.90,10/11,156.5,,Unknown,True,156502,"['ProgressiveParlayTeamEligible', 'MainPointLine', 'SGP']",Madness Props,Total
0ML79100358_3,2,1_79100358,UC Riverside,+440,5.4,5.40,22/5,UC Riverside,Team,True,1280025939,['SGP'],"[{'id': '44279', 'name': 'UC Riverside', 'type': 'Team'}]",Madness Props,Moneyline
0ML79100358_1,2,1_79100358,Santa Clara,-600,1.16666667,1.16,1/6,Santa Clara,Team,True,1280027935,['SGP'],"[{'id': '42757', 'name': 'Santa Clara', 'type': 'Team'}]",Madness Props,Moneyline
0HC79092702P250_3,2,2_79092702,Mount Saint Marys,-112,1.89285715,1.89,25/28,2.5,Mount Saint Marys,Team,True,2499,"['ProgressiveParlayTeamEligible', 'MainPointLine', 'SGP']","[{'id': '42025', 'name': 'Mount Saint Marys', 'type': 'Team'}]",Madness Props,Spread
0HC79092702N250_1,2,2_79092702,American,-108,1.92592593,1.92,25/27,-2.5,American,Team,True,2501,"['ProgressiveParlayTeamEligible', 'MainPointLine', 'SGP']","[{'id': '41874', 'name': 'American', 'type': 'Team'}]",Madness Props,Spread
0OU79092702O12950_1,2,3_79092702,Over,-105,1.95238096,1.95,20/21,129.5,,Unknown,True,129500,"['ProgressiveParlayTeamEligible', 'MainPointLine', 'SGP']",Madness Props,Total
0OU79092702U12950_3,2,3_79092702,Under,-115,1.86956522,1.86,20/23,129.5,,Unknown,True,129502,"['ProgressiveParlayTeamEligible', 'MainPointLine', 'SGP']",Madness Props,Total
0ML79092702_3,2,1_79092702,Mount Saint Marys,+120,2.2,2.20,6/5,Mount Saint Marys,Team,True,1279857119,['SGP'],"[{'id': '42025', 'name': 'Mount Saint Marys', 'type': 'Team'}]",Madness Props,Moneyline
0ML79092702_1,2,1_79092702,American,-142,1.70422536,1.70,50/71,American,Team,True,1279859115,['SGP'],"[{'id': '41874', 'name': 'American', 'type': 'Team'}]",Madness Props,Moneyline
0HC79100363P750_3,2,2_79100363,Samford,-110,1.90909091,1.90,10/11,7.5,Samford,Team,True,7499,"['ProgressiveParlayTeamEligible', 'MainPointLine', 'SGP']","[{'id': '42759', 'name': 'Samford', 'type': 'Team'}]",Madness Props,Spread
0HC79100363N750_1,2,2_79100363,George Mason,-110,1.90909091,1.90,10/11,-7.5,George Mason,Team,True,7501,"['ProgressiveParlayTeamEligible', 'MainPointLine', 'SGP']","[{'id': '41752', 'name': 'George Mason', 'type': 'Team'}]",Madness Props,Spread
0OU79100363O14750_1,2,3_79100363,Over,-110,1.90909091,1.90,10/11,147.5,,Unknown,True,147500,"['ProgressiveParlayTeamEligible', 'MainPointLine', 'SGP']",Madness Props,Total
0OU79100363U14750_3,2,3_79100363,Under,-110,1.90909091,1.90,10/11,147.5,,Unknown,True,147502,"['ProgressiveParlayTeamEligible', 'MainPointLine', 'SGP']",Madness Props,Total
0ML79100363_3,2,1_79100363,Samford,+270,3.7,3.70,27/10,Samford,Team,True,1280025967,['SGP'],"[{'id': '42759', 'name': 'Samford', 'type': 'Team'}]",Madness Props,Moneyline
0ML79100363_1,2,1_79100363,George Mason,-340,1.29411765,1.29,5/17,George Mason,Team,True,1280027963,['SGP'],"[{'id': '41752', 'name': 'George Mason', 'type': 'Team'}]",Madness Props,Moneyline
0HC79100365P550_3,2,2_79100365,UAB,-115,1.86956522,1.86,20/23,5.5,UAB,Team,True,5499,"['ProgressiveParlayTeamEligible', 'MainPointLine', 'SGP']","[{'id': '42938', 'name': 'UAB', 'type': 'Team'}]",Madness Props,Spread
0HC79100365N550_1,2,2_79100365,Saint Josephs,-105,1.95238096,1.95,20/21,-5.5,Saint Josephs,Team,True,5501,"['ProgressiveParlayTeamEligible', 'MainPointLine', 'SGP']","[{'id': '42231', 'name': 'Saint Josephs', 'type': 'Team'}]",Madness Props,Spread
0OU79100365O15550_1,2,3_79100365,Over,-110,1.90909091,1.90,10/11,155.5,,Unknown,True,155500,"['ProgressiveParlayTeamEligible', 'MainPointLine', 'SGP']",Madness Props,Total
0OU79100365U15550_3,2,3_79100365,Under,-110,1.90909091,1.90,10/11,155.5,,Unknown,True,155502,"['ProgressiveParlayTeamEligible', 'MainPointLine', 'SGP']",Madness Props,Total
0ML79100365_3,2,1_79100365,UAB,+195,2.95,2.95,39/20,UAB,Team,True,1280025981,['SGP'],"[{'id': '42938', 'name': 'UAB', 'type': 'Team'}]",Madness Props,Moneyline
0ML79100365_1,2,1_79100365,Saint Josephs,-238,1.42016807,1.42,50/119,Saint Josephs,Team,True,1280027977,['SGP'],"[{'id': '42231', 'name': 'Saint Josephs', 'type': 'Team'}]",Madness Props,Moneyline
0HC79100362P100_3,2,2_79100362,Florida Atlantic,-115,1.86956522,1.86,20/23,1,Florida Atlantic,Team,True,999,"['ProgressiveParlayTeamEligible', 'MainPointLine', 'SGP']","[{'id': '44945', 'name': 'Florida Atlantic', 'type': 'Team'}]",Madness Props,Spread
0HC79100362N100_1,2,2_79100362,Dayton,-105,1.95238096,1.95,20/21,-1,Dayton,Team,True,1001,"['ProgressiveParlayTeamEligible', 'MainPointLine', 'SGP']","[{'id': '44880', 'name': 'Dayton', 'type': 'Team'}]",Madness Props,Spread
0OU79100362O15050_1,2,3_79100362,Over,-115,1.86956522,1.86,20/23,150.5,,Unknown,True,150500,"['ProgressiveParlayTeamEligible', 'MainPointLine', 'SGP']",Madness Props,Total
0OU79100362U15050_3,2,3_79100362,Under,-105,1.95238096,1.95,20/21,150.5,,Unknown,True,150502,"['ProgressiveParlayTeamEligible', 'MainPointLine', 'SGP']",Madness Props,Total
0ML79100362_3,2,1_79100362,Florida Atlantic,-102,1.98039216,1.98,50/51,Florida Atlantic,Team,True,1280025960,['SGP'],"[{'id': '44945', 'name': 'Florida Atlantic', 'type': 'Team'}]",Madness Props,Moneyline
0ML79100362_1,2,1_79100362,Dayton,-118,1.84745763,1.84,50/59,Dayton,Team,True,1280027956,['SGP'],"[{'id': '44880', 'name': 'Dayton', 'type': 'Team'}]",Madness Props,Moneyline
0HC79100364P850_3,2,2_79100364,Furman,-112,1.89285715,1.89,25/28,8.5,Furman,Team,True,8499,"['ProgressiveParlayTeamEligible', 'MainPointLine', 'SGP']","[{'id': '41709', 'name': 'Furman', 'type': 'Team'}]",Madness Props,Spread
0HC79100364N850_1,2,2_79100364,North Texas,-108,1.92592593,1.92,25/27,-8.5,North Texas,Team,True,8501,"['ProgressiveParlayTeamEligible', 'MainPointLine', 'SGP']","[{'id': '43192', 'name': 'North Texas', 'type': 'Team'}]",Madness Props,Spread
0OU79100364O13050_1,2,3_79100364,Over,-110,1.90909091,1.90,10/11,130.5,,Unknown,True,130500,"['ProgressiveParlayTeamEligible', 'MainPointLine', 'SGP']",Madness Props,Total
0OU79100364U13050_3,2,3_79100364,Under,-110,1.90909091,1.90,10/11,130.5,,Unknown,True,130502,"['ProgressiveParlayTeamEligible', 'MainPointLine', 'SGP']",Madness Props,Total
0ML79100364_3,2,1_79100364,Furman,+295,3.95,3.95,59/20,Furman,Team,True,1280025988,['SGP'],"[{'id': '41709', 'name': 'Furman', 'type': 'Team'}]",Madness Props,Moneyline
0ML79100364_1,2,1_79100364,North Texas,-375,1.26666667,1.26,4/15,North Texas,Team,True,1280027984,['SGP'],"[{'id': '43192', 'name': 'North Texas', 'type': 'Team'}]",Madness Props,Moneyline
0HC79100361P250_3,2,2_79100361,North Alabama,-108,1.92592593,1.92,25/27,2.5,North Alabama,Team,True,2499,"['ProgressiveParlayTeamEligible', 'MainPointLine', 'SGP']","[{'id': '42768', 'name': 'North Alabama', 'type': 'Team'}]",Madness Props,Spread
0HC79100361N250_1,2,2_79100361,Bradley,-112,1.89285715,1.89,25/28,-2.5,Bradley,Team,True,2501,"['ProgressiveParlayTeamEligible', 'MainPointLine', 'SGP']","[{'id': '45258', 'name': 'Bradley', 'type': 'Team'}]",Madness Props,Spread
0OU79100361O14550_1,2,3_79100361,Over,-108,1.92592593,1.92,25/27,145.5,,Unknown,True,145500,"['ProgressiveParlayTeamEligible', 'MainPointLine', 'SGP']",Madness Props,Total
0OU79100361U14550_3,2,3_79100361,Under,-112,1.89285715,1.89,25/28,145.5,,Unknown,True,145502,"['ProgressiveParlayTeamEligible', 'MainPointLine', 'SGP']",Madness Props,Total
0ML79100361_3,2,1_79100361,North Alabama,+124,2.24,2.24,31/25,North Alabama,Team,True,1280025974,['SGP'],"[{'id': '42768', 'name': 'North Alabama', 'type': 'Team'}]",Madness Props,Moneyline
0ML79100361_1,2,1_79100361,Bradley,-148,1.67567568,1.67,25/37,Bradley,Team,True,1280027970,['SGP'],"[{'id': '45258', 'name': 'Bradley', 'type': 'Team'}]",Madness Props,Moneyline
0HC79100368P1050_3,2,2_79100368,Northern Iowa,-115,1.86956522,1.86,20/23,10.5,Northern Iowa,Team,True,10499,"['ProgressiveParlayTeamEligible', 'MainPointLine', 'SGP']","[{'id': '43276', 'name': 'Northern Iowa', 'type': 'Team'}]",Madness Props,Spread
0HC79100368N1050_1,2,2_79100368,SMU,-105,1.95238096,1.95,20/21,-10.5,SMU,Team,True,10501,"['ProgressiveParlayTeamEligible', 'MainPointLine', 'SGP']","[{'id': '41637', 'name': 'SMU', 'type': 'Team'}]",Madness Props,Spread
0OU79100368O14550_1,2,3_79100368,Over,-115,1.86956522,1.86,20/23,145.5,,Unknown,True,145500,"['ProgressiveParlayTeamEligible', 'MainPointLine', 'SGP']",Madness Props,Total
0OU79100368U14550_3,2,3_79100368,Under,-105,1.95238096,1.95,20/21,145.5,,Unknown,True,145502,"['ProgressiveParlayTeamEligible', 'MainPointLine', 'SGP']",Madness Props,Total
0ML79100368_3,2,1_79100368,Northern Iowa,+440,5.4,5.40,22/5,Northern Iowa,Team,True,1280026016,['SGP'],"[{'id': '43276', 'name': 'Northern Iowa', 'type': 'Team'}]",Madness Props,Moneyline
0ML79100368_1,2,1_79100368,SMU,-600,1.16666667,1.16,1/6,SMU,Team,True,1280028006,['SGP'],"[{'id': '41637', 'name': 'SMU', 'type': 'Team'}]",Madness Props,Moneyline
0HC79092938N250_3,2,2_79092938,Xavier,-120,1.83333334,1.83,5/6,-2.5,Xavier,Team,True,-2501,"['ProgressiveParlayTeamEligible', 'MainPointLine', 'SGP']","[{'id': '44042', 'name': 'Xavier', 'type': 'Team'}]",Madness Props,Spread
0HC79092938P250_1,2,2_79092938,Texas,+100,2,2.00,1/1,2.5,Texas,Team,True,-2499,"['ProgressiveParlayTeamEligible', 'MainPointLine', 'SGP']","[{'id': '43429', 'name': 'Texas', 'type': 'Team'}]",Madness Props,Spread
0OU79092938O15150_1,2,3_79092938,Over,-110,1.90909091,1.90,10/11,151.5,,Unknown,True,151500,"['ProgressiveParlayTeamEligible', 'MainPointLine', 'SGP']",Madness Props,Total
0OU79092938U15150_3,2,3_79092938,Under,-110,1.90909091,1.90,10/11,151.5,,Unknown,True,151502,"['ProgressiveParlayTeamEligible', 'MainPointLine', 'SGP']",Madness Props,Total
0ML79092938_3,2,1_79092938,Xavier,-166,1.60240964,1.60,50/83,Xavier,Team,True,1279861060,['SGP'],"[{'id': '44042', 'name': 'Xavier', 'type': 'Team'}]",Madness Props,Moneyline
0ML79092938_1,2,1_79092938,Texas,+140,2.4,2.40,7/5,Texas,Team,True,1279863056,['SGP'],"[{'id': '43429', 'name': 'Texas', 'type': 'Team'}]",Madness Props,Moneyline
0HC79100367P750_3,2,2_79100367,Northern Colorado,-112,1.89285715,1.89,25/28,7.5,Northern Colorado,Team,True,7499,"['ProgressiveParlayTeamEligible', 'MainPointLine', 'SGP']","[{'id': '42600', 'name': 'Northern Colorado', 'type': 'Team'}]",Madness Props,Spread
0HC79100367N750_1,2,2_79100367,UC Irvine,-108,1.92592593,1.92,25/27,-7.5,UC Irvine,Team,True,7501,"['ProgressiveParlayTeamEligible', 'MainPointLine', 'SGP']","[{'id': '44593', 'name': 'UC Irvine', 'type': 'Team'}]",Madness Props,Spread
0OU79100367O15150_1,2,3_79100367,Over,-105,1.95238096,1.95,20/21,151.5,,Unknown,True,151500,"['ProgressiveParlayTeamEligible', 'MainPointLine', 'SGP']",Madness Props,Total
0OU79100367U15150_3,2,3_79100367,Under,-115,1.86956522,1.86,20/23,151.5,,Unknown,True,151502,"['ProgressiveParlayTeamEligible', 'MainPointLine', 'SGP']",Madness Props,Total
0ML79100367_3,2,1_79100367,Northern Colorado,+270,3.7,3.70,27/10,Northern Colorado,Team,True,1280026002,['SGP'],"[{'id': '42600', 'name': 'Northern Colorado', 'type': 'Team'}]",Madness Props,Moneyline
0ML79100367_1,2,1_79100367,UC Irvine,-340,1.29411765,1.29,5/17,UC Irvine,Team,True,1280027998,['SGP'],"[{'id': '44593', 'name': 'UC Irvine', 'type': 'Team'}]",Madness Props,Moneyline
0HC79100369P750_3,2,2_79100369,Utah Valley,-108,1.92592593,1.92,25/27,7.5,Utah Valley,Team,True,7499,"['ProgressiveParlayTeamEligible', 'MainPointLine', 'SGP']","[{'id': '44362', 'name': 'Utah Valley', 'type': 'Team'}]",Madness Props,Spread
0HC79100369N750_1,2,2_79100369,San Francisco,-112,1.89285715,1.89,25/28,-7.5,San Francisco,Team,True,7501,"['ProgressiveParlayTeamEligible', 'MainPointLine', 'SGP']","[{'id': '44575', 'name': 'San Francisco', 'type': 'Team'}]",Madness Props,Spread
0OU79100369O14650_1,2,3_79100369,Over,-105,1.95238096,1.95,20/21,146.5,,Unknown,True,146500,"['ProgressiveParlayTeamEligible', 'MainPointLine', 'SGP']",Madness Props,Total
0OU79100369U14650_3,2,3_79100369,Under,-115,1.86956522,1.86,20/23,146.5,,Unknown,True,146502,"['ProgressiveParlayTeamEligible', 'MainPointLine', 'SGP']",Madness Props,Total
0ML79100369_3,2,1_79100369,Utah Valley,+275,3.75,3.75,11/4,Utah Valley,Team,True,1280026011,['SGP'],"[{'id': '44362', 'name': 'Utah Valley', 'type': 'Team'}]",Madness Props,Moneyline
0ML79100369_1,2,1_79100369,San Francisco,-345,1.28985508,1.28,20/69,San Francisco,Team,True,1280028005,['SGP'],"[{'id': '44575', 'name': 'San Francisco', 'type': 'Team'}]",Madness Props,Moneyline
0HC79100366N250_3,2,2_79100366,Loyola Chicago,-118,1.84745763,1.84,50/59,-2.5,Loyola Chicago,Team,True,-2501,"['ProgressiveParlayTeamEligible', 'MainPointLine', 'SGP']","[{'id': '43985', 'name': 'Loyola Chicago', 'type': 'Team'}]",Madness Props,Spread
0HC79100366P250_1,2,2_79100366,San Jose State,-102,1.98039216,1.98,50/51,2.5,San Jose State,Team,True,-2499,"['ProgressiveParlayTeamEligible', 'MainPointLine', 'SGP']","[{'id': '41391', 'name': 'San Jose State', 'type': 'Team'}]",Madness Props,Spread
0OU79100366O14050_1,2,3_79100366,Over,-115,1.86956522,1.86,20/23,140.5,,Unknown,True,140500,"['ProgressiveParlayTeamEligible', 'MainPointLine', 'SGP']",Madness Props,Total
0OU79100366U14050_3,2,3_79100366,Under,-105,1.95238096,1.95,20/21,140.5,,Unknown,True,140502,"['ProgressiveParlayTeamEligible', 'MainPointLine', 'SGP']",Madness Props,Total
0ML79100366_3,2,1_79100366,Loyola Chicago,-142,1.70422536,1.70,50/71,Loyola Chicago,Team,True,1280025995,['SGP'],"[{'id': '43985', 'name': 'Loyola Chicago', 'type': 'Team'}]",Madness Props,Moneyline
0ML79100366_1,2,1_79100366,San Jose State,+120,2.2,2.20,6/5,San Jose State,Team,True,1280027991,['SGP'],"[{'id': '41391', 'name': 'San Jose State', 'type': 'Team'}]",Madness Props,Moneyline
0HC79092456P250_3,2,2_79092456,Creighton,-110,1.90909091,1.90,10/11,2.5,Creighton,Team,True,2499,"['ProgressiveParlayTeamEligible', 'MainPointLine', 'SGP']","[{'id': '43875', 'name': 'Creighton', 'type': 'Team'}]",Madness Props,Spread
0HC79092456N250_1,2,2_79092456,Louisville,-110,1.90909091,1.90,10/11,-2.5,Louisville,Team,True,2501,"['ProgressiveParlayTeamEligible', 'MainPointLine', 'SGP']","[{'id': '41477', 'name': 'Louisville', 'type': 'Team'}]",Madness Props,Spread
0OU79092456O14450_1,2,3_79092456,Over,-110,1.90909091,1.90,10/11,144.5,,Unknown,True,144500,"['ProgressiveParlayTeamEligible', 'MainPointLine', 'SGP']",Madness Props,Total
0OU79092456U14450_3,2,3_79092456,Under,-110,1.90909091,1.90,10/11,144.5,,Unknown,True,144502,"['ProgressiveParlayTeamEligible', 'MainPointLine', 'SGP']",Madness Props,Total
0ML79092456_3,2,1_79092456,Creighton,+120,2.2,2.20,6/5,Creighton,Team,True,1279851890,['SGP'],"[{'id': '43875', 'name': 'Creighton', 'type': 'Team'}]",Madness Props,Moneyline
0ML79092456_1,2,1_79092456,Louisville,-142,1.70422536,1.70,50/71,Louisville,Team,True,1279853886,['SGP'],"[{'id': '41477', 'name': 'Louisville', 'type': 'Team'}]",Madness Props,Moneyline
0HC79092925P750_3,2,2_79092925,High Point,-102,1.98039216,1.98,50/51,7.5,High Point,Team,True,7499,"['ProgressiveParlayTeamEligible', 'MainPointLine', 'SGP']","[{'id': '45137', 'name': 'High Point', 'type': 'Team'}]",Madness Props,Spread
0HC79092925N750_1,2,2_79092925,Purdue,-118,1.84745763,1.84,50/59,-7.5,Purdue,Team,True,7501,"['ProgressiveParlayTeamEligible', 'MainPointLine', 'SGP']","[{'id': '42127', 'name': 'Purdue', 'type': 'Team'}]",Madness Props,Spread
0OU79092925O15350_1,2,3_79092925,Over,-105,1.95238096,1.95,20/21,153.5,,Unknown,True,153500,"['ProgressiveParlayTeamEligible', 'MainPointLine', 'SGP']",Madness Props,Total
0OU79092925U15350_3,2,3_79092925,Under,-115,1.86956522,1.86,20/23,153.5,,Unknown,True,153502,"['ProgressiveParlayTeamEligible', 'MainPointLine', 'SGP']",Madness Props,Total
0ML79092925_3,2,1_79092925,High Point,+295,3.95,3.95,59/20,High Point,Team,True,1279860143,['SGP'],"[{'id': '45137', 'name': 'High Point', 'type': 'Team'}]",Madness Props,Moneyline
0ML79092925_1,2,1_79092925,Purdue,-375,1.26666667,1.26,4/15,Purdue,Team,True,1279862139,['SGP'],"[{'id': '42127', 'name': 'Purdue', 'type': 'Team'}]",Madness Props,Moneyline
0HC79092767P1750_3,2,2_79092767,Montana,-115,1.86956522,1.86,20/23,17.5,Montana,Team,True,17499,"['ProgressiveParlayTeamEligible', 'MainPointLine', 'SGP']","[{'id': '42575', 'name': 'Montana', 'type': 'Team'}]",Madness Props,Spread
0HC79092767N1750_1,2,2_79092767,Wisconsin,-105,1.95238096,1.95,20/21,-17.5,Wisconsin,Team,True,17501,"['ProgressiveParlayTeamEligible', 'MainPointLine', 'SGP']","[{'id': '43620', 'name': 'Wisconsin', 'type': 'Team'}]",Madness Props,Spread
0OU79092767O15250_1,2,3_79092767,Over,-105,1.95238096,1.95,20/21,152.5,,Unknown,True,152500,"['ProgressiveParlayTeamEligible', 'MainPointLine']",Madness Props,Total
0OU79092767U15250_3,2,3_79092767,Under,-115,1.86956522,1.86,20/23,152.5,,Unknown,True,152502,"['ProgressiveParlayTeamEligible', 'MainPointLine', 'SGP']",Madness Props,Total
0ML79092767_3,2,1_79092767,Montana,+1200,13,13.00,12/1,Montana,Team,True,1279858456,['SGP'],"[{'id': '42575', 'name': 'Montana', 'type': 'Team'}]",Madness Props,Moneyline
0ML79092767_1,2,1_79092767,Wisconsin,-2400,1.04166667,1.04,1/24,Wisconsin,Team,True,1279860452,['SGP'],"[{'id': '43620', 'name': 'Wisconsin', 'type': 'Team'}]",Madness Props,Moneyline
0HC79092890P2950_3,2,2_79092890,SIU Edwardsville,-115,1.86956522,1.86,20/23,29.5,SIU Edwardsville,Team,True,29499,"['ProgressiveParlayTeamEligible', 'MainPointLine', 'SGP']","[{'id': '43647', 'name': 'SIU Edwardsville', 'type': 'Team'}]",Madness Props,Spread
0HC79092890N2950_1,2,2_79092890,Houston,-105,1.95238096,1.95,20/21,-29.5,Houston,Team,True,29501,"['ProgressiveParlayTeamEligible', 'MainPointLine', 'SGP']","[{'id': '43043', 'name': 'Houston', 'type': 'Team'}]",Madness Props,Spread
0OU79092890O12650_1,2,3_79092890,Over,-108,1.92592593,1.92,25/27,126.5,,Unknown,True,126500,"['ProgressiveParlayTeamEligible', 'MainPointLine', 'SGP']",Madness Props,Total
0OU79092890U12650_3,2,3_79092890,Under,-112,1.89285715,1.89,25/28,126.5,,Unknown,True,126502,"['ProgressiveParlayTeamEligible', 'MainPointLine', 'SGP']",Madness Props,Total
0HC79092912P750_3,2,2_79092912,McNeese,-110,1.90909091,1.90,10/11,7.5,McNeese,Team,True,7499,"['ProgressiveParlayTeamEligible', 'MainPointLine', 'SGP']","[{'id': '41412', 'name': 'McNeese', 'type': 'Team'}]",Madness Props,Spread
0HC79092912N750_1,2,2_79092912,Clemson,-110,1.90909091,1.90,10/11,-7.5,Clemson,Team,True,7501,"['ProgressiveParlayTeamEligible', 'MainPointLine', 'SGP']","[{'id': '41619', 'name': 'Clemson', 'type': 'Team'}]",Madness Props,Spread
0OU79092912O13450_1,2,3_79092912,Over,-105,1.95238096,1.95,20/21,134.5,,Unknown,True,134500,"['ProgressiveParlayTeamEligible', 'MainPointLine', 'SGP']",Madness Props,Total
0OU79092912U13450_3,2,3_79092912,Under,-115,1.86956522,1.86,20/23,134.5,,Unknown,True,134502,"['ProgressiveParlayTeamEligible', 'MainPointLine', 'SGP']",Madness Props,Total
0ML79092912_3,2,1_79092912,McNeese,+275,3.75,3.75,11/4,McNeese,Team,True,1279860136,['SGP'],"[{'id': '41412', 'name': 'McNeese', 'type': 'Team'}]",Madness Props,Moneyline
0ML79092912_1,2,1_79092912,Clemson,-345,1.28985508,1.28,20/69,Clemson,Team,True,1279862132,['SGP'],"[{'id': '41619', 'name': 'Clemson', 'type': 'Team'}]",Madness Props,Moneyline
0HC79092766P250_3,2,2_79092766,VCU,-102,1.98039216,1.98,50/51,2.5,VCU,Team,True,2499,"['ProgressiveParlayTeamEligible', 'MainPointLine', 'SGP']","[{'id': '42328', 'name': 'VCU', 'type': 'Team'}]",Madness Props,Spread
0HC79092766N250_1,2,2_79092766,BYU,-118,1.84745763,1.84,50/59,-2.5,BYU,Team,True,2501,"['ProgressiveParlayTeamEligible', 'MainPointLine', 'SGP']","[{'id': '44811', 'name': 'BYU', 'type': 'Team'}]",Madness Props,Spread
0OU79092766O14650_1,2,3_79092766,Over,-105,1.95238096,1.95,20/21,146.5,,Unknown,True,146500,"['ProgressiveParlayTeamEligible', 'MainPointLine', 'SGP']",Madness Props,Total
0OU79092766U14650_3,2,3_79092766,Under,-115,1.86956522,1.86,20/23,146.5,,Unknown,True,146502,"['ProgressiveParlayTeamEligible', 'MainPointLine', 'SGP']",Madness Props,Total
0ML79092766_3,2,1_79092766,VCU,+130,2.3,2.30,13/10,VCU,Team,True,1279858449,['SGP'],"[{'id': '42328', 'name': 'VCU', 'type': 'Team'}]",Madness Props,Moneyline
0ML79092766_1,2,1_79092766,BYU,-155,1.6451613,1.64,20/31,BYU,Team,True,1279860445,['SGP'],"[{'id': '44811', 'name': 'BYU', 'type': 'Team'}]",Madness Props,Moneyline
0HC79093078P550_3,2,2_79093078,Georgia,-102,1.98039216,1.98,50/51,5.5,Georgia Bulldogs,Team,True,5499,"['ProgressiveParlayTeamEligible', 'MainPointLine', 'SGP']","[{'id': '42478', 'name': 'Georgia Bulldogs', 'type': 'Team'}]",Madness Props,Spread
0HC79093078N550_1,2,2_79093078,Gonzaga,-118,1.84745763,1.84,50/59,-5.5,Gonzaga,Team,True,5501,"['ProgressiveParlayTeamEligible', 'MainPointLine', 'SGP']","[{'id': '44154', 'name': 'Gonzaga', 'type': 'Team'}]",Madness Props,Spread
0OU79093078O15050_1,2,3_79093078,Over,-112,1.89285715,1.89,25/28,150.5,,Unknown,True,150500,"['ProgressiveParlayTeamEligible', 'MainPointLine', 'SGP']",Madness Props,Total
0OU79093078U15050_3,2,3_79093078,Under,-108,1.92592593,1.92,25/27,150.5,,Unknown,True,150502,"['ProgressiveParlayTeamEligible', 'MainPointLine', 'SGP']",Madness Props,Total
0ML79093078_3,2,1_79093078,Georgia,+215,3.15,3.15,43/20,Georgia Bulldogs,Team,True,1279863188,['SGP'],"[{'id': '42478', 'name': 'Georgia Bulldogs', 'type': 'Team'}]",Madness Props,Moneyline
0ML79093078_1,2,1_79093078,Gonzaga,-265,1.3773585,1.37,20/53,Gonzaga,Team,True,1279865184,['SGP'],"[{'id': '44154', 'name': 'Gonzaga', 'type': 'Team'}]",Madness Props,Moneyline
0HC79092949P1850_3,2,2_79092949,Wofford,-108,1.92592593,1.92,25/27,18.5,Wofford,Team,True,18499,"['ProgressiveParlayTeamEligible', 'MainPointLine', 'SGP']","[{'id': '42442', 'name': 'Wofford', 'type': 'Team'}]",Madness Props,Spread
0HC79092949N1850_1,2,2_79092949,Tennessee,-112,1.89285715,1.89,25/28,-18.5,Tennessee,Team,True,18501,"['ProgressiveParlayTeamEligible', 'MainPointLine', 'SGP']","[{'id': '42305', 'name': 'Tennessee', 'type': 'Team'}]",Madness Props,Spread
0OU79092949O13250_1,2,3_79092949,Over,-115,1.86956522,1.86,20/23,132.5,,Unknown,True,132500,"['ProgressiveParlayTeamEligible', 'MainPointLine', 'SGP']",Madness Props,Total
0OU79092949U13250_3,2,3_79092949,Under,-105,1.95238096,1.95,20/21,132.5,,Unknown,True,132502,"['ProgressiveParlayTeamEligible', 'MainPointLine', 'SGP']",Madness Props,Total
0ML79092949_3,2,1_79092949,Wofford,+1500,16,16.00,15/1,Wofford,Team,True,1279861137,['SGP'],"[{'id': '42442', 'name': 'Wofford', 'type': 'Team'}]",Madness Props,Moneyline
0ML79092949_1,2,1_79092949,Tennessee,-3600,1.02777778,1.02,1/36,Tennessee,Team,True,1279863133,['SGP'],"[{'id': '42305', 'name': 'Tennessee', 'type': 'Team'}]",Madness Props,Moneyline
0HC79092964P450_3,2,2_79092964,Arkansas,-110,1.90909091,1.90,10/11,4.5,Arkansas,Team,True,4499,"['ProgressiveParlayTeamEligible', 'MainPointLine', 'SGP']","[{'id': '42107', 'name': 'Arkansas', 'type': 'Team'}]",Madness Props,Spread
0HC79092964N450_1,2,2_79092964,Kansas,-110,1.90909091,1.90,10/11,-4.5,Kansas,Team,True,4501,"['ProgressiveParlayTeamEligible', 'MainPointLine', 'SGP']","[{'id': '41920', 'name': 'Kansas', 'type': 'Team'}]",Madness Props,Spread
0OU79092964O14550_1,2,3_79092964,Over,-115,1.86956522,1.86,20/23,145.5,,Unknown,True,145500,"['ProgressiveParlayTeamEligible', 'MainPointLine', 'SGP']",Madness Props,Total
0OU79092964U14550_3,2,3_79092964,Under,-105,1.95238096,1.95,20/21,145.5,,Unknown,True,145502,"['ProgressiveParlayTeamEligible', 'MainPointLine', 'SGP']",Madness Props,Total
0ML79092964_3,2,1_79092964,Arkansas,+164,2.64,2.64,41/25,Arkansas,Team,True,1279861242,['SGP'],"[{'id': '42107', 'name': 'Arkansas', 'type': 'Team'}]",Madness Props,Moneyline
0ML79092964_1,2,1_79092964,Kansas,-198,1.50505051,1.50,50/99,Kansas,Team,True,1279863238,['SGP'],"[{'id': '41920', 'name': 'Kansas', 'type': 'Team'}]",Madness Props,Moneyline
0HC79092474P750_3,2,2_79092474,Yale,-115,1.86956522,1.86,20/23,7.5,Yale,Team,True,7499,"['ProgressiveParlayTeamEligible', 'MainPointLine', 'SGP']","[{'id': '42873', 'name': 'Yale', 'type': 'Team'}]",Madness Props,Spread
0HC79092474N750_1,2,2_79092474,Texas A&M,-105,1.95238096,1.95,20/21,-7.5,Texas A&M,Team,True,7501,"['ProgressiveParlayTeamEligible', 'MainPointLine', 'SGP']","[{'id': '44866', 'name': 'Texas A&M', 'type': 'Team'}]",Madness Props,Spread
0OU79092474O13950_1,2,3_79092474,Over,-115,1.86956522,1.86,20/23,139.5,,Unknown,True,139500,"['ProgressiveParlayTeamEligible', 'MainPointLine', 'SGP']",Madness Props,Total
0OU79092474U13950_3,2,3_79092474,Under,-105,1.95238096,1.95,20/21,139.5,,Unknown,True,139502,"['ProgressiveParlayTeamEligible', 'MainPointLine', 'SGP']",Madness Props,Total
0ML79092474_3,2,1_79092474,Yale,+260,3.6,3.60,13/5,Yale,Team,True,1279852093,['SGP'],"[{'id': '42873', 'name': 'Yale', 'type': 'Team'}]",Madness Props,Moneyline
0ML79092474_1,2,1_79092474,Texas A&M,-325,1.30769231,1.30,4/13,Texas A&M,Team,True,1279854089,['SGP'],"[{'id': '44866', 'name': 'Texas A&M', 'type': 'Team'}]",Madness Props,Moneyline
0HC79092959P650_3,2,2_79092959,Drake,-112,1.89285715,1.89,25/28,6.5,Drake,Team,True,6499,"['ProgressiveParlayTeamEligible', 'MainPointLine', 'SGP']","[{'id': '41573', 'name': 'Drake', 'type': 'Team'}]",Madness Props,Spread
0HC79092959N650_1,2,2_79092959,Missouri,-108,1.92592593,1.92,25/27,-6.5,Missouri,Team,True,6501,"['ProgressiveParlayTeamEligible', 'MainPointLine', 'SGP']","[{'id': '43114', 'name': 'Missouri', 'type': 'Team'}]",Madness Props,Spread
0OU79092959O13250_1,2,3_79092959,Over,-108,1.92592593,1.92,25/27,132.5,,Unknown,True,132500,"['ProgressiveParlayTeamEligible', 'MainPointLine', 'SGP']",Madness Props,Total
0OU79092959U13250_3,2,3_79092959,Under,-112,1.89285715,1.89,25/28,132.5,,Unknown,True,132502,"['ProgressiveParlayTeamEligible', 'MainPointLine', 'SGP']",Madness Props,Total
0ML79092959_3,2,1_79092959,Drake,+220,3.2,3.20,11/5,Drake,Team,True,1279861207,['SGP'],"[{'id': '41573', 'name': 'Drake', 'type': 'Team'}]",Madness Props,Moneyline
0ML79092959_1,2,1_79092959,Missouri,-270,1.37037038,1.37,10/27,Missouri,Team,True,1279863203,['SGP'],"[{'id': '43114', 'name': 'Missouri', 'type': 'Team'}]",Madness Props,Moneyline
0HC79092948P550_3,2,2_79092948,Utah State,-112,1.89285715,1.89,25/28,5.5,Utah State,Team,True,5499,"['ProgressiveParlayTeamEligible', 'MainPointLine', 'SGP']","[{'id': '44224', 'name': 'Utah State', 'type': 'Team'}]",Madness Props,Spread
0HC79092948N550_1,2,2_79092948,UCLA,-108,1.92592593,1.92,25/27,-5.5,UCLA,Team,True,5501,"['ProgressiveParlayTeamEligible', 'MainPointLine', 'SGP']","[{'id': '44331', 'name': 'UCLA', 'type': 'Team'}]",Madness Props,Spread
0OU79092948O14350_1,2,3_79092948,Over,-115,1.86956522,1.86,20/23,143.5,,Unknown,True,143500,"['ProgressiveParlayTeamEligible', 'MainPointLine', 'SGP']",Madness Props,Total
0OU79092948U14350_3,2,3_79092948,Under,-105,1.95238096,1.95,20/21,143.5,,Unknown,True,143502,"['ProgressiveParlayTeamEligible', 'MainPointLine', 'SGP']",Madness Props,Total
0ML79092948_3,2,1_79092948,Utah State,+190,2.9,2.90,19/10,Utah State,Team,True,1279861130,['SGP'],"[{'id': '44224', 'name': 'Utah State', 'type': 'Team'}]",Madness Props,Moneyline
0ML79092948_1,2,1_79092948,UCLA,-230,1.43478261,1.43,10/23,UCLA,Team,True,1279863126,['SGP'],"[{'id': '44331', 'name': 'UCLA', 'type': 'Team'}]",Madness Props,Moneyline
0HC79092965P1850_3,2,2_79092965,Omaha,-108,1.92592593,1.92,25/27,18.5,Omaha,Team,True,18499,"['ProgressiveParlayTeamEligible', 'MainPointLine', 'SGP']","[{'id': '43093', 'name': 'Omaha', 'type': 'Team'}]",Madness Props,Spread
0HC79092965N1850_1,2,2_79092965,St. Johns,-112,1.89285715,1.89,25/28,-18.5,St. Johns,Team,True,18501,"['ProgressiveParlayTeamEligible', 'MainPointLine', 'SGP']","[{'id': '41392', 'name': 'St. Johns', 'type': 'Team'}]",Madness Props,Spread
0OU79092965O14750_1,2,3_79092965,Over,-115,1.86956522,1.86,20/23,147.5,,Unknown,True,147500,"['ProgressiveParlayTeamEligible', 'MainPointLine', 'SGP']",Madness Props,Total
0OU79092965U14750_3,2,3_79092965,Under,-105,1.95238096,1.95,20/21,147.5,,Unknown,True,147502,"['ProgressiveParlayTeamEligible', 'MainPointLine', 'SGP']",Madness Props,Total
0ML79092965_3,2,1_79092965,Omaha,+1500,16,16.00,15/1,Omaha,Team,True,1279861249,['SGP'],"[{'id': '43093', 'name': 'Omaha', 'type': 'Team'}]",Madness Props,Moneyline
0ML79092965_1,2,1_79092965,St. Johns,-3600,1.02777778,1.02,1/36,St. Johns,Team,True,1279863245,['SGP'],"[{'id': '41392', 'name': 'St. Johns', 'type': 'Team'}]",Madness Props,Moneyline
0HC79092459P250_3,2,2_79092459,UC San Diego,-108,1.92592593,1.92,25/27,2.5,UC San Diego,Team,True,2499,"['ProgressiveParlayTeamEligible', 'MainPointLine', 'SGP']","[{'id': '302038', 'name': 'UC San Diego', 'type': 'Team'}]",Madness Props,Spread
0HC79092459N250_1,2,2_79092459,Michigan,-112,1.89285715,1.89,25/28,-2.5,Michigan,Team,True,2501,"['ProgressiveParlayTeamEligible', 'MainPointLine', 'SGP']","[{'id': '43956', 'name': 'Michigan', 'type': 'Team'}]",Madness Props,Spread
0OU79092459O14250_1,2,3_79092459,Over,-108,1.92592593,1.92,25/27,142.5,,Unknown,True,142500,"['ProgressiveParlayTeamEligible', 'MainPointLine', 'SGP']",Madness Props,Total
0OU79092459U14250_3,2,3_79092459,Under,-112,1.89285715,1.89,25/28,142.5,,Unknown,True,142502,"['ProgressiveParlayTeamEligible', 'MainPointLine', 'SGP']",Madness Props,Total
0ML79092459_3,2,1_79092459,UC San Diego,+124,2.24,2.24,31/25,UC San Diego,Team,True,1279851932,['SGP'],"[{'id': '302038', 'name': 'UC San Diego', 'type': 'Team'}]",Madness Props,Moneyline
0ML79092459_1,2,1_79092459,Michigan,-148,1.67567568,1.67,25/37,Michigan,Team,True,1279853928,['SGP'],"[{'id': '43956', 'name': 'Michigan', 'type': 'Team'}]",Madness Props,Moneyline
0HC79092963P1550_3,2,2_79092963,UNC Wilmington,-108,1.92592593,1.92,25/27,15.5,UNC Wilmington,Team,True,15499,"['ProgressiveParlayTeamEligible', 'MainPointLine', 'SGP']","[{'id': '42593', 'name': 'UNC Wilmington', 'type': 'Team'}]",Madness Props,Spread
0HC79092963N1550_1,2,2_79092963,Texas Tech,-112,1.89285715,1.89,25/28,-15.5,Texas Tech,Team,True,15501,"['ProgressiveParlayTeamEligible', 'MainPointLine', 'SGP']","[{'id': '42835', 'name': 'Texas Tech', 'type': 'Team'}]",Madness Props,Spread
0OU79092963O14350_1,2,3_79092963,Over,-112,1.89285715,1.89,25/28,143.5,,Unknown,True,143500,"['ProgressiveParlayTeamEligible', 'MainPointLine', 'SGP']",Madness Props,Total
0OU79092963U14350_3,2,3_79092963,Under,-108,1.92592593,1.92,25/27,143.5,,Unknown,True,143502,"['ProgressiveParlayTeamEligible', 'MainPointLine', 'SGP']",Madness Props,Total
0ML79092963_3,2,1_79092963,UNC Wilmington,+1000,11,11.00,10/1,UNC Wilmington,Team,True,1279861235,['SGP'],"[{'id': '42593', 'name': 'UNC Wilmington', 'type': 'Team'}]",Madness Props,Moneyline
0ML79092963_1,2,1_79092963,Texas Tech,-1800,1.05555556,1.05,1/18,Texas Tech,Team,True,1279863231,['SGP'],"[{'id': '42835', 'name': 'Texas Tech', 'type': 'Team'}]",Madness Props,Moneyline
0HC79092703P100_3,2,2_79092703,Baylor,-108,1.92592593,1.92,25/27,1,Baylor,Team,True,999,"['ProgressiveParlayTeamEligible', 'MainPointLine', 'SGP']","[{'id': '44466', 'name': 'Baylor', 'type': 'Team'}]",Madness Props,Spread
0HC79092703N100_1,2,2_79092703,Mississippi State,-112,1.89285715,1.89,25/28,-1,Mississippi State,Team,True,1001,"['ProgressiveParlayTeamEligible', 'MainPointLine', 'SGP']","[{'id': '42185', 'name': 'Mississippi State', 'type': 'Team'}]",Madness Props,Spread
0OU79092703O14450_1,2,3_79092703,Over,-110,1.90909091,1.90,10/11,144.5,,Unknown,True,144500,"['ProgressiveParlayTeamEligible', 'MainPointLine', 'SGP']",Madness Props,Total
0OU79092703U14450_3,2,3_79092703,Under,-110,1.90909091,1.90,10/11,144.5,,Unknown,True,144502,"['ProgressiveParlayTeamEligible', 'MainPointLine', 'SGP']",Madness Props,Total
0ML79092703_3,2,1_79092703,Baylor,+100,2,2.00,1/1,Baylor,Team,True,1279857126,['SGP'],"[{'id': '44466', 'name': 'Baylor', 'type': 'Team'}]",Madness Props,Moneyline
0ML79092703_1,2,1_79092703,Mississippi State,-120,1.83333334,1.83,5/6,Mississippi State,Team,True,1279859122,['SGP'],"[{'id': '42185', 'name': 'Mississippi State', 'type': 'Team'}]",Madness Props,Moneyline
0HC79092773P2350_3,2,2_79092773,Robert Morris,-115,1.86956522,1.86,20/23,23.5,Robert Morris,Team,True,23499,"['ProgressiveParlayTeamEligible', 'MainPointLine', 'SGP']","[{'id': '44588', 'name': 'Robert Morris', 'type': 'Team'}]",Madness Props,Spread
0HC79092773N2350_1,2,2_79092773,Alabama,-105,1.95238096,1.95,20/21,-23.5,Alabama,Team,True,23501,"['ProgressiveParlayTeamEligible', 'MainPointLine', 'SGP']","[{'id': '42858', 'name': 'Alabama', 'type': 'Team'}]",Madness Props,Spread
0OU79092773O16550_1,2,3_79092773,Over,-108,1.92592593,1.92,25/27,165.5,,Unknown,True,165500,"['ProgressiveParlayTeamEligible', 'MainPointLine', 'SGP']",Madness Props,Total
0OU79092773U16550_3,2,3_79092773,Under,-112,1.89285715,1.89,25/28,165.5,,Unknown,True,165502,"['ProgressiveParlayTeamEligible', 'MainPointLine', 'SGP']",Madness Props,Total
0ML79092773_3,2,1_79092773,Robert Morris,+1800,19,19.00,18/1,Robert Morris,Team,True,1279858596,['SGP'],"[{'id': '44588', 'name': 'Robert Morris', 'type': 'Team'}]",Madness Props,Moneyline
0ML79092773_1,2,1_79092773,Alabama,-5000,1.02,1.02,1/50,Alabama,Team,True,1279860592,['SGP'],"[{'id': '42858', 'name': 'Alabama', 'type': 'Team'}]",Madness Props,Moneyline
0HC79092479P1450_3,2,2_79092479,Lipscomb,-102,1.98039216,1.98,50/51,14.5,Lipscomb,Team,True,14499,"['ProgressiveParlayTeamEligible', 'MainPointLine', 'SGP']","[{'id': '43785', 'name': 'Lipscomb', 'type': 'Team'}]",Madness Props,Spread
0HC79092479N1450_1,2,2_79092479,Iowa State,-118,1.84745763,1.84,50/59,-14.5,Iowa State,Team,True,14501,"['ProgressiveParlayTeamEligible', 'MainPointLine', 'SGP']","[{'id': '42961', 'name': 'Iowa State', 'type': 'Team'}]",Madness Props,Spread
0OU79092479O14350_1,2,3_79092479,Over,-105,1.95238096,1.95,20/21,143.5,,Unknown,True,143500,"['ProgressiveParlayTeamEligible', 'MainPointLine', 'SGP']",Madness Props,Total
0OU79092479U14350_3,2,3_79092479,Under,-115,1.86956522,1.86,20/23,143.5,,Unknown,True,143502,"['ProgressiveParlayTeamEligible', 'MainPointLine', 'SGP']",Madness Props,Total
0ML79092479_3,2,1_79092479,Lipscomb,+900,10,10.00,9/1,Lipscomb,Team,True,1279852128,['SGP'],"[{'id': '43785', 'name': 'Lipscomb', 'type': 'Team'}]",Madness Props,Moneyline
0ML79092479_1,2,1_79092479,Iowa State,-1600,1.0625,1.06,1/16,Iowa State,Team,True,1279854124,['SGP'],"[{'id': '42961', 'name': 'Iowa State', 'type': 'Team'}]",Madness Props,Moneyline
0HC79092954N150_3,2,2_79092954,Colorado State,-118,1.84745763,1.84,50/59,-1.5,Colorado State,Team,True,-1501,"['ProgressiveParlayTeamEligible', 'MainPointLine', 'SGP']","[{'id': '45374', 'name': 'Colorado State', 'type': 'Team'}]",Madness Props,Spread
0HC79092954P150_1,2,2_79092954,Memphis,-102,1.98039216,1.98,50/51,1.5,Memphis,Team,True,-1499,"['ProgressiveParlayTeamEligible', 'MainPointLine', 'SGP']","[{'id': '43053', 'name': 'Memphis', 'type': 'Team'}]",Madness Props,Spread
0OU79092954O14750_1,2,3_79092954,Over,-110,1.90909091,1.90,10/11,147.5,,Unknown,True,147500,"['ProgressiveParlayTeamEligible', 'MainPointLine', 'SGP']",Madness Props,Total
0OU79092954U14750_3,2,3_79092954,Under,-110,1.90909091,1.90,10/11,147.5,,Unknown,True,147502,"['ProgressiveParlayTeamEligible', 'MainPointLine', 'SGP']",Madness Props,Total
0ML79092954_3,2,1_79092954,Colorado State,-135,1.74074075,1.74,20/27,Colorado State,Team,True,1279861172,['SGP'],"[{'id': '45374', 'name': 'Colorado State', 'type': 'Team'}]",Madness Props,Moneyline
0ML79092954_1,2,1_79092954,Memphis,+114,2.14,2.14,57/50,Memphis,Team,True,1279863168,['SGP'],"[{'id': '43053', 'name': 'Memphis', 'type': 'Team'}]",Madness Props,Moneyline
0HC79092772P450_3,2,2_79092772,Vanderbilt,-115,1.86956522,1.86,20/23,4.5,Vanderbilt,Team,True,4499,"['ProgressiveParlayTeamEligible', 'MainPointLine', 'SGP']","[{'id': '44513', 'name': 'Vanderbilt', 'type': 'Team'}]",Madness Props,Spread
0HC79092772N450_1,2,2_79092772,Saint Marys,-105,1.95238096,1.95,20/21,-4.5,Saint Marys,Team,True,4501,"['ProgressiveParlayTeamEligible', 'MainPointLine', 'SGP']","[{'id': '41405', 'name': 'Saint Marys', 'type': 'Team'}]",Madness Props,Spread
0OU79092772O13650_1,2,3_79092772,Over,-108,1.92592593,1.92,25/27,136.5,,Unknown,True,136500,"['ProgressiveParlayTeamEligible', 'MainPointLine', 'SGP']",Madness Props,Total
0OU79092772U13650_3,2,3_79092772,Under,-112,1.89285715,1.89,25/28,136.5,,Unknown,True,136502,"['ProgressiveParlayTeamEligible', 'MainPointLine', 'SGP']",Madness Props,Total
0ML79092772_3,2,1_79092772,Vanderbilt,+160,2.6,2.60,8/5,Vanderbilt,Team,True,1279858589,['SGP'],"[{'id': '44513', 'name': 'Vanderbilt', 'type': 'Team'}]",Madness Props,Moneyline
0ML79092772_1,2,1_79092772,Saint Marys,-192,1.52083334,1.52,25/48,Saint Marys,Team,True,1279860585,['SGP'],"[{'id': '41405', 'name': 'Saint Marys', 'type': 'Team'}]",Madness Props,Moneyline
0HC79111741P150_3,2,2_79111741,North Carolina,-110,1.90909091,1.90,10/11,1.5,North Carolina,Team,True,1499,"['ProgressiveParlayTeamEligible', 'MainPointLine', 'SGP']","[{'id': '42450', 'name': 'North Carolina', 'type': 'Team'}]",Madness Props,Spread
0HC79111741N150_1,2,2_79111741,Ole Miss,-110,1.90909091,1.90,10/11,-1.5,Ole Miss,Team,True,1501,"['ProgressiveParlayTeamEligible', 'MainPointLine', 'SGP']","[{'id': '43121', 'name': 'Ole Miss', 'type': 'Team'}]",Madness Props,Spread
0OU79111741O15250_1,2,3_79111741,Over,-110,1.90909091,1.90,10/11,152.5,,Unknown,True,152500,"['ProgressiveParlayTeamEligible', 'MainPointLine', 'SGP']",Madness Props,Total
0OU79111741U15250_3,2,3_79111741,Under,-110,1.90909091,1.90,10/11,152.5,,Unknown,True,152502,"['ProgressiveParlayTeamEligible', 'MainPointLine', 'SGP']",Madness Props,Total
0ML79111741_3,2,1_79111741,North Carolina,+105,2.05,2.05,21/20,North Carolina,Team,True,1280260180,['SGP'],"[{'id': '42450', 'name': 'North Carolina', 'type': 'Team'}]",Madness Props,Moneyline
0ML79111741_1,2,1_79111741,Ole Miss,-125,1.8,1.80,4/5,Ole Miss,Team,True,1280262176,['SGP'],"[{'id': '43121', 'name': 'Ole Miss', 'type': 'Team'}]",Madness Props,Moneyline
0HC79111740P350_3,2,2_79111740,San Diego State,-110,1.90909091,1.90,10/11,3.5,San Diego State,Team,True,3499,"['ProgressiveParlayTeamEligible', 'MainPointLine', 'SGP']","[{'id': '44675', 'name': 'San Diego State', 'type': 'Team'}]",Madness Props,Spread
0HC79111740N350_1,2,2_79111740,Ole Miss,-110,1.90909091,1.90,10/11,-3.5,Ole Miss,Team,True,3501,"['ProgressiveParlayTeamEligible', 'MainPointLine', 'SGP']","[{'id': '43121', 'name': 'Ole Miss', 'type': 'Team'}]",Madness Props,Spread
0OU79111740O13550_1,2,3_79111740,Over,-110,1.90909091,1.90,10/11,135.5,,Unknown,True,135500,"['ProgressiveParlayTeamEligible', 'MainPointLine', 'SGP']",Madness Props,Total
0OU79111740U13550_3,2,3_79111740,Under,-110,1.90909091,1.90,10/11,135.5,,Unknown,True,135502,"['ProgressiveParlayTeamEligible', 'MainPointLine', 'SGP']",Madness Props,Total
0ML79111740_3,2,1_79111740,San Diego State,+150,2.5,2.50,6/4,San Diego State,Team,True,1280260173,['SGP'],"[{'id': '44675', 'name': 'San Diego State', 'type': 'Team'}]",Madness Props,Moneyline
0ML79111740_1,2,1_79111740,Ole Miss,-180,1.55555556,1.55,5/9,Ole Miss,Team,True,1280262169,['SGP'],"[{'id': '43121', 'name': 'Ole Miss', 'type': 'Team'}]",Madness Props,Moneyline
0HC79092960P1050_3,2,2_79092960,Grand Canyon,-115,1.86956522,1.86,20/23,10.5,Grand Canyon,Team,True,10499,"['ProgressiveParlayTeamEligible', 'MainPointLine', 'SGP']","[{'id': '43744', 'name': 'Grand Canyon', 'type': 'Team'}]",Madness Props,Spread
0HC79092960N1050_1,2,2_79092960,Maryland,-105,1.95238096,1.95,20/21,-10.5,Maryland,Team,True,10501,"['ProgressiveParlayTeamEligible', 'MainPointLine', 'SGP']","[{'id': '42635', 'name': 'Maryland', 'type': 'Team'}]",Madness Props,Spread
0OU79092960O15050_1,2,3_79092960,Over,-105,1.95238096,1.95,20/21,150.5,,Unknown,True,150500,"['ProgressiveParlayTeamEligible', 'MainPointLine', 'SGP']",Madness Props,Total
0OU79092960U15050_3,2,3_79092960,Under,-115,1.86956522,1.86,20/23,150.5,,Unknown,True,150502,"['ProgressiveParlayTeamEligible', 'MainPointLine', 'SGP']",Madness Props,Total
0ML79092960_3,2,1_79092960,Grand Canyon,+425,5.25,5.25,17/4,Grand Canyon,Team,True,1279861214,['SGP'],"[{'id': '43744', 'name': 'Grand Canyon', 'type': 'Team'}]",Madness Props,Moneyline
0ML79092960_1,2,1_79092960,Maryland,-575,1.17391305,1.17,4/23,Maryland,Team,True,1279863210,['SGP'],"[{'id': '42635', 'name': 'Maryland', 'type': 'Team'}]",Madness Props,Moneyline
0HC79092952P2850_3,2,2_79092952,Norfolk State,-110,1.90909091,1.90,10/11,28.5,Norfolk State,Team,True,28499,"['ProgressiveParlayTeamEligible', 'MainPointLine', 'SGP']","[{'id': '43965', 'name': 'Norfolk State', 'type': 'Team'}]",Madness Props,Spread
0HC79092952N2850_1,2,2_79092952,Florida,-110,1.90909091,1.90,10/11,-28.5,Florida,Team,True,28501,"['ProgressiveParlayTeamEligible', 'MainPointLine', 'SGP']","[{'id': '44135', 'name': 'Florida', 'type': 'Team'}]",Madness Props,Spread
0OU79092952O15350_1,2,3_79092952,Over,-115,1.86956522,1.86,20/23,153.5,,Unknown,True,153500,"['ProgressiveParlayTeamEligible', 'MainPointLine', 'SGP']",Madness Props,Total
0OU79092952U15350_3,2,3_79092952,Under,-105,1.95238096,1.95,20/21,153.5,,Unknown,True,153502,"['ProgressiveParlayTeamEligible', 'MainPointLine', 'SGP']",Madness Props,Total
0ML79092952_3,2,1_79092952,Norfolk State,+2500,26,26.00,25/1,Norfolk State,Team,True,1279861158,['SGP'],"[{'id': '43965', 'name': 'Norfolk State', 'type': 'Team'}]",Madness Props,Moneyline
0ML79092952_1,2,1_79092952,Florida,-9000,1.01111112,1.01,1/90,Florida,Team,True,1279863154,['SGP'],"[{'id': '44135', 'name': 'Florida', 'type': 'Team'}]",Madness Props,Moneyline
0HC79092941P1150_3,2,2_79092941,Troy,-115,1.86956522,1.86,20/23,11.5,Troy,Team,True,11499,"['ProgressiveParlayTeamEligible', 'MainPointLine', 'SGP']","[{'id': '43481', 'name': 'Troy', 'type': 'Team'}]",Madness Props,Spread
0HC79092941N1150_1,2,2_79092941,Kentucky,-105,1.95238096,1.95,20/21,-11.5,Kentucky,Team,True,11501,"['ProgressiveParlayTeamEligible', 'MainPointLine', 'SGP']","[{'id': '44542', 'name': 'Kentucky', 'type': 'Team'}]",Madness Props,Spread
0OU79092941O15250_1,2,3_79092941,Over,-105,1.95238096,1.95,20/21,152.5,,Unknown,True,152500,"['ProgressiveParlayTeamEligible', 'MainPointLine', 'SGP']",Madness Props,Total
0OU79092941U15250_3,2,3_79092941,Under,-115,1.86956522,1.86,20/23,152.5,,Unknown,True,152502,"['ProgressiveParlayTeamEligible', 'MainPointLine', 'SGP']",Madness Props,Total
0ML79092941_3,2,1_79092941,Troy,+550,6.5,6.50,11/2,Troy,Team,True,1279861081,['SGP'],"[{'id': '43481', 'name': 'Troy', 'type': 'Team'}]",Madness Props,Moneyline
0ML79092941_1,2,1_79092941,Kentucky,-800,1.125,1.12,1/8,Kentucky,Team,True,1279863077,['SGP'],"[{'id': '44542', 'name': 'Kentucky', 'type': 'Team'}]",Madness Props,Moneyline
0HC79092502P350_3,2,2_79092502,New Mexico,-105,1.95238096,1.95,20/21,3.5,New Mexico,Team,True,3499,"['ProgressiveParlayTeamEligible', 'MainPointLine', 'SGP']","[{'id': '44215', 'name': 'New Mexico', 'type': 'Team'}]",Madness Props,Spread
0HC79092502N350_1,2,2_79092502,Marquette,-115,1.86956522,1.86,20/23,-3.5,Marquette,Team,True,3501,"['ProgressiveParlayTeamEligible', 'MainPointLine', 'SGP']","[{'id': '44018', 'name': 'Marquette', 'type': 'Team'}]",Madness Props,Spread
0OU79092502O15350_1,2,3_79092502,Over,-108,1.92592593,1.92,25/27,153.5,,Unknown,True,153500,"['ProgressiveParlayTeamEligible', 'MainPointLine', 'SGP']",Madness Props,Total
0OU79092502U15350_3,2,3_79092502,Under,-112,1.89285715,1.89,25/28,153.5,,Unknown,True,153502,"['ProgressiveParlayTeamEligible', 'MainPointLine', 'SGP']",Madness Props,Total
0ML79092502_3,2,1_79092502,New Mexico,+145,2.45,2.45,29/20,New Mexico,Team,True,1279852583,['SGP'],"[{'id': '44215', 'name': 'New Mexico', 'type': 'Team'}]",Madness Props,Moneyline
0ML79092502_1,2,1_79092502,Marquette,-175,1.57142858,1.57,4/7,Marquette,Team,True,1279854579,['SGP'],"[{'id': '44018', 'name': 'Marquette', 'type': 'Team'}]",Madness Props,Moneyline
0HC79092765P1350_3,2,2_79092765,Akron,-102,1.98039216,1.98,50/51,13.5,Akron,Team,True,13499,"['ProgressiveParlayTeamEligible', 'MainPointLine', 'SGP']","[{'id': '41425', 'name': 'Akron', 'type': 'Team'}]",Madness Props,Spread
0HC79092765N1350_1,2,2_79092765,Arizona,-118,1.84745763,1.84,50/59,-13.5,Arizona,Team,True,13501,"['ProgressiveParlayTeamEligible', 'MainPointLine', 'SGP']","[{'id': '45351', 'name': 'Arizona', 'type': 'Team'}]",Madness Props,Spread
0OU79092765O16650_1,2,3_79092765,Over,-115,1.86956522,1.86,20/23,166.5,,Unknown,True,166500,"['ProgressiveParlayTeamEligible', 'MainPointLine', 'SGP']",Madness Props,Total
0OU79092765U16650_3,2,3_79092765,Under,-105,1.95238096,1.95,20/21,166.5,,Unknown,True,166502,"['ProgressiveParlayTeamEligible', 'MainPointLine', 'SGP']",Madness Props,Total
0ML79092765_3,2,1_79092765,Akron,+750,8.5,8.50,15/2,Akron,Team,True,1279858442,['SGP'],"[{'id': '41425', 'name': 'Akron', 'type': 'Team'}]",Madness Props,Moneyline
0ML79092765_1,2,1_79092765,Arizona,-1200,1.08333334,1.08,1/12,Arizona,Team,True,1279860438,['SGP'],"[{'id': '45351', 'name': 'Arizona', 'type': 'Team'}]",Madness Props,Moneyline
0HC79092953P550_3,2,2_79092953,Oklahoma,-110,1.90909091,1.90,10/11,5.5,Oklahoma,Team,True,5499,"['ProgressiveParlayTeamEligible', 'MainPointLine', 'SGP']","[{'id': '42537', 'name': 'Oklahoma', 'type': 'Team'}]",Madness Props,Spread
0HC79092953N550_1,2,2_79092953,UConn,-110,1.90909091,1.90,10/11,-5.5,UConn,Team,True,5501,"['ProgressiveParlayTeamEligible', 'MainPointLine', 'SGP']","[{'id': '41421', 'name': 'UConn', 'type': 'Team'}]",Madness Props,Spread
0OU79092953O14750_1,2,3_79092953,Over,-112,1.89285715,1.89,25/28,147.5,,Unknown,True,147500,"['ProgressiveParlayTeamEligible', 'MainPointLine', 'SGP']",Madness Props,Total
0OU79092953U14750_3,2,3_79092953,Under,-108,1.92592593,1.92,25/27,147.5,,Unknown,True,147502,"['ProgressiveParlayTeamEligible', 'MainPointLine', 'SGP']",Madness Props,Total
0ML79092953_3,2,1_79092953,Oklahoma,+190,2.9,2.90,19/10,Oklahoma,Team,True,1279861165,['SGP'],"[{'id': '42537', 'name': 'Oklahoma', 'type': 'Team'}]",Madness Props,Moneyline
0ML79092953_1,2,1_79092953,UConn,-230,1.43478261,1.43,10/23,UConn,Team,True,1279863161,['SGP'],"[{'id': '41421', 'name': 'UConn', 'type': 'Team'}]",Madness Props,Moneyline
0HC79092553P1750_3,2,2_79092553,Bryant,-115,1.86956522,1.86,20/23,17.5,Bryant,Team,True,17499,"['ProgressiveParlayTeamEligible', 'MainPointLine', 'SGP']","[{'id': '42187', 'name': 'Bryant', 'type': 'Team'}]",Madness Props,Spread
0HC79092553N1750_1,2,2_79092553,Michigan State,-105,1.95238096,1.95,20/21,-17.5,Michigan State,Team,True,17501,"['ProgressiveParlayTeamEligible', 'MainPointLine', 'SGP']","[{'id': '41925', 'name': 'Michigan State', 'type': 'Team'}]",Madness Props,Spread
0OU79092553O15250_1,2,3_79092553,Over,-110,1.90909091,1.90,10/11,152.5,,Unknown,True,152500,"['ProgressiveParlayTeamEligible', 'MainPointLine', 'SGP']",Madness Props,Total
0OU79092553U15250_3,2,3_79092553,Under,-110,1.90909091,1.90,10/11,152.5,,Unknown,True,152502,"['ProgressiveParlayTeamEligible', 'MainPointLine', 'SGP']",Madness Props,Total
0ML79092553_3,2,1_79092553,Bryant,+1200,13,13.00,12/1,Bryant,Team,True,1279853801,['SGP'],"[{'id': '42187', 'name': 'Bryant', 'type': 'Team'}]",Madness Props,Moneyline
0ML79092553_1,2,1_79092553,Michigan State,-2400,1.04166667,1.04,1/24,Michigan State,Team,True,1279855797,['SGP'],"[{'id': '41925', 'name': 'Michigan State', 'type': 'Team'}]",Madness Props,Moneyline
0HC79092744P750_3,2,2_79092744,Liberty,-115,1.86956522,1.86,20/23,7.5,Liberty,Team,True,7499,"['ProgressiveParlayTeamEligible', 'MainPointLine', 'SGP']","[{'id': '41459', 'name': 'Liberty', 'type': 'Team'}]",Madness Props,Spread
0HC79092744N750_1,2,2_79092744,Oregon,-105,1.95238096,1.95,20/21,-7.5,Oregon,Team,True,7501,"['ProgressiveParlayTeamEligible', 'MainPointLine', 'SGP']","[{'id': '44430', 'name': 'Oregon', 'type': 'Team'}]",Madness Props,Spread
0OU79092744O13950_1,2,3_79092744,Over,-108,1.92592593,1.92,25/27,139.5,,Unknown,True,139500,"['ProgressiveParlayTeamEligible', 'MainPointLine', 'SGP']",Madness Props,Total
0OU79092744U13950_3,2,3_79092744,Under,-112,1.89285715,1.89,25/28,139.5,,Unknown,True,139502,"['ProgressiveParlayTeamEligible', 'MainPointLine', 'SGP']",Madness Props,Total
0ML79092744_3,2,1_79092744,Liberty,+260,3.6,3.60,13/5,Liberty,Team,True,1279858001,['SGP'],"[{'id': '41459', 'name': 'Liberty', 'type': 'Team'}]",Madness Props,Moneyline
0ML79092744_1,2,1_79092744,Oregon,-325,1.30769231,1.30,4/13,Oregon,Team,True,1279859997,['SGP'],"[{'id': '44430', 'name': 'Oregon', 'type': 'Team'}]",Madness Props,Moneyline
0HC79110487N350_3,2,2_79110487,Saint Francis PA,-115,1.86956522,1.86,20/23,-3.5,Saint Francis PA,Team,True,-3501,"['MainPointLine', 'SGP']","[{'id': '41332', 'name': 'Saint Francis PA', 'type': 'Team'}]",Madness Props,Spread
0HC79110487P350_1,2,2_79110487,Alabama State,-115,1.86956522,1.86,20/23,3.5,Alabama State,Team,True,-3499,"['MainPointLine', 'SGP']","[{'id': '42969', 'name': 'Alabama State', 'type': 'Team'}]",Madness Props,Spread
0OU79110487O14650_1,2,3_79110487,Over,-110,1.90909091,1.90,10/11,146.5,,Unknown,True,146500,"['MainPointLine', 'SGP']",Madness Props,Total
0OU79110487U14650_3,2,3_79110487,Under,-120,1.83333334,1.83,5/6,146.5,,Unknown,True,146502,"['MainPointLine', 'SGP']",Madness Props,Total
0ML79110487_3,2,1_79110487,Saint Francis PA,-200,1.5,1.50,1/2,Saint Francis PA,Team,True,1280230384,['SGP'],"[{'id': '41332', 'name': 'Saint Francis PA', 'type': 'Team'}]",Madness Props,Moneyline
0ML79110487_1,2,1_79110487,Alabama State,+154,2.54,2.54,77/50,Alabama State,Team,True,1280232377,['SGP'],"[{'id': '42969', 'name': 'Alabama State', 'type': 'Team'}]",Madness Props,Moneyline
0HC79110488P550_3,2,2_79110488,Kent State,-115,1.86956522,1.86,20/23,5.5,Kent State,Team,True,5499,"['MainPointLine', 'SGP']","[{'id': '43444', 'name': 'Kent State', 'type': 'Team'}]",Madness Props,Spread
0HC79110488N550_1,2,2_79110488,Saint Bonaventure,-115,1.86956522,1.86,20/23,-5.5,Saint Bonaventure,Team,True,5501,"['MainPointLine', 'SGP']","[{'id': '44786', 'name': 'Saint Bonaventure', 'type': 'Team'}]",Madness Props,Spread
0OU79110488O13450_1,2,3_79110488,Over,-115,1.86956522,1.86,20/23,134.5,,Unknown,True,134500,"['MainPointLine', 'SGP']",Madness Props,Total
0OU79110488U13450_3,2,3_79110488,Under,-115,1.86956522,1.86,20/23,134.5,,Unknown,True,134502,"['MainPointLine', 'SGP']",Madness Props,Total
0ML79110488_3,2,1_79110488,Kent State,+210,3.1,3.10,21/10,Kent State,Team,True,1280230388,['SGP'],"[{'id': '43444', 'name': 'Kent State', 'type': 'Team'}]",Madness Props,Moneyline
0ML79110488_1,2,1_79110488,Saint Bonaventure,-280,1.35714286,1.35,5/14,Saint Bonaventure,Team,True,1280232378,['SGP'],"[{'id': '44786', 'name': 'Saint Bonaventure', 'type': 'Team'}]",Madness Props,Moneyline
0HC79110490P250_3,2,2_79110490,Jacksonville State,-115,1.86956522,1.86,20/23,2.5,Jacksonville State,Team,True,2499,"['MainPointLine', 'SGP']","[{'id': '42218', 'name': 'Jacksonville State', 'type': 'Team'}]",Madness Props,Spread
0HC79110490N250_1,2,2_79110490,Georgia Tech,-115,1.86956522,1.86,20/23,-2.5,Georgia Tech,Team,True,2501,"['MainPointLine', 'SGP']","[{'id': '42150', 'name': 'Georgia Tech', 'type': 'Team'}]",Madness Props,Spread
0OU79110490O14950_1,2,3_79110490,Over,-110,1.90909091,1.90,10/11,149.5,,Unknown,True,149500,"['MainPointLine', 'SGP']",Madness Props,Total
0OU79110490U14950_3,2,3_79110490,Under,-120,1.83333334,1.83,5/6,149.5,,Unknown,True,149502,"['MainPointLine', 'SGP']",Madness Props,Total
0ML79110490_3,2,1_79110490,Jacksonville State,+124,2.24,2.24,31/25,Jacksonville State,Team,True,1280230402,['SGP'],"[{'id': '42218', 'name': 'Jacksonville State', 'type': 'Team'}]",Madness Props,Moneyline
0ML79110490_1,2,1_79110490,Georgia Tech,-160,1.625,1.62,5/8,Georgia Tech,Team,True,1280232398,['SGP'],"[{'id': '42150', 'name': 'Georgia Tech', 'type': 'Team'}]",Madness Props,Moneyline
0HC79100355P150_3,2,2_79100355,Chattanooga,-110,1.90909091,1.90,10/11,1.5,Chattanooga,Team,True,1499,"['ProgressiveParlayTeamEligible', 'MainPointLine', 'SGP']","[{'id': '41974', 'name': 'Chattanooga', 'type': 'Team'}]",Madness Props,Spread
0HC79100355N150_1,2,2_79100355,Middle Tennessee,-110,1.90909091,1.90,10/11,-1.5,Middle Tennessee,Team,True,1501,"['ProgressiveParlayTeamEligible', 'MainPointLine', 'SGP']","[{'id': '42683', 'name': 'Middle Tennessee', 'type': 'Team'}]",Madness Props,Spread
0OU79100355O15250_1,2,3_79100355,Over,-115,1.86956522,1.86,20/23,152.5,,Unknown,True,152500,"['ProgressiveParlayTeamEligible', 'MainPointLine', 'SGP']",Madness Props,Total
0OU79100355U15250_3,2,3_79100355,Under,-105,1.95238096,1.95,20/21,152.5,,Unknown,True,152502,"['ProgressiveParlayTeamEligible', 'MainPointLine', 'SGP']",Madness Props,Total
0ML79100355_3,2,1_79100355,Chattanooga,+105,2.05,2.05,21/20,Chattanooga,Team,True,1280025918,['SGP'],"[{'id': '41974', 'name': 'Chattanooga', 'type': 'Team'}]",Madness Props,Moneyline
0ML79100355_1,2,1_79100355,Middle Tennessee,-125,1.8,1.80,4/5,Middle Tennessee,Team,True,1280027914,['SGP'],"[{'id': '42683', 'name': 'Middle Tennessee', 'type': 'Team'}]",Madness Props,Moneyline
0HC79100357P650_3,2,2_79100357,Wichita State,-112,1.89285715,1.89,25/28,6.5,Wichita State,Team,True,6499,"['ProgressiveParlayTeamEligible', 'MainPointLine', 'SGP']","[{'id': '43593', 'name': 'Wichita State', 'type': 'Team'}]",Madness Props,Spread
0HC79100357N650_1,2,2_79100357,Oklahoma State,-108,1.92592593,1.92,25/27,-6.5,Oklahoma State,Team,True,6501,"['ProgressiveParlayTeamEligible', 'MainPointLine', 'SGP']","[{'id': '43141', 'name': 'Oklahoma State', 'type': 'Team'}]",Madness Props,Spread
0OU79100357O15450_1,2,3_79100357,Over,-105,1.95238096,1.95,20/21,154.5,,Unknown,True,154500,"['ProgressiveParlayTeamEligible', 'MainPointLine', 'SGP']",Madness Props,Total
0OU79100357U15450_3,2,3_79100357,Under,-115,1.86956522,1.86,20/23,154.5,,Unknown,True,154502,"['ProgressiveParlayTeamEligible', 'MainPointLine', 'SGP']",Madness Props,Total
0ML79100357_3,2,1_79100357,Wichita State,+230,3.3,3.30,23/10,Wichita State,Team,True,1280025932,['SGP'],"[{'id': '43593', 'name': 'Wichita State', 'type': 'Team'}]",Madness Props,Moneyline
0ML79100357_1,2,1_79100357,Oklahoma State,-285,1.3508772,1.35,20/57,Oklahoma State,Team,True,1280027928,['SGP'],"[{'id': '43141', 'name': 'Oklahoma State', 'type': 'Team'}]",Madness Props,Moneyline
0HC79100359P550_3,2,2_79100359,Saint Louis,-108,1.92592593,1.92,25/27,5.5,Saint Louis,Team,True,5499,"['ProgressiveParlayTeamEligible', 'MainPointLine', 'SGP']","[{'id': '43370', 'name': 'Saint Louis', 'type': 'Team'}]",Madness Props,Spread
0HC79100359N550_1,2,2_79100359,Arkansas State,-112,1.89285715,1.89,25/28,-5.5,Arkansas State,Team,True,5501,"['ProgressiveParlayTeamEligible', 'MainPointLine', 'SGP']","[{'id': '42673', 'name': 'Arkansas State', 'type': 'Team'}]",Madness Props,Spread
0OU79100359O15450_1,2,3_79100359,Over,-105,1.95238096,1.95,20/21,154.5,,Unknown,True,154500,"['ProgressiveParlayTeamEligible', 'MainPointLine', 'SGP']",Madness Props,Total
0OU79100359U15450_3,2,3_79100359,Under,-115,1.86956522,1.86,20/23,154.5,,Unknown,True,154502,"['ProgressiveParlayTeamEligible', 'MainPointLine', 'SGP']",Madness Props,Total
0ML79100359_3,2,1_79100359,Saint Louis,+200,3,3.00,2/1,Saint Louis,Team,True,1280025946,['SGP'],"[{'id': '43370', 'name': 'Saint Louis', 'type': 'Team'}]",Madness Props,Moneyline
0ML79100359_1,2,1_79100359,Arkansas State,-245,1.40816327,1.40,20/49,Arkansas State,Team,True,1280027942,['SGP'],"[{'id': '42673', 'name': 'Arkansas State', 'type': 'Team'}]",Madness Props,Moneyline
0HC79092473N450_3,2,2_79092473,North Carolina,-112,1.89285715,1.89,25/28,-4.5,North Carolina,Team,True,-4501,"['ProgressiveParlayTeamEligible', 'MainPointLine', 'SGP']","[{'id': '42450', 'name': 'North Carolina', 'type': 'Team'}]",Madness Props,Spread
0HC79092473P450_1,2,2_79092473,San Diego State,-108,1.92592593,1.92,25/27,4.5,San Diego State,Team,True,-4499,"['ProgressiveParlayTeamEligible', 'MainPointLine', 'SGP']","[{'id': '44675', 'name': 'San Diego State', 'type': 'Team'}]",Madness Props,Spread
0OU79092473O14150_1,2,3_79092473,Over,-112,1.89285715,1.89,25/28,141.5,,Unknown,True,141500,"['ProgressiveParlayTeamEligible', 'MainPointLine', 'SGP']",Madness Props,Total
0OU79092473U14150_3,2,3_79092473,Under,-108,1.92592593,1.92,25/27,141.5,,Unknown,True,141502,"['ProgressiveParlayTeamEligible', 'MainPointLine', 'SGP']",Madness Props,Total
0ML79092473_3,2,1_79092473,North Carolina,-218,1.4587156,1.45,50/109,North Carolina,Team,True,1279852086,['SGP'],"[{'id': '42450', 'name': 'North Carolina', 'type': 'Team'}]",Madness Props,Moneyline
0ML79092473_1,2,1_79092473,San Diego State,+180,2.8,2.80,9/5,San Diego State,Team,True,1279854082,['SGP'],"[{'id': '44675', 'name': 'San Diego State', 'type': 'Team'}]",Madness Props,Moneyline
0HC79100356P650_3,2,2_79100356,CSUN,-108,1.92592593,1.92,25/27,6.5,CSUN,Team,True,6499,"['ProgressiveParlayTeamEligible', 'MainPointLine', 'SGP']","[{'id': '44653', 'name': 'CSUN', 'type': 'Team'}]",Madness Props,Spread
0HC79100356N650_1,2,2_79100356,Stanford,-112,1.89285715,1.89,25/28,-6.5,Stanford,Team,True,6501,"['ProgressiveParlayTeamEligible', 'MainPointLine', 'SGP']","[{'id': '44739', 'name': 'Stanford', 'type': 'Team'}]",Madness Props,Spread
0OU79100356O15650_1,2,3_79100356,Over,-108,1.92592593,1.92,25/27,156.5,,Unknown,True,156500,"['ProgressiveParlayTeamEligible', 'MainPointLine', 'SGP']",Madness Props,Total
0OU79100356U15650_3,2,3_79100356,Under,-112,1.89285715,1.89,25/28,156.5,,Unknown,True,156502,"['ProgressiveParlayTeamEligible', 'MainPointLine', 'SGP']",Madness Props,Total
0ML79100356_3,2,1_79100356,CSUN,+230,3.3,3.30,23/10,CSUN,Team,True,1280025925,['SGP'],"[{'id': '44653', 'name': 'CSUN', 'type': 'Team'}]",Madness Props,Moneyline
0ML79100356_1,2,1_79100356,Stanford,-285,1.3508772,1.35,20/57,Stanford,Team,True,1280027921,['SGP'],"[{'id': '44739', 'name': 'Stanford', 'type': 'Team'}]",Madness Props,Moneyline
0HC79100358P1050_3,2,2_79100358,UC Riverside,-118,1.84745763,1.84,50/59,10.5,UC Riverside,Team,True,10499,"['ProgressiveParlayTeamEligible', 'MainPointLine', 'SGP']","[{'id': '44279', 'name': 'UC Riverside', 'type': 'Team'}]",Madness Props,Spread
0HC79100358N1050_1,2,2_79100358,Santa Clara,-102,1.98039216,1.98,50/51,-10.5,Santa Clara,Team,True,10501,"['ProgressiveParlayTeamEligible', 'MainPointLine', 'SGP']","[{'id': '42757', 'name': 'Santa Clara', 'type': 'Team'}]",Madness Props,Spread
0OU79100358O15650_1,2,3_79100358,Over,-110,1.90909091,1.90,10/11,156.5,,Unknown,True,156500,"['ProgressiveParlayTeamEligible', 'MainPointLine', 'SGP']",Madness Props,Total
0OU79100358U15650_3,2,3_79100358,Under,-110,1.90909091,1.90,10/11,156.5,,Unknown,True,156502,"['ProgressiveParlayTeamEligible', 'MainPointLine', 'SGP']",Madness Props,Total
0ML79100358_3,2,1_79100358,UC Riverside,+440,5.4,5.40,22/5,UC Riverside,Team,True,1280025939,['SGP'],"[{'id': '44279', 'name': 'UC Riverside', 'type': 'Team'}]",Madness Props,Moneyline
0ML79100358_1,2,1_79100358,Santa Clara,-600,1.16666667,1.16,1/6,Santa Clara,Team,True,1280027935,['SGP'],"[{'id': '42757', 'name': 'Santa Clara', 'type': 'Team'}]",Madness Props,Moneyline
0HC79092702P250_3,2,2_79092702,Mount Saint Marys,-112,1.89285715,1.89,25/28,2.5,Mount Saint Marys,Team,True,2499,"['ProgressiveParlayTeamEligible', 'MainPointLine', 'SGP']","[{'id': '42025', 'name': 'Mount Saint Marys', 'type': 'Team'}]",Madness Props,Spread
0HC79092702N250_1,2,2_79092702,American,-108,1.92592593,1.92,25/27,-2.5,American,Team,True,2501,"['ProgressiveParlayTeamEligible', 'MainPointLine', 'SGP']","[{'id': '41874', 'name': 'American', 'type': 'Team'}]",Madness Props,Spread
0OU79092702O12950_1,2,3_79092702,Over,-105,1.95238096,1.95,20/21,129.5,,Unknown,True,129500,"['ProgressiveParlayTeamEligible', 'MainPointLine', 'SGP']",Madness Props,Total
0OU79092702U12950_3,2,3_79092702,Under,-115,1.86956522,1.86,20/23,129.5,,Unknown,True,129502,"['ProgressiveParlayTeamEligible', 'MainPointLine', 'SGP']",Madness Props,Total
0ML79092702_3,2,1_79092702,Mount Saint Marys,+120,2.2,2.20,6/5,Mount Saint Marys,Team,True,1279857119,['SGP'],"[{'id': '42025', 'name': 'Mount Saint Marys', 'type': 'Team'}]",Madness Props,Moneyline
0ML79092702_1,2,1_79092702,American,-142,1.70422536,1.70,50/71,American,Team,True,1279859115,['SGP'],"[{'id': '41874', 'name': 'American', 'type': 'Team'}]",Madness Props,Moneyline
0HC79100363P750_3,2,2_79100363,Samford,-110,1.90909091,1.90,10/11,7.5,Samford,Team,True,7499,"['ProgressiveParlayTeamEligible', 'MainPointLine', 'SGP']","[{'id': '42759', 'name': 'Samford', 'type': 'Team'}]",Madness Props,Spread
0HC79100363N750_1,2,2_79100363,George Mason,-110,1.90909091,1.90,10/11,-7.5,George Mason,Team,True,7501,"['ProgressiveParlayTeamEligible', 'MainPointLine', 'SGP']","[{'id': '41752', 'name': 'George Mason', 'type': 'Team'}]",Madness Props,Spread
0OU79100363O14750_1,2,3_79100363,Over,-110,1.90909091,1.90,10/11,147.5,,Unknown,True,147500,"['ProgressiveParlayTeamEligible', 'MainPointLine', 'SGP']",Madness Props,Total
0OU79100363U14750_3,2,3_79100363,Under,-110,1.90909091,1.90,10/11,147.5,,Unknown,True,147502,"['ProgressiveParlayTeamEligible', 'MainPointLine', 'SGP']",Madness Props,Total
0ML79100363_3,2,1_79100363,Samford,+270,3.7,3.70,27/10,Samford,Team,True,1280025967,['SGP'],"[{'id': '42759', 'name': 'Samford', 'type': 'Team'}]",Madness Props,Moneyline
0ML79100363_1,2,1_79100363,George Mason,-340,1.29411765,1.29,5/17,George Mason,Team,True,1280027963,['SGP'],"[{'id': '41752', 'name': 'George Mason', 'type': 'Team'}]",Madness Props,Moneyline
0HC79100365P550_3,2,2_79100365,UAB,-115,1.86956522,1.86,20/23,5.5,UAB,Team,True,5499,"['ProgressiveParlayTeamEligible', 'MainPointLine', 'SGP']","[{'id': '42938', 'name': 'UAB', 'type': 'Team'}]",Madness Props,Spread
0HC79100365N550_1,2,2_79100365,Saint Josephs,-105,1.95238096,1.95,20/21,-5.5,Saint Josephs,Team,True,5501,"['ProgressiveParlayTeamEligible', 'MainPointLine', 'SGP']","[{'id': '42231', 'name': 'Saint Josephs', 'type': 'Team'}]",Madness Props,Spread
0OU79100365O15550_1,2,3_79100365,Over,-110,1.90909091,1.90,10/11,155.5,,Unknown,True,155500,"['ProgressiveParlayTeamEligible', 'MainPointLine', 'SGP']",Madness Props,Total
0OU79100365U15550_3,2,3_79100365,Under,-110,1.90909091,1.90,10/11,155.5,,Unknown,True,155502,"['ProgressiveParlayTeamEligible', 'MainPointLine', 'SGP']",Madness Props,Total
0ML79100365_3,2,1_79100365,UAB,+195,2.95,2.95,39/20,UAB,Team,True,1280025981,['SGP'],"[{'id': '42938', 'name': 'UAB', 'type': 'Team'}]",Madness Props,Moneyline
0ML79100365_1,2,1_79100365,Saint Josephs,-238,1.42016807,1.42,50/119,Saint Josephs,Team,True,1280027977,['SGP'],"[{'id': '42231', 'name': 'Saint Josephs', 'type': 'Team'}]",Madness Props,Moneyline
0HC79100362P100_3,2,2_79100362,Florida Atlantic,-115,1.86956522,1.86,20/23,1,Florida Atlantic,Team,True,999,"['ProgressiveParlayTeamEligible', 'MainPointLine', 'SGP']","[{'id': '44945', 'name': 'Florida Atlantic', 'type': 'Team'}]",Madness Props,Spread
0HC79100362N100_1,2,2_79100362,Dayton,-105,1.95238096,1.95,20/21,-1,Dayton,Team,True,1001,"['ProgressiveParlayTeamEligible', 'MainPointLine', 'SGP']","[{'id': '44880', 'name': 'Dayton', 'type': 'Team'}]",Madness Props,Spread
0OU79100362O15050_1,2,3_79100362,Over,-115,1.86956522,1.86,20/23,150.5,,Unknown,True,150500,"['ProgressiveParlayTeamEligible', 'MainPointLine', 'SGP']",Madness Props,Total
0OU79100362U15050_3,2,3_79100362,Under,-105,1.95238096,1.95,20/21,150.5,,Unknown,True,150502,"['ProgressiveParlayTeamEligible', 'MainPointLine', 'SGP']",Madness Props,Total
0ML79100362_3,2,1_79100362,Florida Atlantic,-102,1.98039216,1.98,50/51,Florida Atlantic,Team,True,1280025960,['SGP'],"[{'id': '44945', 'name': 'Florida Atlantic', 'type': 'Team'}]",Madness Props,Moneyline
0ML79100362_1,2,1_79100362,Dayton,-118,1.84745763,1.84,50/59,Dayton,Team,True,1280027956,['SGP'],"[{'id': '44880', 'name': 'Dayton', 'type': 'Team'}]",Madness Props,Moneyline
0HC79100364P850_3,2,2_79100364,Furman,-112,1.89285715,1.89,25/28,8.5,Furman,Team,True,8499,"['ProgressiveParlayTeamEligible', 'MainPointLine', 'SGP']","[{'id': '41709', 'name': 'Furman', 'type': 'Team'}]",Madness Props,Spread
0HC79100364N850_1,2,2_79100364,North Texas,-108,1.92592593,1.92,25/27,-8.5,North Texas,Team,True,8501,"['ProgressiveParlayTeamEligible', 'MainPointLine', 'SGP']","[{'id': '43192', 'name': 'North Texas', 'type': 'Team'}]",Madness Props,Spread
0OU79100364O13050_1,2,3_79100364,Over,-110,1.90909091,1.90,10/11,130.5,,Unknown,True,130500,"['ProgressiveParlayTeamEligible', 'MainPointLine', 'SGP']",Madness Props,Total
0OU79100364U13050_3,2,3_79100364,Under,-110,1.90909091,1.90,10/11,130.5,,Unknown,True,130502,"['ProgressiveParlayTeamEligible', 'MainPointLine', 'SGP']",Madness Props,Total
0ML79100364_3,2,1_79100364,Furman,+295,3.95,3.95,59/20,Furman,Team,True,1280025988,['SGP'],"[{'id': '41709', 'name': 'Furman', 'type': 'Team'}]",Madness Props,Moneyline
0ML79100364_1,2,1_79100364,North Texas,-375,1.26666667,1.26,4/15,North Texas,Team,True,1280027984,['SGP'],"[{'id': '43192', 'name': 'North Texas', 'type': 'Team'}]",Madness Props,Moneyline
0HC79100361P250_3,2,2_79100361,North Alabama,-108,1.92592593,1.92,25/27,2.5,North Alabama,Team,True,2499,"['ProgressiveParlayTeamEligible', 'MainPointLine', 'SGP']","[{'id': '42768', 'name': 'North Alabama', 'type': 'Team'}]",Madness Props,Spread
0HC79100361N250_1,2,2_79100361,Bradley,-112,1.89285715,1.89,25/28,-2.5,Bradley,Team,True,2501,"['ProgressiveParlayTeamEligible', 'MainPointLine', 'SGP']","[{'id': '45258', 'name': 'Bradley', 'type': 'Team'}]",Madness Props,Spread
0OU79100361O14550_1,2,3_79100361,Over,-108,1.92592593,1.92,25/27,145.5,,Unknown,True,145500,"['ProgressiveParlayTeamEligible', 'MainPointLine', 'SGP']",Madness Props,Total
0OU79100361U14550_3,2,3_79100361,Under,-112,1.89285715,1.89,25/28,145.5,,Unknown,True,145502,"['ProgressiveParlayTeamEligible', 'MainPointLine', 'SGP']",Madness Props,Total
0ML79100361_3,2,1_79100361,North Alabama,+124,2.24,2.24,31/25,North Alabama,Team,True,1280025974,['SGP'],"[{'id': '42768', 'name': 'North Alabama', 'type': 'Team'}]",Madness Props,Moneyline
0ML79100361_1,2,1_79100361,Bradley,-148,1.67567568,1.67,25/37,Bradley,Team,True,1280027970,['SGP'],"[{'id': '45258', 'name': 'Bradley', 'type': 'Team'}]",Madness Props,Moneyline
0HC79100368P1050_3,2,2_79100368,Northern Iowa,-115,1.86956522,1.86,20/23,10.5,Northern Iowa,Team,True,10499,"['ProgressiveParlayTeamEligible', 'MainPointLine', 'SGP']","[{'id': '43276', 'name': 'Northern Iowa', 'type': 'Team'}]",Madness Props,Spread
0HC79100368N1050_1,2,2_79100368,SMU,-105,1.95238096,1.95,20/21,-10.5,SMU,Team,True,10501,"['ProgressiveParlayTeamEligible', 'MainPointLine', 'SGP']","[{'id': '41637', 'name': 'SMU', 'type': 'Team'}]",Madness Props,Spread
0OU79100368O14550_1,2,3_79100368,Over,-115,1.86956522,1.86,20/23,145.5,,Unknown,True,145500,"['ProgressiveParlayTeamEligible', 'MainPointLine', 'SGP']",Madness Props,Total
0OU79100368U14550_3,2,3_79100368,Under,-105,1.95238096,1.95,20/21,145.5,,Unknown,True,145502,"['ProgressiveParlayTeamEligible', 'MainPointLine', 'SGP']",Madness Props,Total
0ML79100368_3,2,1_79100368,Northern Iowa,+440,5.4,5.40,22/5,Northern Iowa,Team,True,1280026016,['SGP'],"[{'id': '43276', 'name': 'Northern Iowa', 'type': 'Team'}]",Madness Props,Moneyline
0ML79100368_1,2,1_79100368,SMU,-600,1.16666667,1.16,1/6,SMU,Team,True,1280028006,['SGP'],"[{'id': '41637', 'name': 'SMU', 'type': 'Team'}]",Madness Props,Moneyline
0HC79092938N250_3,2,2_79092938,Xavier,-120,1.83333334,1.83,5/6,-2.5,Xavier,Team,True,-2501,"['ProgressiveParlayTeamEligible', 'MainPointLine', 'SGP']","[{'id': '44042', 'name': 'Xavier', 'type': 'Team'}]",Madness Props,Spread
0HC79092938P250_1,2,2_79092938,Texas,+100,2,2.00,1/1,2.5,Texas,Team,True,-2499,"['ProgressiveParlayTeamEligible', 'MainPointLine', 'SGP']","[{'id': '43429', 'name': 'Texas', 'type': 'Team'}]",Madness Props,Spread
0OU79092938O15150_1,2,3_79092938,Over,-110,1.90909091,1.90,10/11,151.5,,Unknown,True,151500,"['ProgressiveParlayTeamEligible', 'MainPointLine', 'SGP']",Madness Props,Total
0OU79092938U15150_3,2,3_79092938,Under,-110,1.90909091,1.90,10/11,151.5,,Unknown,True,151502,"['ProgressiveParlayTeamEligible', 'MainPointLine', 'SGP']",Madness Props,Total
0ML79092938_3,2,1_79092938,Xavier,-166,1.60240964,1.60,50/83,Xavier,Team,True,1279861060,['SGP'],"[{'id': '44042', 'name': 'Xavier', 'type': 'Team'}]",Madness Props,Moneyline
0ML79092938_1,2,1_79092938,Texas,+140,2.4,2.40,7/5,Texas,Team,True,1279863056,['SGP'],"[{'id': '43429', 'name': 'Texas', 'type': 'Team'}]",Madness Props,Moneyline
0HC79100367P750_3,2,2_79100367,Northern Colorado,-112,1.89285715,1.89,25/28,7.5,Northern Colorado,Team,True,7499,"['ProgressiveParlayTeamEligible', 'MainPointLine', 'SGP']","[{'id': '42600', 'name': 'Northern Colorado', 'type': 'Team'}]",Madness Props,Spread
0HC79100367N750_1,2,2_79100367,UC Irvine,-108,1.92592593,1.92,25/27,-7.5,UC Irvine,Team,True,7501,"['ProgressiveParlayTeamEligible', 'MainPointLine', 'SGP']","[{'id': '44593', 'name': 'UC Irvine', 'type': 'Team'}]",Madness Props,Spread
0OU79100367O15150_1,2,3_79100367,Over,-105,1.95238096,1.95,20/21,151.5,,Unknown,True,151500,"['ProgressiveParlayTeamEligible', 'MainPointLine', 'SGP']",Madness Props,Total
0OU79100367U15150_3,2,3_79100367,Under,-115,1.86956522,1.86,20/23,151.5,,Unknown,True,151502,"['ProgressiveParlayTeamEligible', 'MainPointLine', 'SGP']",Madness Props,Total
0ML79100367_3,2,1_79100367,Northern Colorado,+270,3.7,3.70,27/10,Northern Colorado,Team,True,1280026002,['SGP'],"[{'id': '42600', 'name': 'Northern Colorado', 'type': 'Team'}]",Madness Props,Moneyline
0ML79100367_1,2,1_79100367,UC Irvine,-340,1.29411765,1.29,5/17,UC Irvine,Team,True,1280027998,['SGP'],"[{'id': '44593', 'name': 'UC Irvine', 'type': 'Team'}]",Madness Props,Moneyline
0HC79100369P750_3,2,2_79100369,Utah Valley,-108,1.92592593,1.92,25/27,7.5,Utah Valley,Team,True,7499,"['ProgressiveParlayTeamEligible', 'MainPointLine', 'SGP']","[{'id': '44362', 'name': 'Utah Valley', 'type': 'Team'}]",Madness Props,Spread
0HC79100369N750_1,2,2_79100369,San Francisco,-112,1.89285715,1.89,25/28,-7.5,San Francisco,Team,True,7501,"['ProgressiveParlayTeamEligible', 'MainPointLine', 'SGP']","[{'id': '44575', 'name': 'San Francisco', 'type': 'Team'}]",Madness Props,Spread
0OU79100369O14650_1,2,3_79100369,Over,-105,1.95238096,1.95,20/21,146.5,,Unknown,True,146500,"['ProgressiveParlayTeamEligible', 'MainPointLine', 'SGP']",Madness Props,Total
0OU79100369U14650_3,2,3_79100369,Under,-115,1.86956522,1.86,20/23,146.5,,Unknown,True,146502,"['ProgressiveParlayTeamEligible', 'MainPointLine', 'SGP']",Madness Props,Total
0ML79100369_3,2,1_79100369,Utah Valley,+275,3.75,3.75,11/4,Utah Valley,Team,True,1280026011,['SGP'],"[{'id': '44362', 'name': 'Utah Valley', 'type': 'Team'}]",Madness Props,Moneyline
0ML79100369_1,2,1_79100369,San Francisco,-345,1.28985508,1.28,20/69,San Francisco,Team,True,1280028005,['SGP'],"[{'id': '44575', 'name': 'San Francisco', 'type': 'Team'}]",Madness Props,Moneyline
0HC79100366N250_3,2,2_79100366,Loyola Chicago,-118,1.84745763,1.84,50/59,-2.5,Loyola Chicago,Team,True,-2501,"['ProgressiveParlayTeamEligible', 'MainPointLine', 'SGP']","[{'id': '43985', 'name': 'Loyola Chicago', 'type': 'Team'}]",Madness Props,Spread
0HC79100366P250_1,2,2_79100366,San Jose State,-102,1.98039216,1.98,50/51,2.5,San Jose State,Team,True,-2499,"['ProgressiveParlayTeamEligible', 'MainPointLine', 'SGP']","[{'id': '41391', 'name': 'San Jose State', 'type': 'Team'}]",Madness Props,Spread
0OU79100366O14050_1,2,3_79100366,Over,-115,1.86956522,1.86,20/23,140.5,,Unknown,True,140500,"['ProgressiveParlayTeamEligible', 'MainPointLine', 'SGP']",Madness Props,Total
0OU79100366U14050_3,2,3_79100366,Under,-105,1.95238096,1.95,20/21,140.5,,Unknown,True,140502,"['ProgressiveParlayTeamEligible', 'MainPointLine', 'SGP']",Madness Props,Total
0ML79100366_3,2,1_79100366,Loyola Chicago,-142,1.70422536,1.70,50/71,Loyola Chicago,Team,True,1280025995,['SGP'],"[{'id': '43985', 'name': 'Loyola Chicago', 'type': 'Team'}]",Madness Props,Moneyline
0ML79100366_1,2,1_79100366,San Jose State,+120,2.2,2.20,6/5,San Jose State,Team,True,1280027991,['SGP'],"[{'id': '41391', 'name': 'San Jose State', 'type': 'Team'}]",Madness Props,Moneyline
0HC79092456P250_3,2,2_79092456,Creighton,-110,1.90909091,1.90,10/11,2.5,Creighton,Team,True,2499,"['ProgressiveParlayTeamEligible', 'MainPointLine', 'SGP']","[{'id': '43875', 'name': 'Creighton', 'type': 'Team'}]",Madness Props,Spread
0HC79092456N250_1,2,2_79092456,Louisville,-110,1.90909091,1.90,10/11,-2.5,Louisville,Team,True,2501,"['ProgressiveParlayTeamEligible', 'MainPointLine', 'SGP']","[{'id': '41477', 'name': 'Louisville', 'type': 'Team'}]",Madness Props,Spread
0OU79092456O14450_1,2,3_79092456,Over,-110,1.90909091,1.90,10/11,144.5,,Unknown,True,144500,"['ProgressiveParlayTeamEligible', 'MainPointLine', 'SGP']",Madness Props,Total
0OU79092456U14450_3,2,3_79092456,Under,-110,1.90909091,1.90,10/11,144.5,,Unknown,True,144502,"['ProgressiveParlayTeamEligible', 'MainPointLine', 'SGP']",Madness Props,Total
0ML79092456_3,2,1_79092456,Creighton,+120,2.2,2.20,6/5,Creighton,Team,True,1279851890,['SGP'],"[{'id': '43875', 'name': 'Creighton', 'type': 'Team'}]",Madness Props,Moneyline
0ML79092456_1,2,1_79092456,Louisville,-142,1.70422536,1.70,50/71,Louisville,Team,True,1279853886,['SGP'],"[{'id': '41477', 'name': 'Louisville', 'type': 'Team'}]",Madness Props,Moneyline
0HC79092925P750_3,2,2_79092925,High Point,-102,1.98039216,1.98,50/51,7.5,High Point,Team,True,7499,"['ProgressiveParlayTeamEligible', 'MainPointLine', 'SGP']","[{'id': '45137', 'name': 'High Point', 'type': 'Team'}]",Madness Props,Spread
0HC79092925N750_1,2,2_79092925,Purdue,-118,1.84745763,1.84,50/59,-7.5,Purdue,Team,True,7501,"['ProgressiveParlayTeamEligible', 'MainPointLine', 'SGP']","[{'id': '42127', 'name': 'Purdue', 'type': 'Team'}]",Madness Props,Spread
0OU79092925O15350_1,2,3_79092925,Over,-105,1.95238096,1.95,20/21,153.5,,Unknown,True,153500,"['ProgressiveParlayTeamEligible', 'MainPointLine', 'SGP']",Madness Props,Total
0OU79092925U15350_3,2,3_79092925,Under,-115,1.86956522,1.86,20/23,153.5,,Unknown,True,153502,"['ProgressiveParlayTeamEligible', 'MainPointLine', 'SGP']",Madness Props,Total
0ML79092925_3,2,1_79092925,High Point,+295,3.95,3.95,59/20,High Point,Team,True,1279860143,['SGP'],"[{'id': '45137', 'name': 'High Point', 'type': 'Team'}]",Madness Props,Moneyline
0ML79092925_1,2,1_79092925,Purdue,-375,1.26666667,1.26,4/15,Purdue,Team,True,1279862139,['SGP'],"[{'id': '42127', 'name': 'Purdue', 'type': 'Team'}]",Madness Props,Moneyline
0HC79092767P1750_3,2,2_79092767,Montana,-115,1.86956522,1.86,20/23,17.5,Montana,Team,True,17499,"['ProgressiveParlayTeamEligible', 'MainPointLine', 'SGP']","[{'id': '42575', 'name': 'Montana', 'type': 'Team'}]",Madness Props,Spread
0HC79092767N1750_1,2,2_79092767,Wisconsin,-105,1.95238096,1.95,20/21,-17.5,Wisconsin,Team,True,17501,"['ProgressiveParlayTeamEligible', 'MainPointLine', 'SGP']","[{'id': '43620', 'name': 'Wisconsin', 'type': 'Team'}]",Madness Props,Spread
0OU79092767O15250_1,2,3_79092767,Over,-105,1.95238096,1.95,20/21,152.5,,Unknown,True,152500,"['ProgressiveParlayTeamEligible', 'MainPointLine']",Madness Props,Total
0OU79092767U15250_3,2,3_79092767,Under,-115,1.86956522,1.86,20/23,152.5,,Unknown,True,152502,"['ProgressiveParlayTeamEligible', 'MainPointLine', 'SGP']",Madness Props,Total
0ML79092767_3,2,1_79092767,Montana,+1200,13,13.00,12/1,Montana,Team,True,1279858456,['SGP'],"[{'id': '42575', 'name': 'Montana', 'type': 'Team'}]",Madness Props,Moneyline
0ML79092767_1,2,1_79092767,Wisconsin,-2400,1.04166667,1.04,1/24,Wisconsin,Team,True,1279860452,['SGP'],"[{'id': '43620', 'name': 'Wisconsin', 'type': 'Team'}]",Madness Props,Moneyline
0HC79092890P2950_3,2,2_79092890,SIU Edwardsville,-115,1.86956522,1.86,20/23,29.5,SIU Edwardsville,Team,True,29499,"['ProgressiveParlayTeamEligible', 'MainPointLine', 'SGP']","[{'id': '43647', 'name': 'SIU Edwardsville', 'type': 'Team'}]",Madness Props,Spread
0HC79092890N2950_1,2,2_79092890,Houston,-105,1.95238096,1.95,20/21,-29.5,Houston,Team,True,29501,"['ProgressiveParlayTeamEligible', 'MainPointLine', 'SGP']","[{'id': '43043', 'name': 'Houston', 'type': 'Team'}]",Madness Props,Spread
0OU79092890O12650_1,2,3_79092890,Over,-108,1.92592593,1.92,25/27,126.5,,Unknown,True,126500,"['ProgressiveParlayTeamEligible', 'MainPointLine', 'SGP']",Madness Props,Total
0OU79092890U12650_3,2,3_79092890,Under,-112,1.89285715,1.89,25/28,126.5,,Unknown,True,126502,"['ProgressiveParlayTeamEligible', 'MainPointLine', 'SGP']",Madness Props,Total
0HC79092912P750_3,2,2_79092912,McNeese,-110,1.90909091,1.90,10/11,7.5,McNeese,Team,True,7499,"['ProgressiveParlayTeamEligible', 'MainPointLine', 'SGP']","[{'id': '41412', 'name': 'McNeese', 'type': 'Team'}]",Madness Props,Spread
0HC79092912N750_1,2,2_79092912,Clemson,-110,1.90909091,1.90,10/11,-7.5,Clemson,Team,True,7501,"['ProgressiveParlayTeamEligible', 'MainPointLine', 'SGP']","[{'id': '41619', 'name': 'Clemson', 'type': 'Team'}]",Madness Props,Spread
0OU79092912O13450_1,2,3_79092912,Over,-105,1.95238096,1.95,20/21,134.5,,Unknown,True,134500,"['ProgressiveParlayTeamEligible', 'MainPointLine', 'SGP']",Madness Props,Total
0OU79092912U13450_3,2,3_79092912,Under,-115,1.86956522,1.86,20/23,134.5,,Unknown,True,134502,"['ProgressiveParlayTeamEligible', 'MainPointLine', 'SGP']",Madness Props,Total
0ML79092912_3,2,1_79092912,McNeese,+275,3.75,3.75,11/4,McNeese,Team,True,1279860136,['SGP'],"[{'id': '41412', 'name': 'McNeese', 'type': 'Team'}]",Madness Props,Moneyline
0ML79092912_1,2,1_79092912,Clemson,-345,1.28985508,1.28,20/69,Clemson,Team,True,1279862132,['SGP'],"[{'id': '41619', 'name': 'Clemson', 'type': 'Team'}]",Madness Props,Moneyline
0HC79092766P250_3,2,2_79092766,VCU,-102,1.98039216,1.98,50/51,2.5,VCU,Team,True,2499,"['ProgressiveParlayTeamEligible', 'MainPointLine', 'SGP']","[{'id': '42328', 'name': 'VCU', 'type': 'Team'}]",Madness Props,Spread
0HC79092766N250_1,2,2_79092766,BYU,-118,1.84745763,1.84,50/59,-2.5,BYU,Team,True,2501,"['ProgressiveParlayTeamEligible', 'MainPointLine', 'SGP']","[{'id': '44811', 'name': 'BYU', 'type': 'Team'}]",Madness Props,Spread
0OU79092766O14650_1,2,3_79092766,Over,-105,1.95238096,1.95,20/21,146.5,,Unknown,True,146500,"['ProgressiveParlayTeamEligible', 'MainPointLine', 'SGP']",Madness Props,Total
0OU79092766U14650_3,2,3_79092766,Under,-115,1.86956522,1.86,20/23,146.5,,Unknown,True,146502,"['ProgressiveParlayTeamEligible', 'MainPointLine', 'SGP']",Madness Props,Total
0ML79092766_3,2,1_79092766,VCU,+130,2.3,2.30,13/10,VCU,Team,True,1279858449,['SGP'],"[{'id': '42328', 'name': 'VCU', 'type': 'Team'}]",Madness Props,Moneyline
0ML79092766_1,2,1_79092766,BYU,-155,1.6451613,1.64,20/31,BYU,Team,True,1279860445,['SGP'],"[{'id': '44811', 'name': 'BYU', 'type': 'Team'}]",Madness Props,Moneyline
0HC79093078P550_3,2,2_79093078,Georgia,-102,1.98039216,1.98,50/51,5.5,Georgia Bulldogs,Team,True,5499,"['ProgressiveParlayTeamEligible', 'MainPointLine', 'SGP']","[{'id': '42478', 'name': 'Georgia Bulldogs', 'type': 'Team'}]",Madness Props,Spread
0HC79093078N550_1,2,2_79093078,Gonzaga,-118,1.84745763,1.84,50/59,-5.5,Gonzaga,Team,True,5501,"['ProgressiveParlayTeamEligible', 'MainPointLine', 'SGP']","[{'id': '44154', 'name': 'Gonzaga', 'type': 'Team'}]",Madness Props,Spread
0OU79093078O15050_1,2,3_79093078,Over,-112,1.89285715,1.89,25/28,150.5,,Unknown,True,150500,"['ProgressiveParlayTeamEligible', 'MainPointLine', 'SGP']",Madness Props,Total
0OU79093078U15050_3,2,3_79093078,Under,-108,1.92592593,1.92,25/27,150.5,,Unknown,True,150502,"['ProgressiveParlayTeamEligible', 'MainPointLine', 'SGP']",Madness Props,Total
0ML79093078_3,2,1_79093078,Georgia,+215,3.15,3.15,43/20,Georgia Bulldogs,Team,True,1279863188,['SGP'],"[{'id': '42478', 'name': 'Georgia Bulldogs', 'type': 'Team'}]",Madness Props,Moneyline
0ML79093078_1,2,1_79093078,Gonzaga,-265,1.3773585,1.37,20/53,Gonzaga,Team,True,1279865184,['SGP'],"[{'id': '44154', 'name': 'Gonzaga', 'type': 'Team'}]",Madness Props,Moneyline
0HC79092949P1850_3,2,2_79092949,Wofford,-108,1.92592593,1.92,25/27,18.5,Wofford,Team,True,18499,"['ProgressiveParlayTeamEligible', 'MainPointLine', 'SGP']","[{'id': '42442', 'name': 'Wofford', 'type': 'Team'}]",Madness Props,Spread
0HC79092949N1850_1,2,2_79092949,Tennessee,-112,1.89285715,1.89,25/28,-18.5,Tennessee,Team,True,18501,"['ProgressiveParlayTeamEligible', 'MainPointLine', 'SGP']","[{'id': '42305', 'name': 'Tennessee', 'type': 'Team'}]",Madness Props,Spread
0OU79092949O13250_1,2,3_79092949,Over,-115,1.86956522,1.86,20/23,132.5,,Unknown,True,132500,"['ProgressiveParlayTeamEligible', 'MainPointLine', 'SGP']",Madness Props,Total
0OU79092949U13250_3,2,3_79092949,Under,-105,1.95238096,1.95,20/21,132.5,,Unknown,True,132502,"['ProgressiveParlayTeamEligible', 'MainPointLine', 'SGP']",Madness Props,Total
0ML79092949_3,2,1_79092949,Wofford,+1500,16,16.00,15/1,Wofford,Team,True,1279861137,['SGP'],"[{'id': '42442', 'name': 'Wofford', 'type': 'Team'}]",Madness Props,Moneyline
0ML79092949_1,2,1_79092949,Tennessee,-3600,1.02777778,1.02,1/36,Tennessee,Team,True,1279863133,['SGP'],"[{'id': '42305', 'name': 'Tennessee', 'type': 'Team'}]",Madness Props,Moneyline
0HC79092964P450_3,2,2_79092964,Arkansas,-110,1.90909091,1.90,10/11,4.5,Arkansas,Team,True,4499,"['ProgressiveParlayTeamEligible', 'MainPointLine', 'SGP']","[{'id': '42107', 'name': 'Arkansas', 'type': 'Team'}]",Madness Props,Spread
0HC79092964N450_1,2,2_79092964,Kansas,-110,1.90909091,1.90,10/11,-4.5,Kansas,Team,True,4501,"['ProgressiveParlayTeamEligible', 'MainPointLine', 'SGP']","[{'id': '41920', 'name': 'Kansas', 'type': 'Team'}]",Madness Props,Spread
0OU79092964O14550_1,2,3_79092964,Over,-115,1.86956522,1.86,20/23,145.5,,Unknown,True,145500,"['ProgressiveParlayTeamEligible', 'MainPointLine', 'SGP']",Madness Props,Total
0OU79092964U14550_3,2,3_79092964,Under,-105,1.95238096,1.95,20/21,145.5,,Unknown,True,145502,"['ProgressiveParlayTeamEligible', 'MainPointLine', 'SGP']",Madness Props,Total
0ML79092964_3,2,1_79092964,Arkansas,+164,2.64,2.64,41/25,Arkansas,Team,True,1279861242,['SGP'],"[{'id': '42107', 'name': 'Arkansas', 'type': 'Team'}]",Madness Props,Moneyline
0ML79092964_1,2,1_79092964,Kansas,-198,1.50505051,1.50,50/99,Kansas,Team,True,1279863238,['SGP'],"[{'id': '41920', 'name': 'Kansas', 'type': 'Team'}]",Madness Props,Moneyline
0HC79092474P750_3,2,2_79092474,Yale,-115,1.86956522,1.86,20/23,7.5,Yale,Team,True,7499,"['ProgressiveParlayTeamEligible', 'MainPointLine', 'SGP']","[{'id': '42873', 'name': 'Yale', 'type': 'Team'}]",Madness Props,Spread
0HC79092474N750_1,2,2_79092474,Texas A&M,-105,1.95238096,1.95,20/21,-7.5,Texas A&M,Team,True,7501,"['ProgressiveParlayTeamEligible', 'MainPointLine', 'SGP']","[{'id': '44866', 'name': 'Texas A&M', 'type': 'Team'}]",Madness Props,Spread
0OU79092474O13950_1,2,3_79092474,Over,-115,1.86956522,1.86,20/23,139.5,,Unknown,True,139500,"['ProgressiveParlayTeamEligible', 'MainPointLine', 'SGP']",Madness Props,Total
0OU79092474U13950_3,2,3_79092474,Under,-105,1.95238096,1.95,20/21,139.5,,Unknown,True,139502,"['ProgressiveParlayTeamEligible', 'MainPointLine', 'SGP']",Madness Props,Total
0ML79092474_3,2,1_79092474,Yale,+260,3.6,3.60,13/5,Yale,Team,True,1279852093,['SGP'],"[{'id': '42873', 'name': 'Yale', 'type': 'Team'}]",Madness Props,Moneyline
0ML79092474_1,2,1_79092474,Texas A&M,-325,1.30769231,1.30,4/13,Texas A&M,Team,True,1279854089,['SGP'],"[{'id': '44866', 'name': 'Texas A&M', 'type': 'Team'}]",Madness Props,Moneyline
0HC79092959P650_3,2,2_79092959,Drake,-112,1.89285715,1.89,25/28,6.5,Drake,Team,True,6499,"['ProgressiveParlayTeamEligible', 'MainPointLine', 'SGP']","[{'id': '41573', 'name': 'Drake', 'type': 'Team'}]",Madness Props,Spread
0HC79092959N650_1,2,2_79092959,Missouri,-108,1.92592593,1.92,25/27,-6.5,Missouri,Team,True,6501,"['ProgressiveParlayTeamEligible', 'MainPointLine', 'SGP']","[{'id': '43114', 'name': 'Missouri', 'type': 'Team'}]",Madness Props,Spread
0OU79092959O13250_1,2,3_79092959,Over,-108,1.92592593,1.92,25/27,132.5,,Unknown,True,132500,"['ProgressiveParlayTeamEligible', 'MainPointLine', 'SGP']",Madness Props,Total
0OU79092959U13250_3,2,3_79092959,Under,-112,1.89285715,1.89,25/28,132.5,,Unknown,True,132502,"['ProgressiveParlayTeamEligible', 'MainPointLine', 'SGP']",Madness Props,Total
0ML79092959_3,2,1_79092959,Drake,+220,3.2,3.20,11/5,Drake,Team,True,1279861207,['SGP'],"[{'id': '41573', 'name': 'Drake', 'type': 'Team'}]",Madness Props,Moneyline
0ML79092959_1,2,1_79092959,Missouri,-270,1.37037038,1.37,10/27,Missouri,Team,True,1279863203,['SGP'],"[{'id': '43114', 'name': 'Missouri', 'type': 'Team'}]",Madness Props,Moneyline
0HC79092948P550_3,2,2_79092948,Utah State,-112,1.89285715,1.89,25/28,5.5,Utah State,Team,True,5499,"['ProgressiveParlayTeamEligible', 'MainPointLine', 'SGP']","[{'id': '44224', 'name': 'Utah State', 'type': 'Team'}]",Madness Props,Spread
0HC79092948N550_1,2,2_79092948,UCLA,-108,1.92592593,1.92,25/27,-5.5,UCLA,Team,True,5501,"['ProgressiveParlayTeamEligible', 'MainPointLine', 'SGP']","[{'id': '44331', 'name': 'UCLA', 'type': 'Team'}]",Madness Props,Spread
0OU79092948O14350_1,2,3_79092948,Over,-115,1.86956522,1.86,20/23,143.5,,Unknown,True,143500,"['ProgressiveParlayTeamEligible', 'MainPointLine', 'SGP']",Madness Props,Total
0OU79092948U14350_3,2,3_79092948,Under,-105,1.95238096,1.95,20/21,143.5,,Unknown,True,143502,"['ProgressiveParlayTeamEligible', 'MainPointLine', 'SGP']",Madness Props,Total
0ML79092948_3,2,1_79092948,Utah State,+190,2.9,2.90,19/10,Utah State,Team,True,1279861130,['SGP'],"[{'id': '44224', 'name': 'Utah State', 'type': 'Team'}]",Madness Props,Moneyline
0ML79092948_1,2,1_79092948,UCLA,-230,1.43478261,1.43,10/23,UCLA,Team,True,1279863126,['SGP'],"[{'id': '44331', 'name': 'UCLA', 'type': 'Team'}]",Madness Props,Moneyline
0HC79092965P1850_3,2,2_79092965,Omaha,-108,1.92592593,1.92,25/27,18.5,Omaha,Team,True,18499,"['ProgressiveParlayTeamEligible', 'MainPointLine', 'SGP']","[{'id': '43093', 'name': 'Omaha', 'type': 'Team'}]",Madness Props,Spread
0HC79092965N1850_1,2,2_79092965,St. Johns,-112,1.89285715,1.89,25/28,-18.5,St. Johns,Team,True,18501,"['ProgressiveParlayTeamEligible', 'MainPointLine', 'SGP']","[{'id': '41392', 'name': 'St. Johns', 'type': 'Team'}]",Madness Props,Spread
0OU79092965O14750_1,2,3_79092965,Over,-115,1.86956522,1.86,20/23,147.5,,Unknown,True,147500,"['ProgressiveParlayTeamEligible', 'MainPointLine', 'SGP']",Madness Props,Total
0OU79092965U14750_3,2,3_79092965,Under,-105,1.95238096,1.95,20/21,147.5,,Unknown,True,147502,"['ProgressiveParlayTeamEligible', 'MainPointLine', 'SGP']",Madness Props,Total
0ML79092965_3,2,1_79092965,Omaha,+1500,16,16.00,15/1,Omaha,Team,True,1279861249,['SGP'],"[{'id': '43093', 'name': 'Omaha', 'type': 'Team'}]",Madness Props,Moneyline
0ML79092965_1,2,1_79092965,St. Johns,-3600,1.02777778,1.02,1/36,St. Johns,Team,True,1279863245,['SGP'],"[{'id': '41392', 'name': 'St. Johns', 'type': 'Team'}]",Madness Props,Moneyline
0HC79092459P250_3,2,2_79092459,UC San Diego,-108,1.92592593,1.92,25/27,2.5,UC San Diego,Team,True,2499,"['ProgressiveParlayTeamEligible', 'MainPointLine', 'SGP']","[{'id': '302038', 'name': 'UC San Diego', 'type': 'Team'}]",Madness Props,Spread
0HC79092459N250_1,2,2_79092459,Michigan,-112,1.89285715,1.89,25/28,-2.5,Michigan,Team,True,2501,"['ProgressiveParlayTeamEligible', 'MainPointLine', 'SGP']","[{'id': '43956', 'name': 'Michigan', 'type': 'Team'}]",Madness Props,Spread
0OU79092459O14250_1,2,3_79092459,Over,-108,1.92592593,1.92,25/27,142.5,,Unknown,True,142500,"['ProgressiveParlayTeamEligible', 'MainPointLine', 'SGP']",Madness Props,Total
0OU79092459U14250_3,2,3_79092459,Under,-112,1.89285715,1.89,25/28,142.5,,Unknown,True,142502,"['ProgressiveParlayTeamEligible', 'MainPointLine', 'SGP']",Madness Props,Total
0ML79092459_3,2,1_79092459,UC San Diego,+124,2.24,2.24,31/25,UC San Diego,Team,True,1279851932,['SGP'],"[{'id': '302038', 'name': 'UC San Diego', 'type': 'Team'}]",Madness Props,Moneyline
0ML79092459_1,2,1_79092459,Michigan,-148,1.67567568,1.67,25/37,Michigan,Team,True,1279853928,['SGP'],"[{'id': '43956', 'name': 'Michigan', 'type': 'Team'}]",Madness Props,Moneyline
0HC79092963P1550_3,2,2_79092963,UNC Wilmington,-108,1.92592593,1.92,25/27,15.5,UNC Wilmington,Team,True,15499,"['ProgressiveParlayTeamEligible', 'MainPointLine', 'SGP']","[{'id': '42593', 'name': 'UNC Wilmington', 'type': 'Team'}]",Madness Props,Spread
0HC79092963N1550_1,2,2_79092963,Texas Tech,-112,1.89285715,1.89,25/28,-15.5,Texas Tech,Team,True,15501,"['ProgressiveParlayTeamEligible', 'MainPointLine', 'SGP']","[{'id': '42835', 'name': 'Texas Tech', 'type': 'Team'}]",Madness Props,Spread
0OU79092963O14350_1,2,3_79092963,Over,-112,1.89285715,1.89,25/28,143.5,,Unknown,True,143500,"['ProgressiveParlayTeamEligible', 'MainPointLine', 'SGP']",Madness Props,Total
0OU79092963U14350_3,2,3_79092963,Under,-108,1.92592593,1.92,25/27,143.5,,Unknown,True,143502,"['ProgressiveParlayTeamEligible', 'MainPointLine', 'SGP']",Madness Props,Total
0ML79092963_3,2,1_79092963,UNC Wilmington,+1000,11,11.00,10/1,UNC Wilmington,Team,True,1279861235,['SGP'],"[{'id': '42593', 'name': 'UNC Wilmington', 'type': 'Team'}]",Madness Props,Moneyline
0ML79092963_1,2,1_79092963,Texas Tech,-1800,1.05555556,1.05,1/18,Texas Tech,Team,True,1279863231,['SGP'],"[{'id': '42835', 'name': 'Texas Tech', 'type': 'Team'}]",Madness Props,Moneyline
0HC79092703P100_3,2,2_79092703,Baylor,-108,1.92592593,1.92,25/27,1,Baylor,Team,True,999,"['ProgressiveParlayTeamEligible', 'MainPointLine', 'SGP']","[{'id': '44466', 'name': 'Baylor', 'type': 'Team'}]",Madness Props,Spread
0HC79092703N100_1,2,2_79092703,Mississippi State,-112,1.89285715,1.89,25/28,-1,Mississippi State,Team,True,1001,"['ProgressiveParlayTeamEligible', 'MainPointLine', 'SGP']","[{'id': '42185', 'name': 'Mississippi State', 'type': 'Team'}]",Madness Props,Spread
0OU79092703O14450_1,2,3_79092703,Over,-110,1.90909091,1.90,10/11,144.5,,Unknown,True,144500,"['ProgressiveParlayTeamEligible', 'MainPointLine', 'SGP']",Madness Props,Total
0OU79092703U14450_3,2,3_79092703,Under,-110,1.90909091,1.90,10/11,144.5,,Unknown,True,144502,"['ProgressiveParlayTeamEligible', 'MainPointLine', 'SGP']",Madness Props,Total
0ML79092703_3,2,1_79092703,Baylor,+100,2,2.00,1/1,Baylor,Team,True,1279857126,['SGP'],"[{'id': '44466', 'name': 'Baylor', 'type': 'Team'}]",Madness Props,Moneyline
0ML79092703_1,2,1_79092703,Mississippi State,-120,1.83333334,1.83,5/6,Mississippi State,Team,True,1279859122,['SGP'],"[{'id': '42185', 'name': 'Mississippi State', 'type': 'Team'}]",Madness Props,Moneyline
0HC79092773P2350_3,2,2_79092773,Robert Morris,-115,1.86956522,1.86,20/23,23.5,Robert Morris,Team,True,23499,"['ProgressiveParlayTeamEligible', 'MainPointLine', 'SGP']","[{'id': '44588', 'name': 'Robert Morris', 'type': 'Team'}]",Madness Props,Spread
0HC79092773N2350_1,2,2_79092773,Alabama,-105,1.95238096,1.95,20/21,-23.5,Alabama,Team,True,23501,"['ProgressiveParlayTeamEligible', 'MainPointLine', 'SGP']","[{'id': '42858', 'name': 'Alabama', 'type': 'Team'}]",Madness Props,Spread
0OU79092773O16550_1,2,3_79092773,Over,-108,1.92592593,1.92,25/27,165.5,,Unknown,True,165500,"['ProgressiveParlayTeamEligible', 'MainPointLine', 'SGP']",Madness Props,Total
0OU79092773U16550_3,2,3_79092773,Under,-112,1.89285715,1.89,25/28,165.5,,Unknown,True,165502,"['ProgressiveParlayTeamEligible', 'MainPointLine', 'SGP']",Madness Props,Total
0ML79092773_3,2,1_79092773,Robert Morris,+1800,19,19.00,18/1,Robert Morris,Team,True,1279858596,['SGP'],"[{'id': '44588', 'name': 'Robert Morris', 'type': 'Team'}]",Madness Props,Moneyline
0ML79092773_1,2,1_79092773,Alabama,-5000,1.02,1.02,1/50,Alabama,Team,True,1279860592,['SGP'],"[{'id': '42858', 'name': 'Alabama', 'type': 'Team'}]",Madness Props,Moneyline
0HC79092479P1450_3,2,2_79092479,Lipscomb,-102,1.98039216,1.98,50/51,14.5,Lipscomb,Team,True,14499,"['ProgressiveParlayTeamEligible', 'MainPointLine', 'SGP']","[{'id': '43785', 'name': 'Lipscomb', 'type': 'Team'}]",Madness Props,Spread
0HC79092479N1450_1,2,2_79092479,Iowa State,-118,1.84745763,1.84,50/59,-14.5,Iowa State,Team,True,14501,"['ProgressiveParlayTeamEligible', 'MainPointLine', 'SGP']","[{'id': '42961', 'name': 'Iowa State', 'type': 'Team'}]",Madness Props,Spread
0OU79092479O14350_1,2,3_79092479,Over,-105,1.95238096,1.95,20/21,143.5,,Unknown,True,143500,"['ProgressiveParlayTeamEligible', 'MainPointLine', 'SGP']",Madness Props,Total
0OU79092479U14350_3,2,3_79092479,Under,-115,1.86956522,1.86,20/23,143.5,,Unknown,True,143502,"['ProgressiveParlayTeamEligible', 'MainPointLine', 'SGP']",Madness Props,Total
0ML79092479_3,2,1_79092479,Lipscomb,+900,10,10.00,9/1,Lipscomb,Team,True,1279852128,['SGP'],"[{'id': '43785', 'name': 'Lipscomb', 'type': 'Team'}]",Madness Props,Moneyline
0ML79092479_1,2,1_79092479,Iowa State,-1600,1.0625,1.06,1/16,Iowa State,Team,True,1279854124,['SGP'],"[{'id': '42961', 'name': 'Iowa State', 'type': 'Team'}]",Madness Props,Moneyline
0HC79092954N150_3,2,2_79092954,Colorado State,-118,1.84745763,1.84,50/59,-1.5,Colorado State,Team,True,-1501,"['ProgressiveParlayTeamEligible', 'MainPointLine', 'SGP']","[{'id': '45374', 'name': 'Colorado State', 'type': 'Team'}]",Madness Props,Spread
0HC79092954P150_1,2,2_79092954,Memphis,-102,1.98039216,1.98,50/51,1.5,Memphis,Team,True,-1499,"['ProgressiveParlayTeamEligible', 'MainPointLine', 'SGP']","[{'id': '43053', 'name': 'Memphis', 'type': 'Team'}]",Madness Props,Spread
0OU79092954O14750_1,2,3_79092954,Over,-110,1.90909091,1.90,10/11,147.5,,Unknown,True,147500,"['ProgressiveParlayTeamEligible', 'MainPointLine', 'SGP']",Madness Props,Total
0OU79092954U14750_3,2,3_79092954,Under,-110,1.90909091,1.90,10/11,147.5,,Unknown,True,147502,"['ProgressiveParlayTeamEligible', 'MainPointLine', 'SGP']",Madness Props,Total
0ML79092954_3,2,1_79092954,Colorado State,-135,1.74074075,1.74,20/27,Colorado State,Team,True,1279861172,['SGP'],"[{'id': '45374', 'name': 'Colorado State', 'type': 'Team'}]",Madness Props,Moneyline
0ML79092954_1,2,1_79092954,Memphis,+114,2.14,2.14,57/50,Memphis,Team,True,1279863168,['SGP'],"[{'id': '43053', 'name': 'Memphis', 'type': 'Team'}]",Madness Props,Moneyline
0HC79092772P450_3,2,2_79092772,Vanderbilt,-115,1.86956522,1.86,20/23,4.5,Vanderbilt,Team,True,4499,"['ProgressiveParlayTeamEligible', 'MainPointLine', 'SGP']","[{'id': '44513', 'name': 'Vanderbilt', 'type': 'Team'}]",Madness Props,Spread
0HC79092772N450_1,2,2_79092772,Saint Marys,-105,1.95238096,1.95,20/21,-4.5,Saint Marys,Team,True,4501,"['ProgressiveParlayTeamEligible', 'MainPointLine', 'SGP']","[{'id': '41405', 'name': 'Saint Marys', 'type': 'Team'}]",Madness Props,Spread
0OU79092772O13650_1,2,3_79092772,Over,-108,1.92592593,1.92,25/27,136.5,,Unknown,True,136500,"['ProgressiveParlayTeamEligible', 'MainPointLine', 'SGP']",Madness Props,Total
0OU79092772U13650_3,2,3_79092772,Under,-112,1.89285715,1.89,25/28,136.5,,Unknown,True,136502,"['ProgressiveParlayTeamEligible', 'MainPointLine', 'SGP']",Madness Props,Total
0ML79092772_3,2,1_79092772,Vanderbilt,+160,2.6,2.60,8/5,Vanderbilt,Team,True,1279858589,['SGP'],"[{'id': '44513', 'name': 'Vanderbilt', 'type': 'Team'}]",Madness Props,Moneyline
0ML79092772_1,2,1_79092772,Saint Marys,-192,1.52083334,1.52,25/48,Saint Marys,Team,True,1279860585,['SGP'],"[{'id': '41405', 'name': 'Saint Marys', 'type': 'Team'}]",Madness Props,Moneyline
0HC79111741P150_3,2,2_79111741,North Carolina,-110,1.90909091,1.90,10/11,1.5,North Carolina,Team,True,1499,"['ProgressiveParlayTeamEligible', 'MainPointLine', 'SGP']","[{'id': '42450', 'name': 'North Carolina', 'type': 'Team'}]",Madness Props,Spread
0HC79111741N150_1,2,2_79111741,Ole Miss,-110,1.90909091,1.90,10/11,-1.5,Ole Miss,Team,True,1501,"['ProgressiveParlayTeamEligible', 'MainPointLine', 'SGP']","[{'id': '43121', 'name': 'Ole Miss', 'type': 'Team'}]",Madness Props,Spread
0OU79111741O15250_1,2,3_79111741,Over,-110,1.90909091,1.90,10/11,152.5,,Unknown,True,152500,"['ProgressiveParlayTeamEligible', 'MainPointLine', 'SGP']",Madness Props,Total
0OU79111741U15250_3,2,3_79111741,Under,-110,1.90909091,1.90,10/11,152.5,,Unknown,True,152502,"['ProgressiveParlayTeamEligible', 'MainPointLine', 'SGP']",Madness Props,Total
0ML79111741_3,2,1_79111741,North Carolina,+105,2.05,2.05,21/20,North Carolina,Team,True,1280260180,['SGP'],"[{'id': '42450', 'name': 'North Carolina', 'type': 'Team'}]",Madness Props,Moneyline
0ML79111741_1,2,1_79111741,Ole Miss,-125,1.8,1.80,4/5,Ole Miss,Team,True,1280262176,['SGP'],"[{'id': '43121', 'name': 'Ole Miss', 'type': 'Team'}]",Madness Props,Moneyline
0HC79111740P350_3,2,2_79111740,San Diego State,-110,1.90909091,1.90,10/11,3.5,San Diego State,Team,True,3499,"['ProgressiveParlayTeamEligible', 'MainPointLine', 'SGP']","[{'id': '44675', 'name': 'San Diego State', 'type': 'Team'}]",Madness Props,Spread
0HC79111740N350_1,2,2_79111740,Ole Miss,-110,1.90909091,1.90,10/11,-3.5,Ole Miss,Team,True,3501,"['ProgressiveParlayTeamEligible', 'MainPointLine', 'SGP']","[{'id': '43121', 'name': 'Ole Miss', 'type': 'Team'}]",Madness Props,Spread
0OU79111740O13550_1,2,3_79111740,Over,-110,1.90909091,1.90,10/11,135.5,,Unknown,True,135500,"['ProgressiveParlayTeamEligible', 'MainPointLine', 'SGP']",Madness Props,Total
0OU79111740U13550_3,2,3_79111740,Under,-110,1.90909091,1.90,10/11,135.5,,Unknown,True,135502,"['ProgressiveParlayTeamEligible', 'MainPointLine', 'SGP']",Madness Props,Total
0ML79111740_3,2,1_79111740,San Diego State,+150,2.5,2.50,6/4,San Diego State,Team,True,1280260173,['SGP'],"[{'id': '44675', 'name': 'San Diego State', 'type': 'Team'}]",Madness Props,Moneyline
0ML79111740_1,2,1_79111740,Ole Miss,-180,1.55555556,1.55,5/9,Ole Miss,Team,True,1280262169,['SGP'],"[{'id': '43121', 'name': 'Ole Miss', 'type': 'Team'}]",Madness Props,Moneyline
0HC79092960P1050_3,2,2_79092960,Grand Canyon,-115,1.86956522,1.86,20/23,10.5,Grand Canyon,Team,True,10499,"['ProgressiveParlayTeamEligible', 'MainPointLine', 'SGP']","[{'id': '43744', 'name': 'Grand Canyon', 'type': 'Team'}]",Madness Props,Spread
0HC79092960N1050_1,2,2_79092960,Maryland,-105,1.95238096,1.95,20/21,-10.5,Maryland,Team,True,10501,"['ProgressiveParlayTeamEligible', 'MainPointLine', 'SGP']","[{'id': '42635', 'name': 'Maryland', 'type': 'Team'}]",Madness Props,Spread
0OU79092960O15050_1,2,3_79092960,Over,-105,1.95238096,1.95,20/21,150.5,,Unknown,True,150500,"['ProgressiveParlayTeamEligible', 'MainPointLine', 'SGP']",Madness Props,Total
0OU79092960U15050_3,2,3_79092960,Under,-115,1.86956522,1.86,20/23,150.5,,Unknown,True,150502,"['ProgressiveParlayTeamEligible', 'MainPointLine', 'SGP']",Madness Props,Total
0ML79092960_3,2,1_79092960,Grand Canyon,+425,5.25,5.25,17/4,Grand Canyon,Team,True,1279861214,['SGP'],"[{'id': '43744', 'name': 'Grand Canyon', 'type': 'Team'}]",Madness Props,Moneyline
0ML79092960_1,2,1_79092960,Maryland,-575,1.17391305,1.17,4/23,Maryland,Team,True,1279863210,['SGP'],"[{'id': '42635', 'name': 'Maryland', 'type': 'Team'}]",Madness Props,Moneyline
0HC79092952P2850_3,2,2_79092952,Norfolk State,-110,1.90909091,1.90,10/11,28.5,Norfolk State,Team,True,28499,"['ProgressiveParlayTeamEligible', 'MainPointLine', 'SGP']","[{'id': '43965', 'name': 'Norfolk State', 'type': 'Team'}]",Madness Props,Spread
0HC79092952N2850_1,2,2_79092952,Florida,-110,1.90909091,1.90,10/11,-28.5,Florida,Team,True,28501,"['ProgressiveParlayTeamEligible', 'MainPointLine', 'SGP']","[{'id': '44135', 'name': 'Florida', 'type': 'Team'}]",Madness Props,Spread
0OU79092952O15350_1,2,3_79092952,Over,-115,1.86956522,1.86,20/23,153.5,,Unknown,True,153500,"['ProgressiveParlayTeamEligible', 'MainPointLine', 'SGP']",Madness Props,Total
0OU79092952U15350_3,2,3_79092952,Under,-105,1.95238096,1.95,20/21,153.5,,Unknown,True,153502,"['ProgressiveParlayTeamEligible', 'MainPointLine', 'SGP']",Madness Props,Total
0ML79092952_3,2,1_79092952,Norfolk State,+2500,26,26.00,25/1,Norfolk State,Team,True,1279861158,['SGP'],"[{'id': '43965', 'name': 'Norfolk State', 'type': 'Team'}]",Madness Props,Moneyline
0ML79092952_1,2,1_79092952,Florida,-9000,1.01111112,1.01,1/90,Florida,Team,True,1279863154,['SGP'],"[{'id': '44135', 'name': 'Florida', 'type': 'Team'}]",Madness Props,Moneyline
0HC79092941P1150_3,2,2_79092941,Troy,-115,1.86956522,1.86,20/23,11.5,Troy,Team,True,11499,"['ProgressiveParlayTeamEligible', 'MainPointLine', 'SGP']","[{'id': '43481', 'name': 'Troy', 'type': 'Team'}]",Madness Props,Spread
0HC79092941N1150_1,2,2_79092941,Kentucky,-105,1.95238096,1.95,20/21,-11.5,Kentucky,Team,True,11501,"['ProgressiveParlayTeamEligible', 'MainPointLine', 'SGP']","[{'id': '44542', 'name': 'Kentucky', 'type': 'Team'}]",Madness Props,Spread
0OU79092941O15250_1,2,3_79092941,Over,-105,1.95238096,1.95,20/21,152.5,,Unknown,True,152500,"['ProgressiveParlayTeamEligible', 'MainPointLine', 'SGP']",Madness Props,Total
0OU79092941U15250_3,2,3_79092941,Under,-115,1.86956522,1.86,20/23,152.5,,Unknown,True,152502,"['ProgressiveParlayTeamEligible', 'MainPointLine', 'SGP']",Madness Props,Total
0ML79092941_3,2,1_79092941,Troy,+550,6.5,6.50,11/2,Troy,Team,True,1279861081,['SGP'],"[{'id': '43481', 'name': 'Troy', 'type': 'Team'}]",Madness Props,Moneyline
0ML79092941_1,2,1_79092941,Kentucky,-800,1.125,1.12,1/8,Kentucky,Team,True,1279863077,['SGP'],"[{'id': '44542', 'name': 'Kentucky', 'type': 'Team'}]",Madness Props,Moneyline
0HC79092502P350_3,2,2_79092502,New Mexico,-105,1.95238096,1.95,20/21,3.5,New Mexico,Team,True,3499,"['ProgressiveParlayTeamEligible', 'MainPointLine', 'SGP']","[{'id': '44215', 'name': 'New Mexico', 'type': 'Team'}]",Madness Props,Spread
0HC79092502N350_1,2,2_79092502,Marquette,-115,1.86956522,1.86,20/23,-3.5,Marquette,Team,True,3501,"['ProgressiveParlayTeamEligible', 'MainPointLine', 'SGP']","[{'id': '44018', 'name': 'Marquette', 'type': 'Team'}]",Madness Props,Spread
0OU79092502O15350_1,2,3_79092502,Over,-108,1.92592593,1.92,25/27,153.5,,Unknown,True,153500,"['ProgressiveParlayTeamEligible', 'MainPointLine', 'SGP']",Madness Props,Total
0OU79092502U15350_3,2,3_79092502,Under,-112,1.89285715,1.89,25/28,153.5,,Unknown,True,153502,"['ProgressiveParlayTeamEligible', 'MainPointLine', 'SGP']",Madness Props,Total
0ML79092502_3,2,1_79092502,New Mexico,+145,2.45,2.45,29/20,New Mexico,Team,True,1279852583,['SGP'],"[{'id': '44215', 'name': 'New Mexico', 'type': 'Team'}]",Madness Props,Moneyline
0ML79092502_1,2,1_79092502,Marquette,-175,1.57142858,1.57,4/7,Marquette,Team,True,1279854579,['SGP'],"[{'id': '44018', 'name': 'Marquette', 'type': 'Team'}]",Madness Props,Moneyline
0HC79092765P1350_3,2,2_79092765,Akron,-102,1.98039216,1.98,50/51,13.5,Akron,Team,True,13499,"['ProgressiveParlayTeamEligible', 'MainPointLine', 'SGP']","[{'id': '41425', 'name': 'Akron', 'type': 'Team'}]",Madness Props,Spread
0HC79092765N1350_1,2,2_79092765,Arizona,-118,1.84745763,1.84,50/59,-13.5,Arizona,Team,True,13501,"['ProgressiveParlayTeamEligible', 'MainPointLine', 'SGP']","[{'id': '45351', 'name': 'Arizona', 'type': 'Team'}]",Madness Props,Spread
0OU79092765O16650_1,2,3_79092765,Over,-115,1.86956522,1.86,20/23,166.5,,Unknown,True,166500,"['ProgressiveParlayTeamEligible', 'MainPointLine', 'SGP']",Madness Props,Total
0OU79092765U16650_3,2,3_79092765,Under,-105,1.95238096,1.95,20/21,166.5,,Unknown,True,166502,"['ProgressiveParlayTeamEligible', 'MainPointLine', 'SGP']",Madness Props,Total
0ML79092765_3,2,1_79092765,Akron,+750,8.5,8.50,15/2,Akron,Team,True,1279858442,['SGP'],"[{'id': '41425', 'name': 'Akron', 'type': 'Team'}]",Madness Props,Moneyline
0ML79092765_1,2,1_79092765,Arizona,-1200,1.08333334,1.08,1/12,Arizona,Team,True,1279860438,['SGP'],"[{'id': '45351', 'name': 'Arizona', 'type': 'Team'}]",Madness Props,Moneyline
0HC79092953P550_3,2,2_79092953,Oklahoma,-110,1.90909091,1.90,10/11,5.5,Oklahoma,Team,True,5499,"['ProgressiveParlayTeamEligible', 'MainPointLine', 'SGP']","[{'id': '42537', 'name': 'Oklahoma', 'type': 'Team'}]",Madness Props,Spread
0HC79092953N550_1,2,2_79092953,UConn,-110,1.90909091,1.90,10/11,-5.5,UConn,Team,True,5501,"['ProgressiveParlayTeamEligible', 'MainPointLine', 'SGP']","[{'id': '41421', 'name': 'UConn', 'type': 'Team'}]",Madness Props,Spread
0OU79092953O14750_1,2,3_79092953,Over,-112,1.89285715,1.89,25/28,147.5,,Unknown,True,147500,"['ProgressiveParlayTeamEligible', 'MainPointLine', 'SGP']",Madness Props,Total
0OU79092953U14750_3,2,3_79092953,Under,-108,1.92592593,1.92,25/27,147.5,,Unknown,True,147502,"['ProgressiveParlayTeamEligible', 'MainPointLine', 'SGP']",Madness Props,Total
0ML79092953_3,2,1_79092953,Oklahoma,+190,2.9,2.90,19/10,Oklahoma,Team,True,1279861165,['SGP'],"[{'id': '42537', 'name': 'Oklahoma', 'type': 'Team'}]",Madness Props,Moneyline
0ML79092953_1,2,1_79092953,UConn,-230,1.43478261,1.43,10/23,UConn,Team,True,1279863161,['SGP'],"[{'id': '41421', 'name': 'UConn', 'type': 'Team'}]",Madness Props,Moneyline
0HC79092553P1750_3,2,2_79092553,Bryant,-115,1.86956522,1.86,20/23,17.5,Bryant,Team,True,17499,"['ProgressiveParlayTeamEligible', 'MainPointLine', 'SGP']","[{'id': '42187', 'name': 'Bryant', 'type': 'Team'}]",Madness Props,Spread
0HC79092553N1750_1,2,2_79092553,Michigan State,-105,1.95238096,1.95,20/21,-17.5,Michigan State,Team,True,17501,"['ProgressiveParlayTeamEligible', 'MainPointLine', 'SGP']","[{'id': '41925', 'name': 'Michigan State', 'type': 'Team'}]",Madness Props,Spread
0OU79092553O15250_1,2,3_79092553,Over,-110,1.90909091,1.90,10/11,152.5,,Unknown,True,152500,"['ProgressiveParlayTeamEligible', 'MainPointLine', 'SGP']",Madness Props,Total
0OU79092553U15250_3,2,3_79092553,Under,-110,1.90909091,1.90,10/11,152.5,,Unknown,True,152502,"['ProgressiveParlayTeamEligible', 'MainPointLine', 'SGP']",Madness Props,Total
0ML79092553_3,2,1_79092553,Bryant,+1200,13,13.00,12/1,Bryant,Team,True,1279853801,['SGP'],"[{'id': '42187', 'name': 'Bryant', 'type': 'Team'}]",Madness Props,Moneyline
0ML79092553_1,2,1_79092553,Michigan State,-2400,1.04166667,1.04,1/24,Michigan State,Team,True,1279855797,['SGP'],"[{'id': '41925', 'name': 'Michigan State', 'type': 'Team'}]",Madness Props,Moneyline
0HC79092744P750_3,2,2_79092744,Liberty,-115,1.86956522,1.86,20/23,7.5,Liberty,Team,True,7499,"['ProgressiveParlayTeamEligible', 'MainPointLine', 'SGP']","[{'id': '41459', 'name': 'Liberty', 'type': 'Team'}]",Madness Props,Spread
0HC79092744N750_1,2,2_79092744,Oregon,-105,1.95238096,1.95,20/21,-7.5,Oregon,Team,True,7501,"['ProgressiveParlayTeamEligible', 'MainPointLine', 'SGP']","[{'id': '44430', 'name': 'Oregon', 'type': 'Team'}]",Madness Props,Spread
0OU79092744O13950_1,2,3_79092744,Over,-108,1.92592593,1.92,25/27,139.5,,Unknown,True,139500,"['ProgressiveParlayTeamEligible', 'MainPointLine', 'SGP']",Madness Props,Total
0OU79092744U13950_3,2,3_79092744,Under,-112,1.89285715,1.89,25/28,139.5,,Unknown,True,139502,"['ProgressiveParlayTeamEligible', 'MainPointLine', 'SGP']",Madness Props,Total
0ML79092744_3,2,1_79092744,Liberty,+260,3.6,3.60,13/5,Liberty,Team,True,1279858001,['SGP'],"[{'id': '41459', 'name': 'Liberty', 'type': 'Team'}]",Madness Props,Moneyline
0ML79092744_1,2,1_79092744,Oregon,-325,1.30769231,1.30,4/13,Oregon,Team,True,1279859997,['SGP'],"[{'id': '44430', 'name': 'Oregon', 'type': 'Team'}]",Madness Props,Moneyline
0HC79110487N350_3,2,2_79110487,Saint Francis PA,-115,1.86956522,1.86,20/23,-3.5,Saint Francis PA,Team,True,-3501,"['MainPointLine', 'SGP']","[{'id': '41332', 'name': 'Saint Francis PA', 'type': 'Team'}]",Madness Props,Spread
0HC79110487P350_1,2,2_79110487,Alabama State,-115,1.86956522,1.86,20/23,3.5,Alabama State,Team,True,-3499,"['MainPointLine', 'SGP']","[{'id': '42969', 'name': 'Alabama State', 'type': 'Team'}]",Madness Props,Spread
0OU79110487O14650_1,2,3_79110487,Over,-110,1.90909091,1.90,10/11,146.5,,Unknown,True,146500,"['MainPointLine', 'SGP']",Madness Props,Total
0OU79110487U14650_3,2,3_79110487,Under,-120,1.83333334,1.83,5/6,146.5,,Unknown,True,146502,"['MainPointLine', 'SGP']",Madness Props,Total
0ML79110487_3,2,1_79110487,Saint Francis PA,-200,1.5,1.50,1/2,Saint Francis PA,Team,True,1280230384,['SGP'],"[{'id': '41332', 'name': 'Saint Francis PA', 'type': 'Team'}]",Madness Props,Moneyline
0ML79110487_1,2,1_79110487,Alabama State,+154,2.54,2.54,77/50,Alabama State,Team,True,1280232377,['SGP'],"[{'id': '42969', 'name': 'Alabama State', 'type': 'Team'}]",Madness Props,Moneyline
0HC79110488P550_3,2,2_79110488,Kent State,-115,1.86956522,1.86,20/23,5.5,Kent State,Team,True,5499,"['MainPointLine', 'SGP']","[{'id': '43444', 'name': 'Kent State', 'type': 'Team'}]",Madness Props,Spread
0HC79110488N550_1,2,2_79110488,Saint Bonaventure,-115,1.86956522,1.86,20/23,-5.5,Saint Bonaventure,Team,True,5501,"['MainPointLine', 'SGP']","[{'id': '44786', 'name': 'Saint Bonaventure', 'type': 'Team'}]",Madness Props,Spread
0OU79110488O13450_1,2,3_79110488,Over,-115,1.86956522,1.86,20/23,134.5,,Unknown,True,134500,"['MainPointLine', 'SGP']",Madness Props,Total
0OU79110488U13450_3,2,3_79110488,Under,-115,1.86956522,1.86,20/23,134.5,,Unknown,True,134502,"['MainPointLine', 'SGP']",Madness Props,Total
0ML79110488_3,2,1_79110488,Kent State,+210,3.1,3.10,21/10,Kent State,Team,True,1280230388,['SGP'],"[{'id': '43444', 'name': 'Kent State', 'type': 'Team'}]",Madness Props,Moneyline
0ML79110488_1,2,1_79110488,Saint Bonaventure,-280,1.35714286,1.35,5/14,Saint Bonaventure,Team,True,1280232378,['SGP'],"[{'id': '44786', 'name': 'Saint Bonaventure', 'type': 'Team'}]",Madness Props,Moneyline
0HC79110490P250_3,2,2_79110490,Jacksonville State,-115,1.86956522,1.86,20/23,2.5,Jacksonville State,Team,True,2499,"['MainPointLine', 'SGP']","[{'id': '42218', 'name': 'Jacksonville State', 'type': 'Team'}]",Madness Props,Spread
0HC79110490N250_1,2,2_79110490,Georgia Tech,-115,1.86956522,1.86,20/23,-2.5,Georgia Tech,Team,True,2501,"['MainPointLine', 'SGP']","[{'id': '42150', 'name': 'Georgia Tech', 'type': 'Team'}]",Madness Props,Spread
0OU79110490O14950_1,2,3_79110490,Over,-110,1.90909091,1.90,10/11,149.5,,Unknown,True,149500,"['MainPointLine', 'SGP']",Madness Props,Total
0OU79110490U14950_3,2,3_79110490,Under,-120,1.83333334,1.83,5/6,149.5,,Unknown,True,149502,"['MainPointLine', 'SGP']",Madness Props,Total
0ML79110490_3,2,1_79110490,Jacksonville State,+124,2.24,2.24,31/25,Jacksonville State,Team,True,1280230402,['SGP'],"[{'id': '42218', 'name': 'Jacksonville State', 'type': 'Team'}]",Madness Props,Moneyline
0ML79110490_1,2,1_79110490,Georgia Tech,-160,1.625,1.62,5/8,Georgia Tech,Team,True,1280232398,['SGP'],"[{'id': '42150', 'name': 'Georgia Tech', 'type': 'Team'}]",Madness Props,Moneyline
0HC79100355P150_3,2,2_79100355,Chattanooga,-110,1.90909091,1.90,10/11,1.5,Chattanooga,Team,True,1499,"['ProgressiveParlayTeamEligible', 'MainPointLine', 'SGP']","[{'id': '41974', 'name': 'Chattanooga', 'type': 'Team'}]",Madness Props,Spread
0HC79100355N150_1,2,2_79100355,Middle Tennessee,-110,1.90909091,1.90,10/11,-1.5,Middle Tennessee,Team,True,1501,"['ProgressiveParlayTeamEligible', 'MainPointLine', 'SGP']","[{'id': '42683', 'name': 'Middle Tennessee', 'type': 'Team'}]",Madness Props,Spread
0OU79100355O15250_1,2,3_79100355,Over,-115,1.86956522,1.86,20/23,152.5,,Unknown,True,152500,"['ProgressiveParlayTeamEligible', 'MainPointLine', 'SGP']",Madness Props,Total
0OU79100355U15250_3,2,3_79100355,Under,-105,1.95238096,1.95,20/21,152.5,,Unknown,True,152502,"['ProgressiveParlayTeamEligible', 'MainPointLine', 'SGP']",Madness Props,Total
0ML79100355_3,2,1_79100355,Chattanooga,+105,2.05,2.05,21/20,Chattanooga,Team,True,1280025918,['SGP'],"[{'id': '41974', 'name': 'Chattanooga', 'type': 'Team'}]",Madness Props,Moneyline
0ML79100355_1,2,1_79100355,Middle Tennessee,-125,1.8,1.80,4/5,Middle Tennessee,Team,True,1280027914,['SGP'],"[{'id': '42683', 'name': 'Middle Tennessee', 'type': 'Team'}]",Madness Props,Moneyline
0HC79100357P650_3,2,2_79100357,Wichita State,-112,1.89285715,1.89,25/28,6.5,Wichita State,Team,True,6499,"['ProgressiveParlayTeamEligible', 'MainPointLine', 'SGP']","[{'id': '43593', 'name': 'Wichita State', 'type': 'Team'}]",Madness Props,Spread
0HC79100357N650_1,2,2_79100357,Oklahoma State,-108,1.92592593,1.92,25/27,-6.5,Oklahoma State,Team,True,6501,"['ProgressiveParlayTeamEligible', 'MainPointLine', 'SGP']","[{'id': '43141', 'name': 'Oklahoma State', 'type': 'Team'}]",Madness Props,Spread
0OU79100357O15450_1,2,3_79100357,Over,-105,1.95238096,1.95,20/21,154.5,,Unknown,True,154500,"['ProgressiveParlayTeamEligible', 'MainPointLine', 'SGP']",Madness Props,Total
0OU79100357U15450_3,2,3_79100357,Under,-115,1.86956522,1.86,20/23,154.5,,Unknown,True,154502,"['ProgressiveParlayTeamEligible', 'MainPointLine', 'SGP']",Madness Props,Total
0ML79100357_3,2,1_79100357,Wichita State,+230,3.3,3.30,23/10,Wichita State,Team,True,1280025932,['SGP'],"[{'id': '43593', 'name': 'Wichita State', 'type': 'Team'}]",Madness Props,Moneyline
0ML79100357_1,2,1_79100357,Oklahoma State,-285,1.3508772,1.35,20/57,Oklahoma State,Team,True,1280027928,['SGP'],"[{'id': '43141', 'name': 'Oklahoma State', 'type': 'Team'}]",Madness Props,Moneyline
0HC79100359P550_3,2,2_79100359,Saint Louis,-108,1.92592593,1.92,25/27,5.5,Saint Louis,Team,True,5499,"['ProgressiveParlayTeamEligible', 'MainPointLine', 'SGP']","[{'id': '43370', 'name': 'Saint Louis', 'type': 'Team'}]",Madness Props,Spread
0HC79100359N550_1,2,2_79100359,Arkansas State,-112,1.89285715,1.89,25/28,-5.5,Arkansas State,Team,True,5501,"['ProgressiveParlayTeamEligible', 'MainPointLine', 'SGP']","[{'id': '42673', 'name': 'Arkansas State', 'type': 'Team'}]",Madness Props,Spread
0OU79100359O15450_1,2,3_79100359,Over,-105,1.95238096,1.95,20/21,154.5,,Unknown,True,154500,"['ProgressiveParlayTeamEligible', 'MainPointLine', 'SGP']",Madness Props,Total
0OU79100359U15450_3,2,3_79100359,Under,-115,1.86956522,1.86,20/23,154.5,,Unknown,True,154502,"['ProgressiveParlayTeamEligible', 'MainPointLine', 'SGP']",Madness Props,Total
0ML79100359_3,2,1_79100359,Saint Louis,+200,3,3.00,2/1,Saint Louis,Team,True,1280025946,['SGP'],"[{'id': '43370', 'name': 'Saint Louis', 'type': 'Team'}]",Madness Props,Moneyline
0ML79100359_1,2,1_79100359,Arkansas State,-245,1.40816327,1.40,20/49,Arkansas State,Team,True,1280027942,['SGP'],"[{'id': '42673', 'name': 'Arkansas State', 'type': 'Team'}]",Madness Props,Moneyline
0HC79092473N450_3,2,2_79092473,North Carolina,-112,1.89285715,1.89,25/28,-4.5,North Carolina,Team,True,-4501,"['ProgressiveParlayTeamEligible', 'MainPointLine', 'SGP']","[{'id': '42450', 'name': 'North Carolina', 'type': 'Team'}]",Madness Props,Spread
0HC79092473P450_1,2,2_79092473,San Diego State,-108,1.92592593,1.92,25/27,4.5,San Diego State,Team,True,-4499,"['ProgressiveParlayTeamEligible', 'MainPointLine', 'SGP']","[{'id': '44675', 'name': 'San Diego State', 'type': 'Team'}]",Madness Props,Spread
0OU79092473O14150_1,2,3_79092473,Over,-112,1.89285715,1.89,25/28,141.5,,Unknown,True,141500,"['ProgressiveParlayTeamEligible', 'MainPointLine', 'SGP']",Madness Props,Total
0OU79092473U14150_3,2,3_79092473,Under,-108,1.92592593,1.92,25/27,141.5,,Unknown,True,141502,"['ProgressiveParlayTeamEligible', 'MainPointLine', 'SGP']",Madness Props,Total
0ML79092473_3,2,1_79092473,North Carolina,-218,1.4587156,1.45,50/109,North Carolina,Team,True,1279852086,['SGP'],"[{'id': '42450', 'name': 'North Carolina', 'type': 'Team'}]",Madness Props,Moneyline
0ML79092473_1,2,1_79092473,San Diego State,+180,2.8,2.80,9/5,San Diego State,Team,True,1279854082,['SGP'],"[{'id': '44675', 'name': 'San Diego State', 'type': 'Team'}]",Madness Props,Moneyline
0HC79100356P650_3,2,2_79100356,CSUN,-108,1.92592593,1.92,25/27,6.5,CSUN,Team,True,6499,"['ProgressiveParlayTeamEligible', 'MainPointLine', 'SGP']","[{'id': '44653', 'name': 'CSUN', 'type': 'Team'}]",Madness Props,Spread
0HC79100356N650_1,2,2_79100356,Stanford,-112,1.89285715,1.89,25/28,-6.5,Stanford,Team,True,6501,"['ProgressiveParlayTeamEligible', 'MainPointLine', 'SGP']","[{'id': '44739', 'name': 'Stanford', 'type': 'Team'}]",Madness Props,Spread
0OU79100356O15650_1,2,3_79100356,Over,-108,1.92592593,1.92,25/27,156.5,,Unknown,True,156500,"['ProgressiveParlayTeamEligible', 'MainPointLine', 'SGP']",Madness Props,Total
0OU79100356U15650_3,2,3_79100356,Under,-112,1.89285715,1.89,25/28,156.5,,Unknown,True,156502,"['ProgressiveParlayTeamEligible', 'MainPointLine', 'SGP']",Madness Props,Total
0ML79100356_3,2,1_79100356,CSUN,+230,3.3,3.30,23/10,CSUN,Team,True,1280025925,['SGP'],"[{'id': '44653', 'name': 'CSUN', 'type': 'Team'}]",Madness Props,Moneyline
0ML79100356_1,2,1_79100356,Stanford,-285,1.3508772,1.35,20/57,Stanford,Team,True,1280027921,['SGP'],"[{'id': '44739', 'name': 'Stanford', 'type': 'Team'}]",Madness Props,Moneyline
0HC79100358P1050_3,2,2_79100358,UC Riverside,-118,1.84745763,1.84,50/59,10.5,UC Riverside,Team,True,10499,"['ProgressiveParlayTeamEligible', 'MainPointLine', 'SGP']","[{'id': '44279', 'name': 'UC Riverside', 'type': 'Team'}]",Madness Props,Spread
0HC79100358N1050_1,2,2_79100358,Santa Clara,-102,1.98039216,1.98,50/51,-10.5,Santa Clara,Team,True,10501,"['ProgressiveParlayTeamEligible', 'MainPointLine', 'SGP']","[{'id': '42757', 'name': 'Santa Clara', 'type': 'Team'}]",Madness Props,Spread
0OU79100358O15650_1,2,3_79100358,Over,-110,1.90909091,1.90,10/11,156.5,,Unknown,True,156500,"['ProgressiveParlayTeamEligible', 'MainPointLine', 'SGP']",Madness Props,Total
0OU79100358U15650_3,2,3_79100358,Under,-110,1.90909091,1.90,10/11,156.5,,Unknown,True,156502,"['ProgressiveParlayTeamEligible', 'MainPointLine', 'SGP']",Madness Props,Total
0ML79100358_3,2,1_79100358,UC Riverside,+440,5.4,5.40,22/5,UC Riverside,Team,True,1280025939,['SGP'],"[{'id': '44279', 'name': 'UC Riverside', 'type': 'Team'}]",Madness Props,Moneyline
0ML79100358_1,2,1_79100358,Santa Clara,-600,1.16666667,1.16,1/6,Santa Clara,Team,True,1280027935,['SGP'],"[{'id': '42757', 'name': 'Santa Clara', 'type': 'Team'}]",Madness Props,Moneyline
0HC79092702P250_3,2,2_79092702,Mount Saint Marys,-112,1.89285715,1.89,25/28,2.5,Mount Saint Marys,Team,True,2499,"['ProgressiveParlayTeamEligible', 'MainPointLine', 'SGP']","[{'id': '42025', 'name': 'Mount Saint Marys', 'type': 'Team'}]",Madness Props,Spread
0HC79092702N250_1,2,2_79092702,American,-108,1.92592593,1.92,25/27,-2.5,American,Team,True,2501,"['ProgressiveParlayTeamEligible', 'MainPointLine', 'SGP']","[{'id': '41874', 'name': 'American', 'type': 'Team'}]",Madness Props,Spread
0OU79092702O12950_1,2,3_79092702,Over,-105,1.95238096,1.95,20/21,129.5,,Unknown,True,129500,"['ProgressiveParlayTeamEligible', 'MainPointLine', 'SGP']",Madness Props,Total
0OU79092702U12950_3,2,3_79092702,Under,-115,1.86956522,1.86,20/23,129.5,,Unknown,True,129502,"['ProgressiveParlayTeamEligible', 'MainPointLine', 'SGP']",Madness Props,Total
0ML79092702_3,2,1_79092702,Mount Saint Marys,+120,2.2,2.20,6/5,Mount Saint Marys,Team,True,1279857119,['SGP'],"[{'id': '42025', 'name': 'Mount Saint Marys', 'type': 'Team'}]",Madness Props,Moneyline
0ML79092702_1,2,1_79092702,American,-142,1.70422536,1.70,50/71,American,Team,True,1279859115,['SGP'],"[{'id': '41874', 'name': 'American', 'type': 'Team'}]",Madness Props,Moneyline
0HC79100363P750_3,2,2_79100363,Samford,-110,1.90909091,1.90,10/11,7.5,Samford,Team,True,7499,"['ProgressiveParlayTeamEligible', 'MainPointLine', 'SGP']","[{'id': '42759', 'name': 'Samford', 'type': 'Team'}]",Madness Props,Spread
0HC79100363N750_1,2,2_79100363,George Mason,-110,1.90909091,1.90,10/11,-7.5,George Mason,Team,True,7501,"['ProgressiveParlayTeamEligible', 'MainPointLine', 'SGP']","[{'id': '41752', 'name': 'George Mason', 'type': 'Team'}]",Madness Props,Spread
0OU79100363O14750_1,2,3_79100363,Over,-110,1.90909091,1.90,10/11,147.5,,Unknown,True,147500,"['ProgressiveParlayTeamEligible', 'MainPointLine', 'SGP']",Madness Props,Total
0OU79100363U14750_3,2,3_79100363,Under,-110,1.90909091,1.90,10/11,147.5,,Unknown,True,147502,"['ProgressiveParlayTeamEligible', 'MainPointLine', 'SGP']",Madness Props,Total
0ML79100363_3,2,1_79100363,Samford,+270,3.7,3.70,27/10,Samford,Team,True,1280025967,['SGP'],"[{'id': '42759', 'name': 'Samford', 'type': 'Team'}]",Madness Props,Moneyline
0ML79100363_1,2,1_79100363,George Mason,-340,1.29411765,1.29,5/17,George Mason,Team,True,1280027963,['SGP'],"[{'id': '41752', 'name': 'George Mason', 'type': 'Team'}]",Madness Props,Moneyline
0HC79100365P550_3,2,2_79100365,UAB,-115,1.86956522,1.86,20/23,5.5,UAB,Team,True,5499,"['ProgressiveParlayTeamEligible', 'MainPointLine', 'SGP']","[{'id': '42938', 'name': 'UAB', 'type': 'Team'}]",Madness Props,Spread
0HC79100365N550_1,2,2_79100365,Saint Josephs,-105,1.95238096,1.95,20/21,-5.5,Saint Josephs,Team,True,5501,"['ProgressiveParlayTeamEligible', 'MainPointLine', 'SGP']","[{'id': '42231', 'name': 'Saint Josephs', 'type': 'Team'}]",Madness Props,Spread
0OU79100365O15550_1,2,3_79100365,Over,-110,1.90909091,1.90,10/11,155.5,,Unknown,True,155500,"['ProgressiveParlayTeamEligible', 'MainPointLine', 'SGP']",Madness Props,Total
0OU79100365U15550_3,2,3_79100365,Under,-110,1.90909091,1.90,10/11,155.5,,Unknown,True,155502,"['ProgressiveParlayTeamEligible', 'MainPointLine', 'SGP']",Madness Props,Total
0ML79100365_3,2,1_79100365,UAB,+195,2.95,2.95,39/20,UAB,Team,True,1280025981,['SGP'],"[{'id': '42938', 'name': 'UAB', 'type': 'Team'}]",Madness Props,Moneyline
0ML79100365_1,2,1_79100365,Saint Josephs,-238,1.42016807,1.42,50/119,Saint Josephs,Team,True,1280027977,['SGP'],"[{'id': '42231', 'name': 'Saint Josephs', 'type': 'Team'}]",Madness Props,Moneyline
0HC79100362P100_3,2,2_79100362,Florida Atlantic,-115,1.86956522,1.86,20/23,1,Florida Atlantic,Team,True,999,"['ProgressiveParlayTeamEligible', 'MainPointLine', 'SGP']","[{'id': '44945', 'name': 'Florida Atlantic', 'type': 'Team'}]",Madness Props,Spread
0HC79100362N100_1,2,2_79100362,Dayton,-105,1.95238096,1.95,20/21,-1,Dayton,Team,True,1001,"['ProgressiveParlayTeamEligible', 'MainPointLine', 'SGP']","[{'id': '44880', 'name': 'Dayton', 'type': 'Team'}]",Madness Props,Spread
0OU79100362O15050_1,2,3_79100362,Over,-115,1.86956522,1.86,20/23,150.5,,Unknown,True,150500,"['ProgressiveParlayTeamEligible', 'MainPointLine', 'SGP']",Madness Props,Total
0OU79100362U15050_3,2,3_79100362,Under,-105,1.95238096,1.95,20/21,150.5,,Unknown,True,150502,"['ProgressiveParlayTeamEligible', 'MainPointLine', 'SGP']",Madness Props,Total
0ML79100362_3,2,1_79100362,Florida Atlantic,-102,1.98039216,1.98,50/51,Florida Atlantic,Team,True,1280025960,['SGP'],"[{'id': '44945', 'name': 'Florida Atlantic', 'type': 'Team'}]",Madness Props,Moneyline
0ML79100362_1,2,1_79100362,Dayton,-118,1.84745763,1.84,50/59,Dayton,Team,True,1280027956,['SGP'],"[{'id': '44880', 'name': 'Dayton', 'type': 'Team'}]",Madness Props,Moneyline
0HC79100364P850_3,2,2_79100364,Furman,-112,1.89285715,1.89,25/28,8.5,Furman,Team,True,8499,"['ProgressiveParlayTeamEligible', 'MainPointLine', 'SGP']","[{'id': '41709', 'name': 'Furman', 'type': 'Team'}]",Madness Props,Spread
0HC79100364N850_1,2,2_79100364,North Texas,-108,1.92592593,1.92,25/27,-8.5,North Texas,Team,True,8501,"['ProgressiveParlayTeamEligible', 'MainPointLine', 'SGP']","[{'id': '43192', 'name': 'North Texas', 'type': 'Team'}]",Madness Props,Spread
0OU79100364O13050_1,2,3_79100364,Over,-110,1.90909091,1.90,10/11,130.5,,Unknown,True,130500,"['ProgressiveParlayTeamEligible', 'MainPointLine', 'SGP']",Madness Props,Total
0OU79100364U13050_3,2,3_79100364,Under,-110,1.90909091,1.90,10/11,130.5,,Unknown,True,130502,"['ProgressiveParlayTeamEligible', 'MainPointLine', 'SGP']",Madness Props,Total
0ML79100364_3,2,1_79100364,Furman,+295,3.95,3.95,59/20,Furman,Team,True,1280025988,['SGP'],"[{'id': '41709', 'name': 'Furman', 'type': 'Team'}]",Madness Props,Moneyline
0ML79100364_1,2,1_79100364,North Texas,-375,1.26666667,1.26,4/15,North Texas,Team,True,1280027984,['SGP'],"[{'id': '43192', 'name': 'North Texas', 'type': 'Team'}]",Madness Props,Moneyline
0HC79100361P250_3,2,2_79100361,North Alabama,-108,1.92592593,1.92,25/27,2.5,North Alabama,Team,True,2499,"['ProgressiveParlayTeamEligible', 'MainPointLine', 'SGP']","[{'id': '42768', 'name': 'North Alabama', 'type': 'Team'}]",Madness Props,Spread
0HC79100361N250_1,2,2_79100361,Bradley,-112,1.89285715,1.89,25/28,-2.5,Bradley,Team,True,2501,"['ProgressiveParlayTeamEligible', 'MainPointLine', 'SGP']","[{'id': '45258', 'name': 'Bradley', 'type': 'Team'}]",Madness Props,Spread
0OU79100361O14550_1,2,3_79100361,Over,-108,1.92592593,1.92,25/27,145.5,,Unknown,True,145500,"['ProgressiveParlayTeamEligible', 'MainPointLine', 'SGP']",Madness Props,Total
0OU79100361U14550_3,2,3_79100361,Under,-112,1.89285715,1.89,25/28,145.5,,Unknown,True,145502,"['ProgressiveParlayTeamEligible', 'MainPointLine', 'SGP']",Madness Props,Total
0ML79100361_3,2,1_79100361,North Alabama,+124,2.24,2.24,31/25,North Alabama,Team,True,1280025974,['SGP'],"[{'id': '42768', 'name': 'North Alabama', 'type': 'Team'}]",Madness Props,Moneyline
0ML79100361_1,2,1_79100361,Bradley,-148,1.67567568,1.67,25/37,Bradley,Team,True,1280027970,['SGP'],"[{'id': '45258', 'name': 'Bradley', 'type': 'Team'}]",Madness Props,Moneyline
0HC79100368P1050_3,2,2_79100368,Northern Iowa,-115,1.86956522,1.86,20/23,10.5,Northern Iowa,Team,True,10499,"['ProgressiveParlayTeamEligible', 'MainPointLine', 'SGP']","[{'id': '43276', 'name': 'Northern Iowa', 'type': 'Team'}]",Madness Props,Spread
0HC79100368N1050_1,2,2_79100368,SMU,-105,1.95238096,1.95,20/21,-10.5,SMU,Team,True,10501,"['ProgressiveParlayTeamEligible', 'MainPointLine', 'SGP']","[{'id': '41637', 'name': 'SMU', 'type': 'Team'}]",Madness Props,Spread
0OU79100368O14550_1,2,3_79100368,Over,-115,1.86956522,1.86,20/23,145.5,,Unknown,True,145500,"['ProgressiveParlayTeamEligible', 'MainPointLine', 'SGP']",Madness Props,Total
0OU79100368U14550_3,2,3_79100368,Under,-105,1.95238096,1.95,20/21,145.5,,Unknown,True,145502,"['ProgressiveParlayTeamEligible', 'MainPointLine', 'SGP']",Madness Props,Total
0ML79100368_3,2,1_79100368,Northern Iowa,+440,5.4,5.40,22/5,Northern Iowa,Team,True,1280026016,['SGP'],"[{'id': '43276', 'name': 'Northern Iowa', 'type': 'Team'}]",Madness Props,Moneyline
0ML79100368_1,2,1_79100368,SMU,-600,1.16666667,1.16,1/6,SMU,Team,True,1280028006,['SGP'],"[{'id': '41637', 'name': 'SMU', 'type': 'Team'}]",Madness Props,Moneyline
0HC79092938N250_3,2,2_79092938,Xavier,-120,1.83333334,1.83,5/6,-2.5,Xavier,Team,True,-2501,"['ProgressiveParlayTeamEligible', 'MainPointLine', 'SGP']","[{'id': '44042', 'name': 'Xavier', 'type': 'Team'}]",Madness Props,Spread
0HC79092938P250_1,2,2_79092938,Texas,+100,2,2.00,1/1,2.5,Texas,Team,True,-2499,"['ProgressiveParlayTeamEligible', 'MainPointLine', 'SGP']","[{'id': '43429', 'name': 'Texas', 'type': 'Team'}]",Madness Props,Spread
0OU79092938O15150_1,2,3_79092938,Over,-110,1.90909091,1.90,10/11,151.5,,Unknown,True,151500,"['ProgressiveParlayTeamEligible', 'MainPointLine', 'SGP']",Madness Props,Total
0OU79092938U15150_3,2,3_79092938,Under,-110,1.90909091,1.90,10/11,151.5,,Unknown,True,151502,"['ProgressiveParlayTeamEligible', 'MainPointLine', 'SGP']",Madness Props,Total
0ML79092938_3,2,1_79092938,Xavier,-166,1.60240964,1.60,50/83,Xavier,Team,True,1279861060,['SGP'],"[{'id': '44042', 'name': 'Xavier', 'type': 'Team'}]",Madness Props,Moneyline
0ML79092938_1,2,1_79092938,Texas,+140,2.4,2.40,7/5,Texas,Team,True,1279863056,['SGP'],"[{'id': '43429', 'name': 'Texas', 'type': 'Team'}]",Madness Props,Moneyline
0HC79100367P750_3,2,2_79100367,Northern Colorado,-112,1.89285715,1.89,25/28,7.5,Northern Colorado,Team,True,7499,"['ProgressiveParlayTeamEligible', 'MainPointLine', 'SGP']","[{'id': '42600', 'name': 'Northern Colorado', 'type': 'Team'}]",Madness Props,Spread
0HC79100367N750_1,2,2_79100367,UC Irvine,-108,1.92592593,1.92,25/27,-7.5,UC Irvine,Team,True,7501,"['ProgressiveParlayTeamEligible', 'MainPointLine', 'SGP']","[{'id': '44593', 'name': 'UC Irvine', 'type': 'Team'}]",Madness Props,Spread
0OU79100367O15150_1,2,3_79100367,Over,-105,1.95238096,1.95,20/21,151.5,,Unknown,True,151500,"['ProgressiveParlayTeamEligible', 'MainPointLine', 'SGP']",Madness Props,Total
0OU79100367U15150_3,2,3_79100367,Under,-115,1.86956522,1.86,20/23,151.5,,Unknown,True,151502,"['ProgressiveParlayTeamEligible', 'MainPointLine', 'SGP']",Madness Props,Total
0ML79100367_3,2,1_79100367,Northern Colorado,+270,3.7,3.70,27/10,Northern Colorado,Team,True,1280026002,['SGP'],"[{'id': '42600', 'name': 'Northern Colorado', 'type': 'Team'}]",Madness Props,Moneyline
0ML79100367_1,2,1_79100367,UC Irvine,-340,1.29411765,1.29,5/17,UC Irvine,Team,True,1280027998,['SGP'],"[{'id': '44593', 'name': 'UC Irvine', 'type': 'Team'}]",Madness Props,Moneyline
0HC79100369P750_3,2,2_79100369,Utah Valley,-108,1.92592593,1.92,25/27,7.5,Utah Valley,Team,True,7499,"['ProgressiveParlayTeamEligible', 'MainPointLine', 'SGP']","[{'id': '44362', 'name': 'Utah Valley', 'type': 'Team'}]",Madness Props,Spread
0HC79100369N750_1,2,2_79100369,San Francisco,-112,1.89285715,1.89,25/28,-7.5,San Francisco,Team,True,7501,"['ProgressiveParlayTeamEligible', 'MainPointLine', 'SGP']","[{'id': '44575', 'name': 'San Francisco', 'type': 'Team'}]",Madness Props,Spread
0OU79100369O14650_1,2,3_79100369,Over,-105,1.95238096,1.95,20/21,146.5,,Unknown,True,146500,"['ProgressiveParlayTeamEligible', 'MainPointLine', 'SGP']",Madness Props,Total
0OU79100369U14650_3,2,3_79100369,Under,-115,1.86956522,1.86,20/23,146.5,,Unknown,True,146502,"['ProgressiveParlayTeamEligible', 'MainPointLine', 'SGP']",Madness Props,Total
0ML79100369_3,2,1_79100369,Utah Valley,+275,3.75,3.75,11/4,Utah Valley,Team,True,1280026011,['SGP'],"[{'id': '44362', 'name': 'Utah Valley', 'type': 'Team'}]",Madness Props,Moneyline
0ML79100369_1,2,1_79100369,San Francisco,-345,1.28985508,1.28,20/69,San Francisco,Team,True,1280028005,['SGP'],"[{'id': '44575', 'name': 'San Francisco', 'type': 'Team'}]",Madness Props,Moneyline
0HC79100366N250_3,2,2_79100366,Loyola Chicago,-118,1.84745763,1.84,50/59,-2.5,Loyola Chicago,Team,True,-2501,"['ProgressiveParlayTeamEligible', 'MainPointLine', 'SGP']","[{'id': '43985', 'name': 'Loyola Chicago', 'type': 'Team'}]",Madness Props,Spread
0HC79100366P250_1,2,2_79100366,San Jose State,-102,1.98039216,1.98,50/51,2.5,San Jose State,Team,True,-2499,"['ProgressiveParlayTeamEligible', 'MainPointLine', 'SGP']","[{'id': '41391', 'name': 'San Jose State', 'type': 'Team'}]",Madness Props,Spread
0OU79100366O14050_1,2,3_79100366,Over,-115,1.86956522,1.86,20/23,140.5,,Unknown,True,140500,"['ProgressiveParlayTeamEligible', 'MainPointLine', 'SGP']",Madness Props,Total
0OU79100366U14050_3,2,3_79100366,Under,-105,1.95238096,1.95,20/21,140.5,,Unknown,True,140502,"['ProgressiveParlayTeamEligible', 'MainPointLine', 'SGP']",Madness Props,Total
0ML79100366_3,2,1_79100366,Loyola Chicago,-142,1.70422536,1.70,50/71,Loyola Chicago,Team,True,1280025995,['SGP'],"[{'id': '43985', 'name': 'Loyola Chicago', 'type': 'Team'}]",Madness Props,Moneyline
0ML79100366_1,2,1_79100366,San Jose State,+120,2.2,2.20,6/5,San Jose State,Team,True,1280027991,['SGP'],"[{'id': '41391', 'name': 'San Jose State', 'type': 'Team'}]",Madness Props,Moneyline
0HC79092456P250_3,2,2_79092456,Creighton,-110,1.90909091,1.90,10/11,2.5,Creighton,Team,True,2499,"['ProgressiveParlayTeamEligible', 'MainPointLine', 'SGP']","[{'id': '43875', 'name': 'Creighton', 'type': 'Team'}]",Madness Props,Spread
0HC79092456N250_1,2,2_79092456,Louisville,-110,1.90909091,1.90,10/11,-2.5,Louisville,Team,True,2501,"['ProgressiveParlayTeamEligible', 'MainPointLine', 'SGP']","[{'id': '41477', 'name': 'Louisville', 'type': 'Team'}]",Madness Props,Spread
0OU79092456O14450_1,2,3_79092456,Over,-110,1.90909091,1.90,10/11,144.5,,Unknown,True,144500,"['ProgressiveParlayTeamEligible', 'MainPointLine', 'SGP']",Madness Props,Total
0OU79092456U14450_3,2,3_79092456,Under,-110,1.90909091,1.90,10/11,144.5,,Unknown,True,144502,"['ProgressiveParlayTeamEligible', 'MainPointLine', 'SGP']",Madness Props,Total
0ML79092456_3,2,1_79092456,Creighton,+120,2.2,2.20,6/5,Creighton,Team,True,1279851890,['SGP'],"[{'id': '43875', 'name': 'Creighton', 'type': 'Team'}]",Madness Props,Moneyline
0ML79092456_1,2,1_79092456,Louisville,-142,1.70422536,1.70,50/71,Louisville,Team,True,1279853886,['SGP'],"[{'id': '41477', 'name': 'Louisville', 'type': 'Team'}]",Madness Props,Moneyline
0HC79092925P750_3,2,2_79092925,High Point,-102,1.98039216,1.98,50/51,7.5,High Point,Team,True,7499,"['ProgressiveParlayTeamEligible', 'MainPointLine', 'SGP']","[{'id': '45137', 'name': 'High Point', 'type': 'Team'}]",Madness Props,Spread
0HC79092925N750_1,2,2_79092925,Purdue,-118,1.84745763,1.84,50/59,-7.5,Purdue,Team,True,7501,"['ProgressiveParlayTeamEligible', 'MainPointLine', 'SGP']","[{'id': '42127', 'name': 'Purdue', 'type': 'Team'}]",Madness Props,Spread
0OU79092925O15350_1,2,3_79092925,Over,-105,1.95238096,1.95,20/21,153.5,,Unknown,True,153500,"['ProgressiveParlayTeamEligible', 'MainPointLine', 'SGP']",Madness Props,Total
0OU79092925U15350_3,2,3_79092925,Under,-115,1.86956522,1.86,20/23,153.5,,Unknown,True,153502,"['ProgressiveParlayTeamEligible', 'MainPointLine', 'SGP']",Madness Props,Total
0ML79092925_3,2,1_79092925,High Point,+295,3.95,3.95,59/20,High Point,Team,True,1279860143,['SGP'],"[{'id': '45137', 'name': 'High Point', 'type': 'Team'}]",Madness Props,Moneyline
0ML79092925_1,2,1_79092925,Purdue,-375,1.26666667,1.26,4/15,Purdue,Team,True,1279862139,['SGP'],"[{'id': '42127', 'name': 'Purdue', 'type': 'Team'}]",Madness Props,Moneyline
0HC79092767P1750_3,2,2_79092767,Montana,-115,1.86956522,1.86,20/23,17.5,Montana,Team,True,17499,"['ProgressiveParlayTeamEligible', 'MainPointLine', 'SGP']","[{'id': '42575', 'name': 'Montana', 'type': 'Team'}]",Madness Props,Spread
0HC79092767N1750_1,2,2_79092767,Wisconsin,-105,1.95238096,1.95,20/21,-17.5,Wisconsin,Team,True,17501,"['ProgressiveParlayTeamEligible', 'MainPointLine', 'SGP']","[{'id': '43620', 'name': 'Wisconsin', 'type': 'Team'}]",Madness Props,Spread
0OU79092767O15250_1,2,3_79092767,Over,-105,1.95238096,1.95,20/21,152.5,,Unknown,True,152500,"['ProgressiveParlayTeamEligible', 'MainPointLine']",Madness Props,Total
0OU79092767U15250_3,2,3_79092767,Under,-115,1.86956522,1.86,20/23,152.5,,Unknown,True,152502,"['ProgressiveParlayTeamEligible', 'MainPointLine', 'SGP']",Madness Props,Total
0ML79092767_3,2,1_79092767,Montana,+1200,13,13.00,12/1,Montana,Team,True,1279858456,['SGP'],"[{'id': '42575', 'name': 'Montana', 'type': 'Team'}]",Madness Props,Moneyline
0ML79092767_1,2,1_79092767,Wisconsin,-2400,1.04166667,1.04,1/24,Wisconsin,Team,True,1279860452,['SGP'],"[{'id': '43620', 'name': 'Wisconsin', 'type': 'Team'}]",Madness Props,Moneyline
0HC79092890P2950_3,2,2_79092890,SIU Edwardsville,-115,1.86956522,1.86,20/23,29.5,SIU Edwardsville,Team,True,29499,"['ProgressiveParlayTeamEligible', 'MainPointLine', 'SGP']","[{'id': '43647', 'name': 'SIU Edwardsville', 'type': 'Team'}]",Madness Props,Spread
0HC79092890N2950_1,2,2_79092890,Houston,-105,1.95238096,1.95,20/21,-29.5,Houston,Team,True,29501,"['ProgressiveParlayTeamEligible', 'MainPointLine', 'SGP']","[{'id': '43043', 'name': 'Houston', 'type': 'Team'}]",Madness Props,Spread
0OU79092890O12650_1,2,3_79092890,Over,-108,1.92592593,1.92,25/27,126.5,,Unknown,True,126500,"['ProgressiveParlayTeamEligible', 'MainPointLine', 'SGP']",Madness Props,Total
0OU79092890U12650_3,2,3_79092890,Under,-112,1.89285715,1.89,25/28,126.5,,Unknown,True,126502,"['ProgressiveParlayTeamEligible', 'MainPointLine', 'SGP']",Madness Props,Total
0HC79092912P750_3,2,2_79092912,McNeese,-110,1.90909091,1.90,10/11,7.5,McNeese,Team,True,7499,"['ProgressiveParlayTeamEligible', 'MainPointLine', 'SGP']","[{'id': '41412', 'name': 'McNeese', 'type': 'Team'}]",Madness Props,Spread
0HC79092912N750_1,2,2_79092912,Clemson,-110,1.90909091,1.90,10/11,-7.5,Clemson,Team,True,7501,"['ProgressiveParlayTeamEligible', 'MainPointLine', 'SGP']","[{'id': '41619', 'name': 'Clemson', 'type': 'Team'}]",Madness Props,Spread
0OU79092912O13450_1,2,3_79092912,Over,-105,1.95238096,1.95,20/21,134.5,,Unknown,True,134500,"['ProgressiveParlayTeamEligible', 'MainPointLine', 'SGP']",Madness Props,Total
0OU79092912U13450_3,2,3_79092912,Under,-115,1.86956522,1.86,20/23,134.5,,Unknown,True,134502,"['ProgressiveParlayTeamEligible', 'MainPointLine', 'SGP']",Madness Props,Total
0ML79092912_3,2,1_79092912,McNeese,+275,3.75,3.75,11/4,McNeese,Team,True,1279860136,['SGP'],"[{'id': '41412', 'name': 'McNeese', 'type': 'Team'}]",Madness Props,Moneyline
0ML79092912_1,2,1_79092912,Clemson,-345,1.28985508,1.28,20/69,Clemson,Team,True,1279862132,['SGP'],"[{'id': '41619', 'name': 'Clemson', 'type': 'Team'}]",Madness Props,Moneyline
0HC79092766P250_3,2,2_79092766,VCU,-102,1.98039216,1.98,50/51,2.5,VCU,Team,True,2499,"['ProgressiveParlayTeamEligible', 'MainPointLine', 'SGP']","[{'id': '42328', 'name': 'VCU', 'type': 'Team'}]",Madness Props,Spread
0HC79092766N250_1,2,2_79092766,BYU,-118,1.84745763,1.84,50/59,-2.5,BYU,Team,True,2501,"['ProgressiveParlayTeamEligible', 'MainPointLine', 'SGP']","[{'id': '44811', 'name': 'BYU', 'type': 'Team'}]",Madness Props,Spread
0OU79092766O14650_1,2,3_79092766,Over,-105,1.95238096,1.95,20/21,146.5,,Unknown,True,146500,"['ProgressiveParlayTeamEligible', 'MainPointLine', 'SGP']",Madness Props,Total
0OU79092766U14650_3,2,3_79092766,Under,-115,1.86956522,1.86,20/23,146.5,,Unknown,True,146502,"['ProgressiveParlayTeamEligible', 'MainPointLine', 'SGP']",Madness Props,Total
0ML79092766_3,2,1_79092766,VCU,+130,2.3,2.30,13/10,VCU,Team,True,1279858449,['SGP'],"[{'id': '42328', 'name': 'VCU', 'type': 'Team'}]",Madness Props,Moneyline
0ML79092766_1,2,1_79092766,BYU,-155,1.6451613,1.64,20/31,BYU,Team,True,1279860445,['SGP'],"[{'id': '44811', 'name': 'BYU', 'type': 'Team'}]",Madness Props,Moneyline
0HC79093078P550_3,2,2_79093078,Georgia,-102,1.98039216,1.98,50/51,5.5,Georgia Bulldogs,Team,True,5499,"['ProgressiveParlayTeamEligible', 'MainPointLine', 'SGP']","[{'id': '42478', 'name': 'Georgia Bulldogs', 'type': 'Team'}]",Madness Props,Spread
0HC79093078N550_1,2,2_79093078,Gonzaga,-118,1.84745763,1.84,50/59,-5.5,Gonzaga,Team,True,5501,"['ProgressiveParlayTeamEligible', 'MainPointLine', 'SGP']","[{'id': '44154', 'name': 'Gonzaga', 'type': 'Team'}]",Madness Props,Spread
0OU79093078O15050_1,2,3_79093078,Over,-112,1.89285715,1.89,25/28,150.5,,Unknown,True,150500,"['ProgressiveParlayTeamEligible', 'MainPointLine', 'SGP']",Madness Props,Total
0OU79093078U15050_3,2,3_79093078,Under,-108,1.92592593,1.92,25/27,150.5,,Unknown,True,150502,"['ProgressiveParlayTeamEligible', 'MainPointLine', 'SGP']",Madness Props,Total
0ML79093078_3,2,1_79093078,Georgia,+215,3.15,3.15,43/20,Georgia Bulldogs,Team,True,1279863188,['SGP'],"[{'id': '42478', 'name': 'Georgia Bulldogs', 'type': 'Team'}]",Madness Props,Moneyline
0ML79093078_1,2,1_79093078,Gonzaga,-265,1.3773585,1.37,20/53,Gonzaga,Team,True,1279865184,['SGP'],"[{'id': '44154', 'name': 'Gonzaga', 'type': 'Team'}]",Madness Props,Moneyline
0HC79092949P1850_3,2,2_79092949,Wofford,-108,1.92592593,1.92,25/27,18.5,Wofford,Team,True,18499,"['ProgressiveParlayTeamEligible', 'MainPointLine', 'SGP']","[{'id': '42442', 'name': 'Wofford', 'type': 'Team'}]",Madness Props,Spread
0HC79092949N1850_1,2,2_79092949,Tennessee,-112,1.89285715,1.89,25/28,-18.5,Tennessee,Team,True,18501,"['ProgressiveParlayTeamEligible', 'MainPointLine', 'SGP']","[{'id': '42305', 'name': 'Tennessee', 'type': 'Team'}]",Madness Props,Spread
0OU79092949O13250_1,2,3_79092949,Over,-115,1.86956522,1.86,20/23,132.5,,Unknown,True,132500,"['ProgressiveParlayTeamEligible', 'MainPointLine', 'SGP']",Madness Props,Total
0OU79092949U13250_3,2,3_79092949,Under,-105,1.95238096,1.95,20/21,132.5,,Unknown,True,132502,"['ProgressiveParlayTeamEligible', 'MainPointLine', 'SGP']",Madness Props,Total
0ML79092949_3,2,1_79092949,Wofford,+1500,16,16.00,15/1,Wofford,Team,True,1279861137,['SGP'],"[{'id': '42442', 'name': 'Wofford', 'type': 'Team'}]",Madness Props,Moneyline
0ML79092949_1,2,1_79092949,Tennessee,-3600,1.02777778,1.02,1/36,Tennessee,Team,True,1279863133,['SGP'],"[{'id': '42305', 'name': 'Tennessee', 'type': 'Team'}]",Madness Props,Moneyline
0HC79092964P450_3,2,2_79092964,Arkansas,-110,1.90909091,1.90,10/11,4.5,Arkansas,Team,True,4499,"['ProgressiveParlayTeamEligible', 'MainPointLine', 'SGP']","[{'id': '42107', 'name': 'Arkansas', 'type': 'Team'}]",Madness Props,Spread
0HC79092964N450_1,2,2_79092964,Kansas,-110,1.90909091,1.90,10/11,-4.5,Kansas,Team,True,4501,"['ProgressiveParlayTeamEligible', 'MainPointLine', 'SGP']","[{'id': '41920', 'name': 'Kansas', 'type': 'Team'}]",Madness Props,Spread
0OU79092964O14550_1,2,3_79092964,Over,-115,1.86956522,1.86,20/23,145.5,,Unknown,True,145500,"['ProgressiveParlayTeamEligible', 'MainPointLine', 'SGP']",Madness Props,Total
0OU79092964U14550_3,2,3_79092964,Under,-105,1.95238096,1.95,20/21,145.5,,Unknown,True,145502,"['ProgressiveParlayTeamEligible', 'MainPointLine', 'SGP']",Madness Props,Total
0ML79092964_3,2,1_79092964,Arkansas,+164,2.64,2.64,41/25,Arkansas,Team,True,1279861242,['SGP'],"[{'id': '42107', 'name': 'Arkansas', 'type': 'Team'}]",Madness Props,Moneyline
0ML79092964_1,2,1_79092964,Kansas,-198,1.50505051,1.50,50/99,Kansas,Team,True,1279863238,['SGP'],"[{'id': '41920', 'name': 'Kansas', 'type': 'Team'}]",Madness Props,Moneyline
0HC79092474P750_3,2,2_79092474,Yale,-115,1.86956522,1.86,20/23,7.5,Yale,Team,True,7499,"['ProgressiveParlayTeamEligible', 'MainPointLine', 'SGP']","[{'id': '42873', 'name': 'Yale', 'type': 'Team'}]",Madness Props,Spread
0HC79092474N750_1,2,2_79092474,Texas A&M,-105,1.95238096,1.95,20/21,-7.5,Texas A&M,Team,True,7501,"['ProgressiveParlayTeamEligible', 'MainPointLine', 'SGP']","[{'id': '44866', 'name': 'Texas A&M', 'type': 'Team'}]",Madness Props,Spread
0OU79092474O13950_1,2,3_79092474,Over,-115,1.86956522,1.86,20/23,139.5,,Unknown,True,139500,"['ProgressiveParlayTeamEligible', 'MainPointLine', 'SGP']",Madness Props,Total
0OU79092474U13950_3,2,3_79092474,Under,-105,1.95238096,1.95,20/21,139.5,,Unknown,True,139502,"['ProgressiveParlayTeamEligible', 'MainPointLine', 'SGP']",Madness Props,Total
0ML79092474_3,2,1_79092474,Yale,+260,3.6,3.60,13/5,Yale,Team,True,1279852093,['SGP'],"[{'id': '42873', 'name': 'Yale', 'type': 'Team'}]",Madness Props,Moneyline
0ML79092474_1,2,1_79092474,Texas A&M,-325,1.30769231,1.30,4/13,Texas A&M,Team,True,1279854089,['SGP'],"[{'id': '44866', 'name': 'Texas A&M', 'type': 'Team'}]",Madness Props,Moneyline
0HC79092959P650_3,2,2_79092959,Drake,-112,1.89285715,1.89,25/28,6.5,Drake,Team,True,6499,"['ProgressiveParlayTeamEligible', 'MainPointLine', 'SGP']","[{'id': '41573', 'name': 'Drake', 'type': 'Team'}]",Madness Props,Spread
0HC79092959N650_1,2,2_79092959,Missouri,-108,1.92592593,1.92,25/27,-6.5,Missouri,Team,True,6501,"['ProgressiveParlayTeamEligible', 'MainPointLine', 'SGP']","[{'id': '43114', 'name': 'Missouri', 'type': 'Team'}]",Madness Props,Spread
0OU79092959O13250_1,2,3_79092959,Over,-108,1.92592593,1.92,25/27,132.5,,Unknown,True,132500,"['ProgressiveParlayTeamEligible', 'MainPointLine', 'SGP']",Madness Props,Total
0OU79092959U13250_3,2,3_79092959,Under,-112,1.89285715,1.89,25/28,132.5,,Unknown,True,132502,"['ProgressiveParlayTeamEligible', 'MainPointLine', 'SGP']",Madness Props,Total
0ML79092959_3,2,1_79092959,Drake,+220,3.2,3.20,11/5,Drake,Team,True,1279861207,['SGP'],"[{'id': '41573', 'name': 'Drake', 'type': 'Team'}]",Madness Props,Moneyline
0ML79092959_1,2,1_79092959,Missouri,-270,1.37037038,1.37,10/27,Missouri,Team,True,1279863203,['SGP'],"[{'id': '43114', 'name': 'Missouri', 'type': 'Team'}]",Madness Props,Moneyline
0HC79092948P550_3,2,2_79092948,Utah State,-112,1.89285715,1.89,25/28,5.5,Utah State,Team,True,5499,"['ProgressiveParlayTeamEligible', 'MainPointLine', 'SGP']","[{'id': '44224', 'name': 'Utah State', 'type': 'Team'}]",Madness Props,Spread
0HC79092948N550_1,2,2_79092948,UCLA,-108,1.92592593,1.92,25/27,-5.5,UCLA,Team,True,5501,"['ProgressiveParlayTeamEligible', 'MainPointLine', 'SGP']","[{'id': '44331', 'name': 'UCLA', 'type': 'Team'}]",Madness Props,Spread
0OU79092948O14350_1,2,3_79092948,Over,-115,1.86956522,1.86,20/23,143.5,,Unknown,True,143500,"['ProgressiveParlayTeamEligible', 'MainPointLine', 'SGP']",Madness Props,Total
0OU79092948U14350_3,2,3_79092948,Under,-105,1.95238096,1.95,20/21,143.5,,Unknown,True,143502,"['ProgressiveParlayTeamEligible', 'MainPointLine', 'SGP']",Madness Props,Total
0ML79092948_3,2,1_79092948,Utah State,+190,2.9,2.90,19/10,Utah State,Team,True,1279861130,['SGP'],"[{'id': '44224', 'name': 'Utah State', 'type': 'Team'}]",Madness Props,Moneyline
0ML79092948_1,2,1_79092948,UCLA,-230,1.43478261,1.43,10/23,UCLA,Team,True,1279863126,['SGP'],"[{'id': '44331', 'name': 'UCLA', 'type': 'Team'}]",Madness Props,Moneyline
0HC79092965P1850_3,2,2_79092965,Omaha,-108,1.92592593,1.92,25/27,18.5,Omaha,Team,True,18499,"['ProgressiveParlayTeamEligible', 'MainPointLine', 'SGP']","[{'id': '43093', 'name': 'Omaha', 'type': 'Team'}]",Madness Props,Spread
0HC79092965N1850_1,2,2_79092965,St. Johns,-112,1.89285715,1.89,25/28,-18.5,St. Johns,Team,True,18501,"['ProgressiveParlayTeamEligible', 'MainPointLine', 'SGP']","[{'id': '41392', 'name': 'St. Johns', 'type': 'Team'}]",Madness Props,Spread
0OU79092965O14750_1,2,3_79092965,Over,-115,1.86956522,1.86,20/23,147.5,,Unknown,True,147500,"['ProgressiveParlayTeamEligible', 'MainPointLine', 'SGP']",Madness Props,Total
0OU79092965U14750_3,2,3_79092965,Under,-105,1.95238096,1.95,20/21,147.5,,Unknown,True,147502,"['ProgressiveParlayTeamEligible', 'MainPointLine', 'SGP']",Madness Props,Total
0ML79092965_3,2,1_79092965,Omaha,+1500,16,16.00,15/1,Omaha,Team,True,1279861249,['SGP'],"[{'id': '43093', 'name': 'Omaha', 'type': 'Team'}]",Madness Props,Moneyline
0ML79092965_1,2,1_79092965,St. Johns,-3600,1.02777778,1.02,1/36,St. Johns,Team,True,1279863245,['SGP'],"[{'id': '41392', 'name': 'St. Johns', 'type': 'Team'}]",Madness Props,Moneyline
0HC79092459P250_3,2,2_79092459,UC San Diego,-108,1.92592593,1.92,25/27,2.5,UC San Diego,Team,True,2499,"['ProgressiveParlayTeamEligible', 'MainPointLine', 'SGP']","[{'id': '302038', 'name': 'UC San Diego', 'type': 'Team'}]",Madness Props,Spread
0HC79092459N250_1,2,2_79092459,Michigan,-112,1.89285715,1.89,25/28,-2.5,Michigan,Team,True,2501,"['ProgressiveParlayTeamEligible', 'MainPointLine', 'SGP']","[{'id': '43956', 'name': 'Michigan', 'type': 'Team'}]",Madness Props,Spread
0OU79092459O14250_1,2,3_79092459,Over,-108,1.92592593,1.92,25/27,142.5,,Unknown,True,142500,"['ProgressiveParlayTeamEligible', 'MainPointLine', 'SGP']",Madness Props,Total
0OU79092459U14250_3,2,3_79092459,Under,-112,1.89285715,1.89,25/28,142.5,,Unknown,True,142502,"['ProgressiveParlayTeamEligible', 'MainPointLine', 'SGP']",Madness Props,Total
0ML79092459_3,2,1_79092459,UC San Diego,+124,2.24,2.24,31/25,UC San Diego,Team,True,1279851932,['SGP'],"[{'id': '302038', 'name': 'UC San Diego', 'type': 'Team'}]",Madness Props,Moneyline
0ML79092459_1,2,1_79092459,Michigan,-148,1.67567568,1.67,25/37,Michigan,Team,True,1279853928,['SGP'],"[{'id': '43956', 'name': 'Michigan', 'type': 'Team'}]",Madness Props,Moneyline
0HC79092963P1550_3,2,2_79092963,UNC Wilmington,-108,1.92592593,1.92,25/27,15.5,UNC Wilmington,Team,True,15499,"['ProgressiveParlayTeamEligible', 'MainPointLine', 'SGP']","[{'id': '42593', 'name': 'UNC Wilmington', 'type': 'Team'}]",Madness Props,Spread
0HC79092963N1550_1,2,2_79092963,Texas Tech,-112,1.89285715,1.89,25/28,-15.5,Texas Tech,Team,True,15501,"['ProgressiveParlayTeamEligible', 'MainPointLine', 'SGP']","[{'id': '42835', 'name': 'Texas Tech', 'type': 'Team'}]",Madness Props,Spread
0OU79092963O14350_1,2,3_79092963,Over,-112,1.89285715,1.89,25/28,143.5,,Unknown,True,143500,"['ProgressiveParlayTeamEligible', 'MainPointLine', 'SGP']",Madness Props,Total
0OU79092963U14350_3,2,3_79092963,Under,-108,1.92592593,1.92,25/27,143.5,,Unknown,True,143502,"['ProgressiveParlayTeamEligible', 'MainPointLine', 'SGP']",Madness Props,Total
0ML79092963_3,2,1_79092963,UNC Wilmington,+1000,11,11.00,10/1,UNC Wilmington,Team,True,1279861235,['SGP'],"[{'id': '42593', 'name': 'UNC Wilmington', 'type': 'Team'}]",Madness Props,Moneyline
0ML79092963_1,2,1_79092963,Texas Tech,-1800,1.05555556,1.05,1/18,Texas Tech,Team,True,1279863231,['SGP'],"[{'id': '42835', 'name': 'Texas Tech', 'type': 'Team'}]",Madness Props,Moneyline
0HC79092703P100_3,2,2_79092703,Baylor,-108,1.92592593,1.92,25/27,1,Baylor,Team,True,999,"['ProgressiveParlayTeamEligible', 'MainPointLine', 'SGP']","[{'id': '44466', 'name': 'Baylor', 'type': 'Team'}]",Madness Props,Spread
0HC79092703N100_1,2,2_79092703,Mississippi State,-112,1.89285715,1.89,25/28,-1,Mississippi State,Team,True,1001,"['ProgressiveParlayTeamEligible', 'MainPointLine', 'SGP']","[{'id': '42185', 'name': 'Mississippi State', 'type': 'Team'}]",Madness Props,Spread
0OU79092703O14450_1,2,3_79092703,Over,-110,1.90909091,1.90,10/11,144.5,,Unknown,True,144500,"['ProgressiveParlayTeamEligible', 'MainPointLine', 'SGP']",Madness Props,Total
0OU79092703U14450_3,2,3_79092703,Under,-110,1.90909091,1.90,10/11,144.5,,Unknown,True,144502,"['ProgressiveParlayTeamEligible', 'MainPointLine', 'SGP']",Madness Props,Total
0ML79092703_3,2,1_79092703,Baylor,+100,2,2.00,1/1,Baylor,Team,True,1279857126,['SGP'],"[{'id': '44466', 'name': 'Baylor', 'type': 'Team'}]",Madness Props,Moneyline
0ML79092703_1,2,1_79092703,Mississippi State,-120,1.83333334,1.83,5/6,Mississippi State,Team,True,1279859122,['SGP'],"[{'id': '42185', 'name': 'Mississippi State', 'type': 'Team'}]",Madness Props,Moneyline
0HC79092773P2350_3,2,2_79092773,Robert Morris,-115,1.86956522,1.86,20/23,23.5,Robert Morris,Team,True,23499,"['ProgressiveParlayTeamEligible', 'MainPointLine', 'SGP']","[{'id': '44588', 'name': 'Robert Morris', 'type': 'Team'}]",Madness Props,Spread
0HC79092773N2350_1,2,2_79092773,Alabama,-105,1.95238096,1.95,20/21,-23.5,Alabama,Team,True,23501,"['ProgressiveParlayTeamEligible', 'MainPointLine', 'SGP']","[{'id': '42858', 'name': 'Alabama', 'type': 'Team'}]",Madness Props,Spread
0OU79092773O16550_1,2,3_79092773,Over,-108,1.92592593,1.92,25/27,165.5,,Unknown,True,165500,"['ProgressiveParlayTeamEligible', 'MainPointLine', 'SGP']",Madness Props,Total
0OU79092773U16550_3,2,3_79092773,Under,-112,1.89285715,1.89,25/28,165.5,,Unknown,True,165502,"['ProgressiveParlayTeamEligible', 'MainPointLine', 'SGP']",Madness Props,Total
0ML79092773_3,2,1_79092773,Robert Morris,+1800,19,19.00,18/1,Robert Morris,Team,True,1279858596,['SGP'],"[{'id': '44588', 'name': 'Robert Morris', 'type': 'Team'}]",Madness Props,Moneyline
0ML79092773_1,2,1_79092773,Alabama,-5000,1.02,1.02,1/50,Alabama,Team,True,1279860592,['SGP'],"[{'id': '42858', 'name': 'Alabama', 'type': 'Team'}]",Madness Props,Moneyline
0HC79092479P1450_3,2,2_79092479,Lipscomb,-102,1.98039216,1.98,50/51,14.5,Lipscomb,Team,True,14499,"['ProgressiveParlayTeamEligible', 'MainPointLine', 'SGP']","[{'id': '43785', 'name': 'Lipscomb', 'type': 'Team'}]",Madness Props,Spread
0HC79092479N1450_1,2,2_79092479,Iowa State,-118,1.84745763,1.84,50/59,-14.5,Iowa State,Team,True,14501,"['ProgressiveParlayTeamEligible', 'MainPointLine', 'SGP']","[{'id': '42961', 'name': 'Iowa State', 'type': 'Team'}]",Madness Props,Spread
0OU79092479O14350_1,2,3_79092479,Over,-105,1.95238096,1.95,20/21,143.5,,Unknown,True,143500,"['ProgressiveParlayTeamEligible', 'MainPointLine', 'SGP']",Madness Props,Total
0OU79092479U14350_3,2,3_79092479,Under,-115,1.86956522,1.86,20/23,143.5,,Unknown,True,143502,"['ProgressiveParlayTeamEligible', 'MainPointLine', 'SGP']",Madness Props,Total
0ML79092479_3,2,1_79092479,Lipscomb,+900,10,10.00,9/1,Lipscomb,Team,True,1279852128,['SGP'],"[{'id': '43785', 'name': 'Lipscomb', 'type': 'Team'}]",Madness Props,Moneyline
0ML79092479_1,2,1_79092479,Iowa State,-1600,1.0625,1.06,1/16,Iowa State,Team,True,1279854124,['SGP'],"[{'id': '42961', 'name': 'Iowa State', 'type': 'Team'}]",Madness Props,Moneyline
0HC79092954N150_3,2,2_79092954,Colorado State,-118,1.84745763,1.84,50/59,-1.5,Colorado State,Team,True,-1501,"['ProgressiveParlayTeamEligible', 'MainPointLine', 'SGP']","[{'id': '45374', 'name': 'Colorado State', 'type': 'Team'}]",Madness Props,Spread
0HC79092954P150_1,2,2_79092954,Memphis,-102,1.98039216,1.98,50/51,1.5,Memphis,Team,True,-1499,"['ProgressiveParlayTeamEligible', 'MainPointLine', 'SGP']","[{'id': '43053', 'name': 'Memphis', 'type': 'Team'}]",Madness Props,Spread
0OU79092954O14750_1,2,3_79092954,Over,-110,1.90909091,1.90,10/11,147.5,,Unknown,True,147500,"['ProgressiveParlayTeamEligible', 'MainPointLine', 'SGP']",Madness Props,Total
0OU79092954U14750_3,2,3_79092954,Under,-110,1.90909091,1.90,10/11,147.5,,Unknown,True,147502,"['ProgressiveParlayTeamEligible', 'MainPointLine', 'SGP']",Madness Props,Total
0ML79092954_3,2,1_79092954,Colorado State,-135,1.74074075,1.74,20/27,Colorado State,Team,True,1279861172,['SGP'],"[{'id': '45374', 'name': 'Colorado State', 'type': 'Team'}]",Madness Props,Moneyline
0ML79092954_1,2,1_79092954,Memphis,+114,2.14,2.14,57/50,Memphis,Team,True,1279863168,['SGP'],"[{'id': '43053', 'name': 'Memphis', 'type': 'Team'}]",Madness Props,Moneyline
0HC79092772P450_3,2,2_79092772,Vanderbilt,-115,1.86956522,1.86,20/23,4.5,Vanderbilt,Team,True,4499,"['ProgressiveParlayTeamEligible', 'MainPointLine', 'SGP']","[{'id': '44513', 'name': 'Vanderbilt', 'type': 'Team'}]",Madness Props,Spread
0HC79092772N450_1,2,2_79092772,Saint Marys,-105,1.95238096,1.95,20/21,-4.5,Saint Marys,Team,True,4501,"['ProgressiveParlayTeamEligible', 'MainPointLine', 'SGP']","[{'id': '41405', 'name': 'Saint Marys', 'type': 'Team'}]",Madness Props,Spread
0OU79092772O13650_1,2,3_79092772,Over,-108,1.92592593,1.92,25/27,136.5,,Unknown,True,136500,"['ProgressiveParlayTeamEligible', 'MainPointLine', 'SGP']",Madness Props,Total
0OU79092772U13650_3,2,3_79092772,Under,-112,1.89285715,1.89,25/28,136.5,,Unknown,True,136502,"['ProgressiveParlayTeamEligible', 'MainPointLine', 'SGP']",Madness Props,Total
0ML79092772_3,2,1_79092772,Vanderbilt,+160,2.6,2.60,8/5,Vanderbilt,Team,True,1279858589,['SGP'],"[{'id': '44513', 'name': 'Vanderbilt', 'type': 'Team'}]",Madness Props,Moneyline
0ML79092772_1,2,1_79092772,Saint Marys,-192,1.52083334,1.52,25/48,Saint Marys,Team,True,1279860585,['SGP'],"[{'id': '41405', 'name': 'Saint Marys', 'type': 'Team'}]",Madness Props,Moneyline
0HC79111741P150_3,2,2_79111741,North Carolina,-110,1.90909091,1.90,10/11,1.5,North Carolina,Team,True,1499,"['ProgressiveParlayTeamEligible', 'MainPointLine', 'SGP']","[{'id': '42450', 'name': 'North Carolina', 'type': 'Team'}]",Madness Props,Spread
0HC79111741N150_1,2,2_79111741,Ole Miss,-110,1.90909091,1.90,10/11,-1.5,Ole Miss,Team,True,1501,"['ProgressiveParlayTeamEligible', 'MainPointLine', 'SGP']","[{'id': '43121', 'name': 'Ole Miss', 'type': 'Team'}]",Madness Props,Spread
0OU79111741O15250_1,2,3_79111741,Over,-110,1.90909091,1.90,10/11,152.5,,Unknown,True,152500,"['ProgressiveParlayTeamEligible', 'MainPointLine', 'SGP']",Madness Props,Total
0OU79111741U15250_3,2,3_79111741,Under,-110,1.90909091,1.90,10/11,152.5,,Unknown,True,152502,"['ProgressiveParlayTeamEligible', 'MainPointLine', 'SGP']",Madness Props,Total
0ML79111741_3,2,1_79111741,North Carolina,+105,2.05,2.05,21/20,North Carolina,Team,True,1280260180,['SGP'],"[{'id': '42450', 'name': 'North Carolina', 'type': 'Team'}]",Madness Props,Moneyline
0ML79111741_1,2,1_79111741,Ole Miss,-125,1.8,1.80,4/5,Ole Miss,Team,True,1280262176,['SGP'],"[{'id': '43121', 'name': 'Ole Miss', 'type': 'Team'}]",Madness Props,Moneyline
0HC79111740P350_3,2,2_79111740,San Diego State,-110,1.90909091,1.90,10/11,3.5,San Diego State,Team,True,3499,"['ProgressiveParlayTeamEligible', 'MainPointLine', 'SGP']","[{'id': '44675', 'name': 'San Diego State', 'type': 'Team'}]",Madness Props,Spread
0HC79111740N350_1,2,2_79111740,Ole Miss,-110,1.90909091,1.90,10/11,-3.5,Ole Miss,Team,True,3501,"['ProgressiveParlayTeamEligible', 'MainPointLine', 'SGP']","[{'id': '43121', 'name': 'Ole Miss', 'type': 'Team'}]",Madness Props,Spread
0OU79111740O13550_1,2,3_79111740,Over,-110,1.90909091,1.90,10/11,135.5,,Unknown,True,135500,"['ProgressiveParlayTeamEligible', 'MainPointLine', 'SGP']",Madness Props,Total
0OU79111740U13550_3,2,3_79111740,Under,-110,1.90909091,1.90,10/11,135.5,,Unknown,True,135502,"['ProgressiveParlayTeamEligible', 'MainPointLine', 'SGP']",Madness Props,Total
0ML79111740_3,2,1_79111740,San Diego State,+150,2.5,2.50,6/4,San Diego State,Team,True,1280260173,['SGP'],"[{'id': '44675', 'name': 'San Diego State', 'type': 'Team'}]",Madness Props,Moneyline
0ML79111740_1,2,1_79111740,Ole Miss,-180,1.55555556,1.55,5/9,Ole Miss,Team,True,1280262169,['SGP'],"[{'id': '43121', 'name': 'Ole Miss', 'type': 'Team'}]",Madness Props,Moneyline
0HC79092960P1050_3,2,2_79092960,Grand Canyon,-115,1.86956522,1.86,20/23,10.5,Grand Canyon,Team,True,10499,"['ProgressiveParlayTeamEligible', 'MainPointLine', 'SGP']","[{'id': '43744', 'name': 'Grand Canyon', 'type': 'Team'}]",Madness Props,Spread
0HC79092960N1050_1,2,2_79092960,Maryland,-105,1.95238096,1.95,20/21,-10.5,Maryland,Team,True,10501,"['ProgressiveParlayTeamEligible', 'MainPointLine', 'SGP']","[{'id': '42635', 'name': 'Maryland', 'type': 'Team'}]",Madness Props,Spread
0OU79092960O15050_1,2,3_79092960,Over,-105,1.95238096,1.95,20/21,150.5,,Unknown,True,150500,"['ProgressiveParlayTeamEligible', 'MainPointLine', 'SGP']",Madness Props,Total
0OU79092960U15050_3,2,3_79092960,Under,-115,1.86956522,1.86,20/23,150.5,,Unknown,True,150502,"['ProgressiveParlayTeamEligible', 'MainPointLine', 'SGP']",Madness Props,Total
0ML79092960_3,2,1_79092960,Grand Canyon,+425,5.25,5.25,17/4,Grand Canyon,Team,True,1279861214,['SGP'],"[{'id': '43744', 'name': 'Grand Canyon', 'type': 'Team'}]",Madness Props,Moneyline
0ML79092960_1,2,1_79092960,Maryland,-575,1.17391305,1.17,4/23,Maryland,Team,True,1279863210,['SGP'],"[{'id': '42635', 'name': 'Maryland', 'type': 'Team'}]",Madness Props,Moneyline
0HC79092952P2850_3,2,2_79092952,Norfolk State,-110,1.90909091,1.90,10/11,28.5,Norfolk State,Team,True,28499,"['ProgressiveParlayTeamEligible', 'MainPointLine', 'SGP']","[{'id': '43965', 'name': 'Norfolk State', 'type': 'Team'}]",Madness Props,Spread
0HC79092952N2850_1,2,2_79092952,Florida,-110,1.90909091,1.90,10/11,-28.5,Florida,Team,True,28501,"['ProgressiveParlayTeamEligible', 'MainPointLine', 'SGP']","[{'id': '44135', 'name': 'Florida', 'type': 'Team'}]",Madness Props,Spread
0OU79092952O15350_1,2,3_79092952,Over,-115,1.86956522,1.86,20/23,153.5,,Unknown,True,153500,"['ProgressiveParlayTeamEligible', 'MainPointLine', 'SGP']",Madness Props,Total
0OU79092952U15350_3,2,3_79092952,Under,-105,1.95238096,1.95,20/21,153.5,,Unknown,True,153502,"['ProgressiveParlayTeamEligible', 'MainPointLine', 'SGP']",Madness Props,Total
0ML79092952_3,2,1_79092952,Norfolk State,+2500,26,26.00,25/1,Norfolk State,Team,True,1279861158,['SGP'],"[{'id': '43965', 'name': 'Norfolk State', 'type': 'Team'}]",Madness Props,Moneyline
0ML79092952_1,2,1_79092952,Florida,-9000,1.01111112,1.01,1/90,Florida,Team,True,1279863154,['SGP'],"[{'id': '44135', 'name': 'Florida', 'type': 'Team'}]",Madness Props,Moneyline
0HC79092941P1150_3,2,2_79092941,Troy,-115,1.86956522,1.86,20/23,11.5,Troy,Team,True,11499,"['ProgressiveParlayTeamEligible', 'MainPointLine', 'SGP']","[{'id': '43481', 'name': 'Troy', 'type': 'Team'}]",Madness Props,Spread
0HC79092941N1150_1,2,2_79092941,Kentucky,-105,1.95238096,1.95,20/21,-11.5,Kentucky,Team,True,11501,"['ProgressiveParlayTeamEligible', 'MainPointLine', 'SGP']","[{'id': '44542', 'name': 'Kentucky', 'type': 'Team'}]",Madness Props,Spread
0OU79092941O15250_1,2,3_79092941,Over,-105,1.95238096,1.95,20/21,152.5,,Unknown,True,152500,"['ProgressiveParlayTeamEligible', 'MainPointLine', 'SGP']",Madness Props,Total
0OU79092941U15250_3,2,3_79092941,Under,-115,1.86956522,1.86,20/23,152.5,,Unknown,True,152502,"['ProgressiveParlayTeamEligible', 'MainPointLine', 'SGP']",Madness Props,Total
0ML79092941_3,2,1_79092941,Troy,+550,6.5,6.50,11/2,Troy,Team,True,1279861081,['SGP'],"[{'id': '43481', 'name': 'Troy', 'type': 'Team'}]",Madness Props,Moneyline
0ML79092941_1,2,1_79092941,Kentucky,-800,1.125,1.12,1/8,Kentucky,Team,True,1279863077,['SGP'],"[{'id': '44542', 'name': 'Kentucky', 'type': 'Team'}]",Madness Props,Moneyline
0HC79092502P350_3,2,2_79092502,New Mexico,-105,1.95238096,1.95,20/21,3.5,New Mexico,Team,True,3499,"['ProgressiveParlayTeamEligible', 'MainPointLine', 'SGP']","[{'id': '44215', 'name': 'New Mexico', 'type': 'Team'}]",Madness Props,Spread
0HC79092502N350_1,2,2_79092502,Marquette,-115,1.86956522,1.86,20/23,-3.5,Marquette,Team,True,3501,"['ProgressiveParlayTeamEligible', 'MainPointLine', 'SGP']","[{'id': '44018', 'name': 'Marquette', 'type': 'Team'}]",Madness Props,Spread
0OU79092502O15350_1,2,3_79092502,Over,-108,1.92592593,1.92,25/27,153.5,,Unknown,True,153500,"['ProgressiveParlayTeamEligible', 'MainPointLine', 'SGP']",Madness Props,Total
0OU79092502U15350_3,2,3_79092502,Under,-112,1.89285715,1.89,25/28,153.5,,Unknown,True,153502,"['ProgressiveParlayTeamEligible', 'MainPointLine', 'SGP']",Madness Props,Total
0ML79092502_3,2,1_79092502,New Mexico,+145,2.45,2.45,29/20,New Mexico,Team,True,1279852583,['SGP'],"[{'id': '44215', 'name': 'New Mexico', 'type': 'Team'}]",Madness Props,Moneyline
0ML79092502_1,2,1_79092502,Marquette,-175,1.57142858,1.57,4/7,Marquette,Team,True,1279854579,['SGP'],"[{'id': '44018', 'name': 'Marquette', 'type': 'Team'}]",Madness Props,Moneyline
0HC79092765P1350_3,2,2_79092765,Akron,-102,1.98039216,1.98,50/51,13.5,Akron,Team,True,13499,"['ProgressiveParlayTeamEligible', 'MainPointLine', 'SGP']","[{'id': '41425', 'name': 'Akron', 'type': 'Team'}]",Madness Props,Spread
0HC79092765N1350_1,2,2_79092765,Arizona,-118,1.84745763,1.84,50/59,-13.5,Arizona,Team,True,13501,"['ProgressiveParlayTeamEligible', 'MainPointLine', 'SGP']","[{'id': '45351', 'name': 'Arizona', 'type': 'Team'}]",Madness Props,Spread
0OU79092765O16650_1,2,3_79092765,Over,-115,1.86956522,1.86,20/23,166.5,,Unknown,True,166500,"['ProgressiveParlayTeamEligible', 'MainPointLine', 'SGP']",Madness Props,Total
0OU79092765U16650_3,2,3_79092765,Under,-105,1.95238096,1.95,20/21,166.5,,Unknown,True,166502,"['ProgressiveParlayTeamEligible', 'MainPointLine', 'SGP']",Madness Props,Total
0ML79092765_3,2,1_79092765,Akron,+750,8.5,8.50,15/2,Akron,Team,True,1279858442,['SGP'],"[{'id': '41425', 'name': 'Akron', 'type': 'Team'}]",Madness Props,Moneyline
0ML79092765_1,2,1_79092765,Arizona,-1200,1.08333334,1.08,1/12,Arizona,Team,True,1279860438,['SGP'],"[{'id': '45351', 'name': 'Arizona', 'type': 'Team'}]",Madness Props,Moneyline
0HC79092953P550_3,2,2_79092953,Oklahoma,-110,1.90909091,1.90,10/11,5.5,Oklahoma,Team,True,5499,"['ProgressiveParlayTeamEligible', 'MainPointLine', 'SGP']","[{'id': '42537', 'name': 'Oklahoma', 'type': 'Team'}]",Madness Props,Spread
0HC79092953N550_1,2,2_79092953,UConn,-110,1.90909091,1.90,10/11,-5.5,UConn,Team,True,5501,"['ProgressiveParlayTeamEligible', 'MainPointLine', 'SGP']","[{'id': '41421', 'name': 'UConn', 'type': 'Team'}]",Madness Props,Spread
0OU79092953O14750_1,2,3_79092953,Over,-112,1.89285715,1.89,25/28,147.5,,Unknown,True,147500,"['ProgressiveParlayTeamEligible', 'MainPointLine', 'SGP']",Madness Props,Total
0OU79092953U14750_3,2,3_79092953,Under,-108,1.92592593,1.92,25/27,147.5,,Unknown,True,147502,"['ProgressiveParlayTeamEligible', 'MainPointLine', 'SGP']",Madness Props,Total
0ML79092953_3,2,1_79092953,Oklahoma,+190,2.9,2.90,19/10,Oklahoma,Team,True,1279861165,['SGP'],"[{'id': '42537', 'name': 'Oklahoma', 'type': 'Team'}]",Madness Props,Moneyline
0ML79092953_1,2,1_79092953,UConn,-230,1.43478261,1.43,10/23,UConn,Team,True,1279863161,['SGP'],"[{'id': '41421', 'name': 'UConn', 'type': 'Team'}]",Madness Props,Moneyline
0HC79092553P1750_3,2,2_79092553,Bryant,-115,1.86956522,1.86,20/23,17.5,Bryant,Team,True,17499,"['ProgressiveParlayTeamEligible', 'MainPointLine', 'SGP']","[{'id': '42187', 'name': 'Bryant', 'type': 'Team'}]",Madness Props,Spread
0HC79092553N1750_1,2,2_79092553,Michigan State,-105,1.95238096,1.95,20/21,-17.5,Michigan State,Team,True,17501,"['ProgressiveParlayTeamEligible', 'MainPointLine', 'SGP']","[{'id': '41925', 'name': 'Michigan State', 'type': 'Team'}]",Madness Props,Spread
0OU79092553O15250_1,2,3_79092553,Over,-110,1.90909091,1.90,10/11,152.5,,Unknown,True,152500,"['ProgressiveParlayTeamEligible', 'MainPointLine', 'SGP']",Madness Props,Total
0OU79092553U15250_3,2,3_79092553,Under,-110,1.90909091,1.90,10/11,152.5,,Unknown,True,152502,"['ProgressiveParlayTeamEligible', 'MainPointLine', 'SGP']",Madness Props,Total
0ML79092553_3,2,1_79092553,Bryant,+1200,13,13.00,12/1,Bryant,Team,True,1279853801,['SGP'],"[{'id': '42187', 'name': 'Bryant', 'type': 'Team'}]",Madness Props,Moneyline
0ML79092553_1,2,1_79092553,Michigan State,-2400,1.04166667,1.04,1/24,Michigan State,Team,True,1279855797,['SGP'],"[{'id': '41925', 'name': 'Michigan State', 'type': 'Team'}]",Madness Props,Moneyline
0HC79092744P750_3,2,2_79092744,Liberty,-115,1.86956522,1.86,20/23,7.5,Liberty,Team,True,7499,"['ProgressiveParlayTeamEligible', 'MainPointLine', 'SGP']","[{'id': '41459', 'name': 'Liberty', 'type': 'Team'}]",Madness Props,Spread
0HC79092744N750_1,2,2_79092744,Oregon,-105,1.95238096,1.95,20/21,-7.5,Oregon,Team,True,7501,"['ProgressiveParlayTeamEligible', 'MainPointLine', 'SGP']","[{'id': '44430', 'name': 'Oregon', 'type': 'Team'}]",Madness Props,Spread
0OU79092744O13950_1,2,3_79092744,Over,-108,1.92592593,1.92,25/27,139.5,,Unknown,True,139500,"['ProgressiveParlayTeamEligible', 'MainPointLine', 'SGP']",Madness Props,Total
0OU79092744U13950_3,2,3_79092744,Under,-112,1.89285715,1.89,25/28,139.5,,Unknown,True,139502,"['ProgressiveParlayTeamEligible', 'MainPointLine', 'SGP']",Madness Props,Total
0ML79092744_3,2,1_79092744,Liberty,+260,3.6,3.60,13/5,Liberty,Team,True,1279858001,['SGP'],"[{'id': '41459', 'name': 'Liberty', 'type': 'Team'}]",Madness Props,Moneyline
0ML79092744_1,2,1_79092744,Oregon,-325,1.30769231,1.30,4/13,Oregon,Team,True,1279859997,['SGP'],"[{'id': '44430', 'name': 'Oregon', 'type': 'Team'}]",Madness Props,Moneyline
0HC79110487N350_3,2,2_79110487,Saint Francis PA,-115,1.86956522,1.86,20/23,-3.5,Saint Francis PA,Team,True,-3501,"['MainPointLine', 'SGP']","[{'id': '41332', 'name': 'Saint Francis PA', 'type': 'Team'}]",Madness Props,Spread
0HC79110487P350_1,2,2_79110487,Alabama State,-115,1.86956522,1.86,20/23,3.5,Alabama State,Team,True,-3499,"['MainPointLine', 'SGP']","[{'id': '42969', 'name': 'Alabama State', 'type': 'Team'}]",Madness Props,Spread
0OU79110487O14650_1,2,3_79110487,Over,-110,1.90909091,1.90,10/11,146.5,,Unknown,True,146500,"['MainPointLine', 'SGP']",Madness Props,Total
0OU79110487U14650_3,2,3_79110487,Under,-120,1.83333334,1.83,5/6,146.5,,Unknown,True,146502,"['MainPointLine', 'SGP']",Madness Props,Total
0ML79110487_3,2,1_79110487,Saint Francis PA,-200,1.5,1.50,1/2,Saint Francis PA,Team,True,1280230384,['SGP'],"[{'id': '41332', 'name': 'Saint Francis PA', 'type': 'Team'}]",Madness Props,Moneyline
0ML79110487_1,2,1_79110487,Alabama State,+154,2.54,2.54,77/50,Alabama State,Team,True,1280232377,['SGP'],"[{'id': '42969', 'name': 'Alabama State', 'type': 'Team'}]",Madness Props,Moneyline
0HC79110488P550_3,2,2_79110488,Kent State,-115,1.86956522,1.86,20/23,5.5,Kent State,Team,True,5499,"['MainPointLine', 'SGP']","[{'id': '43444', 'name': 'Kent State', 'type': 'Team'}]",Madness Props,Spread
0HC79110488N550_1,2,2_79110488,Saint Bonaventure,-115,1.86956522,1.86,20/23,-5.5,Saint Bonaventure,Team,True,5501,"['MainPointLine', 'SGP']","[{'id': '44786', 'name': 'Saint Bonaventure', 'type': 'Team'}]",Madness Props,Spread
0OU79110488O13450_1,2,3_79110488,Over,-115,1.86956522,1.86,20/23,134.5,,Unknown,True,134500,"['MainPointLine', 'SGP']",Madness Props,Total
0OU79110488U13450_3,2,3_79110488,Under,-115,1.86956522,1.86,20/23,134.5,,Unknown,True,134502,"['MainPointLine', 'SGP']",Madness Props,Total
0ML79110488_3,2,1_79110488,Kent State,+210,3.1,3.10,21/10,Kent State,Team,True,1280230388,['SGP'],"[{'id': '43444', 'name': 'Kent State', 'type': 'Team'}]",Madness Props,Moneyline
0ML79110488_1,2,1_79110488,Saint Bonaventure,-280,1.35714286,1.35,5/14,Saint Bonaventure,Team,True,1280232378,['SGP'],"[{'id': '44786', 'name': 'Saint Bonaventure', 'type': 'Team'}]",Madness Props,Moneyline
0HC79110490P250_3,2,2_79110490,Jacksonville State,-115,1.86956522,1.86,20/23,2.5,Jacksonville State,Team,True,2499,"['MainPointLine', 'SGP']","[{'id': '42218', 'name': 'Jacksonville State', 'type': 'Team'}]",Madness Props,Spread
0HC79110490N250_1,2,2_79110490,Georgia Tech,-115,1.86956522,1.86,20/23,-2.5,Georgia Tech,Team,True,2501,"['MainPointLine', 'SGP']","[{'id': '42150', 'name': 'Georgia Tech', 'type': 'Team'}]",Madness Props,Spread
0OU79110490O14950_1,2,3_79110490,Over,-110,1.90909091,1.90,10/11,149.5,,Unknown,True,149500,"['MainPointLine', 'SGP']",Madness Props,Total
0OU79110490U14950_3,2,3_79110490,Under,-120,1.83333334,1.83,5/6,149.5,,Unknown,True,149502,"['MainPointLine', 'SGP']",Madness Props,Total
0ML79110490_3,2,1_79110490,Jacksonville State,+124,2.24,2.24,31/25,Jacksonville State,Team,True,1280230402,['SGP'],"[{'id': '42218', 'name': 'Jacksonville State', 'type': 'Team'}]",Madness Props,Moneyline
0ML79110490_1,2,1_79110490,Georgia Tech,-160,1.625,1.62,5/8,Georgia Tech,Team,True,1280232398,['SGP'],"[{'id': '42150', 'name': 'Georgia Tech', 'type': 'Team'}]",Madness Props,Moneyline
0HC79100355P150_3,2,2_79100355,Chattanooga,-110,1.90909091,1.90,10/11,1.5,Chattanooga,Team,True,1499,"['ProgressiveParlayTeamEligible', 'MainPointLine', 'SGP']","[{'id': '41974', 'name': 'Chattanooga', 'type': 'Team'}]",Madness Props,Spread
0HC79100355N150_1,2,2_79100355,Middle Tennessee,-110,1.90909091,1.90,10/11,-1.5,Middle Tennessee,Team,True,1501,"['ProgressiveParlayTeamEligible', 'MainPointLine', 'SGP']","[{'id': '42683', 'name': 'Middle Tennessee', 'type': 'Team'}]",Madness Props,Spread
0OU79100355O15250_1,2,3_79100355,Over,-115,1.86956522,1.86,20/23,152.5,,Unknown,True,152500,"['ProgressiveParlayTeamEligible', 'MainPointLine', 'SGP']",Madness Props,Total
0OU79100355U15250_3,2,3_79100355,Under,-105,1.95238096,1.95,20/21,152.5,,Unknown,True,152502,"['ProgressiveParlayTeamEligible', 'MainPointLine', 'SGP']",Madness Props,Total
0ML79100355_3,2,1_79100355,Chattanooga,+105,2.05,2.05,21/20,Chattanooga,Team,True,1280025918,['SGP'],"[{'id': '41974', 'name': 'Chattanooga', 'type': 'Team'}]",Madness Props,Moneyline
0ML79100355_1,2,1_79100355,Middle Tennessee,-125,1.8,1.80,4/5,Middle Tennessee,Team,True,1280027914,['SGP'],"[{'id': '42683', 'name': 'Middle Tennessee', 'type': 'Team'}]",Madness Props,Moneyline
0HC79100357P650_3,2,2_79100357,Wichita State,-112,1.89285715,1.89,25/28,6.5,Wichita State,Team,True,6499,"['ProgressiveParlayTeamEligible', 'MainPointLine', 'SGP']","[{'id': '43593', 'name': 'Wichita State', 'type': 'Team'}]",Madness Props,Spread
0HC79100357N650_1,2,2_79100357,Oklahoma State,-108,1.92592593,1.92,25/27,-6.5,Oklahoma State,Team,True,6501,"['ProgressiveParlayTeamEligible', 'MainPointLine', 'SGP']","[{'id': '43141', 'name': 'Oklahoma State', 'type': 'Team'}]",Madness Props,Spread
0OU79100357O15450_1,2,3_79100357,Over,-105,1.95238096,1.95,20/21,154.5,,Unknown,True,154500,"['ProgressiveParlayTeamEligible', 'MainPointLine', 'SGP']",Madness Props,Total
0OU79100357U15450_3,2,3_79100357,Under,-115,1.86956522,1.86,20/23,154.5,,Unknown,True,154502,"['ProgressiveParlayTeamEligible', 'MainPointLine', 'SGP']",Madness Props,Total
0ML79100357_3,2,1_79100357,Wichita State,+230,3.3,3.30,23/10,Wichita State,Team,True,1280025932,['SGP'],"[{'id': '43593', 'name': 'Wichita State', 'type': 'Team'}]",Madness Props,Moneyline
0ML79100357_1,2,1_79100357,Oklahoma State,-285,1.3508772,1.35,20/57,Oklahoma State,Team,True,1280027928,['SGP'],"[{'id': '43141', 'name': 'Oklahoma State', 'type': 'Team'}]",Madness Props,Moneyline
0HC79100359P550_3,2,2_79100359,Saint Louis,-108,1.92592593,1.92,25/27,5.5,Saint Louis,Team,True,5499,"['ProgressiveParlayTeamEligible', 'MainPointLine', 'SGP']","[{'id': '43370', 'name': 'Saint Louis', 'type': 'Team'}]",Madness Props,Spread
0HC79100359N550_1,2,2_79100359,Arkansas State,-112,1.89285715,1.89,25/28,-5.5,Arkansas State,Team,True,5501,"['ProgressiveParlayTeamEligible', 'MainPointLine', 'SGP']","[{'id': '42673', 'name': 'Arkansas State', 'type': 'Team'}]",Madness Props,Spread
0OU79100359O15450_1,2,3_79100359,Over,-105,1.95238096,1.95,20/21,154.5,,Unknown,True,154500,"['ProgressiveParlayTeamEligible', 'MainPointLine', 'SGP']",Madness Props,Total
0OU79100359U15450_3,2,3_79100359,Under,-115,1.86956522,1.86,20/23,154.5,,Unknown,True,154502,"['ProgressiveParlayTeamEligible', 'MainPointLine', 'SGP']",Madness Props,Total
0ML79100359_3,2,1_79100359,Saint Louis,+200,3,3.00,2/1,Saint Louis,Team,True,1280025946,['SGP'],"[{'id': '43370', 'name': 'Saint Louis', 'type': 'Team'}]",Madness Props,Moneyline
0ML79100359_1,2,1_79100359,Arkansas State,-245,1.40816327,1.40,20/49,Arkansas State,Team,True,1280027942,['SGP'],"[{'id': '42673', 'name': 'Arkansas State', 'type': 'Team'}]",Madness Props,Moneyline
0HC79092473N450_3,2,2_79092473,North Carolina,-112,1.89285715,1.89,25/28,-4.5,North Carolina,Team,True,-4501,"['ProgressiveParlayTeamEligible', 'MainPointLine', 'SGP']","[{'id': '42450', 'name': 'North Carolina', 'type': 'Team'}]",Madness Props,Spread
0HC79092473P450_1,2,2_79092473,San Diego State,-108,1.92592593,1.92,25/27,4.5,San Diego State,Team,True,-4499,"['ProgressiveParlayTeamEligible', 'MainPointLine', 'SGP']","[{'id': '44675', 'name': 'San Diego State', 'type': 'Team'}]",Madness Props,Spread
0OU79092473O14150_1,2,3_79092473,Over,-112,1.89285715,1.89,25/28,141.5,,Unknown,True,141500,"['ProgressiveParlayTeamEligible', 'MainPointLine', 'SGP']",Madness Props,Total
0OU79092473U14150_3,2,3_79092473,Under,-108,1.92592593,1.92,25/27,141.5,,Unknown,True,141502,"['ProgressiveParlayTeamEligible', 'MainPointLine', 'SGP']",Madness Props,Total
0ML79092473_3,2,1_79092473,North Carolina,-218,1.4587156,1.45,50/109,North Carolina,Team,True,1279852086,['SGP'],"[{'id': '42450', 'name': 'North Carolina', 'type': 'Team'}]",Madness Props,Moneyline
0ML79092473_1,2,1_79092473,San Diego State,+180,2.8,2.80,9/5,San Diego State,Team,True,1279854082,['SGP'],"[{'id': '44675', 'name': 'San Diego State', 'type': 'Team'}]",Madness Props,Moneyline
0HC79100356P650_3,2,2_79100356,CSUN,-108,1.92592593,1.92,25/27,6.5,CSUN,Team,True,6499,"['ProgressiveParlayTeamEligible', 'MainPointLine', 'SGP']","[{'id': '44653', 'name': 'CSUN', 'type': 'Team'}]",Madness Props,Spread
0HC79100356N650_1,2,2_79100356,Stanford,-112,1.89285715,1.89,25/28,-6.5,Stanford,Team,True,6501,"['ProgressiveParlayTeamEligible', 'MainPointLine', 'SGP']","[{'id': '44739', 'name': 'Stanford', 'type': 'Team'}]",Madness Props,Spread
0OU79100356O15650_1,2,3_79100356,Over,-108,1.92592593,1.92,25/27,156.5,,Unknown,True,156500,"['ProgressiveParlayTeamEligible', 'MainPointLine', 'SGP']",Madness Props,Total
0OU79100356U15650_3,2,3_79100356,Under,-112,1.89285715,1.89,25/28,156.5,,Unknown,True,156502,"['ProgressiveParlayTeamEligible', 'MainPointLine', 'SGP']",Madness Props,Total
0ML79100356_3,2,1_79100356,CSUN,+230,3.3,3.30,23/10,CSUN,Team,True,1280025925,['SGP'],"[{'id': '44653', 'name': 'CSUN', 'type': 'Team'}]",Madness Props,Moneyline
0ML79100356_1,2,1_79100356,Stanford,-285,1.3508772,1.35,20/57,Stanford,Team,True,1280027921,['SGP'],"[{'id': '44739', 'name': 'Stanford', 'type': 'Team'}]",Madness Props,Moneyline
0HC79100358P1050_3,2,2_79100358,UC Riverside,-118,1.84745763,1.84,50/59,10.5,UC Riverside,Team,True,10499,"['ProgressiveParlayTeamEligible', 'MainPointLine', 'SGP']","[{'id': '44279', 'name': 'UC Riverside', 'type': 'Team'}]",Madness Props,Spread
0HC79100358N1050_1,2,2_79100358,Santa Clara,-102,1.98039216,1.98,50/51,-10.5,Santa Clara,Team,True,10501,"['ProgressiveParlayTeamEligible', 'MainPointLine', 'SGP']","[{'id': '42757', 'name': 'Santa Clara', 'type': 'Team'}]",Madness Props,Spread
0OU79100358O15650_1,2,3_79100358,Over,-110,1.90909091,1.90,10/11,156.5,,Unknown,True,156500,"['ProgressiveParlayTeamEligible', 'MainPointLine', 'SGP']",Madness Props,Total
0OU79100358U15650_3,2,3_79100358,Under,-110,1.90909091,1.90,10/11,156.5,,Unknown,True,156502,"['ProgressiveParlayTeamEligible', 'MainPointLine', 'SGP']",Madness Props,Total
0ML79100358_3,2,1_79100358,UC Riverside,+440,5.4,5.40,22/5,UC Riverside,Team,True,1280025939,['SGP'],"[{'id': '44279', 'name': 'UC Riverside', 'type': 'Team'}]",Madness Props,Moneyline
0ML79100358_1,2,1_79100358,Santa Clara,-600,1.16666667,1.16,1/6,Santa Clara,Team,True,1280027935,['SGP'],"[{'id': '42757', 'name': 'Santa Clara', 'type': 'Team'}]",Madness Props,Moneyline
0HC79092702P250_3,2,2_79092702,Mount Saint Marys,-112,1.89285715,1.89,25/28,2.5,Mount Saint Marys,Team,True,2499,"['ProgressiveParlayTeamEligible', 'MainPointLine', 'SGP']","[{'id': '42025', 'name': 'Mount Saint Marys', 'type': 'Team'}]",Madness Props,Spread
0HC79092702N250_1,2,2_79092702,American,-108,1.92592593,1.92,25/27,-2.5,American,Team,True,2501,"['ProgressiveParlayTeamEligible', 'MainPointLine', 'SGP']","[{'id': '41874', 'name': 'American', 'type': 'Team'}]",Madness Props,Spread
0OU79092702O12950_1,2,3_79092702,Over,-105,1.95238096,1.95,20/21,129.5,,Unknown,True,129500,"['ProgressiveParlayTeamEligible', 'MainPointLine', 'SGP']",Madness Props,Total
0OU79092702U12950_3,2,3_79092702,Under,-115,1.86956522,1.86,20/23,129.5,,Unknown,True,129502,"['ProgressiveParlayTeamEligible', 'MainPointLine', 'SGP']",Madness Props,Total
0ML79092702_3,2,1_79092702,Mount Saint Marys,+120,2.2,2.20,6/5,Mount Saint Marys,Team,True,1279857119,['SGP'],"[{'id': '42025', 'name': 'Mount Saint Marys', 'type': 'Team'}]",Madness Props,Moneyline
0ML79092702_1,2,1_79092702,American,-142,1.70422536,1.70,50/71,American,Team,True,1279859115,['SGP'],"[{'id': '41874', 'name': 'American', 'type': 'Team'}]",Madness Props,Moneyline
0HC79100363P750_3,2,2_79100363,Samford,-110,1.90909091,1.90,10/11,7.5,Samford,Team,True,7499,"['ProgressiveParlayTeamEligible', 'MainPointLine', 'SGP']","[{'id': '42759', 'name': 'Samford', 'type': 'Team'}]",Madness Props,Spread
0HC79100363N750_1,2,2_79100363,George Mason,-110,1.90909091,1.90,10/11,-7.5,George Mason,Team,True,7501,"['ProgressiveParlayTeamEligible', 'MainPointLine', 'SGP']","[{'id': '41752', 'name': 'George Mason', 'type': 'Team'}]",Madness Props,Spread
0OU79100363O14750_1,2,3_79100363,Over,-110,1.90909091,1.90,10/11,147.5,,Unknown,True,147500,"['ProgressiveParlayTeamEligible', 'MainPointLine', 'SGP']",Madness Props,Total
0OU79100363U14750_3,2,3_79100363,Under,-110,1.90909091,1.90,10/11,147.5,,Unknown,True,147502,"['ProgressiveParlayTeamEligible', 'MainPointLine', 'SGP']",Madness Props,Total
0ML79100363_3,2,1_79100363,Samford,+270,3.7,3.70,27/10,Samford,Team,True,1280025967,['SGP'],"[{'id': '42759', 'name': 'Samford', 'type': 'Team'}]",Madness Props,Moneyline
0ML79100363_1,2,1_79100363,George Mason,-340,1.29411765,1.29,5/17,George Mason,Team,True,1280027963,['SGP'],"[{'id': '41752', 'name': 'George Mason', 'type': 'Team'}]",Madness Props,Moneyline
0HC79100365P550_3,2,2_79100365,UAB,-115,1.86956522,1.86,20/23,5.5,UAB,Team,True,5499,"['ProgressiveParlayTeamEligible', 'MainPointLine', 'SGP']","[{'id': '42938', 'name': 'UAB', 'type': 'Team'}]",Madness Props,Spread
0HC79100365N550_1,2,2_79100365,Saint Josephs,-105,1.95238096,1.95,20/21,-5.5,Saint Josephs,Team,True,5501,"['ProgressiveParlayTeamEligible', 'MainPointLine', 'SGP']","[{'id': '42231', 'name': 'Saint Josephs', 'type': 'Team'}]",Madness Props,Spread
0OU79100365O15550_1,2,3_79100365,Over,-110,1.90909091,1.90,10/11,155.5,,Unknown,True,155500,"['ProgressiveParlayTeamEligible', 'MainPointLine', 'SGP']",Madness Props,Total
0OU79100365U15550_3,2,3_79100365,Under,-110,1.90909091,1.90,10/11,155.5,,Unknown,True,155502,"['ProgressiveParlayTeamEligible', 'MainPointLine', 'SGP']",Madness Props,Total
0ML79100365_3,2,1_79100365,UAB,+195,2.95,2.95,39/20,UAB,Team,True,1280025981,['SGP'],"[{'id': '42938', 'name': 'UAB', 'type': 'Team'}]",Madness Props,Moneyline
0ML79100365_1,2,1_79100365,Saint Josephs,-238,1.42016807,1.42,50/119,Saint Josephs,Team,True,1280027977,['SGP'],"[{'id': '42231', 'name': 'Saint Josephs', 'type': 'Team'}]",Madness Props,Moneyline
0HC79100362P100_3,2,2_79100362,Florida Atlantic,-115,1.86956522,1.86,20/23,1,Florida Atlantic,Team,True,999,"['ProgressiveParlayTeamEligible', 'MainPointLine', 'SGP']","[{'id': '44945', 'name': 'Florida Atlantic', 'type': 'Team'}]",Madness Props,Spread
0HC79100362N100_1,2,2_79100362,Dayton,-105,1.95238096,1.95,20/21,-1,Dayton,Team,True,1001,"['ProgressiveParlayTeamEligible', 'MainPointLine', 'SGP']","[{'id': '44880', 'name': 'Dayton', 'type': 'Team'}]",Madness Props,Spread
0OU79100362O15050_1,2,3_79100362,Over,-115,1.86956522,1.86,20/23,150.5,,Unknown,True,150500,"['ProgressiveParlayTeamEligible', 'MainPointLine', 'SGP']",Madness Props,Total
0OU79100362U15050_3,2,3_79100362,Under,-105,1.95238096,1.95,20/21,150.5,,Unknown,True,150502,"['ProgressiveParlayTeamEligible', 'MainPointLine', 'SGP']",Madness Props,Total
0ML79100362_3,2,1_79100362,Florida Atlantic,-102,1.98039216,1.98,50/51,Florida Atlantic,Team,True,1280025960,['SGP'],"[{'id': '44945', 'name': 'Florida Atlantic', 'type': 'Team'}]",Madness Props,Moneyline
0ML79100362_1,2,1_79100362,Dayton,-118,1.84745763,1.84,50/59,Dayton,Team,True,1280027956,['SGP'],"[{'id': '44880', 'name': 'Dayton', 'type': 'Team'}]",Madness Props,Moneyline
0HC79100364P850_3,2,2_79100364,Furman,-112,1.89285715,1.89,25/28,8.5,Furman,Team,True,8499,"['ProgressiveParlayTeamEligible', 'MainPointLine', 'SGP']","[{'id': '41709', 'name': 'Furman', 'type': 'Team'}]",Madness Props,Spread
0HC79100364N850_1,2,2_79100364,North Texas,-108,1.92592593,1.92,25/27,-8.5,North Texas,Team,True,8501,"['ProgressiveParlayTeamEligible', 'MainPointLine', 'SGP']","[{'id': '43192', 'name': 'North Texas', 'type': 'Team'}]",Madness Props,Spread
0OU79100364O13050_1,2,3_79100364,Over,-110,1.90909091,1.90,10/11,130.5,,Unknown,True,130500,"['ProgressiveParlayTeamEligible', 'MainPointLine', 'SGP']",Madness Props,Total
0OU79100364U13050_3,2,3_79100364,Under,-110,1.90909091,1.90,10/11,130.5,,Unknown,True,130502,"['ProgressiveParlayTeamEligible', 'MainPointLine', 'SGP']",Madness Props,Total
0ML79100364_3,2,1_79100364,Furman,+295,3.95,3.95,59/20,Furman,Team,True,1280025988,['SGP'],"[{'id': '41709', 'name': 'Furman', 'type': 'Team'}]",Madness Props,Moneyline
0ML79100364_1,2,1_79100364,North Texas,-375,1.26666667,1.26,4/15,North Texas,Team,True,1280027984,['SGP'],"[{'id': '43192', 'name': 'North Texas', 'type': 'Team'}]",Madness Props,Moneyline
0HC79100361P250_3,2,2_79100361,North Alabama,-108,1.92592593,1.92,25/27,2.5,North Alabama,Team,True,2499,"['ProgressiveParlayTeamEligible', 'MainPointLine', 'SGP']","[{'id': '42768', 'name': 'North Alabama', 'type': 'Team'}]",Madness Props,Spread
0HC79100361N250_1,2,2_79100361,Bradley,-112,1.89285715,1.89,25/28,-2.5,Bradley,Team,True,2501,"['ProgressiveParlayTeamEligible', 'MainPointLine', 'SGP']","[{'id': '45258', 'name': 'Bradley', 'type': 'Team'}]",Madness Props,Spread
0OU79100361O14550_1,2,3_79100361,Over,-108,1.92592593,1.92,25/27,145.5,,Unknown,True,145500,"['ProgressiveParlayTeamEligible', 'MainPointLine', 'SGP']",Madness Props,Total
0OU79100361U14550_3,2,3_79100361,Under,-112,1.89285715,1.89,25/28,145.5,,Unknown,True,145502,"['ProgressiveParlayTeamEligible', 'MainPointLine', 'SGP']",Madness Props,Total
0ML79100361_3,2,1_79100361,North Alabama,+124,2.24,2.24,31/25,North Alabama,Team,True,1280025974,['SGP'],"[{'id': '42768', 'name': 'North Alabama', 'type': 'Team'}]",Madness Props,Moneyline
0ML79100361_1,2,1_79100361,Bradley,-148,1.67567568,1.67,25/37,Bradley,Team,True,1280027970,['SGP'],"[{'id': '45258', 'name': 'Bradley', 'type': 'Team'}]",Madness Props,Moneyline
0HC79100368P1050_3,2,2_79100368,Northern Iowa,-115,1.86956522,1.86,20/23,10.5,Northern Iowa,Team,True,10499,"['ProgressiveParlayTeamEligible', 'MainPointLine', 'SGP']","[{'id': '43276', 'name': 'Northern Iowa', 'type': 'Team'}]",Madness Props,Spread
0HC79100368N1050_1,2,2_79100368,SMU,-105,1.95238096,1.95,20/21,-10.5,SMU,Team,True,10501,"['ProgressiveParlayTeamEligible', 'MainPointLine', 'SGP']","[{'id': '41637', 'name': 'SMU', 'type': 'Team'}]",Madness Props,Spread
0OU79100368O14550_1,2,3_79100368,Over,-115,1.86956522,1.86,20/23,145.5,,Unknown,True,145500,"['ProgressiveParlayTeamEligible', 'MainPointLine', 'SGP']",Madness Props,Total
0OU79100368U14550_3,2,3_79100368,Under,-105,1.95238096,1.95,20/21,145.5,,Unknown,True,145502,"['ProgressiveParlayTeamEligible', 'MainPointLine', 'SGP']",Madness Props,Total
0ML79100368_3,2,1_79100368,Northern Iowa,+440,5.4,5.40,22/5,Northern Iowa,Team,True,1280026016,['SGP'],"[{'id': '43276', 'name': 'Northern Iowa', 'type': 'Team'}]",Madness Props,Moneyline
0ML79100368_1,2,1_79100368,SMU,-600,1.16666667,1.16,1/6,SMU,Team,True,1280028006,['SGP'],"[{'id': '41637', 'name': 'SMU', 'type': 'Team'}]",Madness Props,Moneyline
0HC79092938N250_3,2,2_79092938,Xavier,-120,1.83333334,1.83,5/6,-2.5,Xavier,Team,True,-2501,"['ProgressiveParlayTeamEligible', 'MainPointLine', 'SGP']","[{'id': '44042', 'name': 'Xavier', 'type': 'Team'}]",Madness Props,Spread
0HC79092938P250_1,2,2_79092938,Texas,+100,2,2.00,1/1,2.5,Texas,Team,True,-2499,"['ProgressiveParlayTeamEligible', 'MainPointLine', 'SGP']","[{'id': '43429', 'name': 'Texas', 'type': 'Team'}]",Madness Props,Spread
0OU79092938O15150_1,2,3_79092938,Over,-110,1.90909091,1.90,10/11,151.5,,Unknown,True,151500,"['ProgressiveParlayTeamEligible', 'MainPointLine', 'SGP']",Madness Props,Total
0OU79092938U15150_3,2,3_79092938,Under,-110,1.90909091,1.90,10/11,151.5,,Unknown,True,151502,"['ProgressiveParlayTeamEligible', 'MainPointLine', 'SGP']",Madness Props,Total
0ML79092938_3,2,1_79092938,Xavier,-166,1.60240964,1.60,50/83,Xavier,Team,True,1279861060,['SGP'],"[{'id': '44042', 'name': 'Xavier', 'type': 'Team'}]",Madness Props,Moneyline
0ML79092938_1,2,1_79092938,Texas,+140,2.4,2.40,7/5,Texas,Team,True,1279863056,['SGP'],"[{'id': '43429', 'name': 'Texas', 'type': 'Team'}]",Madness Props,Moneyline
0HC79100367P750_3,2,2_79100367,Northern Colorado,-112,1.89285715,1.89,25/28,7.5,Northern Colorado,Team,True,7499,"['ProgressiveParlayTeamEligible', 'MainPointLine', 'SGP']","[{'id': '42600', 'name': 'Northern Colorado', 'type': 'Team'}]",Madness Props,Spread
0HC79100367N750_1,2,2_79100367,UC Irvine,-108,1.92592593,1.92,25/27,-7.5,UC Irvine,Team,True,7501,"['ProgressiveParlayTeamEligible', 'MainPointLine', 'SGP']","[{'id': '44593', 'name': 'UC Irvine', 'type': 'Team'}]",Madness Props,Spread
0OU79100367O15150_1,2,3_79100367,Over,-105,1.95238096,1.95,20/21,151.5,,Unknown,True,151500,"['ProgressiveParlayTeamEligible', 'MainPointLine', 'SGP']",Madness Props,Total
0OU79100367U15150_3,2,3_79100367,Under,-115,1.86956522,1.86,20/23,151.5,,Unknown,True,151502,"['ProgressiveParlayTeamEligible', 'MainPointLine', 'SGP']",Madness Props,Total
0ML79100367_3,2,1_79100367,Northern Colorado,+270,3.7,3.70,27/10,Northern Colorado,Team,True,1280026002,['SGP'],"[{'id': '42600', 'name': 'Northern Colorado', 'type': 'Team'}]",Madness Props,Moneyline
0ML79100367_1,2,1_79100367,UC Irvine,-340,1.29411765,1.29,5/17,UC Irvine,Team,True,1280027998,['SGP'],"[{'id': '44593', 'name': 'UC Irvine', 'type': 'Team'}]",Madness Props,Moneyline
0HC79100369P750_3,2,2_79100369,Utah Valley,-108,1.92592593,1.92,25/27,7.5,Utah Valley,Team,True,7499,"['ProgressiveParlayTeamEligible', 'MainPointLine', 'SGP']","[{'id': '44362', 'name': 'Utah Valley', 'type': 'Team'}]",Madness Props,Spread
0HC79100369N750_1,2,2_79100369,San Francisco,-112,1.89285715,1.89,25/28,-7.5,San Francisco,Team,True,7501,"['ProgressiveParlayTeamEligible', 'MainPointLine', 'SGP']","[{'id': '44575', 'name': 'San Francisco', 'type': 'Team'}]",Madness Props,Spread
0OU79100369O14650_1,2,3_79100369,Over,-105,1.95238096,1.95,20/21,146.5,,Unknown,True,146500,"['ProgressiveParlayTeamEligible', 'MainPointLine', 'SGP']",Madness Props,Total
0OU79100369U14650_3,2,3_79100369,Under,-115,1.86956522,1.86,20/23,146.5,,Unknown,True,146502,"['ProgressiveParlayTeamEligible', 'MainPointLine', 'SGP']",Madness Props,Total
0ML79100369_3,2,1_79100369,Utah Valley,+275,3.75,3.75,11/4,Utah Valley,Team,True,1280026011,['SGP'],"[{'id': '44362', 'name': 'Utah Valley', 'type': 'Team'}]",Madness Props,Moneyline
0ML79100369_1,2,1_79100369,San Francisco,-345,1.28985508,1.28,20/69,San Francisco,Team,True,1280028005,['SGP'],"[{'id': '44575', 'name': 'San Francisco', 'type': 'Team'}]",Madness Props,Moneyline
0HC79100366N250_3,2,2_79100366,Loyola Chicago,-118,1.84745763,1.84,50/59,-2.5,Loyola Chicago,Team,True,-2501,"['ProgressiveParlayTeamEligible', 'MainPointLine', 'SGP']","[{'id': '43985', 'name': 'Loyola Chicago', 'type': 'Team'}]",Madness Props,Spread
0HC79100366P250_1,2,2_79100366,San Jose State,-102,1.98039216,1.98,50/51,2.5,San Jose State,Team,True,-2499,"['ProgressiveParlayTeamEligible', 'MainPointLine', 'SGP']","[{'id': '41391', 'name': 'San Jose State', 'type': 'Team'}]",Madness Props,Spread
0OU79100366O14050_1,2,3_79100366,Over,-115,1.86956522,1.86,20/23,140.5,,Unknown,True,140500,"['ProgressiveParlayTeamEligible', 'MainPointLine', 'SGP']",Madness Props,Total
0OU79100366U14050_3,2,3_79100366,Under,-105,1.95238096,1.95,20/21,140.5,,Unknown,True,140502,"['ProgressiveParlayTeamEligible', 'MainPointLine', 'SGP']",Madness Props,Total
0ML79100366_3,2,1_79100366,Loyola Chicago,-142,1.70422536,1.70,50/71,Loyola Chicago,Team,True,1280025995,['SGP'],"[{'id': '43985', 'name': 'Loyola Chicago', 'type': 'Team'}]",Madness Props,Moneyline
0ML79100366_1,2,1_79100366,San Jose State,+120,2.2,2.20,6/5,San Jose State,Team,True,1280027991,['SGP'],"[{'id': '41391', 'name': 'San Jose State', 'type': 'Team'}]",Madness Props,Moneyline
0HC79092456P250_3,2,2_79092456,Creighton,-110,1.90909091,1.90,10/11,2.5,Creighton,Team,True,2499,"['ProgressiveParlayTeamEligible', 'MainPointLine', 'SGP']","[{'id': '43875', 'name': 'Creighton', 'type': 'Team'}]",Madness Props,Spread
0HC79092456N250_1,2,2_79092456,Louisville,-110,1.90909091,1.90,10/11,-2.5,Louisville,Team,True,2501,"['ProgressiveParlayTeamEligible', 'MainPointLine', 'SGP']","[{'id': '41477', 'name': 'Louisville', 'type': 'Team'}]",Madness Props,Spread
0OU79092456O14450_1,2,3_79092456,Over,-110,1.90909091,1.90,10/11,144.5,,Unknown,True,144500,"['ProgressiveParlayTeamEligible', 'MainPointLine', 'SGP']",Madness Props,Total
0OU79092456U14450_3,2,3_79092456,Under,-110,1.90909091,1.90,10/11,144.5,,Unknown,True,144502,"['ProgressiveParlayTeamEligible', 'MainPointLine', 'SGP']",Madness Props,Total
0ML79092456_3,2,1_79092456,Creighton,+120,2.2,2.20,6/5,Creighton,Team,True,1279851890,['SGP'],"[{'id': '43875', 'name': 'Creighton', 'type': 'Team'}]",Madness Props,Moneyline
0ML79092456_1,2,1_79092456,Louisville,-142,1.70422536,1.70,50/71,Louisville,Team,True,1279853886,['SGP'],"[{'id': '41477', 'name': 'Louisville', 'type': 'Team'}]",Madness Props,Moneyline
0HC79092925P750_3,2,2_79092925,High Point,-102,1.98039216,1.98,50/51,7.5,High Point,Team,True,7499,"['ProgressiveParlayTeamEligible', 'MainPointLine', 'SGP']","[{'id': '45137', 'name': 'High Point', 'type': 'Team'}]",Madness Props,Spread
0HC79092925N750_1,2,2_79092925,Purdue,-118,1.84745763,1.84,50/59,-7.5,Purdue,Team,True,7501,"['ProgressiveParlayTeamEligible', 'MainPointLine', 'SGP']","[{'id': '42127', 'name': 'Purdue', 'type': 'Team'}]",Madness Props,Spread
0OU79092925O15350_1,2,3_79092925,Over,-105,1.95238096,1.95,20/21,153.5,,Unknown,True,153500,"['ProgressiveParlayTeamEligible', 'MainPointLine', 'SGP']",Madness Props,Total
0OU79092925U15350_3,2,3_79092925,Under,-115,1.86956522,1.86,20/23,153.5,,Unknown,True,153502,"['ProgressiveParlayTeamEligible', 'MainPointLine', 'SGP']",Madness Props,Total
0ML79092925_3,2,1_79092925,High Point,+295,3.95,3.95,59/20,High Point,Team,True,1279860143,['SGP'],"[{'id': '45137', 'name': 'High Point', 'type': 'Team'}]",Madness Props,Moneyline
0ML79092925_1,2,1_79092925,Purdue,-375,1.26666667,1.26,4/15,Purdue,Team,True,1279862139,['SGP'],"[{'id': '42127', 'name': 'Purdue', 'type': 'Team'}]",Madness Props,Moneyline
0HC79092767P1750_3,2,2_79092767,Montana,-115,1.86956522,1.86,20/23,17.5,Montana,Team,True,17499,"['ProgressiveParlayTeamEligible', 'MainPointLine', 'SGP']","[{'id': '42575', 'name': 'Montana', 'type': 'Team'}]",Madness Props,Spread
0HC79092767N1750_1,2,2_79092767,Wisconsin,-105,1.95238096,1.95,20/21,-17.5,Wisconsin,Team,True,17501,"['ProgressiveParlayTeamEligible', 'MainPointLine', 'SGP']","[{'id': '43620', 'name': 'Wisconsin', 'type': 'Team'}]",Madness Props,Spread
0OU79092767O15250_1,2,3_79092767,Over,-105,1.95238096,1.95,20/21,152.5,,Unknown,True,152500,"['ProgressiveParlayTeamEligible', 'MainPointLine']",Madness Props,Total
0OU79092767U15250_3,2,3_79092767,Under,-115,1.86956522,1.86,20/23,152.5,,Unknown,True,152502,"['ProgressiveParlayTeamEligible', 'MainPointLine', 'SGP']",Madness Props,Total
0ML79092767_3,2,1_79092767,Montana,+1200,13,13.00,12/1,Montana,Team,True,1279858456,['SGP'],"[{'id': '42575', 'name': 'Montana', 'type': 'Team'}]",Madness Props,Moneyline
0ML79092767_1,2,1_79092767,Wisconsin,-2400,1.04166667,1.04,1/24,Wisconsin,Team,True,1279860452,['SGP'],"[{'id': '43620', 'name': 'Wisconsin', 'type': 'Team'}]",Madness Props,Moneyline
0HC79092890P2950_3,2,2_79092890,SIU Edwardsville,-115,1.86956522,1.86,20/23,29.5,SIU Edwardsville,Team,True,29499,"['ProgressiveParlayTeamEligible', 'MainPointLine', 'SGP']","[{'id': '43647', 'name': 'SIU Edwardsville', 'type': 'Team'}]",Madness Props,Spread
0HC79092890N2950_1,2,2_79092890,Houston,-105,1.95238096,1.95,20/21,-29.5,Houston,Team,True,29501,"['ProgressiveParlayTeamEligible', 'MainPointLine', 'SGP']","[{'id': '43043', 'name': 'Houston', 'type': 'Team'}]",Madness Props,Spread
0OU79092890O12650_1,2,3_79092890,Over,-108,1.92592593,1.92,25/27,126.5,,Unknown,True,126500,"['ProgressiveParlayTeamEligible', 'MainPointLine', 'SGP']",Madness Props,Total
0OU79092890U12650_3,2,3_79092890,Under,-112,1.89285715,1.89,25/28,126.5,,Unknown,True,126502,"['ProgressiveParlayTeamEligible', 'MainPointLine', 'SGP']",Madness Props,Total
0HC79092912P750_3,2,2_79092912,McNeese,-110,1.90909091,1.90,10/11,7.5,McNeese,Team,True,7499,"['ProgressiveParlayTeamEligible', 'MainPointLine', 'SGP']","[{'id': '41412', 'name': 'McNeese', 'type': 'Team'}]",Madness Props,Spread
0HC79092912N750_1,2,2_79092912,Clemson,-110,1.90909091,1.90,10/11,-7.5,Clemson,Team,True,7501,"['ProgressiveParlayTeamEligible', 'MainPointLine', 'SGP']","[{'id': '41619', 'name': 'Clemson', 'type': 'Team'}]",Madness Props,Spread
0OU79092912O13450_1,2,3_79092912,Over,-105,1.95238096,1.95,20/21,134.5,,Unknown,True,134500,"['ProgressiveParlayTeamEligible', 'MainPointLine', 'SGP']",Madness Props,Total
0OU79092912U13450_3,2,3_79092912,Under,-115,1.86956522,1.86,20/23,134.5,,Unknown,True,134502,"['ProgressiveParlayTeamEligible', 'MainPointLine', 'SGP']",Madness Props,Total
0ML79092912_3,2,1_79092912,McNeese,+275,3.75,3.75,11/4,McNeese,Team,True,1279860136,['SGP'],"[{'id': '41412', 'name': 'McNeese', 'type': 'Team'}]",Madness Props,Moneyline
0ML79092912_1,2,1_79092912,Clemson,-345,1.28985508,1.28,20/69,Clemson,Team,True,1279862132,['SGP'],"[{'id': '41619', 'name': 'Clemson', 'type': 'Team'}]",Madness Props,Moneyline
0HC79092766P250_3,2,2_79092766,VCU,-102,1.98039216,1.98,50/51,2.5,VCU,Team,True,2499,"['ProgressiveParlayTeamEligible', 'MainPointLine', 'SGP']","[{'id': '42328', 'name': 'VCU', 'type': 'Team'}]",Madness Props,Spread
0HC79092766N250_1,2,2_79092766,BYU,-118,1.84745763,1.84,50/59,-2.5,BYU,Team,True,2501,"['ProgressiveParlayTeamEligible', 'MainPointLine', 'SGP']","[{'id': '44811', 'name': 'BYU', 'type': 'Team'}]",Madness Props,Spread
0OU79092766O14650_1,2,3_79092766,Over,-105,1.95238096,1.95,20/21,146.5,,Unknown,True,146500,"['ProgressiveParlayTeamEligible', 'MainPointLine', 'SGP']",Madness Props,Total
0OU79092766U14650_3,2,3_79092766,Under,-115,1.86956522,1.86,20/23,146.5,,Unknown,True,146502,"['ProgressiveParlayTeamEligible', 'MainPointLine', 'SGP']",Madness Props,Total
0ML79092766_3,2,1_79092766,VCU,+130,2.3,2.30,13/10,VCU,Team,True,1279858449,['SGP'],"[{'id': '42328', 'name': 'VCU', 'type': 'Team'}]",Madness Props,Moneyline
0ML79092766_1,2,1_79092766,BYU,-155,1.6451613,1.64,20/31,BYU,Team,True,1279860445,['SGP'],"[{'id': '44811', 'name': 'BYU', 'type': 'Team'}]",Madness Props,Moneyline
0HC79093078P550_3,2,2_79093078,Georgia,-102,1.98039216,1.98,50/51,5.5,Georgia Bulldogs,Team,True,5499,"['ProgressiveParlayTeamEligible', 'MainPointLine', 'SGP']","[{'id': '42478', 'name': 'Georgia Bulldogs', 'type': 'Team'}]",Madness Props,Spread
0HC79093078N550_1,2,2_79093078,Gonzaga,-118,1.84745763,1.84,50/59,-5.5,Gonzaga,Team,True,5501,"['ProgressiveParlayTeamEligible', 'MainPointLine', 'SGP']","[{'id': '44154', 'name': 'Gonzaga', 'type': 'Team'}]",Madness Props,Spread
0OU79093078O15050_1,2,3_79093078,Over,-112,1.89285715,1.89,25/28,150.5,,Unknown,True,150500,"['ProgressiveParlayTeamEligible', 'MainPointLine', 'SGP']",Madness Props,Total
0OU79093078U15050_3,2,3_79093078,Under,-108,1.92592593,1.92,25/27,150.5,,Unknown,True,150502,"['ProgressiveParlayTeamEligible', 'MainPointLine', 'SGP']",Madness Props,Total
0ML79093078_3,2,1_79093078,Georgia,+215,3.15,3.15,43/20,Georgia Bulldogs,Team,True,1279863188,['SGP'],"[{'id': '42478', 'name': 'Georgia Bulldogs', 'type': 'Team'}]",Madness Props,Moneyline
0ML79093078_1,2,1_79093078,Gonzaga,-265,1.3773585,1.37,20/53,Gonzaga,Team,True,1279865184,['SGP'],"[{'id': '44154', 'name': 'Gonzaga', 'type': 'Team'}]",Madness Props,Moneyline
0HC79092949P1850_3,2,2_79092949,Wofford,-108,1.92592593,1.92,25/27,18.5,Wofford,Team,True,18499,"['ProgressiveParlayTeamEligible', 'MainPointLine', 'SGP']","[{'id': '42442', 'name': 'Wofford', 'type': 'Team'}]",Madness Props,Spread
0HC79092949N1850_1,2,2_79092949,Tennessee,-112,1.89285715,1.89,25/28,-18.5,Tennessee,Team,True,18501,"['ProgressiveParlayTeamEligible', 'MainPointLine', 'SGP']","[{'id': '42305', 'name': 'Tennessee', 'type': 'Team'}]",Madness Props,Spread
0OU79092949O13250_1,2,3_79092949,Over,-115,1.86956522,1.86,20/23,132.5,,Unknown,True,132500,"['ProgressiveParlayTeamEligible', 'MainPointLine', 'SGP']",Madness Props,Total
0OU79092949U13250_3,2,3_79092949,Under,-105,1.95238096,1.95,20/21,132.5,,Unknown,True,132502,"['ProgressiveParlayTeamEligible', 'MainPointLine', 'SGP']",Madness Props,Total
0ML79092949_3,2,1_79092949,Wofford,+1500,16,16.00,15/1,Wofford,Team,True,1279861137,['SGP'],"[{'id': '42442', 'name': 'Wofford', 'type': 'Team'}]",Madness Props,Moneyline
0ML79092949_1,2,1_79092949,Tennessee,-3600,1.02777778,1.02,1/36,Tennessee,Team,True,1279863133,['SGP'],"[{'id': '42305', 'name': 'Tennessee', 'type': 'Team'}]",Madness Props,Moneyline
0HC79092964P450_3,2,2_79092964,Arkansas,-110,1.90909091,1.90,10/11,4.5,Arkansas,Team,True,4499,"['ProgressiveParlayTeamEligible', 'MainPointLine', 'SGP']","[{'id': '42107', 'name': 'Arkansas', 'type': 'Team'}]",Madness Props,Spread
0HC79092964N450_1,2,2_79092964,Kansas,-110,1.90909091,1.90,10/11,-4.5,Kansas,Team,True,4501,"['ProgressiveParlayTeamEligible', 'MainPointLine', 'SGP']","[{'id': '41920', 'name': 'Kansas', 'type': 'Team'}]",Madness Props,Spread
0OU79092964O14550_1,2,3_79092964,Over,-115,1.86956522,1.86,20/23,145.5,,Unknown,True,145500,"['ProgressiveParlayTeamEligible', 'MainPointLine', 'SGP']",Madness Props,Total
0OU79092964U14550_3,2,3_79092964,Under,-105,1.95238096,1.95,20/21,145.5,,Unknown,True,145502,"['ProgressiveParlayTeamEligible', 'MainPointLine', 'SGP']",Madness Props,Total
0ML79092964_3,2,1_79092964,Arkansas,+164,2.64,2.64,41/25,Arkansas,Team,True,1279861242,['SGP'],"[{'id': '42107', 'name': 'Arkansas', 'type': 'Team'}]",Madness Props,Moneyline
0ML79092964_1,2,1_79092964,Kansas,-198,1.50505051,1.50,50/99,Kansas,Team,True,1279863238,['SGP'],"[{'id': '41920', 'name': 'Kansas', 'type': 'Team'}]",Madness Props,Moneyline
0HC79092474P750_3,2,2_79092474,Yale,-115,1.86956522,1.86,20/23,7.5,Yale,Team,True,7499,"['ProgressiveParlayTeamEligible', 'MainPointLine', 'SGP']","[{'id': '42873', 'name': 'Yale', 'type': 'Team'}]",Madness Props,Spread
0HC79092474N750_1,2,2_79092474,Texas A&M,-105,1.95238096,1.95,20/21,-7.5,Texas A&M,Team,True,7501,"['ProgressiveParlayTeamEligible', 'MainPointLine', 'SGP']","[{'id': '44866', 'name': 'Texas A&M', 'type': 'Team'}]",Madness Props,Spread
0OU79092474O13950_1,2,3_79092474,Over,-115,1.86956522,1.86,20/23,139.5,,Unknown,True,139500,"['ProgressiveParlayTeamEligible', 'MainPointLine', 'SGP']",Madness Props,Total
0OU79092474U13950_3,2,3_79092474,Under,-105,1.95238096,1.95,20/21,139.5,,Unknown,True,139502,"['ProgressiveParlayTeamEligible', 'MainPointLine', 'SGP']",Madness Props,Total
0ML79092474_3,2,1_79092474,Yale,+260,3.6,3.60,13/5,Yale,Team,True,1279852093,['SGP'],"[{'id': '42873', 'name': 'Yale', 'type': 'Team'}]",Madness Props,Moneyline
0ML79092474_1,2,1_79092474,Texas A&M,-325,1.30769231,1.30,4/13,Texas A&M,Team,True,1279854089,['SGP'],"[{'id': '44866', 'name': 'Texas A&M', 'type': 'Team'}]",Madness Props,Moneyline
0HC79092959P650_3,2,2_79092959,Drake,-112,1.89285715,1.89,25/28,6.5,Drake,Team,True,6499,"['ProgressiveParlayTeamEligible', 'MainPointLine', 'SGP']","[{'id': '41573', 'name': 'Drake', 'type': 'Team'}]",Madness Props,Spread
0HC79092959N650_1,2,2_79092959,Missouri,-108,1.92592593,1.92,25/27,-6.5,Missouri,Team,True,6501,"['ProgressiveParlayTeamEligible', 'MainPointLine', 'SGP']","[{'id': '43114', 'name': 'Missouri', 'type': 'Team'}]",Madness Props,Spread
0OU79092959O13250_1,2,3_79092959,Over,-108,1.92592593,1.92,25/27,132.5,,Unknown,True,132500,"['ProgressiveParlayTeamEligible', 'MainPointLine', 'SGP']",Madness Props,Total
0OU79092959U13250_3,2,3_79092959,Under,-112,1.89285715,1.89,25/28,132.5,,Unknown,True,132502,"['ProgressiveParlayTeamEligible', 'MainPointLine', 'SGP']",Madness Props,Total
0ML79092959_3,2,1_79092959,Drake,+220,3.2,3.20,11/5,Drake,Team,True,1279861207,['SGP'],"[{'id': '41573', 'name': 'Drake', 'type': 'Team'}]",Madness Props,Moneyline
0ML79092959_1,2,1_79092959,Missouri,-270,1.37037038,1.37,10/27,Missouri,Team,True,1279863203,['SGP'],"[{'id': '43114', 'name': 'Missouri', 'type': 'Team'}]",Madness Props,Moneyline
0HC79092948P550_3,2,2_79092948,Utah State,-112,1.89285715,1.89,25/28,5.5,Utah State,Team,True,5499,"['ProgressiveParlayTeamEligible', 'MainPointLine', 'SGP']","[{'id': '44224', 'name': 'Utah State', 'type': 'Team'}]",Madness Props,Spread
0HC79092948N550_1,2,2_79092948,UCLA,-108,1.92592593,1.92,25/27,-5.5,UCLA,Team,True,5501,"['ProgressiveParlayTeamEligible', 'MainPointLine', 'SGP']","[{'id': '44331', 'name': 'UCLA', 'type': 'Team'}]",Madness Props,Spread
0OU79092948O14350_1,2,3_79092948,Over,-115,1.86956522,1.86,20/23,143.5,,Unknown,True,143500,"['ProgressiveParlayTeamEligible', 'MainPointLine', 'SGP']",Madness Props,Total
0OU79092948U14350_3,2,3_79092948,Under,-105,1.95238096,1.95,20/21,143.5,,Unknown,True,143502,"['ProgressiveParlayTeamEligible', 'MainPointLine', 'SGP']",Madness Props,Total
0ML79092948_3,2,1_79092948,Utah State,+190,2.9,2.90,19/10,Utah State,Team,True,1279861130,['SGP'],"[{'id': '44224', 'name': 'Utah State', 'type': 'Team'}]",Madness Props,Moneyline
0ML79092948_1,2,1_79092948,UCLA,-230,1.43478261,1.43,10/23,UCLA,Team,True,1279863126,['SGP'],"[{'id': '44331', 'name': 'UCLA', 'type': 'Team'}]",Madness Props,Moneyline
0HC79092965P1850_3,2,2_79092965,Omaha,-108,1.92592593,1.92,25/27,18.5,Omaha,Team,True,18499,"['ProgressiveParlayTeamEligible', 'MainPointLine', 'SGP']","[{'id': '43093', 'name': 'Omaha', 'type': 'Team'}]",Madness Props,Spread
0HC79092965N1850_1,2,2_79092965,St. Johns,-112,1.89285715,1.89,25/28,-18.5,St. Johns,Team,True,18501,"['ProgressiveParlayTeamEligible', 'MainPointLine', 'SGP']","[{'id': '41392', 'name': 'St. Johns', 'type': 'Team'}]",Madness Props,Spread
0OU79092965O14750_1,2,3_79092965,Over,-115,1.86956522,1.86,20/23,147.5,,Unknown,True,147500,"['ProgressiveParlayTeamEligible', 'MainPointLine', 'SGP']",Madness Props,Total
0OU79092965U14750_3,2,3_79092965,Under,-105,1.95238096,1.95,20/21,147.5,,Unknown,True,147502,"['ProgressiveParlayTeamEligible', 'MainPointLine', 'SGP']",Madness Props,Total
0ML79092965_3,2,1_79092965,Omaha,+1500,16,16.00,15/1,Omaha,Team,True,1279861249,['SGP'],"[{'id': '43093', 'name': 'Omaha', 'type': 'Team'}]",Madness Props,Moneyline
0ML79092965_1,2,1_79092965,St. Johns,-3600,1.02777778,1.02,1/36,St. Johns,Team,True,1279863245,['SGP'],"[{'id': '41392', 'name': 'St. Johns', 'type': 'Team'}]",Madness Props,Moneyline
0HC79092459P250_3,2,2_79092459,UC San Diego,-108,1.92592593,1.92,25/27,2.5,UC San Diego,Team,True,2499,"['ProgressiveParlayTeamEligible', 'MainPointLine', 'SGP']","[{'id': '302038', 'name': 'UC San Diego', 'type': 'Team'}]",Madness Props,Spread
0HC79092459N250_1,2,2_79092459,Michigan,-112,1.89285715,1.89,25/28,-2.5,Michigan,Team,True,2501,"['ProgressiveParlayTeamEligible', 'MainPointLine', 'SGP']","[{'id': '43956', 'name': 'Michigan', 'type': 'Team'}]",Madness Props,Spread
0OU79092459O14250_1,2,3_79092459,Over,-108,1.92592593,1.92,25/27,142.5,,Unknown,True,142500,"['ProgressiveParlayTeamEligible', 'MainPointLine', 'SGP']",Madness Props,Total
0OU79092459U14250_3,2,3_79092459,Under,-112,1.89285715,1.89,25/28,142.5,,Unknown,True,142502,"['ProgressiveParlayTeamEligible', 'MainPointLine', 'SGP']",Madness Props,Total
0ML79092459_3,2,1_79092459,UC San Diego,+124,2.24,2.24,31/25,UC San Diego,Team,True,1279851932,['SGP'],"[{'id': '302038', 'name': 'UC San Diego', 'type': 'Team'}]",Madness Props,Moneyline
0ML79092459_1,2,1_79092459,Michigan,-148,1.67567568,1.67,25/37,Michigan,Team,True,1279853928,['SGP'],"[{'id': '43956', 'name': 'Michigan', 'type': 'Team'}]",Madness Props,Moneyline
0HC79092963P1550_3,2,2_79092963,UNC Wilmington,-108,1.92592593,1.92,25/27,15.5,UNC Wilmington,Team,True,15499,"['ProgressiveParlayTeamEligible', 'MainPointLine', 'SGP']","[{'id': '42593', 'name': 'UNC Wilmington', 'type': 'Team'}]",Madness Props,Spread
0HC79092963N1550_1,2,2_79092963,Texas Tech,-112,1.89285715,1.89,25/28,-15.5,Texas Tech,Team,True,15501,"['ProgressiveParlayTeamEligible', 'MainPointLine', 'SGP']","[{'id': '42835', 'name': 'Texas Tech', 'type': 'Team'}]",Madness Props,Spread
0OU79092963O14350_1,2,3_79092963,Over,-112,1.89285715,1.89,25/28,143.5,,Unknown,True,143500,"['ProgressiveParlayTeamEligible', 'MainPointLine', 'SGP']",Madness Props,Total
0OU79092963U14350_3,2,3_79092963,Under,-108,1.92592593,1.92,25/27,143.5,,Unknown,True,143502,"['ProgressiveParlayTeamEligible', 'MainPointLine', 'SGP']",Madness Props,Total
0ML79092963_3,2,1_79092963,UNC Wilmington,+1000,11,11.00,10/1,UNC Wilmington,Team,True,1279861235,['SGP'],"[{'id': '42593', 'name': 'UNC Wilmington', 'type': 'Team'}]",Madness Props,Moneyline
0ML79092963_1,2,1_79092963,Texas Tech,-1800,1.05555556,1.05,1/18,Texas Tech,Team,True,1279863231,['SGP'],"[{'id': '42835', 'name': 'Texas Tech', 'type': 'Team'}]",Madness Props,Moneyline
0HC79092703P100_3,2,2_79092703,Baylor,-108,1.92592593,1.92,25/27,1,Baylor,Team,True,999,"['ProgressiveParlayTeamEligible', 'MainPointLine', 'SGP']","[{'id': '44466', 'name': 'Baylor', 'type': 'Team'}]",Madness Props,Spread
0HC79092703N100_1,2,2_79092703,Mississippi State,-112,1.89285715,1.89,25/28,-1,Mississippi State,Team,True,1001,"['ProgressiveParlayTeamEligible', 'MainPointLine', 'SGP']","[{'id': '42185', 'name': 'Mississippi State', 'type': 'Team'}]",Madness Props,Spread
0OU79092703O14450_1,2,3_79092703,Over,-110,1.90909091,1.90,10/11,144.5,,Unknown,True,144500,"['ProgressiveParlayTeamEligible', 'MainPointLine', 'SGP']",Madness Props,Total
0OU79092703U14450_3,2,3_79092703,Under,-110,1.90909091,1.90,10/11,144.5,,Unknown,True,144502,"['ProgressiveParlayTeamEligible', 'MainPointLine', 'SGP']",Madness Props,Total
0ML79092703_3,2,1_79092703,Baylor,+100,2,2.00,1/1,Baylor,Team,True,1279857126,['SGP'],"[{'id': '44466', 'name': 'Baylor', 'type': 'Team'}]",Madness Props,Moneyline
0ML79092703_1,2,1_79092703,Mississippi State,-120,1.83333334,1.83,5/6,Mississippi State,Team,True,1279859122,['SGP'],"[{'id': '42185', 'name': 'Mississippi State', 'type': 'Team'}]",Madness Props,Moneyline
0HC79092773P2350_3,2,2_79092773,Robert Morris,-115,1.86956522,1.86,20/23,23.5,Robert Morris,Team,True,23499,"['ProgressiveParlayTeamEligible', 'MainPointLine', 'SGP']","[{'id': '44588', 'name': 'Robert Morris', 'type': 'Team'}]",Madness Props,Spread
0HC79092773N2350_1,2,2_79092773,Alabama,-105,1.95238096,1.95,20/21,-23.5,Alabama,Team,True,23501,"['ProgressiveParlayTeamEligible', 'MainPointLine', 'SGP']","[{'id': '42858', 'name': 'Alabama', 'type': 'Team'}]",Madness Props,Spread
0OU79092773O16550_1,2,3_79092773,Over,-108,1.92592593,1.92,25/27,165.5,,Unknown,True,165500,"['ProgressiveParlayTeamEligible', 'MainPointLine', 'SGP']",Madness Props,Total
0OU79092773U16550_3,2,3_79092773,Under,-112,1.89285715,1.89,25/28,165.5,,Unknown,True,165502,"['ProgressiveParlayTeamEligible', 'MainPointLine', 'SGP']",Madness Props,Total
0ML79092773_3,2,1_79092773,Robert Morris,+1800,19,19.00,18/1,Robert Morris,Team,True,1279858596,['SGP'],"[{'id': '44588', 'name': 'Robert Morris', 'type': 'Team'}]",Madness Props,Moneyline
0ML79092773_1,2,1_79092773,Alabama,-5000,1.02,1.02,1/50,Alabama,Team,True,1279860592,['SGP'],"[{'id': '42858', 'name': 'Alabama', 'type': 'Team'}]",Madness Props,Moneyline
0HC79092479P1450_3,2,2_79092479,Lipscomb,-102,1.98039216,1.98,50/51,14.5,Lipscomb,Team,True,14499,"['ProgressiveParlayTeamEligible', 'MainPointLine', 'SGP']","[{'id': '43785', 'name': 'Lipscomb', 'type': 'Team'}]",Madness Props,Spread
0HC79092479N1450_1,2,2_79092479,Iowa State,-118,1.84745763,1.84,50/59,-14.5,Iowa State,Team,True,14501,"['ProgressiveParlayTeamEligible', 'MainPointLine', 'SGP']","[{'id': '42961', 'name': 'Iowa State', 'type': 'Team'}]",Madness Props,Spread
0OU79092479O14350_1,2,3_79092479,Over,-105,1.95238096,1.95,20/21,143.5,,Unknown,True,143500,"['ProgressiveParlayTeamEligible', 'MainPointLine', 'SGP']",Madness Props,Total
0OU79092479U14350_3,2,3_79092479,Under,-115,1.86956522,1.86,20/23,143.5,,Unknown,True,143502,"['ProgressiveParlayTeamEligible', 'MainPointLine', 'SGP']",Madness Props,Total
0ML79092479_3,2,1_79092479,Lipscomb,+900,10,10.00,9/1,Lipscomb,Team,True,1279852128,['SGP'],"[{'id': '43785', 'name': 'Lipscomb', 'type': 'Team'}]",Madness Props,Moneyline
0ML79092479_1,2,1_79092479,Iowa State,-1600,1.0625,1.06,1/16,Iowa State,Team,True,1279854124,['SGP'],"[{'id': '42961', 'name': 'Iowa State', 'type': 'Team'}]",Madness Props,Moneyline
0HC79092954N150_3,2,2_79092954,Colorado State,-118,1.84745763,1.84,50/59,-1.5,Colorado State,Team,True,-1501,"['ProgressiveParlayTeamEligible', 'MainPointLine', 'SGP']","[{'id': '45374', 'name': 'Colorado State', 'type': 'Team'}]",Madness Props,Spread
0HC79092954P150_1,2,2_79092954,Memphis,-102,1.98039216,1.98,50/51,1.5,Memphis,Team,True,-1499,"['ProgressiveParlayTeamEligible', 'MainPointLine', 'SGP']","[{'id': '43053', 'name': 'Memphis', 'type': 'Team'}]",Madness Props,Spread
0OU79092954O14750_1,2,3_79092954,Over,-110,1.90909091,1.90,10/11,147.5,,Unknown,True,147500,"['ProgressiveParlayTeamEligible', 'MainPointLine', 'SGP']",Madness Props,Total
0OU79092954U14750_3,2,3_79092954,Under,-110,1.90909091,1.90,10/11,147.5,,Unknown,True,147502,"['ProgressiveParlayTeamEligible', 'MainPointLine', 'SGP']",Madness Props,Total
0ML79092954_3,2,1_79092954,Colorado State,-135,1.74074075,1.74,20/27,Colorado State,Team,True,1279861172,['SGP'],"[{'id': '45374', 'name': 'Colorado State', 'type': 'Team'}]",Madness Props,Moneyline
0ML79092954_1,2,1_79092954,Memphis,+114,2.14,2.14,57/50,Memphis,Team,True,1279863168,['SGP'],"[{'id': '43053', 'name': 'Memphis', 'type': 'Team'}]",Madness Props,Moneyline
0HC79092772P450_3,2,2_79092772,Vanderbilt,-115,1.86956522,1.86,20/23,4.5,Vanderbilt,Team,True,4499,"['ProgressiveParlayTeamEligible', 'MainPointLine', 'SGP']","[{'id': '44513', 'name': 'Vanderbilt', 'type': 'Team'}]",Madness Props,Spread
0HC79092772N450_1,2,2_79092772,Saint Marys,-105,1.95238096,1.95,20/21,-4.5,Saint Marys,Team,True,4501,"['ProgressiveParlayTeamEligible', 'MainPointLine', 'SGP']","[{'id': '41405', 'name': 'Saint Marys', 'type': 'Team'}]",Madness Props,Spread
0OU79092772O13650_1,2,3_79092772,Over,-108,1.92592593,1.92,25/27,136.5,,Unknown,True,136500,"['ProgressiveParlayTeamEligible', 'MainPointLine', 'SGP']",Madness Props,Total
0OU79092772U13650_3,2,3_79092772,Under,-112,1.89285715,1.89,25/28,136.5,,Unknown,True,136502,"['ProgressiveParlayTeamEligible', 'MainPointLine', 'SGP']",Madness Props,Total
0ML79092772_3,2,1_79092772,Vanderbilt,+160,2.6,2.60,8/5,Vanderbilt,Team,True,1279858589,['SGP'],"[{'id': '44513', 'name': 'Vanderbilt', 'type': 'Team'}]",Madness Props,Moneyline
0ML79092772_1,2,1_79092772,Saint Marys,-192,1.52083334,1.52,25/48,Saint Marys,Team,True,1279860585,['SGP'],"[{'id': '41405', 'name': 'Saint Marys', 'type': 'Team'}]",Madness Props,Moneyline
0HC79111741P150_3,2,2_79111741,North Carolina,-110,1.90909091,1.90,10/11,1.5,North Carolina,Team,True,1499,"['ProgressiveParlayTeamEligible', 'MainPointLine', 'SGP']","[{'id': '42450', 'name': 'North Carolina', 'type': 'Team'}]",Madness Props,Spread
0HC79111741N150_1,2,2_79111741,Ole Miss,-110,1.90909091,1.90,10/11,-1.5,Ole Miss,Team,True,1501,"['ProgressiveParlayTeamEligible', 'MainPointLine', 'SGP']","[{'id': '43121', 'name': 'Ole Miss', 'type': 'Team'}]",Madness Props,Spread
0OU79111741O15250_1,2,3_79111741,Over,-110,1.90909091,1.90,10/11,152.5,,Unknown,True,152500,"['ProgressiveParlayTeamEligible', 'MainPointLine', 'SGP']",Madness Props,Total
0OU79111741U15250_3,2,3_79111741,Under,-110,1.90909091,1.90,10/11,152.5,,Unknown,True,152502,"['ProgressiveParlayTeamEligible', 'MainPointLine', 'SGP']",Madness Props,Total
0ML79111741_3,2,1_79111741,North Carolina,+105,2.05,2.05,21/20,North Carolina,Team,True,1280260180,['SGP'],"[{'id': '42450', 'name': 'North Carolina', 'type': 'Team'}]",Madness Props,Moneyline
0ML79111741_1,2,1_79111741,Ole Miss,-125,1.8,1.80,4/5,Ole Miss,Team,True,1280262176,['SGP'],"[{'id': '43121', 'name': 'Ole Miss', 'type': 'Team'}]",Madness Props,Moneyline
0HC79111740P350_3,2,2_79111740,San Diego State,-110,1.90909091,1.90,10/11,3.5,San Diego State,Team,True,3499,"['ProgressiveParlayTeamEligible', 'MainPointLine', 'SGP']","[{'id': '44675', 'name': 'San Diego State', 'type': 'Team'}]",Madness Props,Spread
0HC79111740N350_1,2,2_79111740,Ole Miss,-110,1.90909091,1.90,10/11,-3.5,Ole Miss,Team,True,3501,"['ProgressiveParlayTeamEligible', 'MainPointLine', 'SGP']","[{'id': '43121', 'name': 'Ole Miss', 'type': 'Team'}]",Madness Props,Spread
0OU79111740O13550_1,2,3_79111740,Over,-110,1.90909091,1.90,10/11,135.5,,Unknown,True,135500,"['ProgressiveParlayTeamEligible', 'MainPointLine', 'SGP']",Madness Props,Total
0OU79111740U13550_3,2,3_79111740,Under,-110,1.90909091,1.90,10/11,135.5,,Unknown,True,135502,"['ProgressiveParlayTeamEligible', 'MainPointLine', 'SGP']",Madness Props,Total
0ML79111740_3,2,1_79111740,San Diego State,+150,2.5,2.50,6/4,San Diego State,Team,True,1280260173,['SGP'],"[{'id': '44675', 'name': 'San Diego State', 'type': 'Team'}]",Madness Props,Moneyline
0ML79111740_1,2,1_79111740,Ole Miss,-180,1.55555556,1.55,5/9,Ole Miss,Team,True,1280262169,['SGP'],"[{'id': '43121', 'name': 'Ole Miss', 'type': 'Team'}]",Madness Props,Moneyline
0HC79092960P1050_3,2,2_79092960,Grand Canyon,-115,1.86956522,1.86,20/23,10.5,Grand Canyon,Team,True,10499,"['ProgressiveParlayTeamEligible', 'MainPointLine', 'SGP']","[{'id': '43744', 'name': 'Grand Canyon', 'type': 'Team'}]",Madness Props,Spread
0HC79092960N1050_1,2,2_79092960,Maryland,-105,1.95238096,1.95,20/21,-10.5,Maryland,Team,True,10501,"['ProgressiveParlayTeamEligible', 'MainPointLine', 'SGP']","[{'id': '42635', 'name': 'Maryland', 'type': 'Team'}]",Madness Props,Spread
0OU79092960O15050_1,2,3_79092960,Over,-105,1.95238096,1.95,20/21,150.5,,Unknown,True,150500,"['ProgressiveParlayTeamEligible', 'MainPointLine', 'SGP']",Madness Props,Total
0OU79092960U15050_3,2,3_79092960,Under,-115,1.86956522,1.86,20/23,150.5,,Unknown,True,150502,"['ProgressiveParlayTeamEligible', 'MainPointLine', 'SGP']",Madness Props,Total
0ML79092960_3,2,1_79092960,Grand Canyon,+425,5.25,5.25,17/4,Grand Canyon,Team,True,1279861214,['SGP'],"[{'id': '43744', 'name': 'Grand Canyon', 'type': 'Team'}]",Madness Props,Moneyline
0ML79092960_1,2,1_79092960,Maryland,-575,1.17391305,1.17,4/23,Maryland,Team,True,1279863210,['SGP'],"[{'id': '42635', 'name': 'Maryland', 'type': 'Team'}]",Madness Props,Moneyline
0HC79092952P2850_3,2,2_79092952,Norfolk State,-110,1.90909091,1.90,10/11,28.5,Norfolk State,Team,True,28499,"['ProgressiveParlayTeamEligible', 'MainPointLine', 'SGP']","[{'id': '43965', 'name': 'Norfolk State', 'type': 'Team'}]",Madness Props,Spread
0HC79092952N2850_1,2,2_79092952,Florida,-110,1.90909091,1.90,10/11,-28.5,Florida,Team,True,28501,"['ProgressiveParlayTeamEligible', 'MainPointLine', 'SGP']","[{'id': '44135', 'name': 'Florida', 'type': 'Team'}]",Madness Props,Spread
0OU79092952O15350_1,2,3_79092952,Over,-115,1.86956522,1.86,20/23,153.5,,Unknown,True,153500,"['ProgressiveParlayTeamEligible', 'MainPointLine', 'SGP']",Madness Props,Total
0OU79092952U15350_3,2,3_79092952,Under,-105,1.95238096,1.95,20/21,153.5,,Unknown,True,153502,"['ProgressiveParlayTeamEligible', 'MainPointLine', 'SGP']",Madness Props,Total
0ML79092952_3,2,1_79092952,Norfolk State,+2500,26,26.00,25/1,Norfolk State,Team,True,1279861158,['SGP'],"[{'id': '43965', 'name': 'Norfolk State', 'type': 'Team'}]",Madness Props,Moneyline
0ML79092952_1,2,1_79092952,Florida,-9000,1.01111112,1.01,1/90,Florida,Team,True,1279863154,['SGP'],"[{'id': '44135', 'name': 'Florida', 'type': 'Team'}]",Madness Props,Moneyline
0HC79092941P1150_3,2,2_79092941,Troy,-115,1.86956522,1.86,20/23,11.5,Troy,Team,True,11499,"['ProgressiveParlayTeamEligible', 'MainPointLine', 'SGP']","[{'id': '43481', 'name': 'Troy', 'type': 'Team'}]",Madness Props,Spread
0HC79092941N1150_1,2,2_79092941,Kentucky,-105,1.95238096,1.95,20/21,-11.5,Kentucky,Team,True,11501,"['ProgressiveParlayTeamEligible', 'MainPointLine', 'SGP']","[{'id': '44542', 'name': 'Kentucky', 'type': 'Team'}]",Madness Props,Spread
0OU79092941O15250_1,2,3_79092941,Over,-105,1.95238096,1.95,20/21,152.5,,Unknown,True,152500,"['ProgressiveParlayTeamEligible', 'MainPointLine', 'SGP']",Madness Props,Total
0OU79092941U15250_3,2,3_79092941,Under,-115,1.86956522,1.86,20/23,152.5,,Unknown,True,152502,"['ProgressiveParlayTeamEligible', 'MainPointLine', 'SGP']",Madness Props,Total
0ML79092941_3,2,1_79092941,Troy,+550,6.5,6.50,11/2,Troy,Team,True,1279861081,['SGP'],"[{'id': '43481', 'name': 'Troy', 'type': 'Team'}]",Madness Props,Moneyline
0ML79092941_1,2,1_79092941,Kentucky,-800,1.125,1.12,1/8,Kentucky,Team,True,1279863077,['SGP'],"[{'id': '44542', 'name': 'Kentucky', 'type': 'Team'}]",Madness Props,Moneyline
0HC79092502P350_3,2,2_79092502,New Mexico,-105,1.95238096,1.95,20/21,3.5,New Mexico,Team,True,3499,"['ProgressiveParlayTeamEligible', 'MainPointLine', 'SGP']","[{'id': '44215', 'name': 'New Mexico', 'type': 'Team'}]",Madness Props,Spread
0HC79092502N350_1,2,2_79092502,Marquette,-115,1.86956522,1.86,20/23,-3.5,Marquette,Team,True,3501,"['ProgressiveParlayTeamEligible', 'MainPointLine', 'SGP']","[{'id': '44018', 'name': 'Marquette', 'type': 'Team'}]",Madness Props,Spread
0OU79092502O15350_1,2,3_79092502,Over,-108,1.92592593,1.92,25/27,153.5,,Unknown,True,153500,"['ProgressiveParlayTeamEligible', 'MainPointLine', 'SGP']",Madness Props,Total
0OU79092502U15350_3,2,3_79092502,Under,-112,1.89285715,1.89,25/28,153.5,,Unknown,True,153502,"['ProgressiveParlayTeamEligible', 'MainPointLine', 'SGP']",Madness Props,Total
0ML79092502_3,2,1_79092502,New Mexico,+145,2.45,2.45,29/20,New Mexico,Team,True,1279852583,['SGP'],"[{'id': '44215', 'name': 'New Mexico', 'type': 'Team'}]",Madness Props,Moneyline
0ML79092502_1,2,1_79092502,Marquette,-175,1.57142858,1.57,4/7,Marquette,Team,True,1279854579,['SGP'],"[{'id': '44018', 'name': 'Marquette', 'type': 'Team'}]",Madness Props,Moneyline
0HC79092765P1350_3,2,2_79092765,Akron,-102,1.98039216,1.98,50/51,13.5,Akron,Team,True,13499,"['ProgressiveParlayTeamEligible', 'MainPointLine', 'SGP']","[{'id': '41425', 'name': 'Akron', 'type': 'Team'}]",Madness Props,Spread
0HC79092765N1350_1,2,2_79092765,Arizona,-118,1.84745763,1.84,50/59,-13.5,Arizona,Team,True,13501,"['ProgressiveParlayTeamEligible', 'MainPointLine', 'SGP']","[{'id': '45351', 'name': 'Arizona', 'type': 'Team'}]",Madness Props,Spread
0OU79092765O16650_1,2,3_79092765,Over,-115,1.86956522,1.86,20/23,166.5,,Unknown,True,166500,"['ProgressiveParlayTeamEligible', 'MainPointLine', 'SGP']",Madness Props,Total
0OU79092765U16650_3,2,3_79092765,Under,-105,1.95238096,1.95,20/21,166.5,,Unknown,True,166502,"['ProgressiveParlayTeamEligible', 'MainPointLine', 'SGP']",Madness Props,Total
0ML79092765_3,2,1_79092765,Akron,+750,8.5,8.50,15/2,Akron,Team,True,1279858442,['SGP'],"[{'id': '41425', 'name': 'Akron', 'type': 'Team'}]",Madness Props,Moneyline
0ML79092765_1,2,1_79092765,Arizona,-1200,1.08333334,1.08,1/12,Arizona,Team,True,1279860438,['SGP'],"[{'id': '45351', 'name': 'Arizona', 'type': 'Team'}]",Madness Props,Moneyline
0HC79092953P550_3,2,2_79092953,Oklahoma,-110,1.90909091,1.90,10/11,5.5,Oklahoma,Team,True,5499,"['ProgressiveParlayTeamEligible', 'MainPointLine', 'SGP']","[{'id': '42537', 'name': 'Oklahoma', 'type': 'Team'}]",Madness Props,Spread
0HC79092953N550_1,2,2_79092953,UConn,-110,1.90909091,1.90,10/11,-5.5,UConn,Team,True,5501,"['ProgressiveParlayTeamEligible', 'MainPointLine', 'SGP']","[{'id': '41421', 'name': 'UConn', 'type': 'Team'}]",Madness Props,Spread
0OU79092953O14750_1,2,3_79092953,Over,-112,1.89285715,1.89,25/28,147.5,,Unknown,True,147500,"['ProgressiveParlayTeamEligible', 'MainPointLine', 'SGP']",Madness Props,Total
0OU79092953U14750_3,2,3_79092953,Under,-108,1.92592593,1.92,25/27,147.5,,Unknown,True,147502,"['ProgressiveParlayTeamEligible', 'MainPointLine', 'SGP']",Madness Props,Total
0ML79092953_3,2,1_79092953,Oklahoma,+190,2.9,2.90,19/10,Oklahoma,Team,True,1279861165,['SGP'],"[{'id': '42537', 'name': 'Oklahoma', 'type': 'Team'}]",Madness Props,Moneyline
0ML79092953_1,2,1_79092953,UConn,-230,1.43478261,1.43,10/23,UConn,Team,True,1279863161,['SGP'],"[{'id': '41421', 'name': 'UConn', 'type': 'Team'}]",Madness Props,Moneyline
0HC79092553P1750_3,2,2_79092553,Bryant,-115,1.86956522,1.86,20/23,17.5,Bryant,Team,True,17499,"['ProgressiveParlayTeamEligible', 'MainPointLine', 'SGP']","[{'id': '42187', 'name': 'Bryant', 'type': 'Team'}]",Madness Props,Spread
0HC79092553N1750_1,2,2_79092553,Michigan State,-105,1.95238096,1.95,20/21,-17.5,Michigan State,Team,True,17501,"['ProgressiveParlayTeamEligible', 'MainPointLine', 'SGP']","[{'id': '41925', 'name': 'Michigan State', 'type': 'Team'}]",Madness Props,Spread
0OU79092553O15250_1,2,3_79092553,Over,-110,1.90909091,1.90,10/11,152.5,,Unknown,True,152500,"['ProgressiveParlayTeamEligible', 'MainPointLine', 'SGP']",Madness Props,Total
0OU79092553U15250_3,2,3_79092553,Under,-110,1.90909091,1.90,10/11,152.5,,Unknown,True,152502,"['ProgressiveParlayTeamEligible', 'MainPointLine', 'SGP']",Madness Props,Total
0ML79092553_3,2,1_79092553,Bryant,+1200,13,13.00,12/1,Bryant,Team,True,1279853801,['SGP'],"[{'id': '42187', 'name': 'Bryant', 'type': 'Team'}]",Madness Props,Moneyline
0ML79092553_1,2,1_79092553,Michigan State,-2400,1.04166667,1.04,1/24,Michigan State,Team,True,1279855797,['SGP'],"[{'id': '41925', 'name': 'Michigan State', 'type': 'Team'}]",Madness Props,Moneyline
0HC79092744P750_3,2,2_79092744,Liberty,-115,1.86956522,1.86,20/23,7.5,Liberty,Team,True,7499,"['ProgressiveParlayTeamEligible', 'MainPointLine', 'SGP']","[{'id': '41459', 'name': 'Liberty', 'type': 'Team'}]",Madness Props,Spread
0HC79092744N750_1,2,2_79092744,Oregon,-105,1.95238096,1.95,20/21,-7.5,Oregon,Team,True,7501,"['ProgressiveParlayTeamEligible', 'MainPointLine', 'SGP']","[{'id': '44430', 'name': 'Oregon', 'type': 'Team'}]",Madness Props,Spread
0OU79092744O13950_1,2,3_79092744,Over,-108,1.92592593,1.92,25/27,139.5,,Unknown,True,139500,"['ProgressiveParlayTeamEligible', 'MainPointLine', 'SGP']",Madness Props,Total
0OU79092744U13950_3,2,3_79092744,Under,-112,1.89285715,1.89,25/28,139.5,,Unknown,True,139502,"['ProgressiveParlayTeamEligible', 'MainPointLine', 'SGP']",Madness Props,Total
0ML79092744_3,2,1_79092744,Liberty,+260,3.6,3.60,13/5,Liberty,Team,True,1279858001,['SGP'],"[{'id': '41459', 'name': 'Liberty', 'type': 'Team'}]",Madness Props,Moneyline
0ML79092744_1,2,1_79092744,Oregon,-325,1.30769231,1.30,4/13,Oregon,Team,True,1279859997,['SGP'],"[{'id': '44430', 'name': 'Oregon', 'type': 'Team'}]",Madness Props,Moneyline
0HC79110487N350_3,2,2_79110487,Saint Francis PA,-115,1.86956522,1.86,20/23,-3.5,Saint Francis PA,Team,True,-3501,"['MainPointLine', 'SGP']","[{'id': '41332', 'name': 'Saint Francis PA', 'type': 'Team'}]",Madness Props,Spread
0HC79110487P350_1,2,2_79110487,Alabama State,-115,1.86956522,1.86,20/23,3.5,Alabama State,Team,True,-3499,"['MainPointLine', 'SGP']","[{'id': '42969', 'name': 'Alabama State', 'type': 'Team'}]",Madness Props,Spread
0OU79110487O14650_1,2,3_79110487,Over,-110,1.90909091,1.90,10/11,146.5,,Unknown,True,146500,"['MainPointLine', 'SGP']",Madness Props,Total
0OU79110487U14650_3,2,3_79110487,Under,-120,1.83333334,1.83,5/6,146.5,,Unknown,True,146502,"['MainPointLine', 'SGP']",Madness Props,Total
0ML79110487_3,2,1_79110487,Saint Francis PA,-200,1.5,1.50,1/2,Saint Francis PA,Team,True,1280230384,['SGP'],"[{'id': '41332', 'name': 'Saint Francis PA', 'type': 'Team'}]",Madness Props,Moneyline
0ML79110487_1,2,1_79110487,Alabama State,+154,2.54,2.54,77/50,Alabama State,Team,True,1280232377,['SGP'],"[{'id': '42969', 'name': 'Alabama State', 'type': 'Team'}]",Madness Props,Moneyline
0HC79110488P550_3,2,2_79110488,Kent State,-115,1.86956522,1.86,20/23,5.5,Kent State,Team,True,5499,"['MainPointLine', 'SGP']","[{'id': '43444', 'name': 'Kent State', 'type': 'Team'}]",Madness Props,Spread
0HC79110488N550_1,2,2_79110488,Saint Bonaventure,-115,1.86956522,1.86,20/23,-5.5,Saint Bonaventure,Team,True,5501,"['MainPointLine', 'SGP']","[{'id': '44786', 'name': 'Saint Bonaventure', 'type': 'Team'}]",Madness Props,Spread
0OU79110488O13450_1,2,3_79110488,Over,-115,1.86956522,1.86,20/23,134.5,,Unknown,True,134500,"['MainPointLine', 'SGP']",Madness Props,Total
0OU79110488U13450_3,2,3_79110488,Under,-115,1.86956522,1.86,20/23,134.5,,Unknown,True,134502,"['MainPointLine', 'SGP']",Madness Props,Total
0ML79110488_3,2,1_79110488,Kent State,+210,3.1,3.10,21/10,Kent State,Team,True,1280230388,['SGP'],"[{'id': '43444', 'name': 'Kent State', 'type': 'Team'}]",Madness Props,Moneyline
0ML79110488_1,2,1_79110488,Saint Bonaventure,-280,1.35714286,1.35,5/14,Saint Bonaventure,Team,True,1280232378,['SGP'],"[{'id': '44786', 'name': 'Saint Bonaventure', 'type': 'Team'}]",Madness Props,Moneyline
0HC79110490P250_3,2,2_79110490,Jacksonville State,-115,1.86956522,1.86,20/23,2.5,Jacksonville State,Team,True,2499,"['MainPointLine', 'SGP']","[{'id': '42218', 'name': 'Jacksonville State', 'type': 'Team'}]",Madness Props,Spread
0HC79110490N250_1,2,2_79110490,Georgia Tech,-115,1.86956522,1.86,20/23,-2.5,Georgia Tech,Team,True,2501,"['MainPointLine', 'SGP']","[{'id': '42150', 'name': 'Georgia Tech', 'type': 'Team'}]",Madness Props,Spread
0OU79110490O14950_1,2,3_79110490,Over,-110,1.90909091,1.90,10/11,149.5,,Unknown,True,149500,"['MainPointLine', 'SGP']",Madness Props,Total
0OU79110490U14950_3,2,3_79110490,Under,-120,1.83333334,1.83,5/6,149.5,,Unknown,True,149502,"['MainPointLine', 'SGP']",Madness Props,Total
0ML79110490_3,2,1_79110490,Jacksonville State,+124,2.24,2.24,31/25,Jacksonville State,Team,True,1280230402,['SGP'],"[{'id': '42218', 'name': 'Jacksonville State', 'type': 'Team'}]",Madness Props,Moneyline
0ML79110490_1,2,1_79110490,Georgia Tech,-160,1.625,1.62,5/8,Georgia Tech,Team,True,1280232398,['SGP'],"[{'id': '42150', 'name': 'Georgia Tech', 'type': 'Team'}]",Madness Props,Moneyline
0HC79100355P150_3,2,2_79100355,Chattanooga,-110,1.90909091,1.90,10/11,1.5,Chattanooga,Team,True,1499,"['ProgressiveParlayTeamEligible', 'MainPointLine', 'SGP']","[{'id': '41974', 'name': 'Chattanooga', 'type': 'Team'}]",Madness Props,Spread
0HC79100355N150_1,2,2_79100355,Middle Tennessee,-110,1.90909091,1.90,10/11,-1.5,Middle Tennessee,Team,True,1501,"['ProgressiveParlayTeamEligible', 'MainPointLine', 'SGP']","[{'id': '42683', 'name': 'Middle Tennessee', 'type': 'Team'}]",Madness Props,Spread
0OU79100355O15250_1,2,3_79100355,Over,-115,1.86956522,1.86,20/23,152.5,,Unknown,True,152500,"['ProgressiveParlayTeamEligible', 'MainPointLine', 'SGP']",Madness Props,Total
0OU79100355U15250_3,2,3_79100355,Under,-105,1.95238096,1.95,20/21,152.5,,Unknown,True,152502,"['ProgressiveParlayTeamEligible', 'MainPointLine', 'SGP']",Madness Props,Total
0ML79100355_3,2,1_79100355,Chattanooga,+105,2.05,2.05,21/20,Chattanooga,Team,True,1280025918,['SGP'],"[{'id': '41974', 'name': 'Chattanooga', 'type': 'Team'}]",Madness Props,Moneyline
0ML79100355_1,2,1_79100355,Middle Tennessee,-125,1.8,1.80,4/5,Middle Tennessee,Team,True,1280027914,['SGP'],"[{'id': '42683', 'name': 'Middle Tennessee', 'type': 'Team'}]",Madness Props,Moneyline
0HC79100357P650_3,2,2_79100357,Wichita State,-112,1.89285715,1.89,25/28,6.5,Wichita State,Team,True,6499,"['ProgressiveParlayTeamEligible', 'MainPointLine', 'SGP']","[{'id': '43593', 'name': 'Wichita State', 'type': 'Team'}]",Madness Props,Spread
0HC79100357N650_1,2,2_79100357,Oklahoma State,-108,1.92592593,1.92,25/27,-6.5,Oklahoma State,Team,True,6501,"['ProgressiveParlayTeamEligible', 'MainPointLine', 'SGP']","[{'id': '43141', 'name': 'Oklahoma State', 'type': 'Team'}]",Madness Props,Spread
0OU79100357O15450_1,2,3_79100357,Over,-105,1.95238096,1.95,20/21,154.5,,Unknown,True,154500,"['ProgressiveParlayTeamEligible', 'MainPointLine', 'SGP']",Madness Props,Total
0OU79100357U15450_3,2,3_79100357,Under,-115,1.86956522,1.86,20/23,154.5,,Unknown,True,154502,"['ProgressiveParlayTeamEligible', 'MainPointLine', 'SGP']",Madness Props,Total
0ML79100357_3,2,1_79100357,Wichita State,+230,3.3,3.30,23/10,Wichita State,Team,True,1280025932,['SGP'],"[{'id': '43593', 'name': 'Wichita State', 'type': 'Team'}]",Madness Props,Moneyline
0ML79100357_1,2,1_79100357,Oklahoma State,-285,1.3508772,1.35,20/57,Oklahoma State,Team,True,1280027928,['SGP'],"[{'id': '43141', 'name': 'Oklahoma State', 'type': 'Team'}]",Madness Props,Moneyline
0HC79100359P550_3,2,2_79100359,Saint Louis,-108,1.92592593,1.92,25/27,5.5,Saint Louis,Team,True,5499,"['ProgressiveParlayTeamEligible', 'MainPointLine', 'SGP']","[{'id': '43370', 'name': 'Saint Louis', 'type': 'Team'}]",Madness Props,Spread
0HC79100359N550_1,2,2_79100359,Arkansas State,-112,1.89285715,1.89,25/28,-5.5,Arkansas State,Team,True,5501,"['ProgressiveParlayTeamEligible', 'MainPointLine', 'SGP']","[{'id': '42673', 'name': 'Arkansas State', 'type': 'Team'}]",Madness Props,Spread
0OU79100359O15450_1,2,3_79100359,Over,-105,1.95238096,1.95,20/21,154.5,,Unknown,True,154500,"['ProgressiveParlayTeamEligible', 'MainPointLine', 'SGP']",Madness Props,Total
0OU79100359U15450_3,2,3_79100359,Under,-115,1.86956522,1.86,20/23,154.5,,Unknown,True,154502,"['ProgressiveParlayTeamEligible', 'MainPointLine', 'SGP']",Madness Props,Total
0ML79100359_3,2,1_79100359,Saint Louis,+200,3,3.00,2/1,Saint Louis,Team,True,1280025946,['SGP'],"[{'id': '43370', 'name': 'Saint Louis', 'type': 'Team'}]",Madness Props,Moneyline
0ML79100359_1,2,1_79100359,Arkansas State,-245,1.40816327,1.40,20/49,Arkansas State,Team,True,1280027942,['SGP'],"[{'id': '42673', 'name': 'Arkansas State', 'type': 'Team'}]",Madness Props,Moneyline
0HC79092473N450_3,2,2_79092473,North Carolina,-112,1.89285715,1.89,25/28,-4.5,North Carolina,Team,True,-4501,"['ProgressiveParlayTeamEligible', 'MainPointLine', 'SGP']","[{'id': '42450', 'name': 'North Carolina', 'type': 'Team'}]",Madness Props,Spread
0HC79092473P450_1,2,2_79092473,San Diego State,-108,1.92592593,1.92,25/27,4.5,San Diego State,Team,True,-4499,"['ProgressiveParlayTeamEligible', 'MainPointLine', 'SGP']","[{'id': '44675', 'name': 'San Diego State', 'type': 'Team'}]",Madness Props,Spread
0OU79092473O14150_1,2,3_79092473,Over,-112,1.89285715,1.89,25/28,141.5,,Unknown,True,141500,"['ProgressiveParlayTeamEligible', 'MainPointLine', 'SGP']",Madness Props,Total
0OU79092473U14150_3,2,3_79092473,Under,-108,1.92592593,1.92,25/27,141.5,,Unknown,True,141502,"['ProgressiveParlayTeamEligible', 'MainPointLine', 'SGP']",Madness Props,Total
0ML79092473_3,2,1_79092473,North Carolina,-218,1.4587156,1.45,50/109,North Carolina,Team,True,1279852086,['SGP'],"[{'id': '42450', 'name': 'North Carolina', 'type': 'Team'}]",Madness Props,Moneyline
0ML79092473_1,2,1_79092473,San Diego State,+180,2.8,2.80,9/5,San Diego State,Team,True,1279854082,['SGP'],"[{'id': '44675', 'name': 'San Diego State', 'type': 'Team'}]",Madness Props,Moneyline
0HC79100356P650_3,2,2_79100356,CSUN,-108,1.92592593,1.92,25/27,6.5,CSUN,Team,True,6499,"['ProgressiveParlayTeamEligible', 'MainPointLine', 'SGP']","[{'id': '44653', 'name': 'CSUN', 'type': 'Team'}]",Madness Props,Spread
0HC79100356N650_1,2,2_79100356,Stanford,-112,1.89285715,1.89,25/28,-6.5,Stanford,Team,True,6501,"['ProgressiveParlayTeamEligible', 'MainPointLine', 'SGP']","[{'id': '44739', 'name': 'Stanford', 'type': 'Team'}]",Madness Props,Spread
0OU79100356O15650_1,2,3_79100356,Over,-108,1.92592593,1.92,25/27,156.5,,Unknown,True,156500,"['ProgressiveParlayTeamEligible', 'MainPointLine', 'SGP']",Madness Props,Total
0OU79100356U15650_3,2,3_79100356,Under,-112,1.89285715,1.89,25/28,156.5,,Unknown,True,156502,"['ProgressiveParlayTeamEligible', 'MainPointLine', 'SGP']",Madness Props,Total
0ML79100356_3,2,1_79100356,CSUN,+230,3.3,3.30,23/10,CSUN,Team,True,1280025925,['SGP'],"[{'id': '44653', 'name': 'CSUN', 'type': 'Team'}]",Madness Props,Moneyline
0ML79100356_1,2,1_79100356,Stanford,-285,1.3508772,1.35,20/57,Stanford,Team,True,1280027921,['SGP'],"[{'id': '44739', 'name': 'Stanford', 'type': 'Team'}]",Madness Props,Moneyline
0HC79100358P1050_3,2,2_79100358,UC Riverside,-118,1.84745763,1.84,50/59,10.5,UC Riverside,Team,True,10499,"['ProgressiveParlayTeamEligible', 'MainPointLine', 'SGP']","[{'id': '44279', 'name': 'UC Riverside', 'type': 'Team'}]",Madness Props,Spread
0HC79100358N1050_1,2,2_79100358,Santa Clara,-102,1.98039216,1.98,50/51,-10.5,Santa Clara,Team,True,10501,"['ProgressiveParlayTeamEligible', 'MainPointLine', 'SGP']","[{'id': '42757', 'name': 'Santa Clara', 'type': 'Team'}]",Madness Props,Spread
0OU79100358O15650_1,2,3_79100358,Over,-110,1.90909091,1.90,10/11,156.5,,Unknown,True,156500,"['ProgressiveParlayTeamEligible', 'MainPointLine', 'SGP']",Madness Props,Total
0OU79100358U15650_3,2,3_79100358,Under,-110,1.90909091,1.90,10/11,156.5,,Unknown,True,156502,"['ProgressiveParlayTeamEligible', 'MainPointLine', 'SGP']",Madness Props,Total
0ML79100358_3,2,1_79100358,UC Riverside,+440,5.4,5.40,22/5,UC Riverside,Team,True,1280025939,['SGP'],"[{'id': '44279', 'name': 'UC Riverside', 'type': 'Team'}]",Madness Props,Moneyline
0ML79100358_1,2,1_79100358,Santa Clara,-600,1.16666667,1.16,1/6,Santa Clara,Team,True,1280027935,['SGP'],"[{'id': '42757', 'name': 'Santa Clara', 'type': 'Team'}]",Madness Props,Moneyline
0HC79092702P250_3,2,2_79092702,Mount Saint Marys,-112,1.89285715,1.89,25/28,2.5,Mount Saint Marys,Team,True,2499,"['ProgressiveParlayTeamEligible', 'MainPointLine', 'SGP']","[{'id': '42025', 'name': 'Mount Saint Marys', 'type': 'Team'}]",Madness Props,Spread
0HC79092702N250_1,2,2_79092702,American,-108,1.92592593,1.92,25/27,-2.5,American,Team,True,2501,"['ProgressiveParlayTeamEligible', 'MainPointLine', 'SGP']","[{'id': '41874', 'name': 'American', 'type': 'Team'}]",Madness Props,Spread
0OU79092702O12950_1,2,3_79092702,Over,-105,1.95238096,1.95,20/21,129.5,,Unknown,True,129500,"['ProgressiveParlayTeamEligible', 'MainPointLine', 'SGP']",Madness Props,Total
0OU79092702U12950_3,2,3_79092702,Under,-115,1.86956522,1.86,20/23,129.5,,Unknown,True,129502,"['ProgressiveParlayTeamEligible', 'MainPointLine', 'SGP']",Madness Props,Total
0ML79092702_3,2,1_79092702,Mount Saint Marys,+120,2.2,2.20,6/5,Mount Saint Marys,Team,True,1279857119,['SGP'],"[{'id': '42025', 'name': 'Mount Saint Marys', 'type': 'Team'}]",Madness Props,Moneyline
0ML79092702_1,2,1_79092702,American,-142,1.70422536,1.70,50/71,American,Team,True,1279859115,['SGP'],"[{'id': '41874', 'name': 'American', 'type': 'Team'}]",Madness Props,Moneyline
0HC79100363P750_3,2,2_79100363,Samford,-110,1.90909091,1.90,10/11,7.5,Samford,Team,True,7499,"['ProgressiveParlayTeamEligible', 'MainPointLine', 'SGP']","[{'id': '42759', 'name': 'Samford', 'type': 'Team'}]",Madness Props,Spread
0HC79100363N750_1,2,2_79100363,George Mason,-110,1.90909091,1.90,10/11,-7.5,George Mason,Team,True,7501,"['ProgressiveParlayTeamEligible', 'MainPointLine', 'SGP']","[{'id': '41752', 'name': 'George Mason', 'type': 'Team'}]",Madness Props,Spread
0OU79100363O14750_1,2,3_79100363,Over,-110,1.90909091,1.90,10/11,147.5,,Unknown,True,147500,"['ProgressiveParlayTeamEligible', 'MainPointLine', 'SGP']",Madness Props,Total
0OU79100363U14750_3,2,3_79100363,Under,-110,1.90909091,1.90,10/11,147.5,,Unknown,True,147502,"['ProgressiveParlayTeamEligible', 'MainPointLine', 'SGP']",Madness Props,Total
0ML79100363_3,2,1_79100363,Samford,+270,3.7,3.70,27/10,Samford,Team,True,1280025967,['SGP'],"[{'id': '42759', 'name': 'Samford', 'type': 'Team'}]",Madness Props,Moneyline
0ML79100363_1,2,1_79100363,George Mason,-340,1.29411765,1.29,5/17,George Mason,Team,True,1280027963,['SGP'],"[{'id': '41752', 'name': 'George Mason', 'type': 'Team'}]",Madness Props,Moneyline
0HC79100365P550_3,2,2_79100365,UAB,-115,1.86956522,1.86,20/23,5.5,UAB,Team,True,5499,"['ProgressiveParlayTeamEligible', 'MainPointLine', 'SGP']","[{'id': '42938', 'name': 'UAB', 'type': 'Team'}]",Madness Props,Spread
0HC79100365N550_1,2,2_79100365,Saint Josephs,-105,1.95238096,1.95,20/21,-5.5,Saint Josephs,Team,True,5501,"['ProgressiveParlayTeamEligible', 'MainPointLine', 'SGP']","[{'id': '42231', 'name': 'Saint Josephs', 'type': 'Team'}]",Madness Props,Spread
0OU79100365O15550_1,2,3_79100365,Over,-110,1.90909091,1.90,10/11,155.5,,Unknown,True,155500,"['ProgressiveParlayTeamEligible', 'MainPointLine', 'SGP']",Madness Props,Total
0OU79100365U15550_3,2,3_79100365,Under,-110,1.90909091,1.90,10/11,155.5,,Unknown,True,155502,"['ProgressiveParlayTeamEligible', 'MainPointLine', 'SGP']",Madness Props,Total
0ML79100365_3,2,1_79100365,UAB,+195,2.95,2.95,39/20,UAB,Team,True,1280025981,['SGP'],"[{'id': '42938', 'name': 'UAB', 'type': 'Team'}]",Madness Props,Moneyline
0ML79100365_1,2,1_79100365,Saint Josephs,-238,1.42016807,1.42,50/119,Saint Josephs,Team,True,1280027977,['SGP'],"[{'id': '42231', 'name': 'Saint Josephs', 'type': 'Team'}]",Madness Props,Moneyline
0HC79100362P100_3,2,2_79100362,Florida Atlantic,-115,1.86956522,1.86,20/23,1,Florida Atlantic,Team,True,999,"['ProgressiveParlayTeamEligible', 'MainPointLine', 'SGP']","[{'id': '44945', 'name': 'Florida Atlantic', 'type': 'Team'}]",Madness Props,Spread
0HC79100362N100_1,2,2_79100362,Dayton,-105,1.95238096,1.95,20/21,-1,Dayton,Team,True,1001,"['ProgressiveParlayTeamEligible', 'MainPointLine', 'SGP']","[{'id': '44880', 'name': 'Dayton', 'type': 'Team'}]",Madness Props,Spread
0OU79100362O15050_1,2,3_79100362,Over,-115,1.86956522,1.86,20/23,150.5,,Unknown,True,150500,"['ProgressiveParlayTeamEligible', 'MainPointLine', 'SGP']",Madness Props,Total
0OU79100362U15050_3,2,3_79100362,Under,-105,1.95238096,1.95,20/21,150.5,,Unknown,True,150502,"['ProgressiveParlayTeamEligible', 'MainPointLine', 'SGP']",Madness Props,Total
0ML79100362_3,2,1_79100362,Florida Atlantic,-102,1.98039216,1.98,50/51,Florida Atlantic,Team,True,1280025960,['SGP'],"[{'id': '44945', 'name': 'Florida Atlantic', 'type': 'Team'}]",Madness Props,Moneyline
0ML79100362_1,2,1_79100362,Dayton,-118,1.84745763,1.84,50/59,Dayton,Team,True,1280027956,['SGP'],"[{'id': '44880', 'name': 'Dayton', 'type': 'Team'}]",Madness Props,Moneyline
0HC79100364P850_3,2,2_79100364,Furman,-112,1.89285715,1.89,25/28,8.5,Furman,Team,True,8499,"['ProgressiveParlayTeamEligible', 'MainPointLine', 'SGP']","[{'id': '41709', 'name': 'Furman', 'type': 'Team'}]",Madness Props,Spread
0HC79100364N850_1,2,2_79100364,North Texas,-108,1.92592593,1.92,25/27,-8.5,North Texas,Team,True,8501,"['ProgressiveParlayTeamEligible', 'MainPointLine', 'SGP']","[{'id': '43192', 'name': 'North Texas', 'type': 'Team'}]",Madness Props,Spread
0OU79100364O13050_1,2,3_79100364,Over,-110,1.90909091,1.90,10/11,130.5,,Unknown,True,130500,"['ProgressiveParlayTeamEligible', 'MainPointLine', 'SGP']",Madness Props,Total
0OU79100364U13050_3,2,3_79100364,Under,-110,1.90909091,1.90,10/11,130.5,,Unknown,True,130502,"['ProgressiveParlayTeamEligible', 'MainPointLine', 'SGP']",Madness Props,Total
0ML79100364_3,2,1_79100364,Furman,+295,3.95,3.95,59/20,Furman,Team,True,1280025988,['SGP'],"[{'id': '41709', 'name': 'Furman', 'type': 'Team'}]",Madness Props,Moneyline
0ML79100364_1,2,1_79100364,North Texas,-375,1.26666667,1.26,4/15,North Texas,Team,True,1280027984,['SGP'],"[{'id': '43192', 'name': 'North Texas', 'type': 'Team'}]",Madness Props,Moneyline
0HC79100361P250_3,2,2_79100361,North Alabama,-108,1.92592593,1.92,25/27,2.5,North Alabama,Team,True,2499,"['ProgressiveParlayTeamEligible', 'MainPointLine', 'SGP']","[{'id': '42768', 'name': 'North Alabama', 'type': 'Team'}]",Madness Props,Spread
0HC79100361N250_1,2,2_79100361,Bradley,-112,1.89285715,1.89,25/28,-2.5,Bradley,Team,True,2501,"['ProgressiveParlayTeamEligible', 'MainPointLine', 'SGP']","[{'id': '45258', 'name': 'Bradley', 'type': 'Team'}]",Madness Props,Spread
0OU79100361O14550_1,2,3_79100361,Over,-108,1.92592593,1.92,25/27,145.5,,Unknown,True,145500,"['ProgressiveParlayTeamEligible', 'MainPointLine', 'SGP']",Madness Props,Total
0OU79100361U14550_3,2,3_79100361,Under,-112,1.89285715,1.89,25/28,145.5,,Unknown,True,145502,"['ProgressiveParlayTeamEligible', 'MainPointLine', 'SGP']",Madness Props,Total
0ML79100361_3,2,1_79100361,North Alabama,+124,2.24,2.24,31/25,North Alabama,Team,True,1280025974,['SGP'],"[{'id': '42768', 'name': 'North Alabama', 'type': 'Team'}]",Madness Props,Moneyline
0ML79100361_1,2,1_79100361,Bradley,-148,1.67567568,1.67,25/37,Bradley,Team,True,1280027970,['SGP'],"[{'id': '45258', 'name': 'Bradley', 'type': 'Team'}]",Madness Props,Moneyline
0HC79100368P1050_3,2,2_79100368,Northern Iowa,-115,1.86956522,1.86,20/23,10.5,Northern Iowa,Team,True,10499,"['ProgressiveParlayTeamEligible', 'MainPointLine', 'SGP']","[{'id': '43276', 'name': 'Northern Iowa', 'type': 'Team'}]",Madness Props,Spread
0HC79100368N1050_1,2,2_79100368,SMU,-105,1.95238096,1.95,20/21,-10.5,SMU,Team,True,10501,"['ProgressiveParlayTeamEligible', 'MainPointLine', 'SGP']","[{'id': '41637', 'name': 'SMU', 'type': 'Team'}]",Madness Props,Spread
0OU79100368O14550_1,2,3_79100368,Over,-115,1.86956522,1.86,20/23,145.5,,Unknown,True,145500,"['ProgressiveParlayTeamEligible', 'MainPointLine', 'SGP']",Madness Props,Total
0OU79100368U14550_3,2,3_79100368,Under,-105,1.95238096,1.95,20/21,145.5,,Unknown,True,145502,"['ProgressiveParlayTeamEligible', 'MainPointLine', 'SGP']",Madness Props,Total
0ML79100368_3,2,1_79100368,Northern Iowa,+440,5.4,5.40,22/5,Northern Iowa,Team,True,1280026016,['SGP'],"[{'id': '43276', 'name': 'Northern Iowa', 'type': 'Team'}]",Madness Props,Moneyline
0ML79100368_1,2,1_79100368,SMU,-600,1.16666667,1.16,1/6,SMU,Team,True,1280028006,['SGP'],"[{'id': '41637', 'name': 'SMU', 'type': 'Team'}]",Madness Props,Moneyline
0HC79092938N250_3,2,2_79092938,Xavier,-120,1.83333334,1.83,5/6,-2.5,Xavier,Team,True,-2501,"['ProgressiveParlayTeamEligible', 'MainPointLine', 'SGP']","[{'id': '44042', 'name': 'Xavier', 'type': 'Team'}]",Madness Props,Spread
0HC79092938P250_1,2,2_79092938,Texas,+100,2,2.00,1/1,2.5,Texas,Team,True,-2499,"['ProgressiveParlayTeamEligible', 'MainPointLine', 'SGP']","[{'id': '43429', 'name': 'Texas', 'type': 'Team'}]",Madness Props,Spread
0OU79092938O15150_1,2,3_79092938,Over,-110,1.90909091,1.90,10/11,151.5,,Unknown,True,151500,"['ProgressiveParlayTeamEligible', 'MainPointLine', 'SGP']",Madness Props,Total
0OU79092938U15150_3,2,3_79092938,Under,-110,1.90909091,1.90,10/11,151.5,,Unknown,True,151502,"['ProgressiveParlayTeamEligible', 'MainPointLine', 'SGP']",Madness Props,Total
0ML79092938_3,2,1_79092938,Xavier,-166,1.60240964,1.60,50/83,Xavier,Team,True,1279861060,['SGP'],"[{'id': '44042', 'name': 'Xavier', 'type': 'Team'}]",Madness Props,Moneyline
0ML79092938_1,2,1_79092938,Texas,+140,2.4,2.40,7/5,Texas,Team,True,1279863056,['SGP'],"[{'id': '43429', 'name': 'Texas', 'type': 'Team'}]",Madness Props,Moneyline
0HC79100367P750_3,2,2_79100367,Northern Colorado,-112,1.89285715,1.89,25/28,7.5,Northern Colorado,Team,True,7499,"['ProgressiveParlayTeamEligible', 'MainPointLine', 'SGP']","[{'id': '42600', 'name': 'Northern Colorado', 'type': 'Team'}]",Madness Props,Spread
0HC79100367N750_1,2,2_79100367,UC Irvine,-108,1.92592593,1.92,25/27,-7.5,UC Irvine,Team,True,7501,"['ProgressiveParlayTeamEligible', 'MainPointLine', 'SGP']","[{'id': '44593', 'name': 'UC Irvine', 'type': 'Team'}]",Madness Props,Spread
0OU79100367O15150_1,2,3_79100367,Over,-105,1.95238096,1.95,20/21,151.5,,Unknown,True,151500,"['ProgressiveParlayTeamEligible', 'MainPointLine', 'SGP']",Madness Props,Total
0OU79100367U15150_3,2,3_79100367,Under,-115,1.86956522,1.86,20/23,151.5,,Unknown,True,151502,"['ProgressiveParlayTeamEligible', 'MainPointLine', 'SGP']",Madness Props,Total
0ML79100367_3,2,1_79100367,Northern Colorado,+270,3.7,3.70,27/10,Northern Colorado,Team,True,1280026002,['SGP'],"[{'id': '42600', 'name': 'Northern Colorado', 'type': 'Team'}]",Madness Props,Moneyline
0ML79100367_1,2,1_79100367,UC Irvine,-340,1.29411765,1.29,5/17,UC Irvine,Team,True,1280027998,['SGP'],"[{'id': '44593', 'name': 'UC Irvine', 'type': 'Team'}]",Madness Props,Moneyline
0HC79100369P750_3,2,2_79100369,Utah Valley,-108,1.92592593,1.92,25/27,7.5,Utah Valley,Team,True,7499,"['ProgressiveParlayTeamEligible', 'MainPointLine', 'SGP']","[{'id': '44362', 'name': 'Utah Valley', 'type': 'Team'}]",Madness Props,Spread
0HC79100369N750_1,2,2_79100369,San Francisco,-112,1.89285715,1.89,25/28,-7.5,San Francisco,Team,True,7501,"['ProgressiveParlayTeamEligible', 'MainPointLine', 'SGP']","[{'id': '44575', 'name': 'San Francisco', 'type': 'Team'}]",Madness Props,Spread
0OU79100369O14650_1,2,3_79100369,Over,-105,1.95238096,1.95,20/21,146.5,,Unknown,True,146500,"['ProgressiveParlayTeamEligible', 'MainPointLine', 'SGP']",Madness Props,Total
0OU79100369U14650_3,2,3_79100369,Under,-115,1.86956522,1.86,20/23,146.5,,Unknown,True,146502,"['ProgressiveParlayTeamEligible', 'MainPointLine', 'SGP']",Madness Props,Total
0ML79100369_3,2,1_79100369,Utah Valley,+275,3.75,3.75,11/4,Utah Valley,Team,True,1280026011,['SGP'],"[{'id': '44362', 'name': 'Utah Valley', 'type': 'Team'}]",Madness Props,Moneyline
0ML79100369_1,2,1_79100369,San Francisco,-345,1.28985508,1.28,20/69,San Francisco,Team,True,1280028005,['SGP'],"[{'id': '44575', 'name': 'San Francisco', 'type': 'Team'}]",Madness Props,Moneyline
0HC79100366N250_3,2,2_79100366,Loyola Chicago,-118,1.84745763,1.84,50/59,-2.5,Loyola Chicago,Team,True,-2501,"['ProgressiveParlayTeamEligible', 'MainPointLine', 'SGP']","[{'id': '43985', 'name': 'Loyola Chicago', 'type': 'Team'}]",Madness Props,Spread
0HC79100366P250_1,2,2_79100366,San Jose State,-102,1.98039216,1.98,50/51,2.5,San Jose State,Team,True,-2499,"['ProgressiveParlayTeamEligible', 'MainPointLine', 'SGP']","[{'id': '41391', 'name': 'San Jose State', 'type': 'Team'}]",Madness Props,Spread
0OU79100366O14050_1,2,3_79100366,Over,-115,1.86956522,1.86,20/23,140.5,,Unknown,True,140500,"['ProgressiveParlayTeamEligible', 'MainPointLine', 'SGP']",Madness Props,Total
0OU79100366U14050_3,2,3_79100366,Under,-105,1.95238096,1.95,20/21,140.5,,Unknown,True,140502,"['ProgressiveParlayTeamEligible', 'MainPointLine', 'SGP']",Madness Props,Total
0ML79100366_3,2,1_79100366,Loyola Chicago,-142,1.70422536,1.70,50/71,Loyola Chicago,Team,True,1280025995,['SGP'],"[{'id': '43985', 'name': 'Loyola Chicago', 'type': 'Team'}]",Madness Props,Moneyline
0ML79100366_1,2,1_79100366,San Jose State,+120,2.2,2.20,6/5,San Jose State,Team,True,1280027991,['SGP'],"[{'id': '41391', 'name': 'San Jose State', 'type': 'Team'}]",Madness Props,Moneyline
0HC79092456P250_3,2,2_79092456,Creighton,-110,1.90909091,1.90,10/11,2.5,Creighton,Team,True,2499,"['ProgressiveParlayTeamEligible', 'MainPointLine', 'SGP']","[{'id': '43875', 'name': 'Creighton', 'type': 'Team'}]",Madness Props,Spread
0HC79092456N250_1,2,2_79092456,Louisville,-110,1.90909091,1.90,10/11,-2.5,Louisville,Team,True,2501,"['ProgressiveParlayTeamEligible', 'MainPointLine', 'SGP']","[{'id': '41477', 'name': 'Louisville', 'type': 'Team'}]",Madness Props,Spread
0OU79092456O14450_1,2,3_79092456,Over,-110,1.90909091,1.90,10/11,144.5,,Unknown,True,144500,"['ProgressiveParlayTeamEligible', 'MainPointLine', 'SGP']",Madness Props,Total
0OU79092456U14450_3,2,3_79092456,Under,-110,1.90909091,1.90,10/11,144.5,,Unknown,True,144502,"['ProgressiveParlayTeamEligible', 'MainPointLine', 'SGP']",Madness Props,Total
0ML79092456_3,2,1_79092456,Creighton,+120,2.2,2.20,6/5,Creighton,Team,True,1279851890,['SGP'],"[{'id': '43875', 'name': 'Creighton', 'type': 'Team'}]",Madness Props,Moneyline
0ML79092456_1,2,1_79092456,Louisville,-142,1.70422536,1.70,50/71,Louisville,Team,True,1279853886,['SGP'],"[{'id': '41477', 'name': 'Louisville', 'type': 'Team'}]",Madness Props,Moneyline
0HC79092925P750_3,2,2_79092925,High Point,-102,1.98039216,1.98,50/51,7.5,High Point,Team,True,7499,"['ProgressiveParlayTeamEligible', 'MainPointLine', 'SGP']","[{'id': '45137', 'name': 'High Point', 'type': 'Team'}]",Madness Props,Spread
0HC79092925N750_1,2,2_79092925,Purdue,-118,1.84745763,1.84,50/59,-7.5,Purdue,Team,True,7501,"['ProgressiveParlayTeamEligible', 'MainPointLine', 'SGP']","[{'id': '42127', 'name': 'Purdue', 'type': 'Team'}]",Madness Props,Spread
0OU79092925O15350_1,2,3_79092925,Over,-105,1.95238096,1.95,20/21,153.5,,Unknown,True,153500,"['ProgressiveParlayTeamEligible', 'MainPointLine', 'SGP']",Madness Props,Total
0OU79092925U15350_3,2,3_79092925,Under,-115,1.86956522,1.86,20/23,153.5,,Unknown,True,153502,"['ProgressiveParlayTeamEligible', 'MainPointLine', 'SGP']",Madness Props,Total
0ML79092925_3,2,1_79092925,High Point,+295,3.95,3.95,59/20,High Point,Team,True,1279860143,['SGP'],"[{'id': '45137', 'name': 'High Point', 'type': 'Team'}]",Madness Props,Moneyline
0ML79092925_1,2,1_79092925,Purdue,-375,1.26666667,1.26,4/15,Purdue,Team,True,1279862139,['SGP'],"[{'id': '42127', 'name': 'Purdue', 'type': 'Team'}]",Madness Props,Moneyline
0HC79092767P1750_3,2,2_79092767,Montana,-115,1.86956522,1.86,20/23,17.5,Montana,Team,True,17499,"['ProgressiveParlayTeamEligible', 'MainPointLine', 'SGP']","[{'id': '42575', 'name': 'Montana', 'type': 'Team'}]",Madness Props,Spread
0HC79092767N1750_1,2,2_79092767,Wisconsin,-105,1.95238096,1.95,20/21,-17.5,Wisconsin,Team,True,17501,"['ProgressiveParlayTeamEligible', 'MainPointLine', 'SGP']","[{'id': '43620', 'name': 'Wisconsin', 'type': 'Team'}]",Madness Props,Spread
0OU79092767O15250_1,2,3_79092767,Over,-105,1.95238096,1.95,20/21,152.5,,Unknown,True,152500,"['ProgressiveParlayTeamEligible', 'MainPointLine']",Madness Props,Total
0OU79092767U15250_3,2,3_79092767,Under,-115,1.86956522,1.86,20/23,152.5,,Unknown,True,152502,"['ProgressiveParlayTeamEligible', 'MainPointLine', 'SGP']",Madness Props,Total
0ML79092767_3,2,1_79092767,Montana,+1200,13,13.00,12/1,Montana,Team,True,1279858456,['SGP'],"[{'id': '42575', 'name': 'Montana', 'type': 'Team'}]",Madness Props,Moneyline
0ML79092767_1,2,1_79092767,Wisconsin,-2400,1.04166667,1.04,1/24,Wisconsin,Team,True,1279860452,['SGP'],"[{'id': '43620', 'name': 'Wisconsin', 'type': 'Team'}]",Madness Props,Moneyline
0HC79092890P2950_3,2,2_79092890,SIU Edwardsville,-115,1.86956522,1.86,20/23,29.5,SIU Edwardsville,Team,True,29499,"['ProgressiveParlayTeamEligible', 'MainPointLine', 'SGP']","[{'id': '43647', 'name': 'SIU Edwardsville', 'type': 'Team'}]",Madness Props,Spread
0HC79092890N2950_1,2,2_79092890,Houston,-105,1.95238096,1.95,20/21,-29.5,Houston,Team,True,29501,"['ProgressiveParlayTeamEligible', 'MainPointLine', 'SGP']","[{'id': '43043', 'name': 'Houston', 'type': 'Team'}]",Madness Props,Spread
0OU79092890O12650_1,2,3_79092890,Over,-108,1.92592593,1.92,25/27,126.5,,Unknown,True,126500,"['ProgressiveParlayTeamEligible', 'MainPointLine', 'SGP']",Madness Props,Total
0OU79092890U12650_3,2,3_79092890,Under,-112,1.89285715,1.89,25/28,126.5,,Unknown,True,126502,"['ProgressiveParlayTeamEligible', 'MainPointLine', 'SGP']",Madness Props,Total
0HC79092912P750_3,2,2_79092912,McNeese,-110,1.90909091,1.90,10/11,7.5,McNeese,Team,True,7499,"['ProgressiveParlayTeamEligible', 'MainPointLine', 'SGP']","[{'id': '41412', 'name': 'McNeese', 'type': 'Team'}]",Madness Props,Spread
0HC79092912N750_1,2,2_79092912,Clemson,-110,1.90909091,1.90,10/11,-7.5,Clemson,Team,True,7501,"['ProgressiveParlayTeamEligible', 'MainPointLine', 'SGP']","[{'id': '41619', 'name': 'Clemson', 'type': 'Team'}]",Madness Props,Spread
0OU79092912O13450_1,2,3_79092912,Over,-105,1.95238096,1.95,20/21,134.5,,Unknown,True,134500,"['ProgressiveParlayTeamEligible', 'MainPointLine', 'SGP']",Madness Props,Total
0OU79092912U13450_3,2,3_79092912,Under,-115,1.86956522,1.86,20/23,134.5,,Unknown,True,134502,"['ProgressiveParlayTeamEligible', 'MainPointLine', 'SGP']",Madness Props,Total
0ML79092912_3,2,1_79092912,McNeese,+275,3.75,3.75,11/4,McNeese,Team,True,1279860136,['SGP'],"[{'id': '41412', 'name': 'McNeese', 'type': 'Team'}]",Madness Props,Moneyline
0ML79092912_1,2,1_79092912,Clemson,-345,1.28985508,1.28,20/69,Clemson,Team,True,1279862132,['SGP'],"[{'id': '41619', 'name': 'Clemson', 'type': 'Team'}]",Madness Props,Moneyline
0HC79092766P250_3,2,2_79092766,VCU,-102,1.98039216,1.98,50/51,2.5,VCU,Team,True,2499,"['ProgressiveParlayTeamEligible', 'MainPointLine', 'SGP']","[{'id': '42328', 'name': 'VCU', 'type': 'Team'}]",Madness Props,Spread
0HC79092766N250_1,2,2_79092766,BYU,-118,1.84745763,1.84,50/59,-2.5,BYU,Team,True,2501,"['ProgressiveParlayTeamEligible', 'MainPointLine', 'SGP']","[{'id': '44811', 'name': 'BYU', 'type': 'Team'}]",Madness Props,Spread
0OU79092766O14650_1,2,3_79092766,Over,-105,1.95238096,1.95,20/21,146.5,,Unknown,True,146500,"['ProgressiveParlayTeamEligible', 'MainPointLine', 'SGP']",Madness Props,Total
0OU79092766U14650_3,2,3_79092766,Under,-115,1.86956522,1.86,20/23,146.5,,Unknown,True,146502,"['ProgressiveParlayTeamEligible', 'MainPointLine', 'SGP']",Madness Props,Total
0ML79092766_3,2,1_79092766,VCU,+130,2.3,2.30,13/10,VCU,Team,True,1279858449,['SGP'],"[{'id': '42328', 'name': 'VCU', 'type': 'Team'}]",Madness Props,Moneyline
0ML79092766_1,2,1_79092766,BYU,-155,1.6451613,1.64,20/31,BYU,Team,True,1279860445,['SGP'],"[{'id': '44811', 'name': 'BYU', 'type': 'Team'}]",Madness Props,Moneyline
0HC79093078P550_3,2,2_79093078,Georgia,-102,1.98039216,1.98,50/51,5.5,Georgia Bulldogs,Team,True,5499,"['ProgressiveParlayTeamEligible', 'MainPointLine', 'SGP']","[{'id': '42478', 'name': 'Georgia Bulldogs', 'type': 'Team'}]",Madness Props,Spread
0HC79093078N550_1,2,2_79093078,Gonzaga,-118,1.84745763,1.84,50/59,-5.5,Gonzaga,Team,True,5501,"['ProgressiveParlayTeamEligible', 'MainPointLine', 'SGP']","[{'id': '44154', 'name': 'Gonzaga', 'type': 'Team'}]",Madness Props,Spread
0OU79093078O15050_1,2,3_79093078,Over,-112,1.89285715,1.89,25/28,150.5,,Unknown,True,150500,"['ProgressiveParlayTeamEligible', 'MainPointLine', 'SGP']",Madness Props,Total
0OU79093078U15050_3,2,3_79093078,Under,-108,1.92592593,1.92,25/27,150.5,,Unknown,True,150502,"['ProgressiveParlayTeamEligible', 'MainPointLine', 'SGP']",Madness Props,Total
0ML79093078_3,2,1_79093078,Georgia,+215,3.15,3.15,43/20,Georgia Bulldogs,Team,True,1279863188,['SGP'],"[{'id': '42478', 'name': 'Georgia Bulldogs', 'type': 'Team'}]",Madness Props,Moneyline
0ML79093078_1,2,1_79093078,Gonzaga,-265,1.3773585,1.37,20/53,Gonzaga,Team,True,1279865184,['SGP'],"[{'id': '44154', 'name': 'Gonzaga', 'type': 'Team'}]",Madness Props,Moneyline
0HC79092949P1850_3,2,2_79092949,Wofford,-108,1.92592593,1.92,25/27,18.5,Wofford,Team,True,18499,"['ProgressiveParlayTeamEligible', 'MainPointLine', 'SGP']","[{'id': '42442', 'name': 'Wofford', 'type': 'Team'}]",Madness Props,Spread
0HC79092949N1850_1,2,2_79092949,Tennessee,-112,1.89285715,1.89,25/28,-18.5,Tennessee,Team,True,18501,"['ProgressiveParlayTeamEligible', 'MainPointLine', 'SGP']","[{'id': '42305', 'name': 'Tennessee', 'type': 'Team'}]",Madness Props,Spread
0OU79092949O13250_1,2,3_79092949,Over,-115,1.86956522,1.86,20/23,132.5,,Unknown,True,132500,"['ProgressiveParlayTeamEligible', 'MainPointLine', 'SGP']",Madness Props,Total
0OU79092949U13250_3,2,3_79092949,Under,-105,1.95238096,1.95,20/21,132.5,,Unknown,True,132502,"['ProgressiveParlayTeamEligible', 'MainPointLine', 'SGP']",Madness Props,Total
0ML79092949_3,2,1_79092949,Wofford,+1500,16,16.00,15/1,Wofford,Team,True,1279861137,['SGP'],"[{'id': '42442', 'name': 'Wofford', 'type': 'Team'}]",Madness Props,Moneyline
0ML79092949_1,2,1_79092949,Tennessee,-3600,1.02777778,1.02,1/36,Tennessee,Team,True,1279863133,['SGP'],"[{'id': '42305', 'name': 'Tennessee', 'type': 'Team'}]",Madness Props,Moneyline
0HC79092964P450_3,2,2_79092964,Arkansas,-110,1.90909091,1.90,10/11,4.5,Arkansas,Team,True,4499,"['ProgressiveParlayTeamEligible', 'MainPointLine', 'SGP']","[{'id': '42107', 'name': 'Arkansas', 'type': 'Team'}]",Madness Props,Spread
0HC79092964N450_1,2,2_79092964,Kansas,-110,1.90909091,1.90,10/11,-4.5,Kansas,Team,True,4501,"['ProgressiveParlayTeamEligible', 'MainPointLine', 'SGP']","[{'id': '41920', 'name': 'Kansas', 'type': 'Team'}]",Madness Props,Spread
0OU79092964O14550_1,2,3_79092964,Over,-115,1.86956522,1.86,20/23,145.5,,Unknown,True,145500,"['ProgressiveParlayTeamEligible', 'MainPointLine', 'SGP']",Madness Props,Total
0OU79092964U14550_3,2,3_79092964,Under,-105,1.95238096,1.95,20/21,145.5,,Unknown,True,145502,"['ProgressiveParlayTeamEligible', 'MainPointLine', 'SGP']",Madness Props,Total
0ML79092964_3,2,1_79092964,Arkansas,+164,2.64,2.64,41/25,Arkansas,Team,True,1279861242,['SGP'],"[{'id': '42107', 'name': 'Arkansas', 'type': 'Team'}]",Madness Props,Moneyline
0ML79092964_1,2,1_79092964,Kansas,-198,1.50505051,1.50,50/99,Kansas,Team,True,1279863238,['SGP'],"[{'id': '41920', 'name': 'Kansas', 'type': 'Team'}]",Madness Props,Moneyline
0HC79092474P750_3,2,2_79092474,Yale,-115,1.86956522,1.86,20/23,7.5,Yale,Team,True,7499,"['ProgressiveParlayTeamEligible', 'MainPointLine', 'SGP']","[{'id': '42873', 'name': 'Yale', 'type': 'Team'}]",Madness Props,Spread
0HC79092474N750_1,2,2_79092474,Texas A&M,-105,1.95238096,1.95,20/21,-7.5,Texas A&M,Team,True,7501,"['ProgressiveParlayTeamEligible', 'MainPointLine', 'SGP']","[{'id': '44866', 'name': 'Texas A&M', 'type': 'Team'}]",Madness Props,Spread
0OU79092474O13950_1,2,3_79092474,Over,-115,1.86956522,1.86,20/23,139.5,,Unknown,True,139500,"['ProgressiveParlayTeamEligible', 'MainPointLine', 'SGP']",Madness Props,Total
0OU79092474U13950_3,2,3_79092474,Under,-105,1.95238096,1.95,20/21,139.5,,Unknown,True,139502,"['ProgressiveParlayTeamEligible', 'MainPointLine', 'SGP']",Madness Props,Total
0ML79092474_3,2,1_79092474,Yale,+260,3.6,3.60,13/5,Yale,Team,True,1279852093,['SGP'],"[{'id': '42873', 'name': 'Yale', 'type': 'Team'}]",Madness Props,Moneyline
0ML79092474_1,2,1_79092474,Texas A&M,-325,1.30769231,1.30,4/13,Texas A&M,Team,True,1279854089,['SGP'],"[{'id': '44866', 'name': 'Texas A&M', 'type': 'Team'}]",Madness Props,Moneyline
0HC79092959P650_3,2,2_79092959,Drake,-112,1.89285715,1.89,25/28,6.5,Drake,Team,True,6499,"['ProgressiveParlayTeamEligible', 'MainPointLine', 'SGP']","[{'id': '41573', 'name': 'Drake', 'type': 'Team'}]",Madness Props,Spread
0HC79092959N650_1,2,2_79092959,Missouri,-108,1.92592593,1.92,25/27,-6.5,Missouri,Team,True,6501,"['ProgressiveParlayTeamEligible', 'MainPointLine', 'SGP']","[{'id': '43114', 'name': 'Missouri', 'type': 'Team'}]",Madness Props,Spread
0OU79092959O13250_1,2,3_79092959,Over,-108,1.92592593,1.92,25/27,132.5,,Unknown,True,132500,"['ProgressiveParlayTeamEligible', 'MainPointLine', 'SGP']",Madness Props,Total
0OU79092959U13250_3,2,3_79092959,Under,-112,1.89285715,1.89,25/28,132.5,,Unknown,True,132502,"['ProgressiveParlayTeamEligible', 'MainPointLine', 'SGP']",Madness Props,Total
0ML79092959_3,2,1_79092959,Drake,+220,3.2,3.20,11/5,Drake,Team,True,1279861207,['SGP'],"[{'id': '41573', 'name': 'Drake', 'type': 'Team'}]",Madness Props,Moneyline
0ML79092959_1,2,1_79092959,Missouri,-270,1.37037038,1.37,10/27,Missouri,Team,True,1279863203,['SGP'],"[{'id': '43114', 'name': 'Missouri', 'type': 'Team'}]",Madness Props,Moneyline
0HC79092948P550_3,2,2_79092948,Utah State,-112,1.89285715,1.89,25/28,5.5,Utah State,Team,True,5499,"['ProgressiveParlayTeamEligible', 'MainPointLine', 'SGP']","[{'id': '44224', 'name': 'Utah State', 'type': 'Team'}]",Madness Props,Spread
0HC79092948N550_1,2,2_79092948,UCLA,-108,1.92592593,1.92,25/27,-5.5,UCLA,Team,True,5501,"['ProgressiveParlayTeamEligible', 'MainPointLine', 'SGP']","[{'id': '44331', 'name': 'UCLA', 'type': 'Team'}]",Madness Props,Spread
0OU79092948O14350_1,2,3_79092948,Over,-115,1.86956522,1.86,20/23,143.5,,Unknown,True,143500,"['ProgressiveParlayTeamEligible', 'MainPointLine', 'SGP']",Madness Props,Total
0OU79092948U14350_3,2,3_79092948,Under,-105,1.95238096,1.95,20/21,143.5,,Unknown,True,143502,"['ProgressiveParlayTeamEligible', 'MainPointLine', 'SGP']",Madness Props,Total
0ML79092948_3,2,1_79092948,Utah State,+190,2.9,2.90,19/10,Utah State,Team,True,1279861130,['SGP'],"[{'id': '44224', 'name': 'Utah State', 'type': 'Team'}]",Madness Props,Moneyline
0ML79092948_1,2,1_79092948,UCLA,-230,1.43478261,1.43,10/23,UCLA,Team,True,1279863126,['SGP'],"[{'id': '44331', 'name': 'UCLA', 'type': 'Team'}]",Madness Props,Moneyline
0HC79092965P1850_3,2,2_79092965,Omaha,-108,1.92592593,1.92,25/27,18.5,Omaha,Team,True,18499,"['ProgressiveParlayTeamEligible', 'MainPointLine', 'SGP']","[{'id': '43093', 'name': 'Omaha', 'type': 'Team'}]",Madness Props,Spread
0HC79092965N1850_1,2,2_79092965,St. Johns,-112,1.89285715,1.89,25/28,-18.5,St. Johns,Team,True,18501,"['ProgressiveParlayTeamEligible', 'MainPointLine', 'SGP']","[{'id': '41392', 'name': 'St. Johns', 'type': 'Team'}]",Madness Props,Spread
0OU79092965O14750_1,2,3_79092965,Over,-115,1.86956522,1.86,20/23,147.5,,Unknown,True,147500,"['ProgressiveParlayTeamEligible', 'MainPointLine', 'SGP']",Madness Props,Total
0OU79092965U14750_3,2,3_79092965,Under,-105,1.95238096,1.95,20/21,147.5,,Unknown,True,147502,"['ProgressiveParlayTeamEligible', 'MainPointLine', 'SGP']",Madness Props,Total
0ML79092965_3,2,1_79092965,Omaha,+1500,16,16.00,15/1,Omaha,Team,True,1279861249,['SGP'],"[{'id': '43093', 'name': 'Omaha', 'type': 'Team'}]",Madness Props,Moneyline
0ML79092965_1,2,1_79092965,St. Johns,-3600,1.02777778,1.02,1/36,St. Johns,Team,True,1279863245,['SGP'],"[{'id': '41392', 'name': 'St. Johns', 'type': 'Team'}]",Madness Props,Moneyline
0HC79092459P250_3,2,2_79092459,UC San Diego,-108,1.92592593,1.92,25/27,2.5,UC San Diego,Team,True,2499,"['ProgressiveParlayTeamEligible', 'MainPointLine', 'SGP']","[{'id': '302038', 'name': 'UC San Diego', 'type': 'Team'}]",Madness Props,Spread
0HC79092459N250_1,2,2_79092459,Michigan,-112,1.89285715,1.89,25/28,-2.5,Michigan,Team,True,2501,"['ProgressiveParlayTeamEligible', 'MainPointLine', 'SGP']","[{'id': '43956', 'name': 'Michigan', 'type': 'Team'}]",Madness Props,Spread
0OU79092459O14250_1,2,3_79092459,Over,-108,1.92592593,1.92,25/27,142.5,,Unknown,True,142500,"['ProgressiveParlayTeamEligible', 'MainPointLine', 'SGP']",Madness Props,Total
0OU79092459U14250_3,2,3_79092459,Under,-112,1.89285715,1.89,25/28,142.5,,Unknown,True,142502,"['ProgressiveParlayTeamEligible', 'MainPointLine', 'SGP']",Madness Props,Total
0ML79092459_3,2,1_79092459,UC San Diego,+124,2.24,2.24,31/25,UC San Diego,Team,True,1279851932,['SGP'],"[{'id': '302038', 'name': 'UC San Diego', 'type': 'Team'}]",Madness Props,Moneyline
0ML79092459_1,2,1_79092459,Michigan,-148,1.67567568,1.67,25/37,Michigan,Team,True,1279853928,['SGP'],"[{'id': '43956', 'name': 'Michigan', 'type': 'Team'}]",Madness Props,Moneyline
0HC79092963P1550_3,2,2_79092963,UNC Wilmington,-108,1.92592593,1.92,25/27,15.5,UNC Wilmington,Team,True,15499,"['ProgressiveParlayTeamEligible', 'MainPointLine', 'SGP']","[{'id': '42593', 'name': 'UNC Wilmington', 'type': 'Team'}]",Madness Props,Spread
0HC79092963N1550_1,2,2_79092963,Texas Tech,-112,1.89285715,1.89,25/28,-15.5,Texas Tech,Team,True,15501,"['ProgressiveParlayTeamEligible', 'MainPointLine', 'SGP']","[{'id': '42835', 'name': 'Texas Tech', 'type': 'Team'}]",Madness Props,Spread
0OU79092963O14350_1,2,3_79092963,Over,-112,1.89285715,1.89,25/28,143.5,,Unknown,True,143500,"['ProgressiveParlayTeamEligible', 'MainPointLine', 'SGP']",Madness Props,Total
0OU79092963U14350_3,2,3_79092963,Under,-108,1.92592593,1.92,25/27,143.5,,Unknown,True,143502,"['ProgressiveParlayTeamEligible', 'MainPointLine', 'SGP']",Madness Props,Total
0ML79092963_3,2,1_79092963,UNC Wilmington,+1000,11,11.00,10/1,UNC Wilmington,Team,True,1279861235,['SGP'],"[{'id': '42593', 'name': 'UNC Wilmington', 'type': 'Team'}]",Madness Props,Moneyline
0ML79092963_1,2,1_79092963,Texas Tech,-1800,1.05555556,1.05,1/18,Texas Tech,Team,True,1279863231,['SGP'],"[{'id': '42835', 'name': 'Texas Tech', 'type': 'Team'}]",Madness Props,Moneyline
0HC79092703P100_3,2,2_79092703,Baylor,-108,1.92592593,1.92,25/27,1,Baylor,Team,True,999,"['ProgressiveParlayTeamEligible', 'MainPointLine', 'SGP']","[{'id': '44466', 'name': 'Baylor', 'type': 'Team'}]",Madness Props,Spread
0HC79092703N100_1,2,2_79092703,Mississippi State,-112,1.89285715,1.89,25/28,-1,Mississippi State,Team,True,1001,"['ProgressiveParlayTeamEligible', 'MainPointLine', 'SGP']","[{'id': '42185', 'name': 'Mississippi State', 'type': 'Team'}]",Madness Props,Spread
0OU79092703O14450_1,2,3_79092703,Over,-110,1.90909091,1.90,10/11,144.5,,Unknown,True,144500,"['ProgressiveParlayTeamEligible', 'MainPointLine', 'SGP']",Madness Props,Total
0OU79092703U14450_3,2,3_79092703,Under,-110,1.90909091,1.90,10/11,144.5,,Unknown,True,144502,"['ProgressiveParlayTeamEligible', 'MainPointLine', 'SGP']",Madness Props,Total
0ML79092703_3,2,1_79092703,Baylor,+100,2,2.00,1/1,Baylor,Team,True,1279857126,['SGP'],"[{'id': '44466', 'name': 'Baylor', 'type': 'Team'}]",Madness Props,Moneyline
0ML79092703_1,2,1_79092703,Mississippi State,-120,1.83333334,1.83,5/6,Mississippi State,Team,True,1279859122,['SGP'],"[{'id': '42185', 'name': 'Mississippi State', 'type': 'Team'}]",Madness Props,Moneyline
0HC79092773P2350_3,2,2_79092773,Robert Morris,-115,1.86956522,1.86,20/23,23.5,Robert Morris,Team,True,23499,"['ProgressiveParlayTeamEligible', 'MainPointLine', 'SGP']","[{'id': '44588', 'name': 'Robert Morris', 'type': 'Team'}]",Madness Props,Spread
0HC79092773N2350_1,2,2_79092773,Alabama,-105,1.95238096,1.95,20/21,-23.5,Alabama,Team,True,23501,"['ProgressiveParlayTeamEligible', 'MainPointLine', 'SGP']","[{'id': '42858', 'name': 'Alabama', 'type': 'Team'}]",Madness Props,Spread
0OU79092773O16550_1,2,3_79092773,Over,-108,1.92592593,1.92,25/27,165.5,,Unknown,True,165500,"['ProgressiveParlayTeamEligible', 'MainPointLine', 'SGP']",Madness Props,Total
0OU79092773U16550_3,2,3_79092773,Under,-112,1.89285715,1.89,25/28,165.5,,Unknown,True,165502,"['ProgressiveParlayTeamEligible', 'MainPointLine', 'SGP']",Madness Props,Total
0ML79092773_3,2,1_79092773,Robert Morris,+1800,19,19.00,18/1,Robert Morris,Team,True,1279858596,['SGP'],"[{'id': '44588', 'name': 'Robert Morris', 'type': 'Team'}]",Madness Props,Moneyline
0ML79092773_1,2,1_79092773,Alabama,-5000,1.02,1.02,1/50,Alabama,Team,True,1279860592,['SGP'],"[{'id': '42858', 'name': 'Alabama', 'type': 'Team'}]",Madness Props,Moneyline
0HC79092479P1450_3,2,2_79092479,Lipscomb,-102,1.98039216,1.98,50/51,14.5,Lipscomb,Team,True,14499,"['ProgressiveParlayTeamEligible', 'MainPointLine', 'SGP']","[{'id': '43785', 'name': 'Lipscomb', 'type': 'Team'}]",Madness Props,Spread
0HC79092479N1450_1,2,2_79092479,Iowa State,-118,1.84745763,1.84,50/59,-14.5,Iowa State,Team,True,14501,"['ProgressiveParlayTeamEligible', 'MainPointLine', 'SGP']","[{'id': '42961', 'name': 'Iowa State', 'type': 'Team'}]",Madness Props,Spread
0OU79092479O14350_1,2,3_79092479,Over,-105,1.95238096,1.95,20/21,143.5,,Unknown,True,143500,"['ProgressiveParlayTeamEligible', 'MainPointLine', 'SGP']",Madness Props,Total
0OU79092479U14350_3,2,3_79092479,Under,-115,1.86956522,1.86,20/23,143.5,,Unknown,True,143502,"['ProgressiveParlayTeamEligible', 'MainPointLine', 'SGP']",Madness Props,Total
0ML79092479_3,2,1_79092479,Lipscomb,+900,10,10.00,9/1,Lipscomb,Team,True,1279852128,['SGP'],"[{'id': '43785', 'name': 'Lipscomb', 'type': 'Team'}]",Madness Props,Moneyline
0ML79092479_1,2,1_79092479,Iowa State,-1600,1.0625,1.06,1/16,Iowa State,Team,True,1279854124,['SGP'],"[{'id': '42961', 'name': 'Iowa State', 'type': 'Team'}]",Madness Props,Moneyline
0HC79092954N150_3,2,2_79092954,Colorado State,-118,1.84745763,1.84,50/59,-1.5,Colorado State,Team,True,-1501,"['ProgressiveParlayTeamEligible', 'MainPointLine', 'SGP']","[{'id': '45374', 'name': 'Colorado State', 'type': 'Team'}]",Madness Props,Spread
0HC79092954P150_1,2,2_79092954,Memphis,-102,1.98039216,1.98,50/51,1.5,Memphis,Team,True,-1499,"['ProgressiveParlayTeamEligible', 'MainPointLine', 'SGP']","[{'id': '43053', 'name': 'Memphis', 'type': 'Team'}]",Madness Props,Spread
0OU79092954O14750_1,2,3_79092954,Over,-110,1.90909091,1.90,10/11,147.5,,Unknown,True,147500,"['ProgressiveParlayTeamEligible', 'MainPointLine', 'SGP']",Madness Props,Total
0OU79092954U14750_3,2,3_79092954,Under,-110,1.90909091,1.90,10/11,147.5,,Unknown,True,147502,"['ProgressiveParlayTeamEligible', 'MainPointLine', 'SGP']",Madness Props,Total
0ML79092954_3,2,1_79092954,Colorado State,-135,1.74074075,1.74,20/27,Colorado State,Team,True,1279861172,['SGP'],"[{'id': '45374', 'name': 'Colorado State', 'type': 'Team'}]",Madness Props,Moneyline
0ML79092954_1,2,1_79092954,Memphis,+114,2.14,2.14,57/50,Memphis,Team,True,1279863168,['SGP'],"[{'id': '43053', 'name': 'Memphis', 'type': 'Team'}]",Madness Props,Moneyline
0HC79092772P450_3,2,2_79092772,Vanderbilt,-115,1.86956522,1.86,20/23,4.5,Vanderbilt,Team,True,4499,"['ProgressiveParlayTeamEligible', 'MainPointLine', 'SGP']","[{'id': '44513', 'name': 'Vanderbilt', 'type': 'Team'}]",Madness Props,Spread
0HC79092772N450_1,2,2_79092772,Saint Marys,-105,1.95238096,1.95,20/21,-4.5,Saint Marys,Team,True,4501,"['ProgressiveParlayTeamEligible', 'MainPointLine', 'SGP']","[{'id': '41405', 'name': 'Saint Marys', 'type': 'Team'}]",Madness Props,Spread
0OU79092772O13650_1,2,3_79092772,Over,-108,1.92592593,1.92,25/27,136.5,,Unknown,True,136500,"['ProgressiveParlayTeamEligible', 'MainPointLine', 'SGP']",Madness Props,Total
0OU79092772U13650_3,2,3_79092772,Under,-112,1.89285715,1.89,25/28,136.5,,Unknown,True,136502,"['ProgressiveParlayTeamEligible', 'MainPointLine', 'SGP']",Madness Props,Total
0ML79092772_3,2,1_79092772,Vanderbilt,+160,2.6,2.60,8/5,Vanderbilt,Team,True,1279858589,['SGP'],"[{'id': '44513', 'name': 'Vanderbilt', 'type': 'Team'}]",Madness Props,Moneyline
0ML79092772_1,2,1_79092772,Saint Marys,-192,1.52083334,1.52,25/48,Saint Marys,Team,True,1279860585,['SGP'],"[{'id': '41405', 'name': 'Saint Marys', 'type': 'Team'}]",Madness Props,Moneyline
0HC79111741P150_3,2,2_79111741,North Carolina,-110,1.90909091,1.90,10/11,1.5,North Carolina,Team,True,1499,"['ProgressiveParlayTeamEligible', 'MainPointLine', 'SGP']","[{'id': '42450', 'name': 'North Carolina', 'type': 'Team'}]",Madness Props,Spread
0HC79111741N150_1,2,2_79111741,Ole Miss,-110,1.90909091,1.90,10/11,-1.5,Ole Miss,Team,True,1501,"['ProgressiveParlayTeamEligible', 'MainPointLine', 'SGP']","[{'id': '43121', 'name': 'Ole Miss', 'type': 'Team'}]",Madness Props,Spread
0OU79111741O15250_1,2,3_79111741,Over,-110,1.90909091,1.90,10/11,152.5,,Unknown,True,152500,"['ProgressiveParlayTeamEligible', 'MainPointLine', 'SGP']",Madness Props,Total
0OU79111741U15250_3,2,3_79111741,Under,-110,1.90909091,1.90,10/11,152.5,,Unknown,True,152502,"['ProgressiveParlayTeamEligible', 'MainPointLine', 'SGP']",Madness Props,Total
0ML79111741_3,2,1_79111741,North Carolina,+105,2.05,2.05,21/20,North Carolina,Team,True,1280260180,['SGP'],"[{'id': '42450', 'name': 'North Carolina', 'type': 'Team'}]",Madness Props,Moneyline
0ML79111741_1,2,1_79111741,Ole Miss,-125,1.8,1.80,4/5,Ole Miss,Team,True,1280262176,['SGP'],"[{'id': '43121', 'name': 'Ole Miss', 'type': 'Team'}]",Madness Props,Moneyline
0HC79111740P350_3,2,2_79111740,San Diego State,-110,1.90909091,1.90,10/11,3.5,San Diego State,Team,True,3499,"['ProgressiveParlayTeamEligible', 'MainPointLine', 'SGP']","[{'id': '44675', 'name': 'San Diego State', 'type': 'Team'}]",Madness Props,Spread
0HC79111740N350_1,2,2_79111740,Ole Miss,-110,1.90909091,1.90,10/11,-3.5,Ole Miss,Team,True,3501,"['ProgressiveParlayTeamEligible', 'MainPointLine', 'SGP']","[{'id': '43121', 'name': 'Ole Miss', 'type': 'Team'}]",Madness Props,Spread
0OU79111740O13550_1,2,3_79111740,Over,-110,1.90909091,1.90,10/11,135.5,,Unknown,True,135500,"['ProgressiveParlayTeamEligible', 'MainPointLine', 'SGP']",Madness Props,Total
0OU79111740U13550_3,2,3_79111740,Under,-110,1.90909091,1.90,10/11,135.5,,Unknown,True,135502,"['ProgressiveParlayTeamEligible', 'MainPointLine', 'SGP']",Madness Props,Total
0ML79111740_3,2,1_79111740,San Diego State,+150,2.5,2.50,6/4,San Diego State,Team,True,1280260173,['SGP'],"[{'id': '44675', 'name': 'San Diego State', 'type': 'Team'}]",Madness Props,Moneyline
0ML79111740_1,2,1_79111740,Ole Miss,-180,1.55555556,1.55,5/9,Ole Miss,Team,True,1280262169,['SGP'],"[{'id': '43121', 'name': 'Ole Miss', 'type': 'Team'}]",Madness Props,Moneyline
0HC79092960P1050_3,2,2_79092960,Grand Canyon,-115,1.86956522,1.86,20/23,10.5,Grand Canyon,Team,True,10499,"['ProgressiveParlayTeamEligible', 'MainPointLine', 'SGP']","[{'id': '43744', 'name': 'Grand Canyon', 'type': 'Team'}]",Madness Props,Spread
0HC79092960N1050_1,2,2_79092960,Maryland,-105,1.95238096,1.95,20/21,-10.5,Maryland,Team,True,10501,"['ProgressiveParlayTeamEligible', 'MainPointLine', 'SGP']","[{'id': '42635', 'name': 'Maryland', 'type': 'Team'}]",Madness Props,Spread
0OU79092960O15050_1,2,3_79092960,Over,-105,1.95238096,1.95,20/21,150.5,,Unknown,True,150500,"['ProgressiveParlayTeamEligible', 'MainPointLine', 'SGP']",Madness Props,Total
0OU79092960U15050_3,2,3_79092960,Under,-115,1.86956522,1.86,20/23,150.5,,Unknown,True,150502,"['ProgressiveParlayTeamEligible', 'MainPointLine', 'SGP']",Madness Props,Total
0ML79092960_3,2,1_79092960,Grand Canyon,+425,5.25,5.25,17/4,Grand Canyon,Team,True,1279861214,['SGP'],"[{'id': '43744', 'name': 'Grand Canyon', 'type': 'Team'}]",Madness Props,Moneyline
0ML79092960_1,2,1_79092960,Maryland,-575,1.17391305,1.17,4/23,Maryland,Team,True,1279863210,['SGP'],"[{'id': '42635', 'name': 'Maryland', 'type': 'Team'}]",Madness Props,Moneyline
0HC79092952P2850_3,2,2_79092952,Norfolk State,-110,1.90909091,1.90,10/11,28.5,Norfolk State,Team,True,28499,"['ProgressiveParlayTeamEligible', 'MainPointLine', 'SGP']","[{'id': '43965', 'name': 'Norfolk State', 'type': 'Team'}]",Madness Props,Spread
0HC79092952N2850_1,2,2_79092952,Florida,-110,1.90909091,1.90,10/11,-28.5,Florida,Team,True,28501,"['ProgressiveParlayTeamEligible', 'MainPointLine', 'SGP']","[{'id': '44135', 'name': 'Florida', 'type': 'Team'}]",Madness Props,Spread
0OU79092952O15350_1,2,3_79092952,Over,-115,1.86956522,1.86,20/23,153.5,,Unknown,True,153500,"['ProgressiveParlayTeamEligible', 'MainPointLine', 'SGP']",Madness Props,Total
0OU79092952U15350_3,2,3_79092952,Under,-105,1.95238096,1.95,20/21,153.5,,Unknown,True,153502,"['ProgressiveParlayTeamEligible', 'MainPointLine', 'SGP']",Madness Props,Total
0ML79092952_3,2,1_79092952,Norfolk State,+2500,26,26.00,25/1,Norfolk State,Team,True,1279861158,['SGP'],"[{'id': '43965', 'name': 'Norfolk State', 'type': 'Team'}]",Madness Props,Moneyline
0ML79092952_1,2,1_79092952,Florida,-9000,1.01111112,1.01,1/90,Florida,Team,True,1279863154,['SGP'],"[{'id': '44135', 'name': 'Florida', 'type': 'Team'}]",Madness Props,Moneyline
0HC79092941P1150_3,2,2_79092941,Troy,-115,1.86956522,1.86,20/23,11.5,Troy,Team,True,11499,"['ProgressiveParlayTeamEligible', 'MainPointLine', 'SGP']","[{'id': '43481', 'name': 'Troy', 'type': 'Team'}]",Madness Props,Spread
0HC79092941N1150_1,2,2_79092941,Kentucky,-105,1.95238096,1.95,20/21,-11.5,Kentucky,Team,True,11501,"['ProgressiveParlayTeamEligible', 'MainPointLine', 'SGP']","[{'id': '44542', 'name': 'Kentucky', 'type': 'Team'}]",Madness Props,Spread
0OU79092941O15250_1,2,3_79092941,Over,-105,1.95238096,1.95,20/21,152.5,,Unknown,True,152500,"['ProgressiveParlayTeamEligible', 'MainPointLine', 'SGP']",Madness Props,Total
0OU79092941U15250_3,2,3_79092941,Under,-115,1.86956522,1.86,20/23,152.5,,Unknown,True,152502,"['ProgressiveParlayTeamEligible', 'MainPointLine', 'SGP']",Madness Props,Total
0ML79092941_3,2,1_79092941,Troy,+550,6.5,6.50,11/2,Troy,Team,True,1279861081,['SGP'],"[{'id': '43481', 'name': 'Troy', 'type': 'Team'}]",Madness Props,Moneyline
0ML79092941_1,2,1_79092941,Kentucky,-800,1.125,1.12,1/8,Kentucky,Team,True,1279863077,['SGP'],"[{'id': '44542', 'name': 'Kentucky', 'type': 'Team'}]",Madness Props,Moneyline
0HC79092502P350_3,2,2_79092502,New Mexico,-105,1.95238096,1.95,20/21,3.5,New Mexico,Team,True,3499,"['ProgressiveParlayTeamEligible', 'MainPointLine', 'SGP']","[{'id': '44215', 'name': 'New Mexico', 'type': 'Team'}]",Madness Props,Spread
0HC79092502N350_1,2,2_79092502,Marquette,-115,1.86956522,1.86,20/23,-3.5,Marquette,Team,True,3501,"['ProgressiveParlayTeamEligible', 'MainPointLine', 'SGP']","[{'id': '44018', 'name': 'Marquette', 'type': 'Team'}]",Madness Props,Spread
0OU79092502O15350_1,2,3_79092502,Over,-108,1.92592593,1.92,25/27,153.5,,Unknown,True,153500,"['ProgressiveParlayTeamEligible', 'MainPointLine', 'SGP']",Madness Props,Total
0OU79092502U15350_3,2,3_79092502,Under,-112,1.89285715,1.89,25/28,153.5,,Unknown,True,153502,"['ProgressiveParlayTeamEligible', 'MainPointLine', 'SGP']",Madness Props,Total
0ML79092502_3,2,1_79092502,New Mexico,+145,2.45,2.45,29/20,New Mexico,Team,True,1279852583,['SGP'],"[{'id': '44215', 'name': 'New Mexico', 'type': 'Team'}]",Madness Props,Moneyline
0ML79092502_1,2,1_79092502,Marquette,-175,1.57142858,1.57,4/7,Marquette,Team,True,1279854579,['SGP'],"[{'id': '44018', 'name': 'Marquette', 'type': 'Team'}]",Madness Props,Moneyline
0HC79092765P1350_3,2,2_79092765,Akron,-102,1.98039216,1.98,50/51,13.5,Akron,Team,True,13499,"['ProgressiveParlayTeamEligible', 'MainPointLine', 'SGP']","[{'id': '41425', 'name': 'Akron', 'type': 'Team'}]",Madness Props,Spread
0HC79092765N1350_1,2,2_79092765,Arizona,-118,1.84745763,1.84,50/59,-13.5,Arizona,Team,True,13501,"['ProgressiveParlayTeamEligible', 'MainPointLine', 'SGP']","[{'id': '45351', 'name': 'Arizona', 'type': 'Team'}]",Madness Props,Spread
0OU79092765O16650_1,2,3_79092765,Over,-115,1.86956522,1.86,20/23,166.5,,Unknown,True,166500,"['ProgressiveParlayTeamEligible', 'MainPointLine', 'SGP']",Madness Props,Total
0OU79092765U16650_3,2,3_79092765,Under,-105,1.95238096,1.95,20/21,166.5,,Unknown,True,166502,"['ProgressiveParlayTeamEligible', 'MainPointLine', 'SGP']",Madness Props,Total
0ML79092765_3,2,1_79092765,Akron,+750,8.5,8.50,15/2,Akron,Team,True,1279858442,['SGP'],"[{'id': '41425', 'name': 'Akron', 'type': 'Team'}]",Madness Props,Moneyline
0ML79092765_1,2,1_79092765,Arizona,-1200,1.08333334,1.08,1/12,Arizona,Team,True,1279860438,['SGP'],"[{'id': '45351', 'name': 'Arizona', 'type': 'Team'}]",Madness Props,Moneyline
0HC79092953P550_3,2,2_79092953,Oklahoma,-110,1.90909091,1.90,10/11,5.5,Oklahoma,Team,True,5499,"['ProgressiveParlayTeamEligible', 'MainPointLine', 'SGP']","[{'id': '42537', 'name': 'Oklahoma', 'type': 'Team'}]",Madness Props,Spread
0HC79092953N550_1,2,2_79092953,UConn,-110,1.90909091,1.90,10/11,-5.5,UConn,Team,True,5501,"['ProgressiveParlayTeamEligible', 'MainPointLine', 'SGP']","[{'id': '41421', 'name': 'UConn', 'type': 'Team'}]",Madness Props,Spread
0OU79092953O14750_1,2,3_79092953,Over,-112,1.89285715,1.89,25/28,147.5,,Unknown,True,147500,"['ProgressiveParlayTeamEligible', 'MainPointLine', 'SGP']",Madness Props,Total
0OU79092953U14750_3,2,3_79092953,Under,-108,1.92592593,1.92,25/27,147.5,,Unknown,True,147502,"['ProgressiveParlayTeamEligible', 'MainPointLine', 'SGP']",Madness Props,Total
0ML79092953_3,2,1_79092953,Oklahoma,+190,2.9,2.90,19/10,Oklahoma,Team,True,1279861165,['SGP'],"[{'id': '42537', 'name': 'Oklahoma', 'type': 'Team'}]",Madness Props,Moneyline
0ML79092953_1,2,1_79092953,UConn,-230,1.43478261,1.43,10/23,UConn,Team,True,1279863161,['SGP'],"[{'id': '41421', 'name': 'UConn', 'type': 'Team'}]",Madness Props,Moneyline
0HC79092553P1750_3,2,2_79092553,Bryant,-115,1.86956522,1.86,20/23,17.5,Bryant,Team,True,17499,"['ProgressiveParlayTeamEligible', 'MainPointLine', 'SGP']","[{'id': '42187', 'name': 'Bryant', 'type': 'Team'}]",Madness Props,Spread
0HC79092553N1750_1,2,2_79092553,Michigan State,-105,1.95238096,1.95,20/21,-17.5,Michigan State,Team,True,17501,"['ProgressiveParlayTeamEligible', 'MainPointLine', 'SGP']","[{'id': '41925', 'name': 'Michigan State', 'type': 'Team'}]",Madness Props,Spread
0OU79092553O15250_1,2,3_79092553,Over,-110,1.90909091,1.90,10/11,152.5,,Unknown,True,152500,"['ProgressiveParlayTeamEligible', 'MainPointLine', 'SGP']",Madness Props,Total
0OU79092553U15250_3,2,3_79092553,Under,-110,1.90909091,1.90,10/11,152.5,,Unknown,True,152502,"['ProgressiveParlayTeamEligible', 'MainPointLine', 'SGP']",Madness Props,Total
0ML79092553_3,2,1_79092553,Bryant,+1200,13,13.00,12/1,Bryant,Team,True,1279853801,['SGP'],"[{'id': '42187', 'name': 'Bryant', 'type': 'Team'}]",Madness Props,Moneyline
0ML79092553_1,2,1_79092553,Michigan State,-2400,1.04166667,1.04,1/24,Michigan State,Team,True,1279855797,['SGP'],"[{'id': '41925', 'name': 'Michigan State', 'type': 'Team'}]",Madness Props,Moneyline
0HC79092744P750_3,2,2_79092744,Liberty,-115,1.86956522,1.86,20/23,7.5,Liberty,Team,True,7499,"['ProgressiveParlayTeamEligible', 'MainPointLine', 'SGP']","[{'id': '41459', 'name': 'Liberty', 'type': 'Team'}]",Madness Props,Spread
0HC79092744N750_1,2,2_79092744,Oregon,-105,1.95238096,1.95,20/21,-7.5,Oregon,Team,True,7501,"['ProgressiveParlayTeamEligible', 'MainPointLine', 'SGP']","[{'id': '44430', 'name': 'Oregon', 'type': 'Team'}]",Madness Props,Spread
0OU79092744O13950_1,2,3_79092744,Over,-108,1.92592593,1.92,25/27,139.5,,Unknown,True,139500,"['ProgressiveParlayTeamEligible', 'MainPointLine', 'SGP']",Madness Props,Total
0OU79092744U13950_3,2,3_79092744,Under,-112,1.89285715,1.89,25/28,139.5,,Unknown,True,139502,"['ProgressiveParlayTeamEligible', 'MainPointLine', 'SGP']",Madness Props,Total
0ML79092744_3,2,1_79092744,Liberty,+260,3.6,3.60,13/5,Liberty,Team,True,1279858001,['SGP'],"[{'id': '41459', 'name': 'Liberty', 'type': 'Team'}]",Madness Props,Moneyline
0ML79092744_1,2,1_79092744,Oregon,-325,1.30769231,1.30,4/13,Oregon,Team,True,1279859997,['SGP'],"[{'id': '44430', 'name': 'Oregon', 'type': 'Team'}]",Madness Props,Moneyline
0HC79110487N350_3,2,2_79110487,Saint Francis PA,-115,1.86956522,1.86,20/23,-3.5,Saint Francis PA,Team,True,-3501,"['MainPointLine', 'SGP']","[{'id': '41332', 'name': 'Saint Francis PA', 'type': 'Team'}]",Madness Props,Spread
0HC79110487P350_1,2,2_79110487,Alabama State,-115,1.86956522,1.86,20/23,3.5,Alabama State,Team,True,-3499,"['MainPointLine', 'SGP']","[{'id': '42969', 'name': 'Alabama State', 'type': 'Team'}]",Madness Props,Spread
0OU79110487O14650_1,2,3_79110487,Over,-110,1.90909091,1.90,10/11,146.5,,Unknown,True,146500,"['MainPointLine', 'SGP']",Madness Props,Total
0OU79110487U14650_3,2,3_79110487,Under,-120,1.83333334,1.83,5/6,146.5,,Unknown,True,146502,"['MainPointLine', 'SGP']",Madness Props,Total
0ML79110487_3,2,1_79110487,Saint Francis PA,-200,1.5,1.50,1/2,Saint Francis PA,Team,True,1280230384,['SGP'],"[{'id': '41332', 'name': 'Saint Francis PA', 'type': 'Team'}]",Madness Props,Moneyline
0ML79110487_1,2,1_79110487,Alabama State,+154,2.54,2.54,77/50,Alabama State,Team,True,1280232377,['SGP'],"[{'id': '42969', 'name': 'Alabama State', 'type': 'Team'}]",Madness Props,Moneyline
0HC79110488P550_3,2,2_79110488,Kent State,-115,1.86956522,1.86,20/23,5.5,Kent State,Team,True,5499,"['MainPointLine', 'SGP']","[{'id': '43444', 'name': 'Kent State', 'type': 'Team'}]",Madness Props,Spread
0HC79110488N550_1,2,2_79110488,Saint Bonaventure,-115,1.86956522,1.86,20/23,-5.5,Saint Bonaventure,Team,True,5501,"['MainPointLine', 'SGP']","[{'id': '44786', 'name': 'Saint Bonaventure', 'type': 'Team'}]",Madness Props,Spread
0OU79110488O13450_1,2,3_79110488,Over,-115,1.86956522,1.86,20/23,134.5,,Unknown,True,134500,"['MainPointLine', 'SGP']",Madness Props,Total
0OU79110488U13450_3,2,3_79110488,Under,-115,1.86956522,1.86,20/23,134.5,,Unknown,True,134502,"['MainPointLine', 'SGP']",Madness Props,Total
0ML79110488_3,2,1_79110488,Kent State,+210,3.1,3.10,21/10,Kent State,Team,True,1280230388,['SGP'],"[{'id': '43444', 'name': 'Kent State', 'type': 'Team'}]",Madness Props,Moneyline
0ML79110488_1,2,1_79110488,Saint Bonaventure,-280,1.35714286,1.35,5/14,Saint Bonaventure,Team,True,1280232378,['SGP'],"[{'id': '44786', 'name': 'Saint Bonaventure', 'type': 'Team'}]",Madness Props,Moneyline
0HC79110490P250_3,2,2_79110490,Jacksonville State,-115,1.86956522,1.86,20/23,2.5,Jacksonville State,Team,True,2499,"['MainPointLine', 'SGP']","[{'id': '42218', 'name': 'Jacksonville State', 'type': 'Team'}]",Madness Props,Spread
0HC79110490N250_1,2,2_79110490,Georgia Tech,-115,1.86956522,1.86,20/23,-2.5,Georgia Tech,Team,True,2501,"['MainPointLine', 'SGP']","[{'id': '42150', 'name': 'Georgia Tech', 'type': 'Team'}]",Madness Props,Spread
0OU79110490O14950_1,2,3_79110490,Over,-110,1.90909091,1.90,10/11,149.5,,Unknown,True,149500,"['MainPointLine', 'SGP']",Madness Props,Total
0OU79110490U14950_3,2,3_79110490,Under,-120,1.83333334,1.83,5/6,149.5,,Unknown,True,149502,"['MainPointLine', 'SGP']",Madness Props,Total
0ML79110490_3,2,1_79110490,Jacksonville State,+124,2.24,2.24,31/25,Jacksonville State,Team,True,1280230402,['SGP'],"[{'id': '42218', 'name': 'Jacksonville State', 'type': 'Team'}]",Madness Props,Moneyline
0ML79110490_1,2,1_79110490,Georgia Tech,-160,1.625,1.62,5/8,Georgia Tech,Team,True,1280232398,['SGP'],"[{'id': '42150', 'name': 'Georgia Tech', 'type': 'Team'}]",Madness Props,Moneyline
0HC79100355P150_3,2,2_79100355,Chattanooga,-110,1.90909091,1.90,10/11,1.5,Chattanooga,Team,True,1499,"['ProgressiveParlayTeamEligible', 'MainPointLine', 'SGP']","[{'id': '41974', 'name': 'Chattanooga', 'type': 'Team'}]",Madness Props,Spread
0HC79100355N150_1,2,2_79100355,Middle Tennessee,-110,1.90909091,1.90,10/11,-1.5,Middle Tennessee,Team,True,1501,"['ProgressiveParlayTeamEligible', 'MainPointLine', 'SGP']","[{'id': '42683', 'name': 'Middle Tennessee', 'type': 'Team'}]",Madness Props,Spread
0OU79100355O15250_1,2,3_79100355,Over,-115,1.86956522,1.86,20/23,152.5,,Unknown,True,152500,"['ProgressiveParlayTeamEligible', 'MainPointLine', 'SGP']",Madness Props,Total
0OU79100355U15250_3,2,3_79100355,Under,-105,1.95238096,1.95,20/21,152.5,,Unknown,True,152502,"['ProgressiveParlayTeamEligible', 'MainPointLine', 'SGP']",Madness Props,Total
0ML79100355_3,2,1_79100355,Chattanooga,+105,2.05,2.05,21/20,Chattanooga,Team,True,1280025918,['SGP'],"[{'id': '41974', 'name': 'Chattanooga', 'type': 'Team'}]",Madness Props,Moneyline
0ML79100355_1,2,1_79100355,Middle Tennessee,-125,1.8,1.80,4/5,Middle Tennessee,Team,True,1280027914,['SGP'],"[{'id': '42683', 'name': 'Middle Tennessee', 'type': 'Team'}]",Madness Props,Moneyline
0HC79100357P650_3,2,2_79100357,Wichita State,-112,1.89285715,1.89,25/28,6.5,Wichita State,Team,True,6499,"['ProgressiveParlayTeamEligible', 'MainPointLine', 'SGP']","[{'id': '43593', 'name': 'Wichita State', 'type': 'Team'}]",Madness Props,Spread
0HC79100357N650_1,2,2_79100357,Oklahoma State,-108,1.92592593,1.92,25/27,-6.5,Oklahoma State,Team,True,6501,"['ProgressiveParlayTeamEligible', 'MainPointLine', 'SGP']","[{'id': '43141', 'name': 'Oklahoma State', 'type': 'Team'}]",Madness Props,Spread
0OU79100357O15450_1,2,3_79100357,Over,-105,1.95238096,1.95,20/21,154.5,,Unknown,True,154500,"['ProgressiveParlayTeamEligible', 'MainPointLine', 'SGP']",Madness Props,Total
0OU79100357U15450_3,2,3_79100357,Under,-115,1.86956522,1.86,20/23,154.5,,Unknown,True,154502,"['ProgressiveParlayTeamEligible', 'MainPointLine', 'SGP']",Madness Props,Total
0ML79100357_3,2,1_79100357,Wichita State,+230,3.3,3.30,23/10,Wichita State,Team,True,1280025932,['SGP'],"[{'id': '43593', 'name': 'Wichita State', 'type': 'Team'}]",Madness Props,Moneyline
0ML79100357_1,2,1_79100357,Oklahoma State,-285,1.3508772,1.35,20/57,Oklahoma State,Team,True,1280027928,['SGP'],"[{'id': '43141', 'name': 'Oklahoma State', 'type': 'Team'}]",Madness Props,Moneyline
0HC79100359P550_3,2,2_79100359,Saint Louis,-108,1.92592593,1.92,25/27,5.5,Saint Louis,Team,True,5499,"['ProgressiveParlayTeamEligible', 'MainPointLine', 'SGP']","[{'id': '43370', 'name': 'Saint Louis', 'type': 'Team'}]",Madness Props,Spread
0HC79100359N550_1,2,2_79100359,Arkansas State,-112,1.89285715,1.89,25/28,-5.5,Arkansas State,Team,True,5501,"['ProgressiveParlayTeamEligible', 'MainPointLine', 'SGP']","[{'id': '42673', 'name': 'Arkansas State', 'type': 'Team'}]",Madness Props,Spread
0OU79100359O15450_1,2,3_79100359,Over,-105,1.95238096,1.95,20/21,154.5,,Unknown,True,154500,"['ProgressiveParlayTeamEligible', 'MainPointLine', 'SGP']",Madness Props,Total
0OU79100359U15450_3,2,3_79100359,Under,-115,1.86956522,1.86,20/23,154.5,,Unknown,True,154502,"['ProgressiveParlayTeamEligible', 'MainPointLine', 'SGP']",Madness Props,Total
0ML79100359_3,2,1_79100359,Saint Louis,+200,3,3.00,2/1,Saint Louis,Team,True,1280025946,['SGP'],"[{'id': '43370', 'name': 'Saint Louis', 'type': 'Team'}]",Madness Props,Moneyline
0ML79100359_1,2,1_79100359,Arkansas State,-245,1.40816327,1.40,20/49,Arkansas State,Team,True,1280027942,['SGP'],"[{'id': '42673', 'name': 'Arkansas State', 'type': 'Team'}]",Madness Props,Moneyline
0HC79092473N450_3,2,2_79092473,North Carolina,-112,1.89285715,1.89,25/28,-4.5,North Carolina,Team,True,-4501,"['ProgressiveParlayTeamEligible', 'MainPointLine', 'SGP']","[{'id': '42450', 'name': 'North Carolina', 'type': 'Team'}]",Madness Props,Spread
0HC79092473P450_1,2,2_79092473,San Diego State,-108,1.92592593,1.92,25/27,4.5,San Diego State,Team,True,-4499,"['ProgressiveParlayTeamEligible', 'MainPointLine', 'SGP']","[{'id': '44675', 'name': 'San Diego State', 'type': 'Team'}]",Madness Props,Spread
0OU79092473O14150_1,2,3_79092473,Over,-112,1.89285715,1.89,25/28,141.5,,Unknown,True,141500,"['ProgressiveParlayTeamEligible', 'MainPointLine', 'SGP']",Madness Props,Total
0OU79092473U14150_3,2,3_79092473,Under,-108,1.92592593,1.92,25/27,141.5,,Unknown,True,141502,"['ProgressiveParlayTeamEligible', 'MainPointLine', 'SGP']",Madness Props,Total
0ML79092473_3,2,1_79092473,North Carolina,-218,1.4587156,1.45,50/109,North Carolina,Team,True,1279852086,['SGP'],"[{'id': '42450', 'name': 'North Carolina', 'type': 'Team'}]",Madness Props,Moneyline
0ML79092473_1,2,1_79092473,San Diego State,+180,2.8,2.80,9/5,San Diego State,Team,True,1279854082,['SGP'],"[{'id': '44675', 'name': 'San Diego State', 'type': 'Team'}]",Madness Props,Moneyline
0HC79100356P650_3,2,2_79100356,CSUN,-108,1.92592593,1.92,25/27,6.5,CSUN,Team,True,6499,"['ProgressiveParlayTeamEligible', 'MainPointLine', 'SGP']","[{'id': '44653', 'name': 'CSUN', 'type': 'Team'}]",Madness Props,Spread
0HC79100356N650_1,2,2_79100356,Stanford,-112,1.89285715,1.89,25/28,-6.5,Stanford,Team,True,6501,"['ProgressiveParlayTeamEligible', 'MainPointLine', 'SGP']","[{'id': '44739', 'name': 'Stanford', 'type': 'Team'}]",Madness Props,Spread
0OU79100356O15650_1,2,3_79100356,Over,-108,1.92592593,1.92,25/27,156.5,,Unknown,True,156500,"['ProgressiveParlayTeamEligible', 'MainPointLine', 'SGP']",Madness Props,Total
0OU79100356U15650_3,2,3_79100356,Under,-112,1.89285715,1.89,25/28,156.5,,Unknown,True,156502,"['ProgressiveParlayTeamEligible', 'MainPointLine', 'SGP']",Madness Props,Total
0ML79100356_3,2,1_79100356,CSUN,+230,3.3,3.30,23/10,CSUN,Team,True,1280025925,['SGP'],"[{'id': '44653', 'name': 'CSUN', 'type': 'Team'}]",Madness Props,Moneyline
0ML79100356_1,2,1_79100356,Stanford,-285,1.3508772,1.35,20/57,Stanford,Team,True,1280027921,['SGP'],"[{'id': '44739', 'name': 'Stanford', 'type': 'Team'}]",Madness Props,Moneyline
0HC79100358P1050_3,2,2_79100358,UC Riverside,-118,1.84745763,1.84,50/59,10.5,UC Riverside,Team,True,10499,"['ProgressiveParlayTeamEligible', 'MainPointLine', 'SGP']","[{'id': '44279', 'name': 'UC Riverside', 'type': 'Team'}]",Madness Props,Spread
0HC79100358N1050_1,2,2_79100358,Santa Clara,-102,1.98039216,1.98,50/51,-10.5,Santa Clara,Team,True,10501,"['ProgressiveParlayTeamEligible', 'MainPointLine', 'SGP']","[{'id': '42757', 'name': 'Santa Clara', 'type': 'Team'}]",Madness Props,Spread
0OU79100358O15650_1,2,3_79100358,Over,-110,1.90909091,1.90,10/11,156.5,,Unknown,True,156500,"['ProgressiveParlayTeamEligible', 'MainPointLine', 'SGP']",Madness Props,Total
0OU79100358U15650_3,2,3_79100358,Under,-110,1.90909091,1.90,10/11,156.5,,Unknown,True,156502,"['ProgressiveParlayTeamEligible', 'MainPointLine', 'SGP']",Madness Props,Total
0ML79100358_3,2,1_79100358,UC Riverside,+440,5.4,5.40,22/5,UC Riverside,Team,True,1280025939,['SGP'],"[{'id': '44279', 'name': 'UC Riverside', 'type': 'Team'}]",Madness Props,Moneyline
0ML79100358_1,2,1_79100358,Santa Clara,-600,1.16666667,1.16,1/6,Santa Clara,Team,True,1280027935,['SGP'],"[{'id': '42757', 'name': 'Santa Clara', 'type': 'Team'}]",Madness Props,Moneyline
0HC79092702P250_3,2,2_79092702,Mount Saint Marys,-112,1.89285715,1.89,25/28,2.5,Mount Saint Marys,Team,True,2499,"['ProgressiveParlayTeamEligible', 'MainPointLine', 'SGP']","[{'id': '42025', 'name': 'Mount Saint Marys', 'type': 'Team'}]",Madness Props,Spread
0HC79092702N250_1,2,2_79092702,American,-108,1.92592593,1.92,25/27,-2.5,American,Team,True,2501,"['ProgressiveParlayTeamEligible', 'MainPointLine', 'SGP']","[{'id': '41874', 'name': 'American', 'type': 'Team'}]",Madness Props,Spread
0OU79092702O12950_1,2,3_79092702,Over,-105,1.95238096,1.95,20/21,129.5,,Unknown,True,129500,"['ProgressiveParlayTeamEligible', 'MainPointLine', 'SGP']",Madness Props,Total
0OU79092702U12950_3,2,3_79092702,Under,-115,1.86956522,1.86,20/23,129.5,,Unknown,True,129502,"['ProgressiveParlayTeamEligible', 'MainPointLine', 'SGP']",Madness Props,Total
0ML79092702_3,2,1_79092702,Mount Saint Marys,+120,2.2,2.20,6/5,Mount Saint Marys,Team,True,1279857119,['SGP'],"[{'id': '42025', 'name': 'Mount Saint Marys', 'type': 'Team'}]",Madness Props,Moneyline
0ML79092702_1,2,1_79092702,American,-142,1.70422536,1.70,50/71,American,Team,True,1279859115,['SGP'],"[{'id': '41874', 'name': 'American', 'type': 'Team'}]",Madness Props,Moneyline
0HC79100363P750_3,2,2_79100363,Samford,-110,1.90909091,1.90,10/11,7.5,Samford,Team,True,7499,"['ProgressiveParlayTeamEligible', 'MainPointLine', 'SGP']","[{'id': '42759', 'name': 'Samford', 'type': 'Team'}]",Madness Props,Spread
0HC79100363N750_1,2,2_79100363,George Mason,-110,1.90909091,1.90,10/11,-7.5,George Mason,Team,True,7501,"['ProgressiveParlayTeamEligible', 'MainPointLine', 'SGP']","[{'id': '41752', 'name': 'George Mason', 'type': 'Team'}]",Madness Props,Spread
0OU79100363O14750_1,2,3_79100363,Over,-110,1.90909091,1.90,10/11,147.5,,Unknown,True,147500,"['ProgressiveParlayTeamEligible', 'MainPointLine', 'SGP']",Madness Props,Total
0OU79100363U14750_3,2,3_79100363,Under,-110,1.90909091,1.90,10/11,147.5,,Unknown,True,147502,"['ProgressiveParlayTeamEligible', 'MainPointLine', 'SGP']",Madness Props,Total
0ML79100363_3,2,1_79100363,Samford,+270,3.7,3.70,27/10,Samford,Team,True,1280025967,['SGP'],"[{'id': '42759', 'name': 'Samford', 'type': 'Team'}]",Madness Props,Moneyline
0ML79100363_1,2,1_79100363,George Mason,-340,1.29411765,1.29,5/17,George Mason,Team,True,1280027963,['SGP'],"[{'id': '41752', 'name': 'George Mason', 'type': 'Team'}]",Madness Props,Moneyline
0HC79100365P550_3,2,2_79100365,UAB,-115,1.86956522,1.86,20/23,5.5,UAB,Team,True,5499,"['ProgressiveParlayTeamEligible', 'MainPointLine', 'SGP']","[{'id': '42938', 'name': 'UAB', 'type': 'Team'}]",Madness Props,Spread
0HC79100365N550_1,2,2_79100365,Saint Josephs,-105,1.95238096,1.95,20/21,-5.5,Saint Josephs,Team,True,5501,"['ProgressiveParlayTeamEligible', 'MainPointLine', 'SGP']","[{'id': '42231', 'name': 'Saint Josephs', 'type': 'Team'}]",Madness Props,Spread
0OU79100365O15550_1,2,3_79100365,Over,-110,1.90909091,1.90,10/11,155.5,,Unknown,True,155500,"['ProgressiveParlayTeamEligible', 'MainPointLine', 'SGP']",Madness Props,Total
0OU79100365U15550_3,2,3_79100365,Under,-110,1.90909091,1.90,10/11,155.5,,Unknown,True,155502,"['ProgressiveParlayTeamEligible', 'MainPointLine', 'SGP']",Madness Props,Total
0ML79100365_3,2,1_79100365,UAB,+195,2.95,2.95,39/20,UAB,Team,True,1280025981,['SGP'],"[{'id': '42938', 'name': 'UAB', 'type': 'Team'}]",Madness Props,Moneyline
0ML79100365_1,2,1_79100365,Saint Josephs,-238,1.42016807,1.42,50/119,Saint Josephs,Team,True,1280027977,['SGP'],"[{'id': '42231', 'name': 'Saint Josephs', 'type': 'Team'}]",Madness Props,Moneyline
0HC79100362P100_3,2,2_79100362,Florida Atlantic,-115,1.86956522,1.86,20/23,1,Florida Atlantic,Team,True,999,"['ProgressiveParlayTeamEligible', 'MainPointLine', 'SGP']","[{'id': '44945', 'name': 'Florida Atlantic', 'type': 'Team'}]",Madness Props,Spread
0HC79100362N100_1,2,2_79100362,Dayton,-105,1.95238096,1.95,20/21,-1,Dayton,Team,True,1001,"['ProgressiveParlayTeamEligible', 'MainPointLine', 'SGP']","[{'id': '44880', 'name': 'Dayton', 'type': 'Team'}]",Madness Props,Spread
0OU79100362O15050_1,2,3_79100362,Over,-115,1.86956522,1.86,20/23,150.5,,Unknown,True,150500,"['ProgressiveParlayTeamEligible', 'MainPointLine', 'SGP']",Madness Props,Total
0OU79100362U15050_3,2,3_79100362,Under,-105,1.95238096,1.95,20/21,150.5,,Unknown,True,150502,"['ProgressiveParlayTeamEligible', 'MainPointLine', 'SGP']",Madness Props,Total
0ML79100362_3,2,1_79100362,Florida Atlantic,-102,1.98039216,1.98,50/51,Florida Atlantic,Team,True,1280025960,['SGP'],"[{'id': '44945', 'name': 'Florida Atlantic', 'type': 'Team'}]",Madness Props,Moneyline
0ML79100362_1,2,1_79100362,Dayton,-118,1.84745763,1.84,50/59,Dayton,Team,True,1280027956,['SGP'],"[{'id': '44880', 'name': 'Dayton', 'type': 'Team'}]",Madness Props,Moneyline
0HC79100364P850_3,2,2_79100364,Furman,-112,1.89285715,1.89,25/28,8.5,Furman,Team,True,8499,"['ProgressiveParlayTeamEligible', 'MainPointLine', 'SGP']","[{'id': '41709', 'name': 'Furman', 'type': 'Team'}]",Madness Props,Spread
0HC79100364N850_1,2,2_79100364,North Texas,-108,1.92592593,1.92,25/27,-8.5,North Texas,Team,True,8501,"['ProgressiveParlayTeamEligible', 'MainPointLine', 'SGP']","[{'id': '43192', 'name': 'North Texas', 'type': 'Team'}]",Madness Props,Spread
0OU79100364O13050_1,2,3_79100364,Over,-110,1.90909091,1.90,10/11,130.5,,Unknown,True,130500,"['ProgressiveParlayTeamEligible', 'MainPointLine', 'SGP']",Madness Props,Total
0OU79100364U13050_3,2,3_79100364,Under,-110,1.90909091,1.90,10/11,130.5,,Unknown,True,130502,"['ProgressiveParlayTeamEligible', 'MainPointLine', 'SGP']",Madness Props,Total
0ML79100364_3,2,1_79100364,Furman,+295,3.95,3.95,59/20,Furman,Team,True,1280025988,['SGP'],"[{'id': '41709', 'name': 'Furman', 'type': 'Team'}]",Madness Props,Moneyline
0ML79100364_1,2,1_79100364,North Texas,-375,1.26666667,1.26,4/15,North Texas,Team,True,1280027984,['SGP'],"[{'id': '43192', 'name': 'North Texas', 'type': 'Team'}]",Madness Props,Moneyline
0HC79100361P250_3,2,2_79100361,North Alabama,-108,1.92592593,1.92,25/27,2.5,North Alabama,Team,True,2499,"['ProgressiveParlayTeamEligible', 'MainPointLine', 'SGP']","[{'id': '42768', 'name': 'North Alabama', 'type': 'Team'}]",Madness Props,Spread
0HC79100361N250_1,2,2_79100361,Bradley,-112,1.89285715,1.89,25/28,-2.5,Bradley,Team,True,2501,"['ProgressiveParlayTeamEligible', 'MainPointLine', 'SGP']","[{'id': '45258', 'name': 'Bradley', 'type': 'Team'}]",Madness Props,Spread
0OU79100361O14550_1,2,3_79100361,Over,-108,1.92592593,1.92,25/27,145.5,,Unknown,True,145500,"['ProgressiveParlayTeamEligible', 'MainPointLine', 'SGP']",Madness Props,Total
0OU79100361U14550_3,2,3_79100361,Under,-112,1.89285715,1.89,25/28,145.5,,Unknown,True,145502,"['ProgressiveParlayTeamEligible', 'MainPointLine', 'SGP']",Madness Props,Total
0ML79100361_3,2,1_79100361,North Alabama,+124,2.24,2.24,31/25,North Alabama,Team,True,1280025974,['SGP'],"[{'id': '42768', 'name': 'North Alabama', 'type': 'Team'}]",Madness Props,Moneyline
0ML79100361_1,2,1_79100361,Bradley,-148,1.67567568,1.67,25/37,Bradley,Team,True,1280027970,['SGP'],"[{'id': '45258', 'name': 'Bradley', 'type': 'Team'}]",Madness Props,Moneyline
0HC79100368P1050_3,2,2_79100368,Northern Iowa,-115,1.86956522,1.86,20/23,10.5,Northern Iowa,Team,True,10499,"['ProgressiveParlayTeamEligible', 'MainPointLine', 'SGP']","[{'id': '43276', 'name': 'Northern Iowa', 'type': 'Team'}]",Madness Props,Spread
0HC79100368N1050_1,2,2_79100368,SMU,-105,1.95238096,1.95,20/21,-10.5,SMU,Team,True,10501,"['ProgressiveParlayTeamEligible', 'MainPointLine', 'SGP']","[{'id': '41637', 'name': 'SMU', 'type': 'Team'}]",Madness Props,Spread
0OU79100368O14550_1,2,3_79100368,Over,-115,1.86956522,1.86,20/23,145.5,,Unknown,True,145500,"['ProgressiveParlayTeamEligible', 'MainPointLine', 'SGP']",Madness Props,Total
0OU79100368U14550_3,2,3_79100368,Under,-105,1.95238096,1.95,20/21,145.5,,Unknown,True,145502,"['ProgressiveParlayTeamEligible', 'MainPointLine', 'SGP']",Madness Props,Total
0ML79100368_3,2,1_79100368,Northern Iowa,+440,5.4,5.40,22/5,Northern Iowa,Team,True,1280026016,['SGP'],"[{'id': '43276', 'name': 'Northern Iowa', 'type': 'Team'}]",Madness Props,Moneyline
0ML79100368_1,2,1_79100368,SMU,-600,1.16666667,1.16,1/6,SMU,Team,True,1280028006,['SGP'],"[{'id': '41637', 'name': 'SMU', 'type': 'Team'}]",Madness Props,Moneyline
0HC79092938N250_3,2,2_79092938,Xavier,-120,1.83333334,1.83,5/6,-2.5,Xavier,Team,True,-2501,"['ProgressiveParlayTeamEligible', 'MainPointLine', 'SGP']","[{'id': '44042', 'name': 'Xavier', 'type': 'Team'}]",Madness Props,Spread
0HC79092938P250_1,2,2_79092938,Texas,+100,2,2.00,1/1,2.5,Texas,Team,True,-2499,"['ProgressiveParlayTeamEligible', 'MainPointLine', 'SGP']","[{'id': '43429', 'name': 'Texas', 'type': 'Team'}]",Madness Props,Spread
0OU79092938O15150_1,2,3_79092938,Over,-110,1.90909091,1.90,10/11,151.5,,Unknown,True,151500,"['ProgressiveParlayTeamEligible', 'MainPointLine', 'SGP']",Madness Props,Total
0OU79092938U15150_3,2,3_79092938,Under,-110,1.90909091,1.90,10/11,151.5,,Unknown,True,151502,"['ProgressiveParlayTeamEligible', 'MainPointLine', 'SGP']",Madness Props,Total
0ML79092938_3,2,1_79092938,Xavier,-166,1.60240964,1.60,50/83,Xavier,Team,True,1279861060,['SGP'],"[{'id': '44042', 'name': 'Xavier', 'type': 'Team'}]",Madness Props,Moneyline
0ML79092938_1,2,1_79092938,Texas,+140,2.4,2.40,7/5,Texas,Team,True,1279863056,['SGP'],"[{'id': '43429', 'name': 'Texas', 'type': 'Team'}]",Madness Props,Moneyline
0HC79100367P750_3,2,2_79100367,Northern Colorado,-112,1.89285715,1.89,25/28,7.5,Northern Colorado,Team,True,7499,"['ProgressiveParlayTeamEligible', 'MainPointLine', 'SGP']","[{'id': '42600', 'name': 'Northern Colorado', 'type': 'Team'}]",Madness Props,Spread
0HC79100367N750_1,2,2_79100367,UC Irvine,-108,1.92592593,1.92,25/27,-7.5,UC Irvine,Team,True,7501,"['ProgressiveParlayTeamEligible', 'MainPointLine', 'SGP']","[{'id': '44593', 'name': 'UC Irvine', 'type': 'Team'}]",Madness Props,Spread
0OU79100367O15150_1,2,3_79100367,Over,-105,1.95238096,1.95,20/21,151.5,,Unknown,True,151500,"['ProgressiveParlayTeamEligible', 'MainPointLine', 'SGP']",Madness Props,Total
0OU79100367U15150_3,2,3_79100367,Under,-115,1.86956522,1.86,20/23,151.5,,Unknown,True,151502,"['ProgressiveParlayTeamEligible', 'MainPointLine', 'SGP']",Madness Props,Total
0ML79100367_3,2,1_79100367,Northern Colorado,+270,3.7,3.70,27/10,Northern Colorado,Team,True,1280026002,['SGP'],"[{'id': '42600', 'name': 'Northern Colorado', 'type': 'Team'}]",Madness Props,Moneyline
0ML79100367_1,2,1_79100367,UC Irvine,-340,1.29411765,1.29,5/17,UC Irvine,Team,True,1280027998,['SGP'],"[{'id': '44593', 'name': 'UC Irvine', 'type': 'Team'}]",Madness Props,Moneyline
0HC79100369P750_3,2,2_79100369,Utah Valley,-108,1.92592593,1.92,25/27,7.5,Utah Valley,Team,True,7499,"['ProgressiveParlayTeamEligible', 'MainPointLine', 'SGP']","[{'id': '44362', 'name': 'Utah Valley', 'type': 'Team'}]",Madness Props,Spread
0HC79100369N750_1,2,2_79100369,San Francisco,-112,1.89285715,1.89,25/28,-7.5,San Francisco,Team,True,7501,"['ProgressiveParlayTeamEligible', 'MainPointLine', 'SGP']","[{'id': '44575', 'name': 'San Francisco', 'type': 'Team'}]",Madness Props,Spread
0OU79100369O14650_1,2,3_79100369,Over,-105,1.95238096,1.95,20/21,146.5,,Unknown,True,146500,"['ProgressiveParlayTeamEligible', 'MainPointLine', 'SGP']",Madness Props,Total
0OU79100369U14650_3,2,3_79100369,Under,-115,1.86956522,1.86,20/23,146.5,,Unknown,True,146502,"['ProgressiveParlayTeamEligible', 'MainPointLine', 'SGP']",Madness Props,Total
0ML79100369_3,2,1_79100369,Utah Valley,+275,3.75,3.75,11/4,Utah Valley,Team,True,1280026011,['SGP'],"[{'id': '44362', 'name': 'Utah Valley', 'type': 'Team'}]",Madness Props,Moneyline
0ML79100369_1,2,1_79100369,San Francisco,-345,1.28985508,1.28,20/69,San Francisco,Team,True,1280028005,['SGP'],"[{'id': '44575', 'name': 'San Francisco', 'type': 'Team'}]",Madness Props,Moneyline
0HC79100366N250_3,2,2_79100366,Loyola Chicago,-118,1.84745763,1.84,50/59,-2.5,Loyola Chicago,Team,True,-2501,"['ProgressiveParlayTeamEligible', 'MainPointLine', 'SGP']","[{'id': '43985', 'name': 'Loyola Chicago', 'type': 'Team'}]",Madness Props,Spread
0HC79100366P250_1,2,2_79100366,San Jose State,-102,1.98039216,1.98,50/51,2.5,San Jose State,Team,True,-2499,"['ProgressiveParlayTeamEligible', 'MainPointLine', 'SGP']","[{'id': '41391', 'name': 'San Jose State', 'type': 'Team'}]",Madness Props,Spread
0OU79100366O14050_1,2,3_79100366,Over,-115,1.86956522,1.86,20/23,140.5,,Unknown,True,140500,"['ProgressiveParlayTeamEligible', 'MainPointLine', 'SGP']",Madness Props,Total
0OU79100366U14050_3,2,3_79100366,Under,-105,1.95238096,1.95,20/21,140.5,,Unknown,True,140502,"['ProgressiveParlayTeamEligible', 'MainPointLine', 'SGP']",Madness Props,Total
0ML79100366_3,2,1_79100366,Loyola Chicago,-142,1.70422536,1.70,50/71,Loyola Chicago,Team,True,1280025995,['SGP'],"[{'id': '43985', 'name': 'Loyola Chicago', 'type': 'Team'}]",Madness Props,Moneyline
0ML79100366_1,2,1_79100366,San Jose State,+120,2.2,2.20,6/5,San Jose State,Team,True,1280027991,['SGP'],"[{'id': '41391', 'name': 'San Jose State', 'type': 'Team'}]",Madness Props,Moneyline
0HC79092456P250_3,2,2_79092456,Creighton,-110,1.90909091,1.90,10/11,2.5,Creighton,Team,True,2499,"['ProgressiveParlayTeamEligible', 'MainPointLine', 'SGP']","[{'id': '43875', 'name': 'Creighton', 'type': 'Team'}]",Madness Props,Spread
0HC79092456N250_1,2,2_79092456,Louisville,-110,1.90909091,1.90,10/11,-2.5,Louisville,Team,True,2501,"['ProgressiveParlayTeamEligible', 'MainPointLine', 'SGP']","[{'id': '41477', 'name': 'Louisville', 'type': 'Team'}]",Madness Props,Spread
0OU79092456O14450_1,2,3_79092456,Over,-110,1.90909091,1.90,10/11,144.5,,Unknown,True,144500,"['ProgressiveParlayTeamEligible', 'MainPointLine', 'SGP']",Madness Props,Total
0OU79092456U14450_3,2,3_79092456,Under,-110,1.90909091,1.90,10/11,144.5,,Unknown,True,144502,"['ProgressiveParlayTeamEligible', 'MainPointLine', 'SGP']",Madness Props,Total
0ML79092456_3,2,1_79092456,Creighton,+120,2.2,2.20,6/5,Creighton,Team,True,1279851890,['SGP'],"[{'id': '43875', 'name': 'Creighton', 'type': 'Team'}]",Madness Props,Moneyline
0ML79092456_1,2,1_79092456,Louisville,-142,1.70422536,1.70,50/71,Louisville,Team,True,1279853886,['SGP'],"[{'id': '41477', 'name': 'Louisville', 'type': 'Team'}]",Madness Props,Moneyline
0HC79092925P750_3,2,2_79092925,High Point,-102,1.98039216,1.98,50/51,7.5,High Point,Team,True,7499,"['ProgressiveParlayTeamEligible', 'MainPointLine', 'SGP']","[{'id': '45137', 'name': 'High Point', 'type': 'Team'}]",Madness Props,Spread
0HC79092925N750_1,2,2_79092925,Purdue,-118,1.84745763,1.84,50/59,-7.5,Purdue,Team,True,7501,"['ProgressiveParlayTeamEligible', 'MainPointLine', 'SGP']","[{'id': '42127', 'name': 'Purdue', 'type': 'Team'}]",Madness Props,Spread
0OU79092925O15350_1,2,3_79092925,Over,-105,1.95238096,1.95,20/21,153.5,,Unknown,True,153500,"['ProgressiveParlayTeamEligible', 'MainPointLine', 'SGP']",Madness Props,Total
0OU79092925U15350_3,2,3_79092925,Under,-115,1.86956522,1.86,20/23,153.5,,Unknown,True,153502,"['ProgressiveParlayTeamEligible', 'MainPointLine', 'SGP']",Madness Props,Total
0ML79092925_3,2,1_79092925,High Point,+295,3.95,3.95,59/20,High Point,Team,True,1279860143,['SGP'],"[{'id': '45137', 'name': 'High Point', 'type': 'Team'}]",Madness Props,Moneyline
0ML79092925_1,2,1_79092925,Purdue,-375,1.26666667,1.26,4/15,Purdue,Team,True,1279862139,['SGP'],"[{'id': '42127', 'name': 'Purdue', 'type': 'Team'}]",Madness Props,Moneyline
0HC79092767P1750_3,2,2_79092767,Montana,-115,1.86956522,1.86,20/23,17.5,Montana,Team,True,17499,"['ProgressiveParlayTeamEligible', 'MainPointLine', 'SGP']","[{'id': '42575', 'name': 'Montana', 'type': 'Team'}]",Madness Props,Spread
0HC79092767N1750_1,2,2_79092767,Wisconsin,-105,1.95238096,1.95,20/21,-17.5,Wisconsin,Team,True,17501,"['ProgressiveParlayTeamEligible', 'MainPointLine', 'SGP']","[{'id': '43620', 'name': 'Wisconsin', 'type': 'Team'}]",Madness Props,Spread
0OU79092767O15250_1,2,3_79092767,Over,-105,1.95238096,1.95,20/21,152.5,,Unknown,True,152500,"['ProgressiveParlayTeamEligible', 'MainPointLine']",Madness Props,Total
0OU79092767U15250_3,2,3_79092767,Under,-115,1.86956522,1.86,20/23,152.5,,Unknown,True,152502,"['ProgressiveParlayTeamEligible', 'MainPointLine', 'SGP']",Madness Props,Total
0ML79092767_3,2,1_79092767,Montana,+1200,13,13.00,12/1,Montana,Team,True,1279858456,['SGP'],"[{'id': '42575', 'name': 'Montana', 'type': 'Team'}]",Madness Props,Moneyline
0ML79092767_1,2,1_79092767,Wisconsin,-2400,1.04166667,1.04,1/24,Wisconsin,Team,True,1279860452,['SGP'],"[{'id': '43620', 'name': 'Wisconsin', 'type': 'Team'}]",Madness Props,Moneyline
0HC79092890P2950_3,2,2_79092890,SIU Edwardsville,-115,1.86956522,1.86,20/23,29.5,SIU Edwardsville,Team,True,29499,"['ProgressiveParlayTeamEligible', 'MainPointLine', 'SGP']","[{'id': '43647', 'name': 'SIU Edwardsville', 'type': 'Team'}]",Madness Props,Spread
0HC79092890N2950_1,2,2_79092890,Houston,-105,1.95238096,1.95,20/21,-29.5,Houston,Team,True,29501,"['ProgressiveParlayTeamEligible', 'MainPointLine', 'SGP']","[{'id': '43043', 'name': 'Houston', 'type': 'Team'}]",Madness Props,Spread
0OU79092890O12650_1,2,3_79092890,Over,-108,1.92592593,1.92,25/27,126.5,,Unknown,True,126500,"['ProgressiveParlayTeamEligible', 'MainPointLine', 'SGP']",Madness Props,Total
0OU79092890U12650_3,2,3_79092890,Under,-112,1.89285715,1.89,25/28,126.5,,Unknown,True,126502,"['ProgressiveParlayTeamEligible', 'MainPointLine', 'SGP']",Madness Props,Total
0HC79092912P750_3,2,2_79092912,McNeese,-110,1.90909091,1.90,10/11,7.5,McNeese,Team,True,7499,"['ProgressiveParlayTeamEligible', 'MainPointLine', 'SGP']","[{'id': '41412', 'name': 'McNeese', 'type': 'Team'}]",Madness Props,Spread
0HC79092912N750_1,2,2_79092912,Clemson,-110,1.90909091,1.90,10/11,-7.5,Clemson,Team,True,7501,"['ProgressiveParlayTeamEligible', 'MainPointLine', 'SGP']","[{'id': '41619', 'name': 'Clemson', 'type': 'Team'}]",Madness Props,Spread
0OU79092912O13450_1,2,3_79092912,Over,-105,1.95238096,1.95,20/21,134.5,,Unknown,True,134500,"['ProgressiveParlayTeamEligible', 'MainPointLine', 'SGP']",Madness Props,Total
0OU79092912U13450_3,2,3_79092912,Under,-115,1.86956522,1.86,20/23,134.5,,Unknown,True,134502,"['ProgressiveParlayTeamEligible', 'MainPointLine', 'SGP']",Madness Props,Total
0ML79092912_3,2,1_79092912,McNeese,+275,3.75,3.75,11/4,McNeese,Team,True,1279860136,['SGP'],"[{'id': '41412', 'name': 'McNeese', 'type': 'Team'}]",Madness Props,Moneyline
0ML79092912_1,2,1_79092912,Clemson,-345,1.28985508,1.28,20/69,Clemson,Team,True,1279862132,['SGP'],"[{'id': '41619', 'name': 'Clemson', 'type': 'Team'}]",Madness Props,Moneyline
0HC79092766P250_3,2,2_79092766,VCU,-102,1.98039216,1.98,50/51,2.5,VCU,Team,True,2499,"['ProgressiveParlayTeamEligible', 'MainPointLine', 'SGP']","[{'id': '42328', 'name': 'VCU', 'type': 'Team'}]",Madness Props,Spread
0HC79092766N250_1,2,2_79092766,BYU,-118,1.84745763,1.84,50/59,-2.5,BYU,Team,True,2501,"['ProgressiveParlayTeamEligible', 'MainPointLine', 'SGP']","[{'id': '44811', 'name': 'BYU', 'type': 'Team'}]",Madness Props,Spread
0OU79092766O14650_1,2,3_79092766,Over,-105,1.95238096,1.95,20/21,146.5,,Unknown,True,146500,"['ProgressiveParlayTeamEligible', 'MainPointLine', 'SGP']",Madness Props,Total
0OU79092766U14650_3,2,3_79092766,Under,-115,1.86956522,1.86,20/23,146.5,,Unknown,True,146502,"['ProgressiveParlayTeamEligible', 'MainPointLine', 'SGP']",Madness Props,Total
0ML79092766_3,2,1_79092766,VCU,+130,2.3,2.30,13/10,VCU,Team,True,1279858449,['SGP'],"[{'id': '42328', 'name': 'VCU', 'type': 'Team'}]",Madness Props,Moneyline
0ML79092766_1,2,1_79092766,BYU,-155,1.6451613,1.64,20/31,BYU,Team,True,1279860445,['SGP'],"[{'id': '44811', 'name': 'BYU', 'type': 'Team'}]",Madness Props,Moneyline
0HC79093078P550_3,2,2_79093078,Georgia,-102,1.98039216,1.98,50/51,5.5,Georgia Bulldogs,Team,True,5499,"['ProgressiveParlayTeamEligible', 'MainPointLine', 'SGP']","[{'id': '42478', 'name': 'Georgia Bulldogs', 'type': 'Team'}]",Madness Props,Spread
0HC79093078N550_1,2,2_79093078,Gonzaga,-118,1.84745763,1.84,50/59,-5.5,Gonzaga,Team,True,5501,"['ProgressiveParlayTeamEligible', 'MainPointLine', 'SGP']","[{'id': '44154', 'name': 'Gonzaga', 'type': 'Team'}]",Madness Props,Spread
0OU79093078O15050_1,2,3_79093078,Over,-112,1.89285715,1.89,25/28,150.5,,Unknown,True,150500,"['ProgressiveParlayTeamEligible', 'MainPointLine', 'SGP']",Madness Props,Total
0OU79093078U15050_3,2,3_79093078,Under,-108,1.92592593,1.92,25/27,150.5,,Unknown,True,150502,"['ProgressiveParlayTeamEligible', 'MainPointLine', 'SGP']",Madness Props,Total
0ML79093078_3,2,1_79093078,Georgia,+215,3.15,3.15,43/20,Georgia Bulldogs,Team,True,1279863188,['SGP'],"[{'id': '42478', 'name': 'Georgia Bulldogs', 'type': 'Team'}]",Madness Props,Moneyline
0ML79093078_1,2,1_79093078,Gonzaga,-265,1.3773585,1.37,20/53,Gonzaga,Team,True,1279865184,['SGP'],"[{'id': '44154', 'name': 'Gonzaga', 'type': 'Team'}]",Madness Props,Moneyline
0HC79092949P1850_3,2,2_79092949,Wofford,-108,1.92592593,1.92,25/27,18.5,Wofford,Team,True,18499,"['ProgressiveParlayTeamEligible', 'MainPointLine', 'SGP']","[{'id': '42442', 'name': 'Wofford', 'type': 'Team'}]",Madness Props,Spread
0HC79092949N1850_1,2,2_79092949,Tennessee,-112,1.89285715,1.89,25/28,-18.5,Tennessee,Team,True,18501,"['ProgressiveParlayTeamEligible', 'MainPointLine', 'SGP']","[{'id': '42305', 'name': 'Tennessee', 'type': 'Team'}]",Madness Props,Spread
0OU79092949O13250_1,2,3_79092949,Over,-115,1.86956522,1.86,20/23,132.5,,Unknown,True,132500,"['ProgressiveParlayTeamEligible', 'MainPointLine', 'SGP']",Madness Props,Total
0OU79092949U13250_3,2,3_79092949,Under,-105,1.95238096,1.95,20/21,132.5,,Unknown,True,132502,"['ProgressiveParlayTeamEligible', 'MainPointLine', 'SGP']",Madness Props,Total
0ML79092949_3,2,1_79092949,Wofford,+1500,16,16.00,15/1,Wofford,Team,True,1279861137,['SGP'],"[{'id': '42442', 'name': 'Wofford', 'type': 'Team'}]",Madness Props,Moneyline
0ML79092949_1,2,1_79092949,Tennessee,-3600,1.02777778,1.02,1/36,Tennessee,Team,True,1279863133,['SGP'],"[{'id': '42305', 'name': 'Tennessee', 'type': 'Team'}]",Madness Props,Moneyline
0HC79092964P450_3,2,2_79092964,Arkansas,-110,1.90909091,1.90,10/11,4.5,Arkansas,Team,True,4499,"['ProgressiveParlayTeamEligible', 'MainPointLine', 'SGP']","[{'id': '42107', 'name': 'Arkansas', 'type': 'Team'}]",Madness Props,Spread
0HC79092964N450_1,2,2_79092964,Kansas,-110,1.90909091,1.90,10/11,-4.5,Kansas,Team,True,4501,"['ProgressiveParlayTeamEligible', 'MainPointLine', 'SGP']","[{'id': '41920', 'name': 'Kansas', 'type': 'Team'}]",Madness Props,Spread
0OU79092964O14550_1,2,3_79092964,Over,-115,1.86956522,1.86,20/23,145.5,,Unknown,True,145500,"['ProgressiveParlayTeamEligible', 'MainPointLine', 'SGP']",Madness Props,Total
0OU79092964U14550_3,2,3_79092964,Under,-105,1.95238096,1.95,20/21,145.5,,Unknown,True,145502,"['ProgressiveParlayTeamEligible', 'MainPointLine', 'SGP']",Madness Props,Total
0ML79092964_3,2,1_79092964,Arkansas,+164,2.64,2.64,41/25,Arkansas,Team,True,1279861242,['SGP'],"[{'id': '42107', 'name': 'Arkansas', 'type': 'Team'}]",Madness Props,Moneyline
0ML79092964_1,2,1_79092964,Kansas,-198,1.50505051,1.50,50/99,Kansas,Team,True,1279863238,['SGP'],"[{'id': '41920', 'name': 'Kansas', 'type': 'Team'}]",Madness Props,Moneyline
0HC79092474P750_3,2,2_79092474,Yale,-115,1.86956522,1.86,20/23,7.5,Yale,Team,True,7499,"['ProgressiveParlayTeamEligible', 'MainPointLine', 'SGP']","[{'id': '42873', 'name': 'Yale', 'type': 'Team'}]",Madness Props,Spread
0HC79092474N750_1,2,2_79092474,Texas A&M,-105,1.95238096,1.95,20/21,-7.5,Texas A&M,Team,True,7501,"['ProgressiveParlayTeamEligible', 'MainPointLine', 'SGP']","[{'id': '44866', 'name': 'Texas A&M', 'type': 'Team'}]",Madness Props,Spread
0OU79092474O13950_1,2,3_79092474,Over,-115,1.86956522,1.86,20/23,139.5,,Unknown,True,139500,"['ProgressiveParlayTeamEligible', 'MainPointLine', 'SGP']",Madness Props,Total
0OU79092474U13950_3,2,3_79092474,Under,-105,1.95238096,1.95,20/21,139.5,,Unknown,True,139502,"['ProgressiveParlayTeamEligible', 'MainPointLine', 'SGP']",Madness Props,Total
0ML79092474_3,2,1_79092474,Yale,+260,3.6,3.60,13/5,Yale,Team,True,1279852093,['SGP'],"[{'id': '42873', 'name': 'Yale', 'type': 'Team'}]",Madness Props,Moneyline
0ML79092474_1,2,1_79092474,Texas A&M,-325,1.30769231,1.30,4/13,Texas A&M,Team,True,1279854089,['SGP'],"[{'id': '44866', 'name': 'Texas A&M', 'type': 'Team'}]",Madness Props,Moneyline
0HC79092959P650_3,2,2_79092959,Drake,-112,1.89285715,1.89,25/28,6.5,Drake,Team,True,6499,"['ProgressiveParlayTeamEligible', 'MainPointLine', 'SGP']","[{'id': '41573', 'name': 'Drake', 'type': 'Team'}]",Madness Props,Spread
0HC79092959N650_1,2,2_79092959,Missouri,-108,1.92592593,1.92,25/27,-6.5,Missouri,Team,True,6501,"['ProgressiveParlayTeamEligible', 'MainPointLine', 'SGP']","[{'id': '43114', 'name': 'Missouri', 'type': 'Team'}]",Madness Props,Spread
0OU79092959O13250_1,2,3_79092959,Over,-108,1.92592593,1.92,25/27,132.5,,Unknown,True,132500,"['ProgressiveParlayTeamEligible', 'MainPointLine', 'SGP']",Madness Props,Total
0OU79092959U13250_3,2,3_79092959,Under,-112,1.89285715,1.89,25/28,132.5,,Unknown,True,132502,"['ProgressiveParlayTeamEligible', 'MainPointLine', 'SGP']",Madness Props,Total
0ML79092959_3,2,1_79092959,Drake,+220,3.2,3.20,11/5,Drake,Team,True,1279861207,['SGP'],"[{'id': '41573', 'name': 'Drake', 'type': 'Team'}]",Madness Props,Moneyline
0ML79092959_1,2,1_79092959,Missouri,-270,1.37037038,1.37,10/27,Missouri,Team,True,1279863203,['SGP'],"[{'id': '43114', 'name': 'Missouri', 'type': 'Team'}]",Madness Props,Moneyline
0HC79092948P550_3,2,2_79092948,Utah State,-112,1.89285715,1.89,25/28,5.5,Utah State,Team,True,5499,"['ProgressiveParlayTeamEligible', 'MainPointLine', 'SGP']","[{'id': '44224', 'name': 'Utah State', 'type': 'Team'}]",Madness Props,Spread
0HC79092948N550_1,2,2_79092948,UCLA,-108,1.92592593,1.92,25/27,-5.5,UCLA,Team,True,5501,"['ProgressiveParlayTeamEligible', 'MainPointLine', 'SGP']","[{'id': '44331', 'name': 'UCLA', 'type': 'Team'}]",Madness Props,Spread
0OU79092948O14350_1,2,3_79092948,Over,-115,1.86956522,1.86,20/23,143.5,,Unknown,True,143500,"['ProgressiveParlayTeamEligible', 'MainPointLine', 'SGP']",Madness Props,Total
0OU79092948U14350_3,2,3_79092948,Under,-105,1.95238096,1.95,20/21,143.5,,Unknown,True,143502,"['ProgressiveParlayTeamEligible', 'MainPointLine', 'SGP']",Madness Props,Total
0ML79092948_3,2,1_79092948,Utah State,+190,2.9,2.90,19/10,Utah State,Team,True,1279861130,['SGP'],"[{'id': '44224', 'name': 'Utah State', 'type': 'Team'}]",Madness Props,Moneyline
0ML79092948_1,2,1_79092948,UCLA,-230,1.43478261,1.43,10/23,UCLA,Team,True,1279863126,['SGP'],"[{'id': '44331', 'name': 'UCLA', 'type': 'Team'}]",Madness Props,Moneyline
0HC79092965P1850_3,2,2_79092965,Omaha,-108,1.92592593,1.92,25/27,18.5,Omaha,Team,True,18499,"['ProgressiveParlayTeamEligible', 'MainPointLine', 'SGP']","[{'id': '43093', 'name': 'Omaha', 'type': 'Team'}]",Madness Props,Spread
0HC79092965N1850_1,2,2_79092965,St. Johns,-112,1.89285715,1.89,25/28,-18.5,St. Johns,Team,True,18501,"['ProgressiveParlayTeamEligible', 'MainPointLine', 'SGP']","[{'id': '41392', 'name': 'St. Johns', 'type': 'Team'}]",Madness Props,Spread
0OU79092965O14750_1,2,3_79092965,Over,-115,1.86956522,1.86,20/23,147.5,,Unknown,True,147500,"['ProgressiveParlayTeamEligible', 'MainPointLine', 'SGP']",Madness Props,Total
0OU79092965U14750_3,2,3_79092965,Under,-105,1.95238096,1.95,20/21,147.5,,Unknown,True,147502,"['ProgressiveParlayTeamEligible', 'MainPointLine', 'SGP']",Madness Props,Total
0ML79092965_3,2,1_79092965,Omaha,+1500,16,16.00,15/1,Omaha,Team,True,1279861249,['SGP'],"[{'id': '43093', 'name': 'Omaha', 'type': 'Team'}]",Madness Props,Moneyline
0ML79092965_1,2,1_79092965,St. Johns,-3600,1.02777778,1.02,1/36,St. Johns,Team,True,1279863245,['SGP'],"[{'id': '41392', 'name': 'St. Johns', 'type': 'Team'}]",Madness Props,Moneyline
0HC79092459P250_3,2,2_79092459,UC San Diego,-108,1.92592593,1.92,25/27,2.5,UC San Diego,Team,True,2499,"['ProgressiveParlayTeamEligible', 'MainPointLine', 'SGP']","[{'id': '302038', 'name': 'UC San Diego', 'type': 'Team'}]",Madness Props,Spread
0HC79092459N250_1,2,2_79092459,Michigan,-112,1.89285715,1.89,25/28,-2.5,Michigan,Team,True,2501,"['ProgressiveParlayTeamEligible', 'MainPointLine', 'SGP']","[{'id': '43956', 'name': 'Michigan', 'type': 'Team'}]",Madness Props,Spread
0OU79092459O14250_1,2,3_79092459,Over,-108,1.92592593,1.92,25/27,142.5,,Unknown,True,142500,"['ProgressiveParlayTeamEligible', 'MainPointLine', 'SGP']",Madness Props,Total
0OU79092459U14250_3,2,3_79092459,Under,-112,1.89285715,1.89,25/28,142.5,,Unknown,True,142502,"['ProgressiveParlayTeamEligible', 'MainPointLine', 'SGP']",Madness Props,Total
0ML79092459_3,2,1_79092459,UC San Diego,+124,2.24,2.24,31/25,UC San Diego,Team,True,1279851932,['SGP'],"[{'id': '302038', 'name': 'UC San Diego', 'type': 'Team'}]",Madness Props,Moneyline
0ML79092459_1,2,1_79092459,Michigan,-148,1.67567568,1.67,25/37,Michigan,Team,True,1279853928,['SGP'],"[{'id': '43956', 'name': 'Michigan', 'type': 'Team'}]",Madness Props,Moneyline
0HC79092963P1550_3,2,2_79092963,UNC Wilmington,-108,1.92592593,1.92,25/27,15.5,UNC Wilmington,Team,True,15499,"['ProgressiveParlayTeamEligible', 'MainPointLine', 'SGP']","[{'id': '42593', 'name': 'UNC Wilmington', 'type': 'Team'}]",Madness Props,Spread
0HC79092963N1550_1,2,2_79092963,Texas Tech,-112,1.89285715,1.89,25/28,-15.5,Texas Tech,Team,True,15501,"['ProgressiveParlayTeamEligible', 'MainPointLine', 'SGP']","[{'id': '42835', 'name': 'Texas Tech', 'type': 'Team'}]",Madness Props,Spread
0OU79092963O14350_1,2,3_79092963,Over,-112,1.89285715,1.89,25/28,143.5,,Unknown,True,143500,"['ProgressiveParlayTeamEligible', 'MainPointLine', 'SGP']",Madness Props,Total
0OU79092963U14350_3,2,3_79092963,Under,-108,1.92592593,1.92,25/27,143.5,,Unknown,True,143502,"['ProgressiveParlayTeamEligible', 'MainPointLine', 'SGP']",Madness Props,Total
0ML79092963_3,2,1_79092963,UNC Wilmington,+1000,11,11.00,10/1,UNC Wilmington,Team,True,1279861235,['SGP'],"[{'id': '42593', 'name': 'UNC Wilmington', 'type': 'Team'}]",Madness Props,Moneyline
0ML79092963_1,2,1_79092963,Texas Tech,-1800,1.05555556,1.05,1/18,Texas Tech,Team,True,1279863231,['SGP'],"[{'id': '42835', 'name': 'Texas Tech', 'type': 'Team'}]",Madness Props,Moneyline
0HC79092703P100_3,2,2_79092703,Baylor,-108,1.92592593,1.92,25/27,1,Baylor,Team,True,999,"['ProgressiveParlayTeamEligible', 'MainPointLine', 'SGP']","[{'id': '44466', 'name': 'Baylor', 'type': 'Team'}]",Madness Props,Spread
0HC79092703N100_1,2,2_79092703,Mississippi State,-112,1.89285715,1.89,25/28,-1,Mississippi State,Team,True,1001,"['ProgressiveParlayTeamEligible', 'MainPointLine', 'SGP']","[{'id': '42185', 'name': 'Mississippi State', 'type': 'Team'}]",Madness Props,Spread
0OU79092703O14450_1,2,3_79092703,Over,-110,1.90909091,1.90,10/11,144.5,,Unknown,True,144500,"['ProgressiveParlayTeamEligible', 'MainPointLine', 'SGP']",Madness Props,Total
0OU79092703U14450_3,2,3_79092703,Under,-110,1.90909091,1.90,10/11,144.5,,Unknown,True,144502,"['ProgressiveParlayTeamEligible', 'MainPointLine', 'SGP']",Madness Props,Total
0ML79092703_3,2,1_79092703,Baylor,+100,2,2.00,1/1,Baylor,Team,True,1279857126,['SGP'],"[{'id': '44466', 'name': 'Baylor', 'type': 'Team'}]",Madness Props,Moneyline
0ML79092703_1,2,1_79092703,Mississippi State,-120,1.83333334,1.83,5/6,Mississippi State,Team,True,1279859122,['SGP'],"[{'id': '42185', 'name': 'Mississippi State', 'type': 'Team'}]",Madness Props,Moneyline
0HC79092773P2350_3,2,2_79092773,Robert Morris,-115,1.86956522,1.86,20/23,23.5,Robert Morris,Team,True,23499,"['ProgressiveParlayTeamEligible', 'MainPointLine', 'SGP']","[{'id': '44588', 'name': 'Robert Morris', 'type': 'Team'}]",Madness Props,Spread
0HC79092773N2350_1,2,2_79092773,Alabama,-105,1.95238096,1.95,20/21,-23.5,Alabama,Team,True,23501,"['ProgressiveParlayTeamEligible', 'MainPointLine', 'SGP']","[{'id': '42858', 'name': 'Alabama', 'type': 'Team'}]",Madness Props,Spread
0OU79092773O16550_1,2,3_79092773,Over,-108,1.92592593,1.92,25/27,165.5,,Unknown,True,165500,"['ProgressiveParlayTeamEligible', 'MainPointLine', 'SGP']",Madness Props,Total
0OU79092773U16550_3,2,3_79092773,Under,-112,1.89285715,1.89,25/28,165.5,,Unknown,True,165502,"['ProgressiveParlayTeamEligible', 'MainPointLine', 'SGP']",Madness Props,Total
0ML79092773_3,2,1_79092773,Robert Morris,+1800,19,19.00,18/1,Robert Morris,Team,True,1279858596,['SGP'],"[{'id': '44588', 'name': 'Robert Morris', 'type': 'Team'}]",Madness Props,Moneyline
0ML79092773_1,2,1_79092773,Alabama,-5000,1.02,1.02,1/50,Alabama,Team,True,1279860592,['SGP'],"[{'id': '42858', 'name': 'Alabama', 'type': 'Team'}]",Madness Props,Moneyline
0HC79092479P1450_3,2,2_79092479,Lipscomb,-102,1.98039216,1.98,50/51,14.5,Lipscomb,Team,True,14499,"['ProgressiveParlayTeamEligible', 'MainPointLine', 'SGP']","[{'id': '43785', 'name': 'Lipscomb', 'type': 'Team'}]",Madness Props,Spread
0HC79092479N1450_1,2,2_79092479,Iowa State,-118,1.84745763,1.84,50/59,-14.5,Iowa State,Team,True,14501,"['ProgressiveParlayTeamEligible', 'MainPointLine', 'SGP']","[{'id': '42961', 'name': 'Iowa State', 'type': 'Team'}]",Madness Props,Spread
0OU79092479O14350_1,2,3_79092479,Over,-105,1.95238096,1.95,20/21,143.5,,Unknown,True,143500,"['ProgressiveParlayTeamEligible', 'MainPointLine', 'SGP']",Madness Props,Total
0OU79092479U14350_3,2,3_79092479,Under,-115,1.86956522,1.86,20/23,143.5,,Unknown,True,143502,"['ProgressiveParlayTeamEligible', 'MainPointLine', 'SGP']",Madness Props,Total
0ML79092479_3,2,1_79092479,Lipscomb,+900,10,10.00,9/1,Lipscomb,Team,True,1279852128,['SGP'],"[{'id': '43785', 'name': 'Lipscomb', 'type': 'Team'}]",Madness Props,Moneyline
0ML79092479_1,2,1_79092479,Iowa State,-1600,1.0625,1.06,1/16,Iowa State,Team,True,1279854124,['SGP'],"[{'id': '42961', 'name': 'Iowa State', 'type': 'Team'}]",Madness Props,Moneyline
0HC79092954N150_3,2,2_79092954,Colorado State,-118,1.84745763,1.84,50/59,-1.5,Colorado State,Team,True,-1501,"['ProgressiveParlayTeamEligible', 'MainPointLine', 'SGP']","[{'id': '45374', 'name': 'Colorado State', 'type': 'Team'}]",Madness Props,Spread
0HC79092954P150_1,2,2_79092954,Memphis,-102,1.98039216,1.98,50/51,1.5,Memphis,Team,True,-1499,"['ProgressiveParlayTeamEligible', 'MainPointLine', 'SGP']","[{'id': '43053', 'name': 'Memphis', 'type': 'Team'}]",Madness Props,Spread
0OU79092954O14750_1,2,3_79092954,Over,-110,1.90909091,1.90,10/11,147.5,,Unknown,True,147500,"['ProgressiveParlayTeamEligible', 'MainPointLine', 'SGP']",Madness Props,Total
0OU79092954U14750_3,2,3_79092954,Under,-110,1.90909091,1.90,10/11,147.5,,Unknown,True,147502,"['ProgressiveParlayTeamEligible', 'MainPointLine', 'SGP']",Madness Props,Total
0ML79092954_3,2,1_79092954,Colorado State,-135,1.74074075,1.74,20/27,Colorado State,Team,True,1279861172,['SGP'],"[{'id': '45374', 'name': 'Colorado State', 'type': 'Team'}]",Madness Props,Moneyline
0ML79092954_1,2,1_79092954,Memphis,+114,2.14,2.14,57/50,Memphis,Team,True,1279863168,['SGP'],"[{'id': '43053', 'name': 'Memphis', 'type': 'Team'}]",Madness Props,Moneyline
0HC79092772P450_3,2,2_79092772,Vanderbilt,-115,1.86956522,1.86,20/23,4.5,Vanderbilt,Team,True,4499,"['ProgressiveParlayTeamEligible', 'MainPointLine', 'SGP']","[{'id': '44513', 'name': 'Vanderbilt', 'type': 'Team'}]",Madness Props,Spread
0HC79092772N450_1,2,2_79092772,Saint Marys,-105,1.95238096,1.95,20/21,-4.5,Saint Marys,Team,True,4501,"['ProgressiveParlayTeamEligible', 'MainPointLine', 'SGP']","[{'id': '41405', 'name': 'Saint Marys', 'type': 'Team'}]",Madness Props,Spread
0OU79092772O13650_1,2,3_79092772,Over,-108,1.92592593,1.92,25/27,136.5,,Unknown,True,136500,"['ProgressiveParlayTeamEligible', 'MainPointLine', 'SGP']",Madness Props,Total
0OU79092772U13650_3,2,3_79092772,Under,-112,1.89285715,1.89,25/28,136.5,,Unknown,True,136502,"['ProgressiveParlayTeamEligible', 'MainPointLine', 'SGP']",Madness Props,Total
0ML79092772_3,2,1_79092772,Vanderbilt,+160,2.6,2.60,8/5,Vanderbilt,Team,True,1279858589,['SGP'],"[{'id': '44513', 'name': 'Vanderbilt', 'type': 'Team'}]",Madness Props,Moneyline
0ML79092772_1,2,1_79092772,Saint Marys,-192,1.52083334,1.52,25/48,Saint Marys,Team,True,1279860585,['SGP'],"[{'id': '41405', 'name': 'Saint Marys', 'type': 'Team'}]",Madness Props,Moneyline
0HC79111741P150_3,2,2_79111741,North Carolina,-110,1.90909091,1.90,10/11,1.5,North Carolina,Team,True,1499,"['ProgressiveParlayTeamEligible', 'MainPointLine', 'SGP']","[{'id': '42450', 'name': 'North Carolina', 'type': 'Team'}]",Madness Props,Spread
0HC79111741N150_1,2,2_79111741,Ole Miss,-110,1.90909091,1.90,10/11,-1.5,Ole Miss,Team,True,1501,"['ProgressiveParlayTeamEligible', 'MainPointLine', 'SGP']","[{'id': '43121', 'name': 'Ole Miss', 'type': 'Team'}]",Madness Props,Spread
0OU79111741O15250_1,2,3_79111741,Over,-110,1.90909091,1.90,10/11,152.5,,Unknown,True,152500,"['ProgressiveParlayTeamEligible', 'MainPointLine', 'SGP']",Madness Props,Total
0OU79111741U15250_3,2,3_79111741,Under,-110,1.90909091,1.90,10/11,152.5,,Unknown,True,152502,"['ProgressiveParlayTeamEligible', 'MainPointLine', 'SGP']",Madness Props,Total
0ML79111741_3,2,1_79111741,North Carolina,+105,2.05,2.05,21/20,North Carolina,Team,True,1280260180,['SGP'],"[{'id': '42450', 'name': 'North Carolina', 'type': 'Team'}]",Madness Props,Moneyline
0ML79111741_1,2,1_79111741,Ole Miss,-125,1.8,1.80,4/5,Ole Miss,Team,True,1280262176,['SGP'],"[{'id': '43121', 'name': 'Ole Miss', 'type': 'Team'}]",Madness Props,Moneyline
0HC79111740P350_3,2,2_79111740,San Diego State,-110,1.90909091,1.90,10/11,3.5,San Diego State,Team,True,3499,"['ProgressiveParlayTeamEligible', 'MainPointLine', 'SGP']","[{'id': '44675', 'name': 'San Diego State', 'type': 'Team'}]",Madness Props,Spread
0HC79111740N350_1,2,2_79111740,Ole Miss,-110,1.90909091,1.90,10/11,-3.5,Ole Miss,Team,True,3501,"['ProgressiveParlayTeamEligible', 'MainPointLine', 'SGP']","[{'id': '43121', 'name': 'Ole Miss', 'type': 'Team'}]",Madness Props,Spread
0OU79111740O13550_1,2,3_79111740,Over,-110,1.90909091,1.90,10/11,135.5,,Unknown,True,135500,"['ProgressiveParlayTeamEligible', 'MainPointLine', 'SGP']",Madness Props,Total
0OU79111740U13550_3,2,3_79111740,Under,-110,1.90909091,1.90,10/11,135.5,,Unknown,True,135502,"['ProgressiveParlayTeamEligible', 'MainPointLine', 'SGP']",Madness Props,Total
0ML79111740_3,2,1_79111740,San Diego State,+150,2.5,2.50,6/4,San Diego State,Team,True,1280260173,['SGP'],"[{'id': '44675', 'name': 'San Diego State', 'type': 'Team'}]",Madness Props,Moneyline
0ML79111740_1,2,1_79111740,Ole Miss,-180,1.55555556,1.55,5/9,Ole Miss,Team,True,1280262169,['SGP'],"[{'id': '43121', 'name': 'Ole Miss', 'type': 'Team'}]",Madness Props,Moneyline
0HC79092960P1050_3,2,2_79092960,Grand Canyon,-115,1.86956522,1.86,20/23,10.5,Grand Canyon,Team,True,10499,"['ProgressiveParlayTeamEligible', 'MainPointLine', 'SGP']","[{'id': '43744', 'name': 'Grand Canyon', 'type': 'Team'}]",Madness Props,Spread
0HC79092960N1050_1,2,2_79092960,Maryland,-105,1.95238096,1.95,20/21,-10.5,Maryland,Team,True,10501,"['ProgressiveParlayTeamEligible', 'MainPointLine', 'SGP']","[{'id': '42635', 'name': 'Maryland', 'type': 'Team'}]",Madness Props,Spread
0OU79092960O15050_1,2,3_79092960,Over,-105,1.95238096,1.95,20/21,150.5,,Unknown,True,150500,"['ProgressiveParlayTeamEligible', 'MainPointLine', 'SGP']",Madness Props,Total
0OU79092960U15050_3,2,3_79092960,Under,-115,1.86956522,1.86,20/23,150.5,,Unknown,True,150502,"['ProgressiveParlayTeamEligible', 'MainPointLine', 'SGP']",Madness Props,Total
0ML79092960_3,2,1_79092960,Grand Canyon,+425,5.25,5.25,17/4,Grand Canyon,Team,True,1279861214,['SGP'],"[{'id': '43744', 'name': 'Grand Canyon', 'type': 'Team'}]",Madness Props,Moneyline
0ML79092960_1,2,1_79092960,Maryland,-575,1.17391305,1.17,4/23,Maryland,Team,True,1279863210,['SGP'],"[{'id': '42635', 'name': 'Maryland', 'type': 'Team'}]",Madness Props,Moneyline
0HC79092952P2850_3,2,2_79092952,Norfolk State,-110,1.90909091,1.90,10/11,28.5,Norfolk State,Team,True,28499,"['ProgressiveParlayTeamEligible', 'MainPointLine', 'SGP']","[{'id': '43965', 'name': 'Norfolk State', 'type': 'Team'}]",Madness Props,Spread
0HC79092952N2850_1,2,2_79092952,Florida,-110,1.90909091,1.90,10/11,-28.5,Florida,Team,True,28501,"['ProgressiveParlayTeamEligible', 'MainPointLine', 'SGP']","[{'id': '44135', 'name': 'Florida', 'type': 'Team'}]",Madness Props,Spread
0OU79092952O15350_1,2,3_79092952,Over,-115,1.86956522,1.86,20/23,153.5,,Unknown,True,153500,"['ProgressiveParlayTeamEligible', 'MainPointLine', 'SGP']",Madness Props,Total
0OU79092952U15350_3,2,3_79092952,Under,-105,1.95238096,1.95,20/21,153.5,,Unknown,True,153502,"['ProgressiveParlayTeamEligible', 'MainPointLine', 'SGP']",Madness Props,Total
0ML79092952_3,2,1_79092952,Norfolk State,+2500,26,26.00,25/1,Norfolk State,Team,True,1279861158,['SGP'],"[{'id': '43965', 'name': 'Norfolk State', 'type': 'Team'}]",Madness Props,Moneyline
0ML79092952_1,2,1_79092952,Florida,-9000,1.01111112,1.01,1/90,Florida,Team,True,1279863154,['SGP'],"[{'id': '44135', 'name': 'Florida', 'type': 'Team'}]",Madness Props,Moneyline
0HC79092941P1150_3,2,2_79092941,Troy,-115,1.86956522,1.86,20/23,11.5,Troy,Team,True,11499,"['ProgressiveParlayTeamEligible', 'MainPointLine', 'SGP']","[{'id': '43481', 'name': 'Troy', 'type': 'Team'}]",Madness Props,Spread
0HC79092941N1150_1,2,2_79092941,Kentucky,-105,1.95238096,1.95,20/21,-11.5,Kentucky,Team,True,11501,"['ProgressiveParlayTeamEligible', 'MainPointLine', 'SGP']","[{'id': '44542', 'name': 'Kentucky', 'type': 'Team'}]",Madness Props,Spread
0OU79092941O15250_1,2,3_79092941,Over,-105,1.95238096,1.95,20/21,152.5,,Unknown,True,152500,"['ProgressiveParlayTeamEligible', 'MainPointLine', 'SGP']",Madness Props,Total
0OU79092941U15250_3,2,3_79092941,Under,-115,1.86956522,1.86,20/23,152.5,,Unknown,True,152502,"['ProgressiveParlayTeamEligible', 'MainPointLine', 'SGP']",Madness Props,Total
0ML79092941_3,2,1_79092941,Troy,+550,6.5,6.50,11/2,Troy,Team,True,1279861081,['SGP'],"[{'id': '43481', 'name': 'Troy', 'type': 'Team'}]",Madness Props,Moneyline
0ML79092941_1,2,1_79092941,Kentucky,-800,1.125,1.12,1/8,Kentucky,Team,True,1279863077,['SGP'],"[{'id': '44542', 'name': 'Kentucky', 'type': 'Team'}]",Madness Props,Moneyline
0HC79092502P350_3,2,2_79092502,New Mexico,-105,1.95238096,1.95,20/21,3.5,New Mexico,Team,True,3499,"['ProgressiveParlayTeamEligible', 'MainPointLine', 'SGP']","[{'id': '44215', 'name': 'New Mexico', 'type': 'Team'}]",Madness Props,Spread
0HC79092502N350_1,2,2_79092502,Marquette,-115,1.86956522,1.86,20/23,-3.5,Marquette,Team,True,3501,"['ProgressiveParlayTeamEligible', 'MainPointLine', 'SGP']","[{'id': '44018', 'name': 'Marquette', 'type': 'Team'}]",Madness Props,Spread
0OU79092502O15350_1,2,3_79092502,Over,-108,1.92592593,1.92,25/27,153.5,,Unknown,True,153500,"['ProgressiveParlayTeamEligible', 'MainPointLine', 'SGP']",Madness Props,Total
0OU79092502U15350_3,2,3_79092502,Under,-112,1.89285715,1.89,25/28,153.5,,Unknown,True,153502,"['ProgressiveParlayTeamEligible', 'MainPointLine', 'SGP']",Madness Props,Total
0ML79092502_3,2,1_79092502,New Mexico,+145,2.45,2.45,29/20,New Mexico,Team,True,1279852583,['SGP'],"[{'id': '44215', 'name': 'New Mexico', 'type': 'Team'}]",Madness Props,Moneyline
0ML79092502_1,2,1_79092502,Marquette,-175,1.57142858,1.57,4/7,Marquette,Team,True,1279854579,['SGP'],"[{'id': '44018', 'name': 'Marquette', 'type': 'Team'}]",Madness Props,Moneyline
0HC79092765P1350_3,2,2_79092765,Akron,-102,1.98039216,1.98,50/51,13.5,Akron,Team,True,13499,"['ProgressiveParlayTeamEligible', 'MainPointLine', 'SGP']","[{'id': '41425', 'name': 'Akron', 'type': 'Team'}]",Madness Props,Spread
0HC79092765N1350_1,2,2_79092765,Arizona,-118,1.84745763,1.84,50/59,-13.5,Arizona,Team,True,13501,"['ProgressiveParlayTeamEligible', 'MainPointLine', 'SGP']","[{'id': '45351', 'name': 'Arizona', 'type': 'Team'}]",Madness Props,Spread
0OU79092765O16650_1,2,3_79092765,Over,-115,1.86956522,1.86,20/23,166.5,,Unknown,True,166500,"['ProgressiveParlayTeamEligible', 'MainPointLine', 'SGP']",Madness Props,Total
0OU79092765U16650_3,2,3_79092765,Under,-105,1.95238096,1.95,20/21,166.5,,Unknown,True,166502,"['ProgressiveParlayTeamEligible', 'MainPointLine', 'SGP']",Madness Props,Total
0ML79092765_3,2,1_79092765,Akron,+750,8.5,8.50,15/2,Akron,Team,True,1279858442,['SGP'],"[{'id': '41425', 'name': 'Akron', 'type': 'Team'}]",Madness Props,Moneyline
0ML79092765_1,2,1_79092765,Arizona,-1200,1.08333334,1.08,1/12,Arizona,Team,True,1279860438,['SGP'],"[{'id': '45351', 'name': 'Arizona', 'type': 'Team'}]",Madness Props,Moneyline
0HC79092953P550_3,2,2_79092953,Oklahoma,-110,1.90909091,1.90,10/11,5.5,Oklahoma,Team,True,5499,"['ProgressiveParlayTeamEligible', 'MainPointLine', 'SGP']","[{'id': '42537', 'name': 'Oklahoma', 'type': 'Team'}]",Madness Props,Spread
0HC79092953N550_1,2,2_79092953,UConn,-110,1.90909091,1.90,10/11,-5.5,UConn,Team,True,5501,"['ProgressiveParlayTeamEligible', 'MainPointLine', 'SGP']","[{'id': '41421', 'name': 'UConn', 'type': 'Team'}]",Madness Props,Spread
0OU79092953O14750_1,2,3_79092953,Over,-112,1.89285715,1.89,25/28,147.5,,Unknown,True,147500,"['ProgressiveParlayTeamEligible', 'MainPointLine', 'SGP']",Madness Props,Total
0OU79092953U14750_3,2,3_79092953,Under,-108,1.92592593,1.92,25/27,147.5,,Unknown,True,147502,"['ProgressiveParlayTeamEligible', 'MainPointLine', 'SGP']",Madness Props,Total
0ML79092953_3,2,1_79092953,Oklahoma,+190,2.9,2.90,19/10,Oklahoma,Team,True,1279861165,['SGP'],"[{'id': '42537', 'name': 'Oklahoma', 'type': 'Team'}]",Madness Props,Moneyline
0ML79092953_1,2,1_79092953,UConn,-230,1.43478261,1.43,10/23,UConn,Team,True,1279863161,['SGP'],"[{'id': '41421', 'name': 'UConn', 'type': 'Team'}]",Madness Props,Moneyline
0HC79092553P1750_3,2,2_79092553,Bryant,-115,1.86956522,1.86,20/23,17.5,Bryant,Team,True,17499,"['ProgressiveParlayTeamEligible', 'MainPointLine', 'SGP']","[{'id': '42187', 'name': 'Bryant', 'type': 'Team'}]",Madness Props,Spread
0HC79092553N1750_1,2,2_79092553,Michigan State,-105,1.95238096,1.95,20/21,-17.5,Michigan State,Team,True,17501,"['ProgressiveParlayTeamEligible', 'MainPointLine', 'SGP']","[{'id': '41925', 'name': 'Michigan State', 'type': 'Team'}]",Madness Props,Spread
0OU79092553O15250_1,2,3_79092553,Over,-110,1.90909091,1.90,10/11,152.5,,Unknown,True,152500,"['ProgressiveParlayTeamEligible', 'MainPointLine', 'SGP']",Madness Props,Total
0OU79092553U15250_3,2,3_79092553,Under,-110,1.90909091,1.90,10/11,152.5,,Unknown,True,152502,"['ProgressiveParlayTeamEligible', 'MainPointLine', 'SGP']",Madness Props,Total
0ML79092553_3,2,1_79092553,Bryant,+1200,13,13.00,12/1,Bryant,Team,True,1279853801,['SGP'],"[{'id': '42187', 'name': 'Bryant', 'type': 'Team'}]",Madness Props,Moneyline
0ML79092553_1,2,1_79092553,Michigan State,-2400,1.04166667,1.04,1/24,Michigan State,Team,True,1279855797,['SGP'],"[{'id': '41925', 'name': 'Michigan State', 'type': 'Team'}]",Madness Props,Moneyline
0HC79092744P750_3,2,2_79092744,Liberty,-115,1.86956522,1.86,20/23,7.5,Liberty,Team,True,7499,"['ProgressiveParlayTeamEligible', 'MainPointLine', 'SGP']","[{'id': '41459', 'name': 'Liberty', 'type': 'Team'}]",Madness Props,Spread
0HC79092744N750_1,2,2_79092744,Oregon,-105,1.95238096,1.95,20/21,-7.5,Oregon,Team,True,7501,"['ProgressiveParlayTeamEligible', 'MainPointLine', 'SGP']","[{'id': '44430', 'name': 'Oregon', 'type': 'Team'}]",Madness Props,Spread
0OU79092744O13950_1,2,3_79092744,Over,-108,1.92592593,1.92,25/27,139.5,,Unknown,True,139500,"['ProgressiveParlayTeamEligible', 'MainPointLine', 'SGP']",Madness Props,Total
0OU79092744U13950_3,2,3_79092744,Under,-112,1.89285715,1.89,25/28,139.5,,Unknown,True,139502,"['ProgressiveParlayTeamEligible', 'MainPointLine', 'SGP']",Madness Props,Total
0ML79092744_3,2,1_79092744,Liberty,+260,3.6,3.60,13/5,Liberty,Team,True,1279858001,['SGP'],"[{'id': '41459', 'name': 'Liberty', 'type': 'Team'}]",Madness Props,Moneyline
0ML79092744_1,2,1_79092744,Oregon,-325,1.30769231,1.30,4/13,Oregon,Team,True,1279859997,['SGP'],"[{'id': '44430', 'name': 'Oregon', 'type': 'Team'}]",Madness Props,Moneyline
0HC79110487N350_3,2,2_79110487,Saint Francis PA,-115,1.86956522,1.86,20/23,-3.5,Saint Francis PA,Team,True,-3501,"['MainPointLine', 'SGP']","[{'id': '41332', 'name': 'Saint Francis PA', 'type': 'Team'}]",Madness Props,Spread
0HC79110487P350_1,2,2_79110487,Alabama State,-115,1.86956522,1.86,20/23,3.5,Alabama State,Team,True,-3499,"['MainPointLine', 'SGP']","[{'id': '42969', 'name': 'Alabama State', 'type': 'Team'}]",Madness Props,Spread
0OU79110487O14650_1,2,3_79110487,Over,-110,1.90909091,1.90,10/11,146.5,,Unknown,True,146500,"['MainPointLine', 'SGP']",Madness Props,Total
0OU79110487U14650_3,2,3_79110487,Under,-120,1.83333334,1.83,5/6,146.5,,Unknown,True,146502,"['MainPointLine', 'SGP']",Madness Props,Total
0ML79110487_3,2,1_79110487,Saint Francis PA,-200,1.5,1.50,1/2,Saint Francis PA,Team,True,1280230384,['SGP'],"[{'id': '41332', 'name': 'Saint Francis PA', 'type': 'Team'}]",Madness Props,Moneyline
0ML79110487_1,2,1_79110487,Alabama State,+154,2.54,2.54,77/50,Alabama State,Team,True,1280232377,['SGP'],"[{'id': '42969', 'name': 'Alabama State', 'type': 'Team'}]",Madness Props,Moneyline
0HC79110488P550_3,2,2_79110488,Kent State,-115,1.86956522,1.86,20/23,5.5,Kent State,Team,True,5499,"['MainPointLine', 'SGP']","[{'id': '43444', 'name': 'Kent State', 'type': 'Team'}]",Madness Props,Spread
0HC79110488N550_1,2,2_79110488,Saint Bonaventure,-115,1.86956522,1.86,20/23,-5.5,Saint Bonaventure,Team,True,5501,"['MainPointLine', 'SGP']","[{'id': '44786', 'name': 'Saint Bonaventure', 'type': 'Team'}]",Madness Props,Spread
0OU79110488O13450_1,2,3_79110488,Over,-115,1.86956522,1.86,20/23,134.5,,Unknown,True,134500,"['MainPointLine', 'SGP']",Madness Props,Total
0OU79110488U13450_3,2,3_79110488,Under,-115,1.86956522,1.86,20/23,134.5,,Unknown,True,134502,"['MainPointLine', 'SGP']",Madness Props,Total
0ML79110488_3,2,1_79110488,Kent State,+210,3.1,3.10,21/10,Kent State,Team,True,1280230388,['SGP'],"[{'id': '43444', 'name': 'Kent State', 'type': 'Team'}]",Madness Props,Moneyline
0ML79110488_1,2,1_79110488,Saint Bonaventure,-280,1.35714286,1.35,5/14,Saint Bonaventure,Team,True,1280232378,['SGP'],"[{'id': '44786', 'name': 'Saint Bonaventure', 'type': 'Team'}]",Madness Props,Moneyline
0HC79110490P250_3,2,2_79110490,Jacksonville State,-115,1.86956522,1.86,20/23,2.5,Jacksonville State,Team,True,2499,"['MainPointLine', 'SGP']","[{'id': '42218', 'name': 'Jacksonville State', 'type': 'Team'}]",Madness Props,Spread
0HC79110490N250_1,2,2_79110490,Georgia Tech,-115,1.86956522,1.86,20/23,-2.5,Georgia Tech,Team,True,2501,"['MainPointLine', 'SGP']","[{'id': '42150', 'name': 'Georgia Tech', 'type': 'Team'}]",Madness Props,Spread
0OU79110490O14950_1,2,3_79110490,Over,-110,1.90909091,1.90,10/11,149.5,,Unknown,True,149500,"['MainPointLine', 'SGP']",Madness Props,Total
0OU79110490U14950_3,2,3_79110490,Under,-120,1.83333334,1.83,5/6,149.5,,Unknown,True,149502,"['MainPointLine', 'SGP']",Madness Props,Total
0ML79110490_3,2,1_79110490,Jacksonville State,+124,2.24,2.24,31/25,Jacksonville State,Team,True,1280230402,['SGP'],"[{'id': '42218', 'name': 'Jacksonville State', 'type': 'Team'}]",Madness Props,Moneyline
0ML79110490_1,2,1_79110490,Georgia Tech,-160,1.625,1.62,5/8,Georgia Tech,Team,True,1280232398,['SGP'],"[{'id': '42150', 'name': 'Georgia Tech', 'type': 'Team'}]",Madness Props,Moneyline
0HC79100355P150_3,2,2_79100355,Chattanooga,-110,1.90909091,1.90,10/11,1.5,Chattanooga,Team,True,1499,"['ProgressiveParlayTeamEligible', 'MainPointLine', 'SGP']","[{'id': '41974', 'name': 'Chattanooga', 'type': 'Team'}]",Madness Props,Spread
0HC79100355N150_1,2,2_79100355,Middle Tennessee,-110,1.90909091,1.90,10/11,-1.5,Middle Tennessee,Team,True,1501,"['ProgressiveParlayTeamEligible', 'MainPointLine', 'SGP']","[{'id': '42683', 'name': 'Middle Tennessee', 'type': 'Team'}]",Madness Props,Spread
0OU79100355O15250_1,2,3_79100355,Over,-115,1.86956522,1.86,20/23,152.5,,Unknown,True,152500,"['ProgressiveParlayTeamEligible', 'MainPointLine', 'SGP']",Madness Props,Total
0OU79100355U15250_3,2,3_79100355,Under,-105,1.95238096,1.95,20/21,152.5,,Unknown,True,152502,"['ProgressiveParlayTeamEligible', 'MainPointLine', 'SGP']",Madness Props,Total
0ML79100355_3,2,1_79100355,Chattanooga,+105,2.05,2.05,21/20,Chattanooga,Team,True,1280025918,['SGP'],"[{'id': '41974', 'name': 'Chattanooga', 'type': 'Team'}]",Madness Props,Moneyline
0ML79100355_1,2,1_79100355,Middle Tennessee,-125,1.8,1.80,4/5,Middle Tennessee,Team,True,1280027914,['SGP'],"[{'id': '42683', 'name': 'Middle Tennessee', 'type': 'Team'}]",Madness Props,Moneyline
0HC79100357P650_3,2,2_79100357,Wichita State,-112,1.89285715,1.89,25/28,6.5,Wichita State,Team,True,6499,"['ProgressiveParlayTeamEligible', 'MainPointLine', 'SGP']","[{'id': '43593', 'name': 'Wichita State', 'type': 'Team'}]",Madness Props,Spread
0HC79100357N650_1,2,2_79100357,Oklahoma State,-108,1.92592593,1.92,25/27,-6.5,Oklahoma State,Team,True,6501,"['ProgressiveParlayTeamEligible', 'MainPointLine', 'SGP']","[{'id': '43141', 'name': 'Oklahoma State', 'type': 'Team'}]",Madness Props,Spread
0OU79100357O15450_1,2,3_79100357,Over,-105,1.95238096,1.95,20/21,154.5,,Unknown,True,154500,"['ProgressiveParlayTeamEligible', 'MainPointLine', 'SGP']",Madness Props,Total
0OU79100357U15450_3,2,3_79100357,Under,-115,1.86956522,1.86,20/23,154.5,,Unknown,True,154502,"['ProgressiveParlayTeamEligible', 'MainPointLine', 'SGP']",Madness Props,Total
0ML79100357_3,2,1_79100357,Wichita State,+230,3.3,3.30,23/10,Wichita State,Team,True,1280025932,['SGP'],"[{'id': '43593', 'name': 'Wichita State', 'type': 'Team'}]",Madness Props,Moneyline
0ML79100357_1,2,1_79100357,Oklahoma State,-285,1.3508772,1.35,20/57,Oklahoma State,Team,True,1280027928,['SGP'],"[{'id': '43141', 'name': 'Oklahoma State', 'type': 'Team'}]",Madness Props,Moneyline
0HC79100359P550_3,2,2_79100359,Saint Louis,-108,1.92592593,1.92,25/27,5.5,Saint Louis,Team,True,5499,"['ProgressiveParlayTeamEligible', 'MainPointLine', 'SGP']","[{'id': '43370', 'name': 'Saint Louis', 'type': 'Team'}]",Madness Props,Spread
0HC79100359N550_1,2,2_79100359,Arkansas State,-112,1.89285715,1.89,25/28,-5.5,Arkansas State,Team,True,5501,"['ProgressiveParlayTeamEligible', 'MainPointLine', 'SGP']","[{'id': '42673', 'name': 'Arkansas State', 'type': 'Team'}]",Madness Props,Spread
0OU79100359O15450_1,2,3_79100359,Over,-105,1.95238096,1.95,20/21,154.5,,Unknown,True,154500,"['ProgressiveParlayTeamEligible', 'MainPointLine', 'SGP']",Madness Props,Total
0OU79100359U15450_3,2,3_79100359,Under,-115,1.86956522,1.86,20/23,154.5,,Unknown,True,154502,"['ProgressiveParlayTeamEligible', 'MainPointLine', 'SGP']",Madness Props,Total
0ML79100359_3,2,1_79100359,Saint Louis,+200,3,3.00,2/1,Saint Louis,Team,True,1280025946,['SGP'],"[{'id': '43370', 'name': 'Saint Louis', 'type': 'Team'}]",Madness Props,Moneyline
0ML79100359_1,2,1_79100359,Arkansas State,-245,1.40816327,1.40,20/49,Arkansas State,Team,True,1280027942,['SGP'],"[{'id': '42673', 'name': 'Arkansas State', 'type': 'Team'}]",Madness Props,Moneyline
0HC79092473N450_3,2,2_79092473,North Carolina,-112,1.89285715,1.89,25/28,-4.5,North Carolina,Team,True,-4501,"['ProgressiveParlayTeamEligible', 'MainPointLine', 'SGP']","[{'id': '42450', 'name': 'North Carolina', 'type': 'Team'}]",Madness Props,Spread
0HC79092473P450_1,2,2_79092473,San Diego State,-108,1.92592593,1.92,25/27,4.5,San Diego State,Team,True,-4499,"['ProgressiveParlayTeamEligible', 'MainPointLine', 'SGP']","[{'id': '44675', 'name': 'San Diego State', 'type': 'Team'}]",Madness Props,Spread
0OU79092473O14150_1,2,3_79092473,Over,-112,1.89285715,1.89,25/28,141.5,,Unknown,True,141500,"['ProgressiveParlayTeamEligible', 'MainPointLine', 'SGP']",Madness Props,Total
0OU79092473U14150_3,2,3_79092473,Under,-108,1.92592593,1.92,25/27,141.5,,Unknown,True,141502,"['ProgressiveParlayTeamEligible', 'MainPointLine', 'SGP']",Madness Props,Total
0ML79092473_3,2,1_79092473,North Carolina,-218,1.4587156,1.45,50/109,North Carolina,Team,True,1279852086,['SGP'],"[{'id': '42450', 'name': 'North Carolina', 'type': 'Team'}]",Madness Props,Moneyline
0ML79092473_1,2,1_79092473,San Diego State,+180,2.8,2.80,9/5,San Diego State,Team,True,1279854082,['SGP'],"[{'id': '44675', 'name': 'San Diego State', 'type': 'Team'}]",Madness Props,Moneyline
0HC79100356P650_3,2,2_79100356,CSUN,-108,1.92592593,1.92,25/27,6.5,CSUN,Team,True,6499,"['ProgressiveParlayTeamEligible', 'MainPointLine', 'SGP']","[{'id': '44653', 'name': 'CSUN', 'type': 'Team'}]",Madness Props,Spread
0HC79100356N650_1,2,2_79100356,Stanford,-112,1.89285715,1.89,25/28,-6.5,Stanford,Team,True,6501,"['ProgressiveParlayTeamEligible', 'MainPointLine', 'SGP']","[{'id': '44739', 'name': 'Stanford', 'type': 'Team'}]",Madness Props,Spread
0OU79100356O15650_1,2,3_79100356,Over,-108,1.92592593,1.92,25/27,156.5,,Unknown,True,156500,"['ProgressiveParlayTeamEligible', 'MainPointLine', 'SGP']",Madness Props,Total
0OU79100356U15650_3,2,3_79100356,Under,-112,1.89285715,1.89,25/28,156.5,,Unknown,True,156502,"['ProgressiveParlayTeamEligible', 'MainPointLine', 'SGP']",Madness Props,Total
0ML79100356_3,2,1_79100356,CSUN,+230,3.3,3.30,23/10,CSUN,Team,True,1280025925,['SGP'],"[{'id': '44653', 'name': 'CSUN', 'type': 'Team'}]",Madness Props,Moneyline
0ML79100356_1,2,1_79100356,Stanford,-285,1.3508772,1.35,20/57,Stanford,Team,True,1280027921,['SGP'],"[{'id': '44739', 'name': 'Stanford', 'type': 'Team'}]",Madness Props,Moneyline
0HC79100358P1050_3,2,2_79100358,UC Riverside,-118,1.84745763,1.84,50/59,10.5,UC Riverside,Team,True,10499,"['ProgressiveParlayTeamEligible', 'MainPointLine', 'SGP']","[{'id': '44279', 'name': 'UC Riverside', 'type': 'Team'}]",Madness Props,Spread
0HC79100358N1050_1,2,2_79100358,Santa Clara,-102,1.98039216,1.98,50/51,-10.5,Santa Clara,Team,True,10501,"['ProgressiveParlayTeamEligible', 'MainPointLine', 'SGP']","[{'id': '42757', 'name': 'Santa Clara', 'type': 'Team'}]",Madness Props,Spread
0OU79100358O15650_1,2,3_79100358,Over,-110,1.90909091,1.90,10/11,156.5,,Unknown,True,156500,"['ProgressiveParlayTeamEligible', 'MainPointLine', 'SGP']",Madness Props,Total
0OU79100358U15650_3,2,3_79100358,Under,-110,1.90909091,1.90,10/11,156.5,,Unknown,True,156502,"['ProgressiveParlayTeamEligible', 'MainPointLine', 'SGP']",Madness Props,Total
0ML79100358_3,2,1_79100358,UC Riverside,+440,5.4,5.40,22/5,UC Riverside,Team,True,1280025939,['SGP'],"[{'id': '44279', 'name': 'UC Riverside', 'type': 'Team'}]",Madness Props,Moneyline
0ML79100358_1,2,1_79100358,Santa Clara,-600,1.16666667,1.16,1/6,Santa Clara,Team,True,1280027935,['SGP'],"[{'id': '42757', 'name': 'Santa Clara', 'type': 'Team'}]",Madness Props,Moneyline
0HC79092702P250_3,2,2_79092702,Mount Saint Marys,-112,1.89285715,1.89,25/28,2.5,Mount Saint Marys,Team,True,2499,"['ProgressiveParlayTeamEligible', 'MainPointLine', 'SGP']","[{'id': '42025', 'name': 'Mount Saint Marys', 'type': 'Team'}]",Madness Props,Spread
0HC79092702N250_1,2,2_79092702,American,-108,1.92592593,1.92,25/27,-2.5,American,Team,True,2501,"['ProgressiveParlayTeamEligible', 'MainPointLine', 'SGP']","[{'id': '41874', 'name': 'American', 'type': 'Team'}]",Madness Props,Spread
0OU79092702O12950_1,2,3_79092702,Over,-105,1.95238096,1.95,20/21,129.5,,Unknown,True,129500,"['ProgressiveParlayTeamEligible', 'MainPointLine', 'SGP']",Madness Props,Total
0OU79092702U12950_3,2,3_79092702,Under,-115,1.86956522,1.86,20/23,129.5,,Unknown,True,129502,"['ProgressiveParlayTeamEligible', 'MainPointLine', 'SGP']",Madness Props,Total
0ML79092702_3,2,1_79092702,Mount Saint Marys,+120,2.2,2.20,6/5,Mount Saint Marys,Team,True,1279857119,['SGP'],"[{'id': '42025', 'name': 'Mount Saint Marys', 'type': 'Team'}]",Madness Props,Moneyline
0ML79092702_1,2,1_79092702,American,-142,1.70422536,1.70,50/71,American,Team,True,1279859115,['SGP'],"[{'id': '41874', 'name': 'American', 'type': 'Team'}]",Madness Props,Moneyline
0HC79100363P750_3,2,2_79100363,Samford,-110,1.90909091,1.90,10/11,7.5,Samford,Team,True,7499,"['ProgressiveParlayTeamEligible', 'MainPointLine', 'SGP']","[{'id': '42759', 'name': 'Samford', 'type': 'Team'}]",Madness Props,Spread
0HC79100363N750_1,2,2_79100363,George Mason,-110,1.90909091,1.90,10/11,-7.5,George Mason,Team,True,7501,"['ProgressiveParlayTeamEligible', 'MainPointLine', 'SGP']","[{'id': '41752', 'name': 'George Mason', 'type': 'Team'}]",Madness Props,Spread
0OU79100363O14750_1,2,3_79100363,Over,-110,1.90909091,1.90,10/11,147.5,,Unknown,True,147500,"['ProgressiveParlayTeamEligible', 'MainPointLine', 'SGP']",Madness Props,Total
0OU79100363U14750_3,2,3_79100363,Under,-110,1.90909091,1.90,10/11,147.5,,Unknown,True,147502,"['ProgressiveParlayTeamEligible', 'MainPointLine', 'SGP']",Madness Props,Total
0ML79100363_3,2,1_79100363,Samford,+270,3.7,3.70,27/10,Samford,Team,True,1280025967,['SGP'],"[{'id': '42759', 'name': 'Samford', 'type': 'Team'}]",Madness Props,Moneyline
0ML79100363_1,2,1_79100363,George Mason,-340,1.29411765,1.29,5/17,George Mason,Team,True,1280027963,['SGP'],"[{'id': '41752', 'name': 'George Mason', 'type': 'Team'}]",Madness Props,Moneyline
0HC79100365P550_3,2,2_79100365,UAB,-115,1.86956522,1.86,20/23,5.5,UAB,Team,True,5499,"['ProgressiveParlayTeamEligible', 'MainPointLine', 'SGP']","[{'id': '42938', 'name': 'UAB', 'type': 'Team'}]",Madness Props,Spread
0HC79100365N550_1,2,2_79100365,Saint Josephs,-105,1.95238096,1.95,20/21,-5.5,Saint Josephs,Team,True,5501,"['ProgressiveParlayTeamEligible', 'MainPointLine', 'SGP']","[{'id': '42231', 'name': 'Saint Josephs', 'type': 'Team'}]",Madness Props,Spread
0OU79100365O15550_1,2,3_79100365,Over,-110,1.90909091,1.90,10/11,155.5,,Unknown,True,155500,"['ProgressiveParlayTeamEligible', 'MainPointLine', 'SGP']",Madness Props,Total
0OU79100365U15550_3,2,3_79100365,Under,-110,1.90909091,1.90,10/11,155.5,,Unknown,True,155502,"['ProgressiveParlayTeamEligible', 'MainPointLine', 'SGP']",Madness Props,Total
0ML79100365_3,2,1_79100365,UAB,+195,2.95,2.95,39/20,UAB,Team,True,1280025981,['SGP'],"[{'id': '42938', 'name': 'UAB', 'type': 'Team'}]",Madness Props,Moneyline
0ML79100365_1,2,1_79100365,Saint Josephs,-238,1.42016807,1.42,50/119,Saint Josephs,Team,True,1280027977,['SGP'],"[{'id': '42231', 'name': 'Saint Josephs', 'type': 'Team'}]",Madness Props,Moneyline
0HC79100362P100_3,2,2_79100362,Florida Atlantic,-115,1.86956522,1.86,20/23,1,Florida Atlantic,Team,True,999,"['ProgressiveParlayTeamEligible', 'MainPointLine', 'SGP']","[{'id': '44945', 'name': 'Florida Atlantic', 'type': 'Team'}]",Madness Props,Spread
0HC79100362N100_1,2,2_79100362,Dayton,-105,1.95238096,1.95,20/21,-1,Dayton,Team,True,1001,"['ProgressiveParlayTeamEligible', 'MainPointLine', 'SGP']","[{'id': '44880', 'name': 'Dayton', 'type': 'Team'}]",Madness Props,Spread
0OU79100362O15050_1,2,3_79100362,Over,-115,1.86956522,1.86,20/23,150.5,,Unknown,True,150500,"['ProgressiveParlayTeamEligible', 'MainPointLine', 'SGP']",Madness Props,Total
0OU79100362U15050_3,2,3_79100362,Under,-105,1.95238096,1.95,20/21,150.5,,Unknown,True,150502,"['ProgressiveParlayTeamEligible', 'MainPointLine', 'SGP']",Madness Props,Total
0ML79100362_3,2,1_79100362,Florida Atlantic,-102,1.98039216,1.98,50/51,Florida Atlantic,Team,True,1280025960,['SGP'],"[{'id': '44945', 'name': 'Florida Atlantic', 'type': 'Team'}]",Madness Props,Moneyline
0ML79100362_1,2,1_79100362,Dayton,-118,1.84745763,1.84,50/59,Dayton,Team,True,1280027956,['SGP'],"[{'id': '44880', 'name': 'Dayton', 'type': 'Team'}]",Madness Props,Moneyline
0HC79100364P850_3,2,2_79100364,Furman,-112,1.89285715,1.89,25/28,8.5,Furman,Team,True,8499,"['ProgressiveParlayTeamEligible', 'MainPointLine', 'SGP']","[{'id': '41709', 'name': 'Furman', 'type': 'Team'}]",Madness Props,Spread
0HC79100364N850_1,2,2_79100364,North Texas,-108,1.92592593,1.92,25/27,-8.5,North Texas,Team,True,8501,"['ProgressiveParlayTeamEligible', 'MainPointLine', 'SGP']","[{'id': '43192', 'name': 'North Texas', 'type': 'Team'}]",Madness Props,Spread
0OU79100364O13050_1,2,3_79100364,Over,-110,1.90909091,1.90,10/11,130.5,,Unknown,True,130500,"['ProgressiveParlayTeamEligible', 'MainPointLine', 'SGP']",Madness Props,Total
0OU79100364U13050_3,2,3_79100364,Under,-110,1.90909091,1.90,10/11,130.5,,Unknown,True,130502,"['ProgressiveParlayTeamEligible', 'MainPointLine', 'SGP']",Madness Props,Total
0ML79100364_3,2,1_79100364,Furman,+295,3.95,3.95,59/20,Furman,Team,True,1280025988,['SGP'],"[{'id': '41709', 'name': 'Furman', 'type': 'Team'}]",Madness Props,Moneyline
0ML79100364_1,2,1_79100364,North Texas,-375,1.26666667,1.26,4/15,North Texas,Team,True,1280027984,['SGP'],"[{'id': '43192', 'name': 'North Texas', 'type': 'Team'}]",Madness Props,Moneyline
0HC79100361P250_3,2,2_79100361,North Alabama,-108,1.92592593,1.92,25/27,2.5,North Alabama,Team,True,2499,"['ProgressiveParlayTeamEligible', 'MainPointLine', 'SGP']","[{'id': '42768', 'name': 'North Alabama', 'type': 'Team'}]",Madness Props,Spread
0HC79100361N250_1,2,2_79100361,Bradley,-112,1.89285715,1.89,25/28,-2.5,Bradley,Team,True,2501,"['ProgressiveParlayTeamEligible', 'MainPointLine', 'SGP']","[{'id': '45258', 'name': 'Bradley', 'type': 'Team'}]",Madness Props,Spread
0OU79100361O14550_1,2,3_79100361,Over,-108,1.92592593,1.92,25/27,145.5,,Unknown,True,145500,"['ProgressiveParlayTeamEligible', 'MainPointLine', 'SGP']",Madness Props,Total
0OU79100361U14550_3,2,3_79100361,Under,-112,1.89285715,1.89,25/28,145.5,,Unknown,True,145502,"['ProgressiveParlayTeamEligible', 'MainPointLine', 'SGP']",Madness Props,Total
0ML79100361_3,2,1_79100361,North Alabama,+124,2.24,2.24,31/25,North Alabama,Team,True,1280025974,['SGP'],"[{'id': '42768', 'name': 'North Alabama', 'type': 'Team'}]",Madness Props,Moneyline
0ML79100361_1,2,1_79100361,Bradley,-148,1.67567568,1.67,25/37,Bradley,Team,True,1280027970,['SGP'],"[{'id': '45258', 'name': 'Bradley', 'type': 'Team'}]",Madness Props,Moneyline
0HC79100368P1050_3,2,2_79100368,Northern Iowa,-115,1.86956522,1.86,20/23,10.5,Northern Iowa,Team,True,10499,"['ProgressiveParlayTeamEligible', 'MainPointLine', 'SGP']","[{'id': '43276', 'name': 'Northern Iowa', 'type': 'Team'}]",Madness Props,Spread
0HC79100368N1050_1,2,2_79100368,SMU,-105,1.95238096,1.95,20/21,-10.5,SMU,Team,True,10501,"['ProgressiveParlayTeamEligible', 'MainPointLine', 'SGP']","[{'id': '41637', 'name': 'SMU', 'type': 'Team'}]",Madness Props,Spread
0OU79100368O14550_1,2,3_79100368,Over,-115,1.86956522,1.86,20/23,145.5,,Unknown,True,145500,"['ProgressiveParlayTeamEligible', 'MainPointLine', 'SGP']",Madness Props,Total
0OU79100368U14550_3,2,3_79100368,Under,-105,1.95238096,1.95,20/21,145.5,,Unknown,True,145502,"['ProgressiveParlayTeamEligible', 'MainPointLine', 'SGP']",Madness Props,Total
0ML79100368_3,2,1_79100368,Northern Iowa,+440,5.4,5.40,22/5,Northern Iowa,Team,True,1280026016,['SGP'],"[{'id': '43276', 'name': 'Northern Iowa', 'type': 'Team'}]",Madness Props,Moneyline
0ML79100368_1,2,1_79100368,SMU,-600,1.16666667,1.16,1/6,SMU,Team,True,1280028006,['SGP'],"[{'id': '41637', 'name': 'SMU', 'type': 'Team'}]",Madness Props,Moneyline
0HC79092938N250_3,2,2_79092938,Xavier,-120,1.83333334,1.83,5/6,-2.5,Xavier,Team,True,-2501,"['ProgressiveParlayTeamEligible', 'MainPointLine', 'SGP']","[{'id': '44042', 'name': 'Xavier', 'type': 'Team'}]",Madness Props,Spread
0HC79092938P250_1,2,2_79092938,Texas,+100,2,2.00,1/1,2.5,Texas,Team,True,-2499,"['ProgressiveParlayTeamEligible', 'MainPointLine', 'SGP']","[{'id': '43429', 'name': 'Texas', 'type': 'Team'}]",Madness Props,Spread
0OU79092938O15150_1,2,3_79092938,Over,-110,1.90909091,1.90,10/11,151.5,,Unknown,True,151500,"['ProgressiveParlayTeamEligible', 'MainPointLine', 'SGP']",Madness Props,Total
0OU79092938U15150_3,2,3_79092938,Under,-110,1.90909091,1.90,10/11,151.5,,Unknown,True,151502,"['ProgressiveParlayTeamEligible', 'MainPointLine', 'SGP']",Madness Props,Total
0ML79092938_3,2,1_79092938,Xavier,-166,1.60240964,1.60,50/83,Xavier,Team,True,1279861060,['SGP'],"[{'id': '44042', 'name': 'Xavier', 'type': 'Team'}]",Madness Props,Moneyline
0ML79092938_1,2,1_79092938,Texas,+140,2.4,2.40,7/5,Texas,Team,True,1279863056,['SGP'],"[{'id': '43429', 'name': 'Texas', 'type': 'Team'}]",Madness Props,Moneyline
0HC79100367P750_3,2,2_79100367,Northern Colorado,-112,1.89285715,1.89,25/28,7.5,Northern Colorado,Team,True,7499,"['ProgressiveParlayTeamEligible', 'MainPointLine', 'SGP']","[{'id': '42600', 'name': 'Northern Colorado', 'type': 'Team'}]",Madness Props,Spread
0HC79100367N750_1,2,2_79100367,UC Irvine,-108,1.92592593,1.92,25/27,-7.5,UC Irvine,Team,True,7501,"['ProgressiveParlayTeamEligible', 'MainPointLine', 'SGP']","[{'id': '44593', 'name': 'UC Irvine', 'type': 'Team'}]",Madness Props,Spread
0OU79100367O15150_1,2,3_79100367,Over,-105,1.95238096,1.95,20/21,151.5,,Unknown,True,151500,"['ProgressiveParlayTeamEligible', 'MainPointLine', 'SGP']",Madness Props,Total
0OU79100367U15150_3,2,3_79100367,Under,-115,1.86956522,1.86,20/23,151.5,,Unknown,True,151502,"['ProgressiveParlayTeamEligible', 'MainPointLine', 'SGP']",Madness Props,Total
0ML79100367_3,2,1_79100367,Northern Colorado,+270,3.7,3.70,27/10,Northern Colorado,Team,True,1280026002,['SGP'],"[{'id': '42600', 'name': 'Northern Colorado', 'type': 'Team'}]",Madness Props,Moneyline
0ML79100367_1,2,1_79100367,UC Irvine,-340,1.29411765,1.29,5/17,UC Irvine,Team,True,1280027998,['SGP'],"[{'id': '44593', 'name': 'UC Irvine', 'type': 'Team'}]",Madness Props,Moneyline
0HC79100369P750_3,2,2_79100369,Utah Valley,-108,1.92592593,1.92,25/27,7.5,Utah Valley,Team,True,7499,"['ProgressiveParlayTeamEligible', 'MainPointLine', 'SGP']","[{'id': '44362', 'name': 'Utah Valley', 'type': 'Team'}]",Madness Props,Spread
0HC79100369N750_1,2,2_79100369,San Francisco,-112,1.89285715,1.89,25/28,-7.5,San Francisco,Team,True,7501,"['ProgressiveParlayTeamEligible', 'MainPointLine', 'SGP']","[{'id': '44575', 'name': 'San Francisco', 'type': 'Team'}]",Madness Props,Spread
0OU79100369O14650_1,2,3_79100369,Over,-105,1.95238096,1.95,20/21,146.5,,Unknown,True,146500,"['ProgressiveParlayTeamEligible', 'MainPointLine', 'SGP']",Madness Props,Total
0OU79100369U14650_3,2,3_79100369,Under,-115,1.86956522,1.86,20/23,146.5,,Unknown,True,146502,"['ProgressiveParlayTeamEligible', 'MainPointLine', 'SGP']",Madness Props,Total
0ML79100369_3,2,1_79100369,Utah Valley,+275,3.75,3.75,11/4,Utah Valley,Team,True,1280026011,['SGP'],"[{'id': '44362', 'name': 'Utah Valley', 'type': 'Team'}]",Madness Props,Moneyline
0ML79100369_1,2,1_79100369,San Francisco,-345,1.28985508,1.28,20/69,San Francisco,Team,True,1280028005,['SGP'],"[{'id': '44575', 'name': 'San Francisco', 'type': 'Team'}]",Madness Props,Moneyline
0HC79100366N250_3,2,2_79100366,Loyola Chicago,-118,1.84745763,1.84,50/59,-2.5,Loyola Chicago,Team,True,-2501,"['ProgressiveParlayTeamEligible', 'MainPointLine', 'SGP']","[{'id': '43985', 'name': 'Loyola Chicago', 'type': 'Team'}]",Madness Props,Spread
0HC79100366P250_1,2,2_79100366,San Jose State,-102,1.98039216,1.98,50/51,2.5,San Jose State,Team,True,-2499,"['ProgressiveParlayTeamEligible', 'MainPointLine', 'SGP']","[{'id': '41391', 'name': 'San Jose State', 'type': 'Team'}]",Madness Props,Spread
0OU79100366O14050_1,2,3_79100366,Over,-115,1.86956522,1.86,20/23,140.5,,Unknown,True,140500,"['ProgressiveParlayTeamEligible', 'MainPointLine', 'SGP']",Madness Props,Total
0OU79100366U14050_3,2,3_79100366,Under,-105,1.95238096,1.95,20/21,140.5,,Unknown,True,140502,"['ProgressiveParlayTeamEligible', 'MainPointLine', 'SGP']",Madness Props,Total
0ML79100366_3,2,1_79100366,Loyola Chicago,-142,1.70422536,1.70,50/71,Loyola Chicago,Team,True,1280025995,['SGP'],"[{'id': '43985', 'name': 'Loyola Chicago', 'type': 'Team'}]",Madness Props,Moneyline
0ML79100366_1,2,1_79100366,San Jose State,+120,2.2,2.20,6/5,San Jose State,Team,True,1280027991,['SGP'],"[{'id': '41391', 'name': 'San Jose State', 'type': 'Team'}]",Madness Props,Moneyline
0HC79092456P250_3,2,2_79092456,Creighton,-110,1.90909091,1.90,10/11,2.5,Creighton,Team,True,2499,"['ProgressiveParlayTeamEligible', 'MainPointLine', 'SGP']","[{'id': '43875', 'name': 'Creighton', 'type': 'Team'}]",Madness Props,Spread
0HC79092456N250_1,2,2_79092456,Louisville,-110,1.90909091,1.90,10/11,-2.5,Louisville,Team,True,2501,"['ProgressiveParlayTeamEligible', 'MainPointLine', 'SGP']","[{'id': '41477', 'name': 'Louisville', 'type': 'Team'}]",Madness Props,Spread
0OU79092456O14450_1,2,3_79092456,Over,-110,1.90909091,1.90,10/11,144.5,,Unknown,True,144500,"['ProgressiveParlayTeamEligible', 'MainPointLine', 'SGP']",Madness Props,Total
0OU79092456U14450_3,2,3_79092456,Under,-110,1.90909091,1.90,10/11,144.5,,Unknown,True,144502,"['ProgressiveParlayTeamEligible', 'MainPointLine', 'SGP']",Madness Props,Total
0ML79092456_3,2,1_79092456,Creighton,+120,2.2,2.20,6/5,Creighton,Team,True,1279851890,['SGP'],"[{'id': '43875', 'name': 'Creighton', 'type': 'Team'}]",Madness Props,Moneyline
0ML79092456_1,2,1_79092456,Louisville,-142,1.70422536,1.70,50/71,Louisville,Team,True,1279853886,['SGP'],"[{'id': '41477', 'name': 'Louisville', 'type': 'Team'}]",Madness Props,Moneyline
0HC79092925P750_3,2,2_79092925,High Point,-102,1.98039216,1.98,50/51,7.5,High Point,Team,True,7499,"['ProgressiveParlayTeamEligible', 'MainPointLine', 'SGP']","[{'id': '45137', 'name': 'High Point', 'type': 'Team'}]",Madness Props,Spread
0HC79092925N750_1,2,2_79092925,Purdue,-118,1.84745763,1.84,50/59,-7.5,Purdue,Team,True,7501,"['ProgressiveParlayTeamEligible', 'MainPointLine', 'SGP']","[{'id': '42127', 'name': 'Purdue', 'type': 'Team'}]",Madness Props,Spread
0OU79092925O15350_1,2,3_79092925,Over,-105,1.95238096,1.95,20/21,153.5,,Unknown,True,153500,"['ProgressiveParlayTeamEligible', 'MainPointLine', 'SGP']",Madness Props,Total
0OU79092925U15350_3,2,3_79092925,Under,-115,1.86956522,1.86,20/23,153.5,,Unknown,True,153502,"['ProgressiveParlayTeamEligible', 'MainPointLine', 'SGP']",Madness Props,Total
0ML79092925_3,2,1_79092925,High Point,+295,3.95,3.95,59/20,High Point,Team,True,1279860143,['SGP'],"[{'id': '45137', 'name': 'High Point', 'type': 'Team'}]",Madness Props,Moneyline
0ML79092925_1,2,1_79092925,Purdue,-375,1.26666667,1.26,4/15,Purdue,Team,True,1279862139,['SGP'],"[{'id': '42127', 'name': 'Purdue', 'type': 'Team'}]",Madness Props,Moneyline
0HC79092767P1750_3,2,2_79092767,Montana,-115,1.86956522,1.86,20/23,17.5,Montana,Team,True,17499,"['ProgressiveParlayTeamEligible', 'MainPointLine', 'SGP']","[{'id': '42575', 'name': 'Montana', 'type': 'Team'}]",Madness Props,Spread
0HC79092767N1750_1,2,2_79092767,Wisconsin,-105,1.95238096,1.95,20/21,-17.5,Wisconsin,Team,True,17501,"['ProgressiveParlayTeamEligible', 'MainPointLine', 'SGP']","[{'id': '43620', 'name': 'Wisconsin', 'type': 'Team'}]",Madness Props,Spread
0OU79092767O15250_1,2,3_79092767,Over,-105,1.95238096,1.95,20/21,152.5,,Unknown,True,152500,"['ProgressiveParlayTeamEligible', 'MainPointLine']",Madness Props,Total
0OU79092767U15250_3,2,3_79092767,Under,-115,1.86956522,1.86,20/23,152.5,,Unknown,True,152502,"['ProgressiveParlayTeamEligible', 'MainPointLine', 'SGP']",Madness Props,Total
0ML79092767_3,2,1_79092767,Montana,+1200,13,13.00,12/1,Montana,Team,True,1279858456,['SGP'],"[{'id': '42575', 'name': 'Montana', 'type': 'Team'}]",Madness Props,Moneyline
0ML79092767_1,2,1_79092767,Wisconsin,-2400,1.04166667,1.04,1/24,Wisconsin,Team,True,1279860452,['SGP'],"[{'id': '43620', 'name': 'Wisconsin', 'type': 'Team'}]",Madness Props,Moneyline
0HC79092890P2950_3,2,2_79092890,SIU Edwardsville,-115,1.86956522,1.86,20/23,29.5,SIU Edwardsville,Team,True,29499,"['ProgressiveParlayTeamEligible', 'MainPointLine', 'SGP']","[{'id': '43647', 'name': 'SIU Edwardsville', 'type': 'Team'}]",Madness Props,Spread
0HC79092890N2950_1,2,2_79092890,Houston,-105,1.95238096,1.95,20/21,-29.5,Houston,Team,True,29501,"['ProgressiveParlayTeamEligible', 'MainPointLine', 'SGP']","[{'id': '43043', 'name': 'Houston', 'type': 'Team'}]",Madness Props,Spread
0OU79092890O12650_1,2,3_79092890,Over,-108,1.92592593,1.92,25/27,126.5,,Unknown,True,126500,"['ProgressiveParlayTeamEligible', 'MainPointLine', 'SGP']",Madness Props,Total
0OU79092890U12650_3,2,3_79092890,Under,-112,1.89285715,1.89,25/28,126.5,,Unknown,True,126502,"['ProgressiveParlayTeamEligible', 'MainPointLine', 'SGP']",Madness Props,Total
0HC79092912P750_3,2,2_79092912,McNeese,-110,1.90909091,1.90,10/11,7.5,McNeese,Team,True,7499,"['ProgressiveParlayTeamEligible', 'MainPointLine', 'SGP']","[{'id': '41412', 'name': 'McNeese', 'type': 'Team'}]",Madness Props,Spread
0HC79092912N750_1,2,2_79092912,Clemson,-110,1.90909091,1.90,10/11,-7.5,Clemson,Team,True,7501,"['ProgressiveParlayTeamEligible', 'MainPointLine', 'SGP']","[{'id': '41619', 'name': 'Clemson', 'type': 'Team'}]",Madness Props,Spread
0OU79092912O13450_1,2,3_79092912,Over,-105,1.95238096,1.95,20/21,134.5,,Unknown,True,134500,"['ProgressiveParlayTeamEligible', 'MainPointLine', 'SGP']",Madness Props,Total
0OU79092912U13450_3,2,3_79092912,Under,-115,1.86956522,1.86,20/23,134.5,,Unknown,True,134502,"['ProgressiveParlayTeamEligible', 'MainPointLine', 'SGP']",Madness Props,Total
0ML79092912_3,2,1_79092912,McNeese,+275,3.75,3.75,11/4,McNeese,Team,True,1279860136,['SGP'],"[{'id': '41412', 'name': 'McNeese', 'type': 'Team'}]",Madness Props,Moneyline
0ML79092912_1,2,1_79092912,Clemson,-345,1.28985508,1.28,20/69,Clemson,Team,True,1279862132,['SGP'],"[{'id': '41619', 'name': 'Clemson', 'type': 'Team'}]",Madness Props,Moneyline
0HC79092766P250_3,2,2_79092766,VCU,-102,1.98039216,1.98,50/51,2.5,VCU,Team,True,2499,"['ProgressiveParlayTeamEligible', 'MainPointLine', 'SGP']","[{'id': '42328', 'name': 'VCU', 'type': 'Team'}]",Madness Props,Spread
0HC79092766N250_1,2,2_79092766,BYU,-118,1.84745763,1.84,50/59,-2.5,BYU,Team,True,2501,"['ProgressiveParlayTeamEligible', 'MainPointLine', 'SGP']","[{'id': '44811', 'name': 'BYU', 'type': 'Team'}]",Madness Props,Spread
0OU79092766O14650_1,2,3_79092766,Over,-105,1.95238096,1.95,20/21,146.5,,Unknown,True,146500,"['ProgressiveParlayTeamEligible', 'MainPointLine', 'SGP']",Madness Props,Total
0OU79092766U14650_3,2,3_79092766,Under,-115,1.86956522,1.86,20/23,146.5,,Unknown,True,146502,"['ProgressiveParlayTeamEligible', 'MainPointLine', 'SGP']",Madness Props,Total
0ML79092766_3,2,1_79092766,VCU,+130,2.3,2.30,13/10,VCU,Team,True,1279858449,['SGP'],"[{'id': '42328', 'name': 'VCU', 'type': 'Team'}]",Madness Props,Moneyline
0ML79092766_1,2,1_79092766,BYU,-155,1.6451613,1.64,20/31,BYU,Team,True,1279860445,['SGP'],"[{'id': '44811', 'name': 'BYU', 'type': 'Team'}]",Madness Props,Moneyline
0HC79093078P550_3,2,2_79093078,Georgia,-102,1.98039216,1.98,50/51,5.5,Georgia Bulldogs,Team,True,5499,"['ProgressiveParlayTeamEligible', 'MainPointLine', 'SGP']","[{'id': '42478', 'name': 'Georgia Bulldogs', 'type': 'Team'}]",Madness Props,Spread
0HC79093078N550_1,2,2_79093078,Gonzaga,-118,1.84745763,1.84,50/59,-5.5,Gonzaga,Team,True,5501,"['ProgressiveParlayTeamEligible', 'MainPointLine', 'SGP']","[{'id': '44154', 'name': 'Gonzaga', 'type': 'Team'}]",Madness Props,Spread
0OU79093078O15050_1,2,3_79093078,Over,-112,1.89285715,1.89,25/28,150.5,,Unknown,True,150500,"['ProgressiveParlayTeamEligible', 'MainPointLine', 'SGP']",Madness Props,Total
0OU79093078U15050_3,2,3_79093078,Under,-108,1.92592593,1.92,25/27,150.5,,Unknown,True,150502,"['ProgressiveParlayTeamEligible', 'MainPointLine', 'SGP']",Madness Props,Total
0ML79093078_3,2,1_79093078,Georgia,+215,3.15,3.15,43/20,Georgia Bulldogs,Team,True,1279863188,['SGP'],"[{'id': '42478', 'name': 'Georgia Bulldogs', 'type': 'Team'}]",Madness Props,Moneyline
0ML79093078_1,2,1_79093078,Gonzaga,-265,1.3773585,1.37,20/53,Gonzaga,Team,True,1279865184,['SGP'],"[{'id': '44154', 'name': 'Gonzaga', 'type': 'Team'}]",Madness Props,Moneyline
0HC79092949P1850_3,2,2_79092949,Wofford,-108,1.92592593,1.92,25/27,18.5,Wofford,Team,True,18499,"['ProgressiveParlayTeamEligible', 'MainPointLine', 'SGP']","[{'id': '42442', 'name': 'Wofford', 'type': 'Team'}]",Madness Props,Spread
0HC79092949N1850_1,2,2_79092949,Tennessee,-112,1.89285715,1.89,25/28,-18.5,Tennessee,Team,True,18501,"['ProgressiveParlayTeamEligible', 'MainPointLine', 'SGP']","[{'id': '42305', 'name': 'Tennessee', 'type': 'Team'}]",Madness Props,Spread
0OU79092949O13250_1,2,3_79092949,Over,-115,1.86956522,1.86,20/23,132.5,,Unknown,True,132500,"['ProgressiveParlayTeamEligible', 'MainPointLine', 'SGP']",Madness Props,Total
0OU79092949U13250_3,2,3_79092949,Under,-105,1.95238096,1.95,20/21,132.5,,Unknown,True,132502,"['ProgressiveParlayTeamEligible', 'MainPointLine', 'SGP']",Madness Props,Total
0ML79092949_3,2,1_79092949,Wofford,+1500,16,16.00,15/1,Wofford,Team,True,1279861137,['SGP'],"[{'id': '42442', 'name': 'Wofford', 'type': 'Team'}]",Madness Props,Moneyline
0ML79092949_1,2,1_79092949,Tennessee,-3600,1.02777778,1.02,1/36,Tennessee,Team,True,1279863133,['SGP'],"[{'id': '42305', 'name': 'Tennessee', 'type': 'Team'}]",Madness Props,Moneyline
0HC79092964P450_3,2,2_79092964,Arkansas,-110,1.90909091,1.90,10/11,4.5,Arkansas,Team,True,4499,"['ProgressiveParlayTeamEligible', 'MainPointLine', 'SGP']","[{'id': '42107', 'name': 'Arkansas', 'type': 'Team'}]",Madness Props,Spread
0HC79092964N450_1,2,2_79092964,Kansas,-110,1.90909091,1.90,10/11,-4.5,Kansas,Team,True,4501,"['ProgressiveParlayTeamEligible', 'MainPointLine', 'SGP']","[{'id': '41920', 'name': 'Kansas', 'type': 'Team'}]",Madness Props,Spread
0OU79092964O14550_1,2,3_79092964,Over,-115,1.86956522,1.86,20/23,145.5,,Unknown,True,145500,"['ProgressiveParlayTeamEligible', 'MainPointLine', 'SGP']",Madness Props,Total
0OU79092964U14550_3,2,3_79092964,Under,-105,1.95238096,1.95,20/21,145.5,,Unknown,True,145502,"['ProgressiveParlayTeamEligible', 'MainPointLine', 'SGP']",Madness Props,Total
0ML79092964_3,2,1_79092964,Arkansas,+164,2.64,2.64,41/25,Arkansas,Team,True,1279861242,['SGP'],"[{'id': '42107', 'name': 'Arkansas', 'type': 'Team'}]",Madness Props,Moneyline
0ML79092964_1,2,1_79092964,Kansas,-198,1.50505051,1.50,50/99,Kansas,Team,True,1279863238,['SGP'],"[{'id': '41920', 'name': 'Kansas', 'type': 'Team'}]",Madness Props,Moneyline
0HC79092474P750_3,2,2_79092474,Yale,-115,1.86956522,1.86,20/23,7.5,Yale,Team,True,7499,"['ProgressiveParlayTeamEligible', 'MainPointLine', 'SGP']","[{'id': '42873', 'name': 'Yale', 'type': 'Team'}]",Madness Props,Spread
0HC79092474N750_1,2,2_79092474,Texas A&M,-105,1.95238096,1.95,20/21,-7.5,Texas A&M,Team,True,7501,"['ProgressiveParlayTeamEligible', 'MainPointLine', 'SGP']","[{'id': '44866', 'name': 'Texas A&M', 'type': 'Team'}]",Madness Props,Spread
0OU79092474O13950_1,2,3_79092474,Over,-115,1.86956522,1.86,20/23,139.5,,Unknown,True,139500,"['ProgressiveParlayTeamEligible', 'MainPointLine', 'SGP']",Madness Props,Total
0OU79092474U13950_3,2,3_79092474,Under,-105,1.95238096,1.95,20/21,139.5,,Unknown,True,139502,"['ProgressiveParlayTeamEligible', 'MainPointLine', 'SGP']",Madness Props,Total
0ML79092474_3,2,1_79092474,Yale,+260,3.6,3.60,13/5,Yale,Team,True,1279852093,['SGP'],"[{'id': '42873', 'name': 'Yale', 'type': 'Team'}]",Madness Props,Moneyline
0ML79092474_1,2,1_79092474,Texas A&M,-325,1.30769231,1.30,4/13,Texas A&M,Team,True,1279854089,['SGP'],"[{'id': '44866', 'name': 'Texas A&M', 'type': 'Team'}]",Madness Props,Moneyline
0HC79092959P650_3,2,2_79092959,Drake,-112,1.89285715,1.89,25/28,6.5,Drake,Team,True,6499,"['ProgressiveParlayTeamEligible', 'MainPointLine', 'SGP']","[{'id': '41573', 'name': 'Drake', 'type': 'Team'}]",Madness Props,Spread
0HC79092959N650_1,2,2_79092959,Missouri,-108,1.92592593,1.92,25/27,-6.5,Missouri,Team,True,6501,"['ProgressiveParlayTeamEligible', 'MainPointLine', 'SGP']","[{'id': '43114', 'name': 'Missouri', 'type': 'Team'}]",Madness Props,Spread
0OU79092959O13250_1,2,3_79092959,Over,-108,1.92592593,1.92,25/27,132.5,,Unknown,True,132500,"['ProgressiveParlayTeamEligible', 'MainPointLine', 'SGP']",Madness Props,Total
0OU79092959U13250_3,2,3_79092959,Under,-112,1.89285715,1.89,25/28,132.5,,Unknown,True,132502,"['ProgressiveParlayTeamEligible', 'MainPointLine', 'SGP']",Madness Props,Total
0ML79092959_3,2,1_79092959,Drake,+220,3.2,3.20,11/5,Drake,Team,True,1279861207,['SGP'],"[{'id': '41573', 'name': 'Drake', 'type': 'Team'}]",Madness Props,Moneyline
0ML79092959_1,2,1_79092959,Missouri,-270,1.37037038,1.37,10/27,Missouri,Team,True,1279863203,['SGP'],"[{'id': '43114', 'name': 'Missouri', 'type': 'Team'}]",Madness Props,Moneyline
0HC79092948P550_3,2,2_79092948,Utah State,-112,1.89285715,1.89,25/28,5.5,Utah State,Team,True,5499,"['ProgressiveParlayTeamEligible', 'MainPointLine', 'SGP']","[{'id': '44224', 'name': 'Utah State', 'type': 'Team'}]",Madness Props,Spread
0HC79092948N550_1,2,2_79092948,UCLA,-108,1.92592593,1.92,25/27,-5.5,UCLA,Team,True,5501,"['ProgressiveParlayTeamEligible', 'MainPointLine', 'SGP']","[{'id': '44331', 'name': 'UCLA', 'type': 'Team'}]",Madness Props,Spread
0OU79092948O14350_1,2,3_79092948,Over,-115,1.86956522,1.86,20/23,143.5,,Unknown,True,143500,"['ProgressiveParlayTeamEligible', 'MainPointLine', 'SGP']",Madness Props,Total
0OU79092948U14350_3,2,3_79092948,Under,-105,1.95238096,1.95,20/21,143.5,,Unknown,True,143502,"['ProgressiveParlayTeamEligible', 'MainPointLine', 'SGP']",Madness Props,Total
0ML79092948_3,2,1_79092948,Utah State,+190,2.9,2.90,19/10,Utah State,Team,True,1279861130,['SGP'],"[{'id': '44224', 'name': 'Utah State', 'type': 'Team'}]",Madness Props,Moneyline
0ML79092948_1,2,1_79092948,UCLA,-230,1.43478261,1.43,10/23,UCLA,Team,True,1279863126,['SGP'],"[{'id': '44331', 'name': 'UCLA', 'type': 'Team'}]",Madness Props,Moneyline
0HC79092965P1850_3,2,2_79092965,Omaha,-108,1.92592593,1.92,25/27,18.5,Omaha,Team,True,18499,"['ProgressiveParlayTeamEligible', 'MainPointLine', 'SGP']","[{'id': '43093', 'name': 'Omaha', 'type': 'Team'}]",Madness Props,Spread
0HC79092965N1850_1,2,2_79092965,St. Johns,-112,1.89285715,1.89,25/28,-18.5,St. Johns,Team,True,18501,"['ProgressiveParlayTeamEligible', 'MainPointLine', 'SGP']","[{'id': '41392', 'name': 'St. Johns', 'type': 'Team'}]",Madness Props,Spread
0OU79092965O14750_1,2,3_79092965,Over,-115,1.86956522,1.86,20/23,147.5,,Unknown,True,147500,"['ProgressiveParlayTeamEligible', 'MainPointLine', 'SGP']",Madness Props,Total
0OU79092965U14750_3,2,3_79092965,Under,-105,1.95238096,1.95,20/21,147.5,,Unknown,True,147502,"['ProgressiveParlayTeamEligible', 'MainPointLine', 'SGP']",Madness Props,Total
0ML79092965_3,2,1_79092965,Omaha,+1500,16,16.00,15/1,Omaha,Team,True,1279861249,['SGP'],"[{'id': '43093', 'name': 'Omaha', 'type': 'Team'}]",Madness Props,Moneyline
0ML79092965_1,2,1_79092965,St. Johns,-3600,1.02777778,1.02,1/36,St. Johns,Team,True,1279863245,['SGP'],"[{'id': '41392', 'name': 'St. Johns', 'type': 'Team'}]",Madness Props,Moneyline
0HC79092459P250_3,2,2_79092459,UC San Diego,-108,1.92592593,1.92,25/27,2.5,UC San Diego,Team,True,2499,"['ProgressiveParlayTeamEligible', 'MainPointLine', 'SGP']","[{'id': '302038', 'name': 'UC San Diego', 'type': 'Team'}]",Madness Props,Spread
0HC79092459N250_1,2,2_79092459,Michigan,-112,1.89285715,1.89,25/28,-2.5,Michigan,Team,True,2501,"['ProgressiveParlayTeamEligible', 'MainPointLine', 'SGP']","[{'id': '43956', 'name': 'Michigan', 'type': 'Team'}]",Madness Props,Spread
0OU79092459O14250_1,2,3_79092459,Over,-108,1.92592593,1.92,25/27,142.5,,Unknown,True,142500,"['ProgressiveParlayTeamEligible', 'MainPointLine', 'SGP']",Madness Props,Total
0OU79092459U14250_3,2,3_79092459,Under,-112,1.89285715,1.89,25/28,142.5,,Unknown,True,142502,"['ProgressiveParlayTeamEligible', 'MainPointLine', 'SGP']",Madness Props,Total
0ML79092459_3,2,1_79092459,UC San Diego,+124,2.24,2.24,31/25,UC San Diego,Team,True,1279851932,['SGP'],"[{'id': '302038', 'name': 'UC San Diego', 'type': 'Team'}]",Madness Props,Moneyline
0ML79092459_1,2,1_79092459,Michigan,-148,1.67567568,1.67,25/37,Michigan,Team,True,1279853928,['SGP'],"[{'id': '43956', 'name': 'Michigan', 'type': 'Team'}]",Madness Props,Moneyline
0HC79092963P1550_3,2,2_79092963,UNC Wilmington,-108,1.92592593,1.92,25/27,15.5,UNC Wilmington,Team,True,15499,"['ProgressiveParlayTeamEligible', 'MainPointLine', 'SGP']","[{'id': '42593', 'name': 'UNC Wilmington', 'type': 'Team'}]",Madness Props,Spread
0HC79092963N1550_1,2,2_79092963,Texas Tech,-112,1.89285715,1.89,25/28,-15.5,Texas Tech,Team,True,15501,"['ProgressiveParlayTeamEligible', 'MainPointLine', 'SGP']","[{'id': '42835', 'name': 'Texas Tech', 'type': 'Team'}]",Madness Props,Spread
0OU79092963O14350_1,2,3_79092963,Over,-112,1.89285715,1.89,25/28,143.5,,Unknown,True,143500,"['ProgressiveParlayTeamEligible', 'MainPointLine', 'SGP']",Madness Props,Total
0OU79092963U14350_3,2,3_79092963,Under,-108,1.92592593,1.92,25/27,143.5,,Unknown,True,143502,"['ProgressiveParlayTeamEligible', 'MainPointLine', 'SGP']",Madness Props,Total
0ML79092963_3,2,1_79092963,UNC Wilmington,+1000,11,11.00,10/1,UNC Wilmington,Team,True,1279861235,['SGP'],"[{'id': '42593', 'name': 'UNC Wilmington', 'type': 'Team'}]",Madness Props,Moneyline
0ML79092963_1,2,1_79092963,Texas Tech,-1800,1.05555556,1.05,1/18,Texas Tech,Team,True,1279863231,['SGP'],"[{'id': '42835', 'name': 'Texas Tech', 'type': 'Team'}]",Madness Props,Moneyline
0HC79092703P100_3,2,2_79092703,Baylor,-108,1.92592593,1.92,25/27,1,Baylor,Team,True,999,"['ProgressiveParlayTeamEligible', 'MainPointLine', 'SGP']","[{'id': '44466', 'name': 'Baylor', 'type': 'Team'}]",Madness Props,Spread
0HC79092703N100_1,2,2_79092703,Mississippi State,-112,1.89285715,1.89,25/28,-1,Mississippi State,Team,True,1001,"['ProgressiveParlayTeamEligible', 'MainPointLine', 'SGP']","[{'id': '42185', 'name': 'Mississippi State', 'type': 'Team'}]",Madness Props,Spread
0OU79092703O14450_1,2,3_79092703,Over,-110,1.90909091,1.90,10/11,144.5,,Unknown,True,144500,"['ProgressiveParlayTeamEligible', 'MainPointLine', 'SGP']",Madness Props,Total
0OU79092703U14450_3,2,3_79092703,Under,-110,1.90909091,1.90,10/11,144.5,,Unknown,True,144502,"['ProgressiveParlayTeamEligible', 'MainPointLine', 'SGP']",Madness Props,Total
0ML79092703_3,2,1_79092703,Baylor,+100,2,2.00,1/1,Baylor,Team,True,1279857126,['SGP'],"[{'id': '44466', 'name': 'Baylor', 'type': 'Team'}]",Madness Props,Moneyline
0ML79092703_1,2,1_79092703,Mississippi State,-120,1.83333334,1.83,5/6,Mississippi State,Team,True,1279859122,['SGP'],"[{'id': '42185', 'name': 'Mississippi State', 'type': 'Team'}]",Madness Props,Moneyline
0HC79092773P2350_3,2,2_79092773,Robert Morris,-115,1.86956522,1.86,20/23,23.5,Robert Morris,Team,True,23499,"['ProgressiveParlayTeamEligible', 'MainPointLine', 'SGP']","[{'id': '44588', 'name': 'Robert Morris', 'type': 'Team'}]",Madness Props,Spread
0HC79092773N2350_1,2,2_79092773,Alabama,-105,1.95238096,1.95,20/21,-23.5,Alabama,Team,True,23501,"['ProgressiveParlayTeamEligible', 'MainPointLine', 'SGP']","[{'id': '42858', 'name': 'Alabama', 'type': 'Team'}]",Madness Props,Spread
0OU79092773O16550_1,2,3_79092773,Over,-108,1.92592593,1.92,25/27,165.5,,Unknown,True,165500,"['ProgressiveParlayTeamEligible', 'MainPointLine', 'SGP']",Madness Props,Total
0OU79092773U16550_3,2,3_79092773,Under,-112,1.89285715,1.89,25/28,165.5,,Unknown,True,165502,"['ProgressiveParlayTeamEligible', 'MainPointLine', 'SGP']",Madness Props,Total
0ML79092773_3,2,1_79092773,Robert Morris,+1800,19,19.00,18/1,Robert Morris,Team,True,1279858596,['SGP'],"[{'id': '44588', 'name': 'Robert Morris', 'type': 'Team'}]",Madness Props,Moneyline
0ML79092773_1,2,1_79092773,Alabama,-5000,1.02,1.02,1/50,Alabama,Team,True,1279860592,['SGP'],"[{'id': '42858', 'name': 'Alabama', 'type': 'Team'}]",Madness Props,Moneyline
0HC79092479P1450_3,2,2_79092479,Lipscomb,-102,1.98039216,1.98,50/51,14.5,Lipscomb,Team,True,14499,"['ProgressiveParlayTeamEligible', 'MainPointLine', 'SGP']","[{'id': '43785', 'name': 'Lipscomb', 'type': 'Team'}]",Madness Props,Spread
0HC79092479N1450_1,2,2_79092479,Iowa State,-118,1.84745763,1.84,50/59,-14.5,Iowa State,Team,True,14501,"['ProgressiveParlayTeamEligible', 'MainPointLine', 'SGP']","[{'id': '42961', 'name': 'Iowa State', 'type': 'Team'}]",Madness Props,Spread
0OU79092479O14350_1,2,3_79092479,Over,-105,1.95238096,1.95,20/21,143.5,,Unknown,True,143500,"['ProgressiveParlayTeamEligible', 'MainPointLine', 'SGP']",Madness Props,Total
0OU79092479U14350_3,2,3_79092479,Under,-115,1.86956522,1.86,20/23,143.5,,Unknown,True,143502,"['ProgressiveParlayTeamEligible', 'MainPointLine', 'SGP']",Madness Props,Total
0ML79092479_3,2,1_79092479,Lipscomb,+900,10,10.00,9/1,Lipscomb,Team,True,1279852128,['SGP'],"[{'id': '43785', 'name': 'Lipscomb', 'type': 'Team'}]",Madness Props,Moneyline
0ML79092479_1,2,1_79092479,Iowa State,-1600,1.0625,1.06,1/16,Iowa State,Team,True,1279854124,['SGP'],"[{'id': '42961', 'name': 'Iowa State', 'type': 'Team'}]",Madness Props,Moneyline
0HC79092954N150_3,2,2_79092954,Colorado State,-118,1.84745763,1.84,50/59,-1.5,Colorado State,Team,True,-1501,"['ProgressiveParlayTeamEligible', 'MainPointLine', 'SGP']","[{'id': '45374', 'name': 'Colorado State', 'type': 'Team'}]",Madness Props,Spread
0HC79092954P150_1,2,2_79092954,Memphis,-102,1.98039216,1.98,50/51,1.5,Memphis,Team,True,-1499,"['ProgressiveParlayTeamEligible', 'MainPointLine', 'SGP']","[{'id': '43053', 'name': 'Memphis', 'type': 'Team'}]",Madness Props,Spread
0OU79092954O14750_1,2,3_79092954,Over,-110,1.90909091,1.90,10/11,147.5,,Unknown,True,147500,"['ProgressiveParlayTeamEligible', 'MainPointLine', 'SGP']",Madness Props,Total
0OU79092954U14750_3,2,3_79092954,Under,-110,1.90909091,1.90,10/11,147.5,,Unknown,True,147502,"['ProgressiveParlayTeamEligible', 'MainPointLine', 'SGP']",Madness Props,Total
0ML79092954_3,2,1_79092954,Colorado State,-135,1.74074075,1.74,20/27,Colorado State,Team,True,1279861172,['SGP'],"[{'id': '45374', 'name': 'Colorado State', 'type': 'Team'}]",Madness Props,Moneyline
0ML79092954_1,2,1_79092954,Memphis,+114,2.14,2.14,57/50,Memphis,Team,True,1279863168,['SGP'],"[{'id': '43053', 'name': 'Memphis', 'type': 'Team'}]",Madness Props,Moneyline
0HC79092772P450_3,2,2_79092772,Vanderbilt,-115,1.86956522,1.86,20/23,4.5,Vanderbilt,Team,True,4499,"['ProgressiveParlayTeamEligible', 'MainPointLine', 'SGP']","[{'id': '44513', 'name': 'Vanderbilt', 'type': 'Team'}]",Madness Props,Spread
0HC79092772N450_1,2,2_79092772,Saint Marys,-105,1.95238096,1.95,20/21,-4.5,Saint Marys,Team,True,4501,"['ProgressiveParlayTeamEligible', 'MainPointLine', 'SGP']","[{'id': '41405', 'name': 'Saint Marys', 'type': 'Team'}]",Madness Props,Spread
0OU79092772O13650_1,2,3_79092772,Over,-108,1.92592593,1.92,25/27,136.5,,Unknown,True,136500,"['ProgressiveParlayTeamEligible', 'MainPointLine', 'SGP']",Madness Props,Total
0OU79092772U13650_3,2,3_79092772,Under,-112,1.89285715,1.89,25/28,136.5,,Unknown,True,136502,"['ProgressiveParlayTeamEligible', 'MainPointLine', 'SGP']",Madness Props,Total
0ML79092772_3,2,1_79092772,Vanderbilt,+160,2.6,2.60,8/5,Vanderbilt,Team,True,1279858589,['SGP'],"[{'id': '44513', 'name': 'Vanderbilt', 'type': 'Team'}]",Madness Props,Moneyline
0ML79092772_1,2,1_79092772,Saint Marys,-192,1.52083334,1.52,25/48,Saint Marys,Team,True,1279860585,['SGP'],"[{'id': '41405', 'name': 'Saint Marys', 'type': 'Team'}]",Madness Props,Moneyline
0HC79111741P150_3,2,2_79111741,North Carolina,-110,1.90909091,1.90,10/11,1.5,North Carolina,Team,True,1499,"['ProgressiveParlayTeamEligible', 'MainPointLine', 'SGP']","[{'id': '42450', 'name': 'North Carolina', 'type': 'Team'}]",Madness Props,Spread
0HC79111741N150_1,2,2_79111741,Ole Miss,-110,1.90909091,1.90,10/11,-1.5,Ole Miss,Team,True,1501,"['ProgressiveParlayTeamEligible', 'MainPointLine', 'SGP']","[{'id': '43121', 'name': 'Ole Miss', 'type': 'Team'}]",Madness Props,Spread
0OU79111741O15250_1,2,3_79111741,Over,-110,1.90909091,1.90,10/11,152.5,,Unknown,True,152500,"['ProgressiveParlayTeamEligible', 'MainPointLine', 'SGP']",Madness Props,Total
0OU79111741U15250_3,2,3_79111741,Under,-110,1.90909091,1.90,10/11,152.5,,Unknown,True,152502,"['ProgressiveParlayTeamEligible', 'MainPointLine', 'SGP']",Madness Props,Total
0ML79111741_3,2,1_79111741,North Carolina,+105,2.05,2.05,21/20,North Carolina,Team,True,1280260180,['SGP'],"[{'id': '42450', 'name': 'North Carolina', 'type': 'Team'}]",Madness Props,Moneyline
0ML79111741_1,2,1_79111741,Ole Miss,-125,1.8,1.80,4/5,Ole Miss,Team,True,1280262176,['SGP'],"[{'id': '43121', 'name': 'Ole Miss', 'type': 'Team'}]",Madness Props,Moneyline
0HC79111740P350_3,2,2_79111740,San Diego State,-110,1.90909091,1.90,10/11,3.5,San Diego State,Team,True,3499,"['ProgressiveParlayTeamEligible', 'MainPointLine', 'SGP']","[{'id': '44675', 'name': 'San Diego State', 'type': 'Team'}]",Madness Props,Spread
0HC79111740N350_1,2,2_79111740,Ole Miss,-110,1.90909091,1.90,10/11,-3.5,Ole Miss,Team,True,3501,"['ProgressiveParlayTeamEligible', 'MainPointLine', 'SGP']","[{'id': '43121', 'name': 'Ole Miss', 'type': 'Team'}]",Madness Props,Spread
0OU79111740O13550_1,2,3_79111740,Over,-110,1.90909091,1.90,10/11,135.5,,Unknown,True,135500,"['ProgressiveParlayTeamEligible', 'MainPointLine', 'SGP']",Madness Props,Total
0OU79111740U13550_3,2,3_79111740,Under,-110,1.90909091,1.90,10/11,135.5,,Unknown,True,135502,"['ProgressiveParlayTeamEligible', 'MainPointLine', 'SGP']",Madness Props,Total
0ML79111740_3,2,1_79111740,San Diego State,+150,2.5,2.50,6/4,San Diego State,Team,True,1280260173,['SGP'],"[{'id': '44675', 'name': 'San Diego State', 'type': 'Team'}]",Madness Props,Moneyline
0ML79111740_1,2,1_79111740,Ole Miss,-180,1.55555556,1.55,5/9,Ole Miss,Team,True,1280262169,['SGP'],"[{'id': '43121', 'name': 'Ole Miss', 'type': 'Team'}]",Madness Props,Moneyline
0HC79092960P1050_3,2,2_79092960,Grand Canyon,-115,1.86956522,1.86,20/23,10.5,Grand Canyon,Team,True,10499,"['ProgressiveParlayTeamEligible', 'MainPointLine', 'SGP']","[{'id': '43744', 'name': 'Grand Canyon', 'type': 'Team'}]",Madness Props,Spread
0HC79092960N1050_1,2,2_79092960,Maryland,-105,1.95238096,1.95,20/21,-10.5,Maryland,Team,True,10501,"['ProgressiveParlayTeamEligible', 'MainPointLine', 'SGP']","[{'id': '42635', 'name': 'Maryland', 'type': 'Team'}]",Madness Props,Spread
0OU79092960O15050_1,2,3_79092960,Over,-105,1.95238096,1.95,20/21,150.5,,Unknown,True,150500,"['ProgressiveParlayTeamEligible', 'MainPointLine', 'SGP']",Madness Props,Total
0OU79092960U15050_3,2,3_79092960,Under,-115,1.86956522,1.86,20/23,150.5,,Unknown,True,150502,"['ProgressiveParlayTeamEligible', 'MainPointLine', 'SGP']",Madness Props,Total
0ML79092960_3,2,1_79092960,Grand Canyon,+425,5.25,5.25,17/4,Grand Canyon,Team,True,1279861214,['SGP'],"[{'id': '43744', 'name': 'Grand Canyon', 'type': 'Team'}]",Madness Props,Moneyline
0ML79092960_1,2,1_79092960,Maryland,-575,1.17391305,1.17,4/23,Maryland,Team,True,1279863210,['SGP'],"[{'id': '42635', 'name': 'Maryland', 'type': 'Team'}]",Madness Props,Moneyline
0HC79092952P2850_3,2,2_79092952,Norfolk State,-110,1.90909091,1.90,10/11,28.5,Norfolk State,Team,True,28499,"['ProgressiveParlayTeamEligible', 'MainPointLine', 'SGP']","[{'id': '43965', 'name': 'Norfolk State', 'type': 'Team'}]",Madness Props,Spread
0HC79092952N2850_1,2,2_79092952,Florida,-110,1.90909091,1.90,10/11,-28.5,Florida,Team,True,28501,"['ProgressiveParlayTeamEligible', 'MainPointLine', 'SGP']","[{'id': '44135', 'name': 'Florida', 'type': 'Team'}]",Madness Props,Spread
0OU79092952O15350_1,2,3_79092952,Over,-115,1.86956522,1.86,20/23,153.5,,Unknown,True,153500,"['ProgressiveParlayTeamEligible', 'MainPointLine', 'SGP']",Madness Props,Total
0OU79092952U15350_3,2,3_79092952,Under,-105,1.95238096,1.95,20/21,153.5,,Unknown,True,153502,"['ProgressiveParlayTeamEligible', 'MainPointLine', 'SGP']",Madness Props,Total
0ML79092952_3,2,1_79092952,Norfolk State,+2500,26,26.00,25/1,Norfolk State,Team,True,1279861158,['SGP'],"[{'id': '43965', 'name': 'Norfolk State', 'type': 'Team'}]",Madness Props,Moneyline
0ML79092952_1,2,1_79092952,Florida,-9000,1.01111112,1.01,1/90,Florida,Team,True,1279863154,['SGP'],"[{'id': '44135', 'name': 'Florida', 'type': 'Team'}]",Madness Props,Moneyline
0HC79092941P1150_3,2,2_79092941,Troy,-115,1.86956522,1.86,20/23,11.5,Troy,Team,True,11499,"['ProgressiveParlayTeamEligible', 'MainPointLine', 'SGP']","[{'id': '43481', 'name': 'Troy', 'type': 'Team'}]",Madness Props,Spread
0HC79092941N1150_1,2,2_79092941,Kentucky,-105,1.95238096,1.95,20/21,-11.5,Kentucky,Team,True,11501,"['ProgressiveParlayTeamEligible', 'MainPointLine', 'SGP']","[{'id': '44542', 'name': 'Kentucky', 'type': 'Team'}]",Madness Props,Spread
0OU79092941O15250_1,2,3_79092941,Over,-105,1.95238096,1.95,20/21,152.5,,Unknown,True,152500,"['ProgressiveParlayTeamEligible', 'MainPointLine', 'SGP']",Madness Props,Total
0OU79092941U15250_3,2,3_79092941,Under,-115,1.86956522,1.86,20/23,152.5,,Unknown,True,152502,"['ProgressiveParlayTeamEligible', 'MainPointLine', 'SGP']",Madness Props,Total
0ML79092941_3,2,1_79092941,Troy,+550,6.5,6.50,11/2,Troy,Team,True,1279861081,['SGP'],"[{'id': '43481', 'name': 'Troy', 'type': 'Team'}]",Madness Props,Moneyline
0ML79092941_1,2,1_79092941,Kentucky,-800,1.125,1.12,1/8,Kentucky,Team,True,1279863077,['SGP'],"[{'id': '44542', 'name': 'Kentucky', 'type': 'Team'}]",Madness Props,Moneyline
0HC79092502P350_3,2,2_79092502,New Mexico,-105,1.95238096,1.95,20/21,3.5,New Mexico,Team,True,3499,"['ProgressiveParlayTeamEligible', 'MainPointLine', 'SGP']","[{'id': '44215', 'name': 'New Mexico', 'type': 'Team'}]",Madness Props,Spread
0HC79092502N350_1,2,2_79092502,Marquette,-115,1.86956522,1.86,20/23,-3.5,Marquette,Team,True,3501,"['ProgressiveParlayTeamEligible', 'MainPointLine', 'SGP']","[{'id': '44018', 'name': 'Marquette', 'type': 'Team'}]",Madness Props,Spread
0OU79092502O15350_1,2,3_79092502,Over,-108,1.92592593,1.92,25/27,153.5,,Unknown,True,153500,"['ProgressiveParlayTeamEligible', 'MainPointLine', 'SGP']",Madness Props,Total
0OU79092502U15350_3,2,3_79092502,Under,-112,1.89285715,1.89,25/28,153.5,,Unknown,True,153502,"['ProgressiveParlayTeamEligible', 'MainPointLine', 'SGP']",Madness Props,Total
0ML79092502_3,2,1_79092502,New Mexico,+145,2.45,2.45,29/20,New Mexico,Team,True,1279852583,['SGP'],"[{'id': '44215', 'name': 'New Mexico', 'type': 'Team'}]",Madness Props,Moneyline
0ML79092502_1,2,1_79092502,Marquette,-175,1.57142858,1.57,4/7,Marquette,Team,True,1279854579,['SGP'],"[{'id': '44018', 'name': 'Marquette', 'type': 'Team'}]",Madness Props,Moneyline
0HC79092765P1350_3,2,2_79092765,Akron,-102,1.98039216,1.98,50/51,13.5,Akron,Team,True,13499,"['ProgressiveParlayTeamEligible', 'MainPointLine', 'SGP']","[{'id': '41425', 'name': 'Akron', 'type': 'Team'}]",Madness Props,Spread
0HC79092765N1350_1,2,2_79092765,Arizona,-118,1.84745763,1.84,50/59,-13.5,Arizona,Team,True,13501,"['ProgressiveParlayTeamEligible', 'MainPointLine', 'SGP']","[{'id': '45351', 'name': 'Arizona', 'type': 'Team'}]",Madness Props,Spread
0OU79092765O16650_1,2,3_79092765,Over,-115,1.86956522,1.86,20/23,166.5,,Unknown,True,166500,"['ProgressiveParlayTeamEligible', 'MainPointLine', 'SGP']",Madness Props,Total
0OU79092765U16650_3,2,3_79092765,Under,-105,1.95238096,1.95,20/21,166.5,,Unknown,True,166502,"['ProgressiveParlayTeamEligible', 'MainPointLine', 'SGP']",Madness Props,Total
0ML79092765_3,2,1_79092765,Akron,+750,8.5,8.50,15/2,Akron,Team,True,1279858442,['SGP'],"[{'id': '41425', 'name': 'Akron', 'type': 'Team'}]",Madness Props,Moneyline
0ML79092765_1,2,1_79092765,Arizona,-1200,1.08333334,1.08,1/12,Arizona,Team,True,1279860438,['SGP'],"[{'id': '45351', 'name': 'Arizona', 'type': 'Team'}]",Madness Props,Moneyline
0HC79092953P550_3,2,2_79092953,Oklahoma,-110,1.90909091,1.90,10/11,5.5,Oklahoma,Team,True,5499,"['ProgressiveParlayTeamEligible', 'MainPointLine', 'SGP']","[{'id': '42537', 'name': 'Oklahoma', 'type': 'Team'}]",Madness Props,Spread
0HC79092953N550_1,2,2_79092953,UConn,-110,1.90909091,1.90,10/11,-5.5,UConn,Team,True,5501,"['ProgressiveParlayTeamEligible', 'MainPointLine', 'SGP']","[{'id': '41421', 'name': 'UConn', 'type': 'Team'}]",Madness Props,Spread
0OU79092953O14750_1,2,3_79092953,Over,-112,1.89285715,1.89,25/28,147.5,,Unknown,True,147500,"['ProgressiveParlayTeamEligible', 'MainPointLine', 'SGP']",Madness Props,Total
0OU79092953U14750_3,2,3_79092953,Under,-108,1.92592593,1.92,25/27,147.5,,Unknown,True,147502,"['ProgressiveParlayTeamEligible', 'MainPointLine', 'SGP']",Madness Props,Total
0ML79092953_3,2,1_79092953,Oklahoma,+190,2.9,2.90,19/10,Oklahoma,Team,True,1279861165,['SGP'],"[{'id': '42537', 'name': 'Oklahoma', 'type': 'Team'}]",Madness Props,Moneyline
0ML79092953_1,2,1_79092953,UConn,-230,1.43478261,1.43,10/23,UConn,Team,True,1279863161,['SGP'],"[{'id': '41421', 'name': 'UConn', 'type': 'Team'}]",Madness Props,Moneyline
0HC79092553P1750_3,2,2_79092553,Bryant,-115,1.86956522,1.86,20/23,17.5,Bryant,Team,True,17499,"['ProgressiveParlayTeamEligible', 'MainPointLine', 'SGP']","[{'id': '42187', 'name': 'Bryant', 'type': 'Team'}]",Madness Props,Spread
0HC79092553N1750_1,2,2_79092553,Michigan State,-105,1.95238096,1.95,20/21,-17.5,Michigan State,Team,True,17501,"['ProgressiveParlayTeamEligible', 'MainPointLine', 'SGP']","[{'id': '41925', 'name': 'Michigan State', 'type': 'Team'}]",Madness Props,Spread
0OU79092553O15250_1,2,3_79092553,Over,-110,1.90909091,1.90,10/11,152.5,,Unknown,True,152500,"['ProgressiveParlayTeamEligible', 'MainPointLine', 'SGP']",Madness Props,Total
0OU79092553U15250_3,2,3_79092553,Under,-110,1.90909091,1.90,10/11,152.5,,Unknown,True,152502,"['ProgressiveParlayTeamEligible', 'MainPointLine', 'SGP']",Madness Props,Total
0ML79092553_3,2,1_79092553,Bryant,+1200,13,13.00,12/1,Bryant,Team,True,1279853801,['SGP'],"[{'id': '42187', 'name': 'Bryant', 'type': 'Team'}]",Madness Props,Moneyline
0ML79092553_1,2,1_79092553,Michigan State,-2400,1.04166667,1.04,1/24,Michigan State,Team,True,1279855797,['SGP'],"[{'id': '41925', 'name': 'Michigan State', 'type': 'Team'}]",Madness Props,Moneyline
0HC79092744P750_3,2,2_79092744,Liberty,-115,1.86956522,1.86,20/23,7.5,Liberty,Team,True,7499,"['ProgressiveParlayTeamEligible', 'MainPointLine', 'SGP']","[{'id': '41459', 'name': 'Liberty', 'type': 'Team'}]",Madness Props,Spread
0HC79092744N750_1,2,2_79092744,Oregon,-105,1.95238096,1.95,20/21,-7.5,Oregon,Team,True,7501,"['ProgressiveParlayTeamEligible', 'MainPointLine', 'SGP']","[{'id': '44430', 'name': 'Oregon', 'type': 'Team'}]",Madness Props,Spread
0OU79092744O13950_1,2,3_79092744,Over,-108,1.92592593,1.92,25/27,139.5,,Unknown,True,139500,"['ProgressiveParlayTeamEligible', 'MainPointLine', 'SGP']",Madness Props,Total
0OU79092744U13950_3,2,3_79092744,Under,-112,1.89285715,1.89,25/28,139.5,,Unknown,True,139502,"['ProgressiveParlayTeamEligible', 'MainPointLine', 'SGP']",Madness Props,Total
0ML79092744_3,2,1_79092744,Liberty,+260,3.6,3.60,13/5,Liberty,Team,True,1279858001,['SGP'],"[{'id': '41459', 'name': 'Liberty', 'type': 'Team'}]",Madness Props,Moneyline
0ML79092744_1,2,1_79092744,Oregon,-325,1.30769231,1.30,4/13,Oregon,Team,True,1279859997,['SGP'],"[{'id': '44430', 'name': 'Oregon', 'type': 'Team'}]",Madness Props,Moneyline
0HC79110487N350_3,2,2_79110487,Saint Francis PA,-115,1.86956522,1.86,20/23,-3.5,Saint Francis PA,Team,True,-3501,"['MainPointLine', 'SGP']","[{'id': '41332', 'name': 'Saint Francis PA', 'type': 'Team'}]",Madness Props,Spread
0HC79110487P350_1,2,2_79110487,Alabama State,-115,1.86956522,1.86,20/23,3.5,Alabama State,Team,True,-3499,"['MainPointLine', 'SGP']","[{'id': '42969', 'name': 'Alabama State', 'type': 'Team'}]",Madness Props,Spread
0OU79110487O14650_1,2,3_79110487,Over,-110,1.90909091,1.90,10/11,146.5,,Unknown,True,146500,"['MainPointLine', 'SGP']",Madness Props,Total
0OU79110487U14650_3,2,3_79110487,Under,-120,1.83333334,1.83,5/6,146.5,,Unknown,True,146502,"['MainPointLine', 'SGP']",Madness Props,Total
0ML79110487_3,2,1_79110487,Saint Francis PA,-200,1.5,1.50,1/2,Saint Francis PA,Team,True,1280230384,['SGP'],"[{'id': '41332', 'name': 'Saint Francis PA', 'type': 'Team'}]",Madness Props,Moneyline
0ML79110487_1,2,1_79110487,Alabama State,+154,2.54,2.54,77/50,Alabama State,Team,True,1280232377,['SGP'],"[{'id': '42969', 'name': 'Alabama State', 'type': 'Team'}]",Madness Props,Moneyline
0HC79110488P550_3,2,2_79110488,Kent State,-115,1.86956522,1.86,20/23,5.5,Kent State,Team,True,5499,"['MainPointLine', 'SGP']","[{'id': '43444', 'name': 'Kent State', 'type': 'Team'}]",Madness Props,Spread
0HC79110488N550_1,2,2_79110488,Saint Bonaventure,-115,1.86956522,1.86,20/23,-5.5,Saint Bonaventure,Team,True,5501,"['MainPointLine', 'SGP']","[{'id': '44786', 'name': 'Saint Bonaventure', 'type': 'Team'}]",Madness Props,Spread
0OU79110488O13450_1,2,3_79110488,Over,-115,1.86956522,1.86,20/23,134.5,,Unknown,True,134500,"['MainPointLine', 'SGP']",Madness Props,Total
0OU79110488U13450_3,2,3_79110488,Under,-115,1.86956522,1.86,20/23,134.5,,Unknown,True,134502,"['MainPointLine', 'SGP']",Madness Props,Total
0ML79110488_3,2,1_79110488,Kent State,+210,3.1,3.10,21/10,Kent State,Team,True,1280230388,['SGP'],"[{'id': '43444', 'name': 'Kent State', 'type': 'Team'}]",Madness Props,Moneyline
0ML79110488_1,2,1_79110488,Saint Bonaventure,-280,1.35714286,1.35,5/14,Saint Bonaventure,Team,True,1280232378,['SGP'],"[{'id': '44786', 'name': 'Saint Bonaventure', 'type': 'Team'}]",Madness Props,Moneyline
0HC79110490P250_3,2,2_79110490,Jacksonville State,-115,1.86956522,1.86,20/23,2.5,Jacksonville State,Team,True,2499,"['MainPointLine', 'SGP']","[{'id': '42218', 'name': 'Jacksonville State', 'type': 'Team'}]",Madness Props,Spread
0HC79110490N250_1,2,2_79110490,Georgia Tech,-115,1.86956522,1.86,20/23,-2.5,Georgia Tech,Team,True,2501,"['MainPointLine', 'SGP']","[{'id': '42150', 'name': 'Georgia Tech', 'type': 'Team'}]",Madness Props,Spread
0OU79110490O14950_1,2,3_79110490,Over,-110,1.90909091,1.90,10/11,149.5,,Unknown,True,149500,"['MainPointLine', 'SGP']",Madness Props,Total
0OU79110490U14950_3,2,3_79110490,Under,-120,1.83333334,1.83,5/6,149.5,,Unknown,True,149502,"['MainPointLine', 'SGP']",Madness Props,Total
0ML79110490_3,2,1_79110490,Jacksonville State,+124,2.24,2.24,31/25,Jacksonville State,Team,True,1280230402,['SGP'],"[{'id': '42218', 'name': 'Jacksonville State', 'type': 'Team'}]",Madness Props,Moneyline
0ML79110490_1,2,1_79110490,Georgia Tech,-160,1.625,1.62,5/8,Georgia Tech,Team,True,1280232398,['SGP'],"[{'id': '42150', 'name': 'Georgia Tech', 'type': 'Team'}]",Madness Props,Moneyline
0HC79100355P150_3,2,2_79100355,Chattanooga,-110,1.90909091,1.90,10/11,1.5,Chattanooga,Team,True,1499,"['ProgressiveParlayTeamEligible', 'MainPointLine', 'SGP']","[{'id': '41974', 'name': 'Chattanooga', 'type': 'Team'}]",Madness Props,Spread
0HC79100355N150_1,2,2_79100355,Middle Tennessee,-110,1.90909091,1.90,10/11,-1.5,Middle Tennessee,Team,True,1501,"['ProgressiveParlayTeamEligible', 'MainPointLine', 'SGP']","[{'id': '42683', 'name': 'Middle Tennessee', 'type': 'Team'}]",Madness Props,Spread
0OU79100355O15250_1,2,3_79100355,Over,-115,1.86956522,1.86,20/23,152.5,,Unknown,True,152500,"['ProgressiveParlayTeamEligible', 'MainPointLine', 'SGP']",Madness Props,Total
0OU79100355U15250_3,2,3_79100355,Under,-105,1.95238096,1.95,20/21,152.5,,Unknown,True,152502,"['ProgressiveParlayTeamEligible', 'MainPointLine', 'SGP']",Madness Props,Total
0ML79100355_3,2,1_79100355,Chattanooga,+105,2.05,2.05,21/20,Chattanooga,Team,True,1280025918,['SGP'],"[{'id': '41974', 'name': 'Chattanooga', 'type': 'Team'}]",Madness Props,Moneyline
0ML79100355_1,2,1_79100355,Middle Tennessee,-125,1.8,1.80,4/5,Middle Tennessee,Team,True,1280027914,['SGP'],"[{'id': '42683', 'name': 'Middle Tennessee', 'type': 'Team'}]",Madness Props,Moneyline
0HC79100357P650_3,2,2_79100357,Wichita State,-112,1.89285715,1.89,25/28,6.5,Wichita State,Team,True,6499,"['ProgressiveParlayTeamEligible', 'MainPointLine', 'SGP']","[{'id': '43593', 'name': 'Wichita State', 'type': 'Team'}]",Madness Props,Spread
0HC79100357N650_1,2,2_79100357,Oklahoma State,-108,1.92592593,1.92,25/27,-6.5,Oklahoma State,Team,True,6501,"['ProgressiveParlayTeamEligible', 'MainPointLine', 'SGP']","[{'id': '43141', 'name': 'Oklahoma State', 'type': 'Team'}]",Madness Props,Spread
0OU79100357O15450_1,2,3_79100357,Over,-105,1.95238096,1.95,20/21,154.5,,Unknown,True,154500,"['ProgressiveParlayTeamEligible', 'MainPointLine', 'SGP']",Madness Props,Total
0OU79100357U15450_3,2,3_79100357,Under,-115,1.86956522,1.86,20/23,154.5,,Unknown,True,154502,"['ProgressiveParlayTeamEligible', 'MainPointLine', 'SGP']",Madness Props,Total
0ML79100357_3,2,1_79100357,Wichita State,+230,3.3,3.30,23/10,Wichita State,Team,True,1280025932,['SGP'],"[{'id': '43593', 'name': 'Wichita State', 'type': 'Team'}]",Madness Props,Moneyline
0ML79100357_1,2,1_79100357,Oklahoma State,-285,1.3508772,1.35,20/57,Oklahoma State,Team,True,1280027928,['SGP'],"[{'id': '43141', 'name': 'Oklahoma State', 'type': 'Team'}]",Madness Props,Moneyline
0HC79100359P550_3,2,2_79100359,Saint Louis,-108,1.92592593,1.92,25/27,5.5,Saint Louis,Team,True,5499,"['ProgressiveParlayTeamEligible', 'MainPointLine', 'SGP']","[{'id': '43370', 'name': 'Saint Louis', 'type': 'Team'}]",Madness Props,Spread
0HC79100359N550_1,2,2_79100359,Arkansas State,-112,1.89285715,1.89,25/28,-5.5,Arkansas State,Team,True,5501,"['ProgressiveParlayTeamEligible', 'MainPointLine', 'SGP']","[{'id': '42673', 'name': 'Arkansas State', 'type': 'Team'}]",Madness Props,Spread
0OU79100359O15450_1,2,3_79100359,Over,-105,1.95238096,1.95,20/21,154.5,,Unknown,True,154500,"['ProgressiveParlayTeamEligible', 'MainPointLine', 'SGP']",Madness Props,Total
0OU79100359U15450_3,2,3_79100359,Under,-115,1.86956522,1.86,20/23,154.5,,Unknown,True,154502,"['ProgressiveParlayTeamEligible', 'MainPointLine', 'SGP']",Madness Props,Total
0ML79100359_3,2,1_79100359,Saint Louis,+200,3,3.00,2/1,Saint Louis,Team,True,1280025946,['SGP'],"[{'id': '43370', 'name': 'Saint Louis', 'type': 'Team'}]",Madness Props,Moneyline
0ML79100359_1,2,1_79100359,Arkansas State,-245,1.40816327,1.40,20/49,Arkansas State,Team,True,1280027942,['SGP'],"[{'id': '42673', 'name': 'Arkansas State', 'type': 'Team'}]",Madness Props,Moneyline
0HC79092473N450_3,2,2_79092473,North Carolina,-112,1.89285715,1.89,25/28,-4.5,North Carolina,Team,True,-4501,"['ProgressiveParlayTeamEligible', 'MainPointLine', 'SGP']","[{'id': '42450', 'name': 'North Carolina', 'type': 'Team'}]",Madness Props,Spread
0HC79092473P450_1,2,2_79092473,San Diego State,-108,1.92592593,1.92,25/27,4.5,San Diego State,Team,True,-4499,"['ProgressiveParlayTeamEligible', 'MainPointLine', 'SGP']","[{'id': '44675', 'name': 'San Diego State', 'type': 'Team'}]",Madness Props,Spread
0OU79092473O14150_1,2,3_79092473,Over,-112,1.89285715,1.89,25/28,141.5,,Unknown,True,141500,"['ProgressiveParlayTeamEligible', 'MainPointLine', 'SGP']",Madness Props,Total
0OU79092473U14150_3,2,3_79092473,Under,-108,1.92592593,1.92,25/27,141.5,,Unknown,True,141502,"['ProgressiveParlayTeamEligible', 'MainPointLine', 'SGP']",Madness Props,Total
0ML79092473_3,2,1_79092473,North Carolina,-218,1.4587156,1.45,50/109,North Carolina,Team,True,1279852086,['SGP'],"[{'id': '42450', 'name': 'North Carolina', 'type': 'Team'}]",Madness Props,Moneyline
0ML79092473_1,2,1_79092473,San Diego State,+180,2.8,2.80,9/5,San Diego State,Team,True,1279854082,['SGP'],"[{'id': '44675', 'name': 'San Diego State', 'type': 'Team'}]",Madness Props,Moneyline
0HC79100356P650_3,2,2_79100356,CSUN,-108,1.92592593,1.92,25/27,6.5,CSUN,Team,True,6499,"['ProgressiveParlayTeamEligible', 'MainPointLine', 'SGP']","[{'id': '44653', 'name': 'CSUN', 'type': 'Team'}]",Madness Props,Spread
0HC79100356N650_1,2,2_79100356,Stanford,-112,1.89285715,1.89,25/28,-6.5,Stanford,Team,True,6501,"['ProgressiveParlayTeamEligible', 'MainPointLine', 'SGP']","[{'id': '44739', 'name': 'Stanford', 'type': 'Team'}]",Madness Props,Spread
0OU79100356O15650_1,2,3_79100356,Over,-108,1.92592593,1.92,25/27,156.5,,Unknown,True,156500,"['ProgressiveParlayTeamEligible', 'MainPointLine', 'SGP']",Madness Props,Total
0OU79100356U15650_3,2,3_79100356,Under,-112,1.89285715,1.89,25/28,156.5,,Unknown,True,156502,"['ProgressiveParlayTeamEligible', 'MainPointLine', 'SGP']",Madness Props,Total
0ML79100356_3,2,1_79100356,CSUN,+230,3.3,3.30,23/10,CSUN,Team,True,1280025925,['SGP'],"[{'id': '44653', 'name': 'CSUN', 'type': 'Team'}]",Madness Props,Moneyline
0ML79100356_1,2,1_79100356,Stanford,-285,1.3508772,1.35,20/57,Stanford,Team,True,1280027921,['SGP'],"[{'id': '44739', 'name': 'Stanford', 'type': 'Team'}]",Madness Props,Moneyline
0HC79100358P1050_3,2,2_79100358,UC Riverside,-118,1.84745763,1.84,50/59,10.5,UC Riverside,Team,True,10499,"['ProgressiveParlayTeamEligible', 'MainPointLine', 'SGP']","[{'id': '44279', 'name': 'UC Riverside', 'type': 'Team'}]",Madness Props,Spread
0HC79100358N1050_1,2,2_79100358,Santa Clara,-102,1.98039216,1.98,50/51,-10.5,Santa Clara,Team,True,10501,"['ProgressiveParlayTeamEligible', 'MainPointLine', 'SGP']","[{'id': '42757', 'name': 'Santa Clara', 'type': 'Team'}]",Madness Props,Spread
0OU79100358O15650_1,2,3_79100358,Over,-110,1.90909091,1.90,10/11,156.5,,Unknown,True,156500,"['ProgressiveParlayTeamEligible', 'MainPointLine', 'SGP']",Madness Props,Total
0OU79100358U15650_3,2,3_79100358,Under,-110,1.90909091,1.90,10/11,156.5,,Unknown,True,156502,"['ProgressiveParlayTeamEligible', 'MainPointLine', 'SGP']",Madness Props,Total
0ML79100358_3,2,1_79100358,UC Riverside,+440,5.4,5.40,22/5,UC Riverside,Team,True,1280025939,['SGP'],"[{'id': '44279', 'name': 'UC Riverside', 'type': 'Team'}]",Madness Props,Moneyline
0ML79100358_1,2,1_79100358,Santa Clara,-600,1.16666667,1.16,1/6,Santa Clara,Team,True,1280027935,['SGP'],"[{'id': '42757', 'name': 'Santa Clara', 'type': 'Team'}]",Madness Props,Moneyline
0HC79092702P250_3,2,2_79092702,Mount Saint Marys,-112,1.89285715,1.89,25/28,2.5,Mount Saint Marys,Team,True,2499,"['ProgressiveParlayTeamEligible', 'MainPointLine', 'SGP']","[{'id': '42025', 'name': 'Mount Saint Marys', 'type': 'Team'}]",Madness Props,Spread
0HC79092702N250_1,2,2_79092702,American,-108,1.92592593,1.92,25/27,-2.5,American,Team,True,2501,"['ProgressiveParlayTeamEligible', 'MainPointLine', 'SGP']","[{'id': '41874', 'name': 'American', 'type': 'Team'}]",Madness Props,Spread
0OU79092702O12950_1,2,3_79092702,Over,-105,1.95238096,1.95,20/21,129.5,,Unknown,True,129500,"['ProgressiveParlayTeamEligible', 'MainPointLine', 'SGP']",Madness Props,Total
0OU79092702U12950_3,2,3_79092702,Under,-115,1.86956522,1.86,20/23,129.5,,Unknown,True,129502,"['ProgressiveParlayTeamEligible', 'MainPointLine', 'SGP']",Madness Props,Total
0ML79092702_3,2,1_79092702,Mount Saint Marys,+120,2.2,2.20,6/5,Mount Saint Marys,Team,True,1279857119,['SGP'],"[{'id': '42025', 'name': 'Mount Saint Marys', 'type': 'Team'}]",Madness Props,Moneyline
0ML79092702_1,2,1_79092702,American,-142,1.70422536,1.70,50/71,American,Team,True,1279859115,['SGP'],"[{'id': '41874', 'name': 'American', 'type': 'Team'}]",Madness Props,Moneyline
0HC79100363P750_3,2,2_79100363,Samford,-110,1.90909091,1.90,10/11,7.5,Samford,Team,True,7499,"['ProgressiveParlayTeamEligible', 'MainPointLine', 'SGP']","[{'id': '42759', 'name': 'Samford', 'type': 'Team'}]",Madness Props,Spread
0HC79100363N750_1,2,2_79100363,George Mason,-110,1.90909091,1.90,10/11,-7.5,George Mason,Team,True,7501,"['ProgressiveParlayTeamEligible', 'MainPointLine', 'SGP']","[{'id': '41752', 'name': 'George Mason', 'type': 'Team'}]",Madness Props,Spread
0OU79100363O14750_1,2,3_79100363,Over,-110,1.90909091,1.90,10/11,147.5,,Unknown,True,147500,"['ProgressiveParlayTeamEligible', 'MainPointLine', 'SGP']",Madness Props,Total
0OU79100363U14750_3,2,3_79100363,Under,-110,1.90909091,1.90,10/11,147.5,,Unknown,True,147502,"['ProgressiveParlayTeamEligible', 'MainPointLine', 'SGP']",Madness Props,Total
0ML79100363_3,2,1_79100363,Samford,+270,3.7,3.70,27/10,Samford,Team,True,1280025967,['SGP'],"[{'id': '42759', 'name': 'Samford', 'type': 'Team'}]",Madness Props,Moneyline
0ML79100363_1,2,1_79100363,George Mason,-340,1.29411765,1.29,5/17,George Mason,Team,True,1280027963,['SGP'],"[{'id': '41752', 'name': 'George Mason', 'type': 'Team'}]",Madness Props,Moneyline
0HC79100365P550_3,2,2_79100365,UAB,-115,1.86956522,1.86,20/23,5.5,UAB,Team,True,5499,"['ProgressiveParlayTeamEligible', 'MainPointLine', 'SGP']","[{'id': '42938', 'name': 'UAB', 'type': 'Team'}]",Madness Props,Spread
0HC79100365N550_1,2,2_79100365,Saint Josephs,-105,1.95238096,1.95,20/21,-5.5,Saint Josephs,Team,True,5501,"['ProgressiveParlayTeamEligible', 'MainPointLine', 'SGP']","[{'id': '42231', 'name': 'Saint Josephs', 'type': 'Team'}]",Madness Props,Spread
0OU79100365O15550_1,2,3_79100365,Over,-110,1.90909091,1.90,10/11,155.5,,Unknown,True,155500,"['ProgressiveParlayTeamEligible', 'MainPointLine', 'SGP']",Madness Props,Total
0OU79100365U15550_3,2,3_79100365,Under,-110,1.90909091,1.90,10/11,155.5,,Unknown,True,155502,"['ProgressiveParlayTeamEligible', 'MainPointLine', 'SGP']",Madness Props,Total
0ML79100365_3,2,1_79100365,UAB,+195,2.95,2.95,39/20,UAB,Team,True,1280025981,['SGP'],"[{'id': '42938', 'name': 'UAB', 'type': 'Team'}]",Madness Props,Moneyline
0ML79100365_1,2,1_79100365,Saint Josephs,-238,1.42016807,1.42,50/119,Saint Josephs,Team,True,1280027977,['SGP'],"[{'id': '42231', 'name': 'Saint Josephs', 'type': 'Team'}]",Madness Props,Moneyline
0HC79100362P100_3,2,2_79100362,Florida Atlantic,-115,1.86956522,1.86,20/23,1,Florida Atlantic,Team,True,999,"['ProgressiveParlayTeamEligible', 'MainPointLine', 'SGP']","[{'id': '44945', 'name': 'Florida Atlantic', 'type': 'Team'}]",Madness Props,Spread
0HC79100362N100_1,2,2_79100362,Dayton,-105,1.95238096,1.95,20/21,-1,Dayton,Team,True,1001,"['ProgressiveParlayTeamEligible', 'MainPointLine', 'SGP']","[{'id': '44880', 'name': 'Dayton', 'type': 'Team'}]",Madness Props,Spread
0OU79100362O15050_1,2,3_79100362,Over,-115,1.86956522,1.86,20/23,150.5,,Unknown,True,150500,"['ProgressiveParlayTeamEligible', 'MainPointLine', 'SGP']",Madness Props,Total
0OU79100362U15050_3,2,3_79100362,Under,-105,1.95238096,1.95,20/21,150.5,,Unknown,True,150502,"['ProgressiveParlayTeamEligible', 'MainPointLine', 'SGP']",Madness Props,Total
0ML79100362_3,2,1_79100362,Florida Atlantic,-102,1.98039216,1.98,50/51,Florida Atlantic,Team,True,1280025960,['SGP'],"[{'id': '44945', 'name': 'Florida Atlantic', 'type': 'Team'}]",Madness Props,Moneyline
0ML79100362_1,2,1_79100362,Dayton,-118,1.84745763,1.84,50/59,Dayton,Team,True,1280027956,['SGP'],"[{'id': '44880', 'name': 'Dayton', 'type': 'Team'}]",Madness Props,Moneyline
0HC79100364P850_3,2,2_79100364,Furman,-112,1.89285715,1.89,25/28,8.5,Furman,Team,True,8499,"['ProgressiveParlayTeamEligible', 'MainPointLine', 'SGP']","[{'id': '41709', 'name': 'Furman', 'type': 'Team'}]",Madness Props,Spread
0HC79100364N850_1,2,2_79100364,North Texas,-108,1.92592593,1.92,25/27,-8.5,North Texas,Team,True,8501,"['ProgressiveParlayTeamEligible', 'MainPointLine', 'SGP']","[{'id': '43192', 'name': 'North Texas', 'type': 'Team'}]",Madness Props,Spread
0OU79100364O13050_1,2,3_79100364,Over,-110,1.90909091,1.90,10/11,130.5,,Unknown,True,130500,"['ProgressiveParlayTeamEligible', 'MainPointLine', 'SGP']",Madness Props,Total
0OU79100364U13050_3,2,3_79100364,Under,-110,1.90909091,1.90,10/11,130.5,,Unknown,True,130502,"['ProgressiveParlayTeamEligible', 'MainPointLine', 'SGP']",Madness Props,Total
0ML79100364_3,2,1_79100364,Furman,+295,3.95,3.95,59/20,Furman,Team,True,1280025988,['SGP'],"[{'id': '41709', 'name': 'Furman', 'type': 'Team'}]",Madness Props,Moneyline
0ML79100364_1,2,1_79100364,North Texas,-375,1.26666667,1.26,4/15,North Texas,Team,True,1280027984,['SGP'],"[{'id': '43192', 'name': 'North Texas', 'type': 'Team'}]",Madness Props,Moneyline
0HC79100361P250_3,2,2_79100361,North Alabama,-108,1.92592593,1.92,25/27,2.5,North Alabama,Team,True,2499,"['ProgressiveParlayTeamEligible', 'MainPointLine', 'SGP']","[{'id': '42768', 'name': 'North Alabama', 'type': 'Team'}]",Madness Props,Spread
0HC79100361N250_1,2,2_79100361,Bradley,-112,1.89285715,1.89,25/28,-2.5,Bradley,Team,True,2501,"['ProgressiveParlayTeamEligible', 'MainPointLine', 'SGP']","[{'id': '45258', 'name': 'Bradley', 'type': 'Team'}]",Madness Props,Spread
0OU79100361O14550_1,2,3_79100361,Over,-108,1.92592593,1.92,25/27,145.5,,Unknown,True,145500,"['ProgressiveParlayTeamEligible', 'MainPointLine', 'SGP']",Madness Props,Total
0OU79100361U14550_3,2,3_79100361,Under,-112,1.89285715,1.89,25/28,145.5,,Unknown,True,145502,"['ProgressiveParlayTeamEligible', 'MainPointLine', 'SGP']",Madness Props,Total
0ML79100361_3,2,1_79100361,North Alabama,+124,2.24,2.24,31/25,North Alabama,Team,True,1280025974,['SGP'],"[{'id': '42768', 'name': 'North Alabama', 'type': 'Team'}]",Madness Props,Moneyline
0ML79100361_1,2,1_79100361,Bradley,-148,1.67567568,1.67,25/37,Bradley,Team,True,1280027970,['SGP'],"[{'id': '45258', 'name': 'Bradley', 'type': 'Team'}]",Madness Props,Moneyline
0HC79100368P1050_3,2,2_79100368,Northern Iowa,-115,1.86956522,1.86,20/23,10.5,Northern Iowa,Team,True,10499,"['ProgressiveParlayTeamEligible', 'MainPointLine', 'SGP']","[{'id': '43276', 'name': 'Northern Iowa', 'type': 'Team'}]",Madness Props,Spread
0HC79100368N1050_1,2,2_79100368,SMU,-105,1.95238096,1.95,20/21,-10.5,SMU,Team,True,10501,"['ProgressiveParlayTeamEligible', 'MainPointLine', 'SGP']","[{'id': '41637', 'name': 'SMU', 'type': 'Team'}]",Madness Props,Spread
0OU79100368O14550_1,2,3_79100368,Over,-115,1.86956522,1.86,20/23,145.5,,Unknown,True,145500,"['ProgressiveParlayTeamEligible', 'MainPointLine', 'SGP']",Madness Props,Total
0OU79100368U14550_3,2,3_79100368,Under,-105,1.95238096,1.95,20/21,145.5,,Unknown,True,145502,"['ProgressiveParlayTeamEligible', 'MainPointLine', 'SGP']",Madness Props,Total
0ML79100368_3,2,1_79100368,Northern Iowa,+440,5.4,5.40,22/5,Northern Iowa,Team,True,1280026016,['SGP'],"[{'id': '43276', 'name': 'Northern Iowa', 'type': 'Team'}]",Madness Props,Moneyline
0ML79100368_1,2,1_79100368,SMU,-600,1.16666667,1.16,1/6,SMU,Team,True,1280028006,['SGP'],"[{'id': '41637', 'name': 'SMU', 'type': 'Team'}]",Madness Props,Moneyline
0HC79092938N250_3,2,2_79092938,Xavier,-120,1.83333334,1.83,5/6,-2.5,Xavier,Team,True,-2501,"['ProgressiveParlayTeamEligible', 'MainPointLine', 'SGP']","[{'id': '44042', 'name': 'Xavier', 'type': 'Team'}]",Madness Props,Spread
0HC79092938P250_1,2,2_79092938,Texas,+100,2,2.00,1/1,2.5,Texas,Team,True,-2499,"['ProgressiveParlayTeamEligible', 'MainPointLine', 'SGP']","[{'id': '43429', 'name': 'Texas', 'type': 'Team'}]",Madness Props,Spread
0OU79092938O15150_1,2,3_79092938,Over,-110,1.90909091,1.90,10/11,151.5,,Unknown,True,151500,"['ProgressiveParlayTeamEligible', 'MainPointLine', 'SGP']",Madness Props,Total
0OU79092938U15150_3,2,3_79092938,Under,-110,1.90909091,1.90,10/11,151.5,,Unknown,True,151502,"['ProgressiveParlayTeamEligible', 'MainPointLine', 'SGP']",Madness Props,Total
0ML79092938_3,2,1_79092938,Xavier,-166,1.60240964,1.60,50/83,Xavier,Team,True,1279861060,['SGP'],"[{'id': '44042', 'name': 'Xavier', 'type': 'Team'}]",Madness Props,Moneyline
0ML79092938_1,2,1_79092938,Texas,+140,2.4,2.40,7/5,Texas,Team,True,1279863056,['SGP'],"[{'id': '43429', 'name': 'Texas', 'type': 'Team'}]",Madness Props,Moneyline
0HC79100367P750_3,2,2_79100367,Northern Colorado,-112,1.89285715,1.89,25/28,7.5,Northern Colorado,Team,True,7499,"['ProgressiveParlayTeamEligible', 'MainPointLine', 'SGP']","[{'id': '42600', 'name': 'Northern Colorado', 'type': 'Team'}]",Madness Props,Spread
0HC79100367N750_1,2,2_79100367,UC Irvine,-108,1.92592593,1.92,25/27,-7.5,UC Irvine,Team,True,7501,"['ProgressiveParlayTeamEligible', 'MainPointLine', 'SGP']","[{'id': '44593', 'name': 'UC Irvine', 'type': 'Team'}]",Madness Props,Spread
0OU79100367O15150_1,2,3_79100367,Over,-105,1.95238096,1.95,20/21,151.5,,Unknown,True,151500,"['ProgressiveParlayTeamEligible', 'MainPointLine', 'SGP']",Madness Props,Total
0OU79100367U15150_3,2,3_79100367,Under,-115,1.86956522,1.86,20/23,151.5,,Unknown,True,151502,"['ProgressiveParlayTeamEligible', 'MainPointLine', 'SGP']",Madness Props,Total
0ML79100367_3,2,1_79100367,Northern Colorado,+270,3.7,3.70,27/10,Northern Colorado,Team,True,1280026002,['SGP'],"[{'id': '42600', 'name': 'Northern Colorado', 'type': 'Team'}]",Madness Props,Moneyline
0ML79100367_1,2,1_79100367,UC Irvine,-340,1.29411765,1.29,5/17,UC Irvine,Team,True,1280027998,['SGP'],"[{'id': '44593', 'name': 'UC Irvine', 'type': 'Team'}]",Madness Props,Moneyline
0HC79100369P750_3,2,2_79100369,Utah Valley,-108,1.92592593,1.92,25/27,7.5,Utah Valley,Team,True,7499,"['ProgressiveParlayTeamEligible', 'MainPointLine', 'SGP']","[{'id': '44362', 'name': 'Utah Valley', 'type': 'Team'}]",Madness Props,Spread
0HC79100369N750_1,2,2_79100369,San Francisco,-112,1.89285715,1.89,25/28,-7.5,San Francisco,Team,True,7501,"['ProgressiveParlayTeamEligible', 'MainPointLine', 'SGP']","[{'id': '44575', 'name': 'San Francisco', 'type': 'Team'}]",Madness Props,Spread
0OU79100369O14650_1,2,3_79100369,Over,-105,1.95238096,1.95,20/21,146.5,,Unknown,True,146500,"['ProgressiveParlayTeamEligible', 'MainPointLine', 'SGP']",Madness Props,Total
0OU79100369U14650_3,2,3_79100369,Under,-115,1.86956522,1.86,20/23,146.5,,Unknown,True,146502,"['ProgressiveParlayTeamEligible', 'MainPointLine', 'SGP']",Madness Props,Total
0ML79100369_3,2,1_79100369,Utah Valley,+275,3.75,3.75,11/4,Utah Valley,Team,True,1280026011,['SGP'],"[{'id': '44362', 'name': 'Utah Valley', 'type': 'Team'}]",Madness Props,Moneyline
0ML79100369_1,2,1_79100369,San Francisco,-345,1.28985508,1.28,20/69,San Francisco,Team,True,1280028005,['SGP'],"[{'id': '44575', 'name': 'San Francisco', 'type': 'Team'}]",Madness Props,Moneyline
0HC79100366N250_3,2,2_79100366,Loyola Chicago,-118,1.84745763,1.84,50/59,-2.5,Loyola Chicago,Team,True,-2501,"['ProgressiveParlayTeamEligible', 'MainPointLine', 'SGP']","[{'id': '43985', 'name': 'Loyola Chicago', 'type': 'Team'}]",Madness Props,Spread
0HC79100366P250_1,2,2_79100366,San Jose State,-102,1.98039216,1.98,50/51,2.5,San Jose State,Team,True,-2499,"['ProgressiveParlayTeamEligible', 'MainPointLine', 'SGP']","[{'id': '41391', 'name': 'San Jose State', 'type': 'Team'}]",Madness Props,Spread
0OU79100366O14050_1,2,3_79100366,Over,-115,1.86956522,1.86,20/23,140.5,,Unknown,True,140500,"['ProgressiveParlayTeamEligible', 'MainPointLine', 'SGP']",Madness Props,Total
0OU79100366U14050_3,2,3_79100366,Under,-105,1.95238096,1.95,20/21,140.5,,Unknown,True,140502,"['ProgressiveParlayTeamEligible', 'MainPointLine', 'SGP']",Madness Props,Total
0ML79100366_3,2,1_79100366,Loyola Chicago,-142,1.70422536,1.70,50/71,Loyola Chicago,Team,True,1280025995,['SGP'],"[{'id': '43985', 'name': 'Loyola Chicago', 'type': 'Team'}]",Madness Props,Moneyline
0ML79100366_1,2,1_79100366,San Jose State,+120,2.2,2.20,6/5,San Jose State,Team,True,1280027991,['SGP'],"[{'id': '41391', 'name': 'San Jose State', 'type': 'Team'}]",Madness Props,Moneyline
0HC79092456P250_3,2,2_79092456,Creighton,-110,1.90909091,1.90,10/11,2.5,Creighton,Team,True,2499,"['ProgressiveParlayTeamEligible', 'MainPointLine', 'SGP']","[{'id': '43875', 'name': 'Creighton', 'type': 'Team'}]",Madness Props,Spread
0HC79092456N250_1,2,2_79092456,Louisville,-110,1.90909091,1.90,10/11,-2.5,Louisville,Team,True,2501,"['ProgressiveParlayTeamEligible', 'MainPointLine', 'SGP']","[{'id': '41477', 'name': 'Louisville', 'type': 'Team'}]",Madness Props,Spread
0OU79092456O14450_1,2,3_79092456,Over,-110,1.90909091,1.90,10/11,144.5,,Unknown,True,144500,"['ProgressiveParlayTeamEligible', 'MainPointLine', 'SGP']",Madness Props,Total
0OU79092456U14450_3,2,3_79092456,Under,-110,1.90909091,1.90,10/11,144.5,,Unknown,True,144502,"['ProgressiveParlayTeamEligible', 'MainPointLine', 'SGP']",Madness Props,Total
0ML79092456_3,2,1_79092456,Creighton,+120,2.2,2.20,6/5,Creighton,Team,True,1279851890,['SGP'],"[{'id': '43875', 'name': 'Creighton', 'type': 'Team'}]",Madness Props,Moneyline
0ML79092456_1,2,1_79092456,Louisville,-142,1.70422536,1.70,50/71,Louisville,Team,True,1279853886,['SGP'],"[{'id': '41477', 'name': 'Louisville', 'type': 'Team'}]",Madness Props,Moneyline
0HC79092925P750_3,2,2_79092925,High Point,-102,1.98039216,1.98,50/51,7.5,High Point,Team,True,7499,"['ProgressiveParlayTeamEligible', 'MainPointLine', 'SGP']","[{'id': '45137', 'name': 'High Point', 'type': 'Team'}]",Madness Props,Spread
0HC79092925N750_1,2,2_79092925,Purdue,-118,1.84745763,1.84,50/59,-7.5,Purdue,Team,True,7501,"['ProgressiveParlayTeamEligible', 'MainPointLine', 'SGP']","[{'id': '42127', 'name': 'Purdue', 'type': 'Team'}]",Madness Props,Spread
0OU79092925O15350_1,2,3_79092925,Over,-105,1.95238096,1.95,20/21,153.5,,Unknown,True,153500,"['ProgressiveParlayTeamEligible', 'MainPointLine', 'SGP']",Madness Props,Total
0OU79092925U15350_3,2,3_79092925,Under,-115,1.86956522,1.86,20/23,153.5,,Unknown,True,153502,"['ProgressiveParlayTeamEligible', 'MainPointLine', 'SGP']",Madness Props,Total
0ML79092925_3,2,1_79092925,High Point,+295,3.95,3.95,59/20,High Point,Team,True,1279860143,['SGP'],"[{'id': '45137', 'name': 'High Point', 'type': 'Team'}]",Madness Props,Moneyline
0ML79092925_1,2,1_79092925,Purdue,-375,1.26666667,1.26,4/15,Purdue,Team,True,1279862139,['SGP'],"[{'id': '42127', 'name': 'Purdue', 'type': 'Team'}]",Madness Props,Moneyline
0HC79092767P1750_3,2,2_79092767,Montana,-115,1.86956522,1.86,20/23,17.5,Montana,Team,True,17499,"['ProgressiveParlayTeamEligible', 'MainPointLine', 'SGP']","[{'id': '42575', 'name': 'Montana', 'type': 'Team'}]",Madness Props,Spread
0HC79092767N1750_1,2,2_79092767,Wisconsin,-105,1.95238096,1.95,20/21,-17.5,Wisconsin,Team,True,17501,"['ProgressiveParlayTeamEligible', 'MainPointLine', 'SGP']","[{'id': '43620', 'name': 'Wisconsin', 'type': 'Team'}]",Madness Props,Spread
0OU79092767O15250_1,2,3_79092767,Over,-105,1.95238096,1.95,20/21,152.5,,Unknown,True,152500,"['ProgressiveParlayTeamEligible', 'MainPointLine']",Madness Props,Total
0OU79092767U15250_3,2,3_79092767,Under,-115,1.86956522,1.86,20/23,152.5,,Unknown,True,152502,"['ProgressiveParlayTeamEligible', 'MainPointLine', 'SGP']",Madness Props,Total
0ML79092767_3,2,1_79092767,Montana,+1200,13,13.00,12/1,Montana,Team,True,1279858456,['SGP'],"[{'id': '42575', 'name': 'Montana', 'type': 'Team'}]",Madness Props,Moneyline
0ML79092767_1,2,1_79092767,Wisconsin,-2400,1.04166667,1.04,1/24,Wisconsin,Team,True,1279860452,['SGP'],"[{'id': '43620', 'name': 'Wisconsin', 'type': 'Team'}]",Madness Props,Moneyline
0HC79092890P2950_3,2,2_79092890,SIU Edwardsville,-115,1.86956522,1.86,20/23,29.5,SIU Edwardsville,Team,True,29499,"['ProgressiveParlayTeamEligible', 'MainPointLine', 'SGP']","[{'id': '43647', 'name': 'SIU Edwardsville', 'type': 'Team'}]",Madness Props,Spread
0HC79092890N2950_1,2,2_79092890,Houston,-105,1.95238096,1.95,20/21,-29.5,Houston,Team,True,29501,"['ProgressiveParlayTeamEligible', 'MainPointLine', 'SGP']","[{'id': '43043', 'name': 'Houston', 'type': 'Team'}]",Madness Props,Spread
0OU79092890O12650_1,2,3_79092890,Over,-108,1.92592593,1.92,25/27,126.5,,Unknown,True,126500,"['ProgressiveParlayTeamEligible', 'MainPointLine', 'SGP']",Madness Props,Total
0OU79092890U12650_3,2,3_79092890,Under,-112,1.89285715,1.89,25/28,126.5,,Unknown,True,126502,"['ProgressiveParlayTeamEligible', 'MainPointLine', 'SGP']",Madness Props,Total
0HC79092912P750_3,2,2_79092912,McNeese,-110,1.90909091,1.90,10/11,7.5,McNeese,Team,True,7499,"['ProgressiveParlayTeamEligible', 'MainPointLine', 'SGP']","[{'id': '41412', 'name': 'McNeese', 'type': 'Team'}]",Madness Props,Spread
0HC79092912N750_1,2,2_79092912,Clemson,-110,1.90909091,1.90,10/11,-7.5,Clemson,Team,True,7501,"['ProgressiveParlayTeamEligible', 'MainPointLine', 'SGP']","[{'id': '41619', 'name': 'Clemson', 'type': 'Team'}]",Madness Props,Spread
0OU79092912O13450_1,2,3_79092912,Over,-105,1.95238096,1.95,20/21,134.5,,Unknown,True,134500,"['ProgressiveParlayTeamEligible', 'MainPointLine', 'SGP']",Madness Props,Total
0OU79092912U13450_3,2,3_79092912,Under,-115,1.86956522,1.86,20/23,134.5,,Unknown,True,134502,"['ProgressiveParlayTeamEligible', 'MainPointLine', 'SGP']",Madness Props,Total
0ML79092912_3,2,1_79092912,McNeese,+275,3.75,3.75,11/4,McNeese,Team,True,1279860136,['SGP'],"[{'id': '41412', 'name': 'McNeese', 'type': 'Team'}]",Madness Props,Moneyline
0ML79092912_1,2,1_79092912,Clemson,-345,1.28985508,1.28,20/69,Clemson,Team,True,1279862132,['SGP'],"[{'id': '41619', 'name': 'Clemson', 'type': 'Team'}]",Madness Props,Moneyline
0HC79092766P250_3,2,2_79092766,VCU,-102,1.98039216,1.98,50/51,2.5,VCU,Team,True,2499,"['ProgressiveParlayTeamEligible', 'MainPointLine', 'SGP']","[{'id': '42328', 'name': 'VCU', 'type': 'Team'}]",Madness Props,Spread
0HC79092766N250_1,2,2_79092766,BYU,-118,1.84745763,1.84,50/59,-2.5,BYU,Team,True,2501,"['ProgressiveParlayTeamEligible', 'MainPointLine', 'SGP']","[{'id': '44811', 'name': 'BYU', 'type': 'Team'}]",Madness Props,Spread
0OU79092766O14650_1,2,3_79092766,Over,-105,1.95238096,1.95,20/21,146.5,,Unknown,True,146500,"['ProgressiveParlayTeamEligible', 'MainPointLine', 'SGP']",Madness Props,Total
0OU79092766U14650_3,2,3_79092766,Under,-115,1.86956522,1.86,20/23,146.5,,Unknown,True,146502,"['ProgressiveParlayTeamEligible', 'MainPointLine', 'SGP']",Madness Props,Total
0ML79092766_3,2,1_79092766,VCU,+130,2.3,2.30,13/10,VCU,Team,True,1279858449,['SGP'],"[{'id': '42328', 'name': 'VCU', 'type': 'Team'}]",Madness Props,Moneyline
0ML79092766_1,2,1_79092766,BYU,-155,1.6451613,1.64,20/31,BYU,Team,True,1279860445,['SGP'],"[{'id': '44811', 'name': 'BYU', 'type': 'Team'}]",Madness Props,Moneyline
0HC79093078P550_3,2,2_79093078,Georgia,-102,1.98039216,1.98,50/51,5.5,Georgia Bulldogs,Team,True,5499,"['ProgressiveParlayTeamEligible', 'MainPointLine', 'SGP']","[{'id': '42478', 'name': 'Georgia Bulldogs', 'type': 'Team'}]",Madness Props,Spread
0HC79093078N550_1,2,2_79093078,Gonzaga,-118,1.84745763,1.84,50/59,-5.5,Gonzaga,Team,True,5501,"['ProgressiveParlayTeamEligible', 'MainPointLine', 'SGP']","[{'id': '44154', 'name': 'Gonzaga', 'type': 'Team'}]",Madness Props,Spread
0OU79093078O15050_1,2,3_79093078,Over,-112,1.89285715,1.89,25/28,150.5,,Unknown,True,150500,"['ProgressiveParlayTeamEligible', 'MainPointLine', 'SGP']",Madness Props,Total
0OU79093078U15050_3,2,3_79093078,Under,-108,1.92592593,1.92,25/27,150.5,,Unknown,True,150502,"['ProgressiveParlayTeamEligible', 'MainPointLine', 'SGP']",Madness Props,Total
0ML79093078_3,2,1_79093078,Georgia,+215,3.15,3.15,43/20,Georgia Bulldogs,Team,True,1279863188,['SGP'],"[{'id': '42478', 'name': 'Georgia Bulldogs', 'type': 'Team'}]",Madness Props,Moneyline
0ML79093078_1,2,1_79093078,Gonzaga,-265,1.3773585,1.37,20/53,Gonzaga,Team,True,1279865184,['SGP'],"[{'id': '44154', 'name': 'Gonzaga', 'type': 'Team'}]",Madness Props,Moneyline
0HC79092949P1850_3,2,2_79092949,Wofford,-108,1.92592593,1.92,25/27,18.5,Wofford,Team,True,18499,"['ProgressiveParlayTeamEligible', 'MainPointLine', 'SGP']","[{'id': '42442', 'name': 'Wofford', 'type': 'Team'}]",Madness Props,Spread
0HC79092949N1850_1,2,2_79092949,Tennessee,-112,1.89285715,1.89,25/28,-18.5,Tennessee,Team,True,18501,"['ProgressiveParlayTeamEligible', 'MainPointLine', 'SGP']","[{'id': '42305', 'name': 'Tennessee', 'type': 'Team'}]",Madness Props,Spread
0OU79092949O13250_1,2,3_79092949,Over,-115,1.86956522,1.86,20/23,132.5,,Unknown,True,132500,"['ProgressiveParlayTeamEligible', 'MainPointLine', 'SGP']",Madness Props,Total
0OU79092949U13250_3,2,3_79092949,Under,-105,1.95238096,1.95,20/21,132.5,,Unknown,True,132502,"['ProgressiveParlayTeamEligible', 'MainPointLine', 'SGP']",Madness Props,Total
0ML79092949_3,2,1_79092949,Wofford,+1500,16,16.00,15/1,Wofford,Team,True,1279861137,['SGP'],"[{'id': '42442', 'name': 'Wofford', 'type': 'Team'}]",Madness Props,Moneyline
0ML79092949_1,2,1_79092949,Tennessee,-3600,1.02777778,1.02,1/36,Tennessee,Team,True,1279863133,['SGP'],"[{'id': '42305', 'name': 'Tennessee', 'type': 'Team'}]",Madness Props,Moneyline
0HC79092964P450_3,2,2_79092964,Arkansas,-110,1.90909091,1.90,10/11,4.5,Arkansas,Team,True,4499,"['ProgressiveParlayTeamEligible', 'MainPointLine', 'SGP']","[{'id': '42107', 'name': 'Arkansas', 'type': 'Team'}]",Madness Props,Spread
0HC79092964N450_1,2,2_79092964,Kansas,-110,1.90909091,1.90,10/11,-4.5,Kansas,Team,True,4501,"['ProgressiveParlayTeamEligible', 'MainPointLine', 'SGP']","[{'id': '41920', 'name': 'Kansas', 'type': 'Team'}]",Madness Props,Spread
0OU79092964O14550_1,2,3_79092964,Over,-115,1.86956522,1.86,20/23,145.5,,Unknown,True,145500,"['ProgressiveParlayTeamEligible', 'MainPointLine', 'SGP']",Madness Props,Total
0OU79092964U14550_3,2,3_79092964,Under,-105,1.95238096,1.95,20/21,145.5,,Unknown,True,145502,"['ProgressiveParlayTeamEligible', 'MainPointLine', 'SGP']",Madness Props,Total
0ML79092964_3,2,1_79092964,Arkansas,+164,2.64,2.64,41/25,Arkansas,Team,True,1279861242,['SGP'],"[{'id': '42107', 'name': 'Arkansas', 'type': 'Team'}]",Madness Props,Moneyline
0ML79092964_1,2,1_79092964,Kansas,-198,1.50505051,1.50,50/99,Kansas,Team,True,1279863238,['SGP'],"[{'id': '41920', 'name': 'Kansas', 'type': 'Team'}]",Madness Props,Moneyline
0HC79092474P750_3,2,2_79092474,Yale,-115,1.86956522,1.86,20/23,7.5,Yale,Team,True,7499,"['ProgressiveParlayTeamEligible', 'MainPointLine', 'SGP']","[{'id': '42873', 'name': 'Yale', 'type': 'Team'}]",Madness Props,Spread
0HC79092474N750_1,2,2_79092474,Texas A&M,-105,1.95238096,1.95,20/21,-7.5,Texas A&M,Team,True,7501,"['ProgressiveParlayTeamEligible', 'MainPointLine', 'SGP']","[{'id': '44866', 'name': 'Texas A&M', 'type': 'Team'}]",Madness Props,Spread
0OU79092474O13950_1,2,3_79092474,Over,-115,1.86956522,1.86,20/23,139.5,,Unknown,True,139500,"['ProgressiveParlayTeamEligible', 'MainPointLine', 'SGP']",Madness Props,Total
0OU79092474U13950_3,2,3_79092474,Under,-105,1.95238096,1.95,20/21,139.5,,Unknown,True,139502,"['ProgressiveParlayTeamEligible', 'MainPointLine', 'SGP']",Madness Props,Total
0ML79092474_3,2,1_79092474,Yale,+260,3.6,3.60,13/5,Yale,Team,True,1279852093,['SGP'],"[{'id': '42873', 'name': 'Yale', 'type': 'Team'}]",Madness Props,Moneyline
0ML79092474_1,2,1_79092474,Texas A&M,-325,1.30769231,1.30,4/13,Texas A&M,Team,True,1279854089,['SGP'],"[{'id': '44866', 'name': 'Texas A&M', 'type': 'Team'}]",Madness Props,Moneyline
0HC79092959P650_3,2,2_79092959,Drake,-112,1.89285715,1.89,25/28,6.5,Drake,Team,True,6499,"['ProgressiveParlayTeamEligible', 'MainPointLine', 'SGP']","[{'id': '41573', 'name': 'Drake', 'type': 'Team'}]",Madness Props,Spread
0HC79092959N650_1,2,2_79092959,Missouri,-108,1.92592593,1.92,25/27,-6.5,Missouri,Team,True,6501,"['ProgressiveParlayTeamEligible', 'MainPointLine', 'SGP']","[{'id': '43114', 'name': 'Missouri', 'type': 'Team'}]",Madness Props,Spread
0OU79092959O13250_1,2,3_79092959,Over,-108,1.92592593,1.92,25/27,132.5,,Unknown,True,132500,"['ProgressiveParlayTeamEligible', 'MainPointLine', 'SGP']",Madness Props,Total
0OU79092959U13250_3,2,3_79092959,Under,-112,1.89285715,1.89,25/28,132.5,,Unknown,True,132502,"['ProgressiveParlayTeamEligible', 'MainPointLine', 'SGP']",Madness Props,Total
0ML79092959_3,2,1_79092959,Drake,+220,3.2,3.20,11/5,Drake,Team,True,1279861207,['SGP'],"[{'id': '41573', 'name': 'Drake', 'type': 'Team'}]",Madness Props,Moneyline
0ML79092959_1,2,1_79092959,Missouri,-270,1.37037038,1.37,10/27,Missouri,Team,True,1279863203,['SGP'],"[{'id': '43114', 'name': 'Missouri', 'type': 'Team'}]",Madness Props,Moneyline
0HC79092948P550_3,2,2_79092948,Utah State,-112,1.89285715,1.89,25/28,5.5,Utah State,Team,True,5499,"['ProgressiveParlayTeamEligible', 'MainPointLine', 'SGP']","[{'id': '44224', 'name': 'Utah State', 'type': 'Team'}]",Madness Props,Spread
0HC79092948N550_1,2,2_79092948,UCLA,-108,1.92592593,1.92,25/27,-5.5,UCLA,Team,True,5501,"['ProgressiveParlayTeamEligible', 'MainPointLine', 'SGP']","[{'id': '44331', 'name': 'UCLA', 'type': 'Team'}]",Madness Props,Spread
0OU79092948O14350_1,2,3_79092948,Over,-115,1.86956522,1.86,20/23,143.5,,Unknown,True,143500,"['ProgressiveParlayTeamEligible', 'MainPointLine', 'SGP']",Madness Props,Total
0OU79092948U14350_3,2,3_79092948,Under,-105,1.95238096,1.95,20/21,143.5,,Unknown,True,143502,"['ProgressiveParlayTeamEligible', 'MainPointLine', 'SGP']",Madness Props,Total
0ML79092948_3,2,1_79092948,Utah State,+190,2.9,2.90,19/10,Utah State,Team,True,1279861130,['SGP'],"[{'id': '44224', 'name': 'Utah State', 'type': 'Team'}]",Madness Props,Moneyline
0ML79092948_1,2,1_79092948,UCLA,-230,1.43478261,1.43,10/23,UCLA,Team,True,1279863126,['SGP'],"[{'id': '44331', 'name': 'UCLA', 'type': 'Team'}]",Madness Props,Moneyline
0HC79092965P1850_3,2,2_79092965,Omaha,-108,1.92592593,1.92,25/27,18.5,Omaha,Team,True,18499,"['ProgressiveParlayTeamEligible', 'MainPointLine', 'SGP']","[{'id': '43093', 'name': 'Omaha', 'type': 'Team'}]",Madness Props,Spread
0HC79092965N1850_1,2,2_79092965,St. Johns,-112,1.89285715,1.89,25/28,-18.5,St. Johns,Team,True,18501,"['ProgressiveParlayTeamEligible', 'MainPointLine', 'SGP']","[{'id': '41392', 'name': 'St. Johns', 'type': 'Team'}]",Madness Props,Spread
0OU79092965O14750_1,2,3_79092965,Over,-115,1.86956522,1.86,20/23,147.5,,Unknown,True,147500,"['ProgressiveParlayTeamEligible', 'MainPointLine', 'SGP']",Madness Props,Total
0OU79092965U14750_3,2,3_79092965,Under,-105,1.95238096,1.95,20/21,147.5,,Unknown,True,147502,"['ProgressiveParlayTeamEligible', 'MainPointLine', 'SGP']",Madness Props,Total
0ML79092965_3,2,1_79092965,Omaha,+1500,16,16.00,15/1,Omaha,Team,True,1279861249,['SGP'],"[{'id': '43093', 'name': 'Omaha', 'type': 'Team'}]",Madness Props,Moneyline
0ML79092965_1,2,1_79092965,St. Johns,-3600,1.02777778,1.02,1/36,St. Johns,Team,True,1279863245,['SGP'],"[{'id': '41392', 'name': 'St. Johns', 'type': 'Team'}]",Madness Props,Moneyline
0HC79092459P250_3,2,2_79092459,UC San Diego,-108,1.92592593,1.92,25/27,2.5,UC San Diego,Team,True,2499,"['ProgressiveParlayTeamEligible', 'MainPointLine', 'SGP']","[{'id': '302038', 'name': 'UC San Diego', 'type': 'Team'}]",Madness Props,Spread
0HC79092459N250_1,2,2_79092459,Michigan,-112,1.89285715,1.89,25/28,-2.5,Michigan,Team,True,2501,"['ProgressiveParlayTeamEligible', 'MainPointLine', 'SGP']","[{'id': '43956', 'name': 'Michigan', 'type': 'Team'}]",Madness Props,Spread
0OU79092459O14250_1,2,3_79092459,Over,-108,1.92592593,1.92,25/27,142.5,,Unknown,True,142500,"['ProgressiveParlayTeamEligible', 'MainPointLine', 'SGP']",Madness Props,Total
0OU79092459U14250_3,2,3_79092459,Under,-112,1.89285715,1.89,25/28,142.5,,Unknown,True,142502,"['ProgressiveParlayTeamEligible', 'MainPointLine', 'SGP']",Madness Props,Total
0ML79092459_3,2,1_79092459,UC San Diego,+124,2.24,2.24,31/25,UC San Diego,Team,True,1279851932,['SGP'],"[{'id': '302038', 'name': 'UC San Diego', 'type': 'Team'}]",Madness Props,Moneyline
0ML79092459_1,2,1_79092459,Michigan,-148,1.67567568,1.67,25/37,Michigan,Team,True,1279853928,['SGP'],"[{'id': '43956', 'name': 'Michigan', 'type': 'Team'}]",Madness Props,Moneyline
0HC79092963P1550_3,2,2_79092963,UNC Wilmington,-108,1.92592593,1.92,25/27,15.5,UNC Wilmington,Team,True,15499,"['ProgressiveParlayTeamEligible', 'MainPointLine', 'SGP']","[{'id': '42593', 'name': 'UNC Wilmington', 'type': 'Team'}]",Madness Props,Spread
0HC79092963N1550_1,2,2_79092963,Texas Tech,-112,1.89285715,1.89,25/28,-15.5,Texas Tech,Team,True,15501,"['ProgressiveParlayTeamEligible', 'MainPointLine', 'SGP']","[{'id': '42835', 'name': 'Texas Tech', 'type': 'Team'}]",Madness Props,Spread
0OU79092963O14350_1,2,3_79092963,Over,-112,1.89285715,1.89,25/28,143.5,,Unknown,True,143500,"['ProgressiveParlayTeamEligible', 'MainPointLine', 'SGP']",Madness Props,Total
0OU79092963U14350_3,2,3_79092963,Under,-108,1.92592593,1.92,25/27,143.5,,Unknown,True,143502,"['ProgressiveParlayTeamEligible', 'MainPointLine', 'SGP']",Madness Props,Total
0ML79092963_3,2,1_79092963,UNC Wilmington,+1000,11,11.00,10/1,UNC Wilmington,Team,True,1279861235,['SGP'],"[{'id': '42593', 'name': 'UNC Wilmington', 'type': 'Team'}]",Madness Props,Moneyline
0ML79092963_1,2,1_79092963,Texas Tech,-1800,1.05555556,1.05,1/18,Texas Tech,Team,True,1279863231,['SGP'],"[{'id': '42835', 'name': 'Texas Tech', 'type': 'Team'}]",Madness Props,Moneyline
0HC79092703P100_3,2,2_79092703,Baylor,-108,1.92592593,1.92,25/27,1,Baylor,Team,True,999,"['ProgressiveParlayTeamEligible', 'MainPointLine', 'SGP']","[{'id': '44466', 'name': 'Baylor', 'type': 'Team'}]",Madness Props,Spread
0HC79092703N100_1,2,2_79092703,Mississippi State,-112,1.89285715,1.89,25/28,-1,Mississippi State,Team,True,1001,"['ProgressiveParlayTeamEligible', 'MainPointLine', 'SGP']","[{'id': '42185', 'name': 'Mississippi State', 'type': 'Team'}]",Madness Props,Spread
0OU79092703O14450_1,2,3_79092703,Over,-110,1.90909091,1.90,10/11,144.5,,Unknown,True,144500,"['ProgressiveParlayTeamEligible', 'MainPointLine', 'SGP']",Madness Props,Total
0OU79092703U14450_3,2,3_79092703,Under,-110,1.90909091,1.90,10/11,144.5,,Unknown,True,144502,"['ProgressiveParlayTeamEligible', 'MainPointLine', 'SGP']",Madness Props,Total
0ML79092703_3,2,1_79092703,Baylor,+100,2,2.00,1/1,Baylor,Team,True,1279857126,['SGP'],"[{'id': '44466', 'name': 'Baylor', 'type': 'Team'}]",Madness Props,Moneyline
0ML79092703_1,2,1_79092703,Mississippi State,-120,1.83333334,1.83,5/6,Mississippi State,Team,True,1279859122,['SGP'],"[{'id': '42185', 'name': 'Mississippi State', 'type': 'Team'}]",Madness Props,Moneyline
0HC79092773P2350_3,2,2_79092773,Robert Morris,-115,1.86956522,1.86,20/23,23.5,Robert Morris,Team,True,23499,"['ProgressiveParlayTeamEligible', 'MainPointLine', 'SGP']","[{'id': '44588', 'name': 'Robert Morris', 'type': 'Team'}]",Madness Props,Spread
0HC79092773N2350_1,2,2_79092773,Alabama,-105,1.95238096,1.95,20/21,-23.5,Alabama,Team,True,23501,"['ProgressiveParlayTeamEligible', 'MainPointLine', 'SGP']","[{'id': '42858', 'name': 'Alabama', 'type': 'Team'}]",Madness Props,Spread
0OU79092773O16550_1,2,3_79092773,Over,-108,1.92592593,1.92,25/27,165.5,,Unknown,True,165500,"['ProgressiveParlayTeamEligible', 'MainPointLine', 'SGP']",Madness Props,Total
0OU79092773U16550_3,2,3_79092773,Under,-112,1.89285715,1.89,25/28,165.5,,Unknown,True,165502,"['ProgressiveParlayTeamEligible', 'MainPointLine', 'SGP']",Madness Props,Total
0ML79092773_3,2,1_79092773,Robert Morris,+1800,19,19.00,18/1,Robert Morris,Team,True,1279858596,['SGP'],"[{'id': '44588', 'name': 'Robert Morris', 'type': 'Team'}]",Madness Props,Moneyline
0ML79092773_1,2,1_79092773,Alabama,-5000,1.02,1.02,1/50,Alabama,Team,True,1279860592,['SGP'],"[{'id': '42858', 'name': 'Alabama', 'type': 'Team'}]",Madness Props,Moneyline
0HC79092479P1450_3,2,2_79092479,Lipscomb,-102,1.98039216,1.98,50/51,14.5,Lipscomb,Team,True,14499,"['ProgressiveParlayTeamEligible', 'MainPointLine', 'SGP']","[{'id': '43785', 'name': 'Lipscomb', 'type': 'Team'}]",Madness Props,Spread
0HC79092479N1450_1,2,2_79092479,Iowa State,-118,1.84745763,1.84,50/59,-14.5,Iowa State,Team,True,14501,"['ProgressiveParlayTeamEligible', 'MainPointLine', 'SGP']","[{'id': '42961', 'name': 'Iowa State', 'type': 'Team'}]",Madness Props,Spread
0OU79092479O14350_1,2,3_79092479,Over,-105,1.95238096,1.95,20/21,143.5,,Unknown,True,143500,"['ProgressiveParlayTeamEligible', 'MainPointLine', 'SGP']",Madness Props,Total
0OU79092479U14350_3,2,3_79092479,Under,-115,1.86956522,1.86,20/23,143.5,,Unknown,True,143502,"['ProgressiveParlayTeamEligible', 'MainPointLine', 'SGP']",Madness Props,Total
0ML79092479_3,2,1_79092479,Lipscomb,+900,10,10.00,9/1,Lipscomb,Team,True,1279852128,['SGP'],"[{'id': '43785', 'name': 'Lipscomb', 'type': 'Team'}]",Madness Props,Moneyline
0ML79092479_1,2,1_79092479,Iowa State,-1600,1.0625,1.06,1/16,Iowa State,Team,True,1279854124,['SGP'],"[{'id': '42961', 'name': 'Iowa State', 'type': 'Team'}]",Madness Props,Moneyline
0HC79092954N150_3,2,2_79092954,Colorado State,-118,1.84745763,1.84,50/59,-1.5,Colorado State,Team,True,-1501,"['ProgressiveParlayTeamEligible', 'MainPointLine', 'SGP']","[{'id': '45374', 'name': 'Colorado State', 'type': 'Team'}]",Madness Props,Spread
0HC79092954P150_1,2,2_79092954,Memphis,-102,1.98039216,1.98,50/51,1.5,Memphis,Team,True,-1499,"['ProgressiveParlayTeamEligible', 'MainPointLine', 'SGP']","[{'id': '43053', 'name': 'Memphis', 'type': 'Team'}]",Madness Props,Spread
0OU79092954O14750_1,2,3_79092954,Over,-110,1.90909091,1.90,10/11,147.5,,Unknown,True,147500,"['ProgressiveParlayTeamEligible', 'MainPointLine', 'SGP']",Madness Props,Total
0OU79092954U14750_3,2,3_79092954,Under,-110,1.90909091,1.90,10/11,147.5,,Unknown,True,147502,"['ProgressiveParlayTeamEligible', 'MainPointLine', 'SGP']",Madness Props,Total
0ML79092954_3,2,1_79092954,Colorado State,-135,1.74074075,1.74,20/27,Colorado State,Team,True,1279861172,['SGP'],"[{'id': '45374', 'name': 'Colorado State', 'type': 'Team'}]",Madness Props,Moneyline
0ML79092954_1,2,1_79092954,Memphis,+114,2.14,2.14,57/50,Memphis,Team,True,1279863168,['SGP'],"[{'id': '43053', 'name': 'Memphis', 'type': 'Team'}]",Madness Props,Moneyline
0HC79092772P450_3,2,2_79092772,Vanderbilt,-115,1.86956522,1.86,20/23,4.5,Vanderbilt,Team,True,4499,"['ProgressiveParlayTeamEligible', 'MainPointLine', 'SGP']","[{'id': '44513', 'name': 'Vanderbilt', 'type': 'Team'}]",Madness Props,Spread
0HC79092772N450_1,2,2_79092772,Saint Marys,-105,1.95238096,1.95,20/21,-4.5,Saint Marys,Team,True,4501,"['ProgressiveParlayTeamEligible', 'MainPointLine', 'SGP']","[{'id': '41405', 'name': 'Saint Marys', 'type': 'Team'}]",Madness Props,Spread
0OU79092772O13650_1,2,3_79092772,Over,-108,1.92592593,1.92,25/27,136.5,,Unknown,True,136500,"['ProgressiveParlayTeamEligible', 'MainPointLine', 'SGP']",Madness Props,Total
0OU79092772U13650_3,2,3_79092772,Under,-112,1.89285715,1.89,25/28,136.5,,Unknown,True,136502,"['ProgressiveParlayTeamEligible', 'MainPointLine', 'SGP']",Madness Props,Total
0ML79092772_3,2,1_79092772,Vanderbilt,+160,2.6,2.60,8/5,Vanderbilt,Team,True,1279858589,['SGP'],"[{'id': '44513', 'name': 'Vanderbilt', 'type': 'Team'}]",Madness Props,Moneyline
0ML79092772_1,2,1_79092772,Saint Marys,-192,1.52083334,1.52,25/48,Saint Marys,Team,True,1279860585,['SGP'],"[{'id': '41405', 'name': 'Saint Marys', 'type': 'Team'}]",Madness Props,Moneyline
0HC79111741P150_3,2,2_79111741,North Carolina,-110,1.90909091,1.90,10/11,1.5,North Carolina,Team,True,1499,"['ProgressiveParlayTeamEligible', 'MainPointLine', 'SGP']","[{'id': '42450', 'name': 'North Carolina', 'type': 'Team'}]",Madness Props,Spread
0HC79111741N150_1,2,2_79111741,Ole Miss,-110,1.90909091,1.90,10/11,-1.5,Ole Miss,Team,True,1501,"['ProgressiveParlayTeamEligible', 'MainPointLine', 'SGP']","[{'id': '43121', 'name': 'Ole Miss', 'type': 'Team'}]",Madness Props,Spread
0OU79111741O15250_1,2,3_79111741,Over,-110,1.90909091,1.90,10/11,152.5,,Unknown,True,152500,"['ProgressiveParlayTeamEligible', 'MainPointLine', 'SGP']",Madness Props,Total
0OU79111741U15250_3,2,3_79111741,Under,-110,1.90909091,1.90,10/11,152.5,,Unknown,True,152502,"['ProgressiveParlayTeamEligible', 'MainPointLine', 'SGP']",Madness Props,Total
0ML79111741_3,2,1_79111741,North Carolina,+105,2.05,2.05,21/20,North Carolina,Team,True,1280260180,['SGP'],"[{'id': '42450', 'name': 'North Carolina', 'type': 'Team'}]",Madness Props,Moneyline
0ML79111741_1,2,1_79111741,Ole Miss,-125,1.8,1.80,4/5,Ole Miss,Team,True,1280262176,['SGP'],"[{'id': '43121', 'name': 'Ole Miss', 'type': 'Team'}]",Madness Props,Moneyline
0HC79111740P350_3,2,2_79111740,San Diego State,-110,1.90909091,1.90,10/11,3.5,San Diego State,Team,True,3499,"['ProgressiveParlayTeamEligible', 'MainPointLine', 'SGP']","[{'id': '44675', 'name': 'San Diego State', 'type': 'Team'}]",Madness Props,Spread
0HC79111740N350_1,2,2_79111740,Ole Miss,-110,1.90909091,1.90,10/11,-3.5,Ole Miss,Team,True,3501,"['ProgressiveParlayTeamEligible', 'MainPointLine', 'SGP']","[{'id': '43121', 'name': 'Ole Miss', 'type': 'Team'}]",Madness Props,Spread
0OU79111740O13550_1,2,3_79111740,Over,-110,1.90909091,1.90,10/11,135.5,,Unknown,True,135500,"['ProgressiveParlayTeamEligible', 'MainPointLine', 'SGP']",Madness Props,Total
0OU79111740U13550_3,2,3_79111740,Under,-110,1.90909091,1.90,10/11,135.5,,Unknown,True,135502,"['ProgressiveParlayTeamEligible', 'MainPointLine', 'SGP']",Madness Props,Total
0ML79111740_3,2,1_79111740,San Diego State,+150,2.5,2.50,6/4,San Diego State,Team,True,1280260173,['SGP'],"[{'id': '44675', 'name': 'San Diego State', 'type': 'Team'}]",Madness Props,Moneyline
0ML79111740_1,2,1_79111740,Ole Miss,-180,1.55555556,1.55,5/9,Ole Miss,Team,True,1280262169,['SGP'],"[{'id': '43121', 'name': 'Ole Miss', 'type': 'Team'}]",Madness Props,Moneyline
0HC79092960P1050_3,2,2_79092960,Grand Canyon,-115,1.86956522,1.86,20/23,10.5,Grand Canyon,Team,True,10499,"['ProgressiveParlayTeamEligible', 'MainPointLine', 'SGP']","[{'id': '43744', 'name': 'Grand Canyon', 'type': 'Team'}]",Madness Props,Spread
0HC79092960N1050_1,2,2_79092960,Maryland,-105,1.95238096,1.95,20/21,-10.5,Maryland,Team,True,10501,"['ProgressiveParlayTeamEligible', 'MainPointLine', 'SGP']","[{'id': '42635', 'name': 'Maryland', 'type': 'Team'}]",Madness Props,Spread
0OU79092960O15050_1,2,3_79092960,Over,-105,1.95238096,1.95,20/21,150.5,,Unknown,True,150500,"['ProgressiveParlayTeamEligible', 'MainPointLine', 'SGP']",Madness Props,Total
0OU79092960U15050_3,2,3_79092960,Under,-115,1.86956522,1.86,20/23,150.5,,Unknown,True,150502,"['ProgressiveParlayTeamEligible', 'MainPointLine', 'SGP']",Madness Props,Total
0ML79092960_3,2,1_79092960,Grand Canyon,+425,5.25,5.25,17/4,Grand Canyon,Team,True,1279861214,['SGP'],"[{'id': '43744', 'name': 'Grand Canyon', 'type': 'Team'}]",Madness Props,Moneyline
0ML79092960_1,2,1_79092960,Maryland,-575,1.17391305,1.17,4/23,Maryland,Team,True,1279863210,['SGP'],"[{'id': '42635', 'name': 'Maryland', 'type': 'Team'}]",Madness Props,Moneyline
0HC79092952P2850_3,2,2_79092952,Norfolk State,-110,1.90909091,1.90,10/11,28.5,Norfolk State,Team,True,28499,"['ProgressiveParlayTeamEligible', 'MainPointLine', 'SGP']","[{'id': '43965', 'name': 'Norfolk State', 'type': 'Team'}]",Madness Props,Spread
0HC79092952N2850_1,2,2_79092952,Florida,-110,1.90909091,1.90,10/11,-28.5,Florida,Team,True,28501,"['ProgressiveParlayTeamEligible', 'MainPointLine', 'SGP']","[{'id': '44135', 'name': 'Florida', 'type': 'Team'}]",Madness Props,Spread
0OU79092952O15350_1,2,3_79092952,Over,-115,1.86956522,1.86,20/23,153.5,,Unknown,True,153500,"['ProgressiveParlayTeamEligible', 'MainPointLine', 'SGP']",Madness Props,Total
0OU79092952U15350_3,2,3_79092952,Under,-105,1.95238096,1.95,20/21,153.5,,Unknown,True,153502,"['ProgressiveParlayTeamEligible', 'MainPointLine', 'SGP']",Madness Props,Total
0ML79092952_3,2,1_79092952,Norfolk State,+2500,26,26.00,25/1,Norfolk State,Team,True,1279861158,['SGP'],"[{'id': '43965', 'name': 'Norfolk State', 'type': 'Team'}]",Madness Props,Moneyline
0ML79092952_1,2,1_79092952,Florida,-9000,1.01111112,1.01,1/90,Florida,Team,True,1279863154,['SGP'],"[{'id': '44135', 'name': 'Florida', 'type': 'Team'}]",Madness Props,Moneyline
0HC79092941P1150_3,2,2_79092941,Troy,-115,1.86956522,1.86,20/23,11.5,Troy,Team,True,11499,"['ProgressiveParlayTeamEligible', 'MainPointLine', 'SGP']","[{'id': '43481', 'name': 'Troy', 'type': 'Team'}]",Madness Props,Spread
0HC79092941N1150_1,2,2_79092941,Kentucky,-105,1.95238096,1.95,20/21,-11.5,Kentucky,Team,True,11501,"['ProgressiveParlayTeamEligible', 'MainPointLine', 'SGP']","[{'id': '44542', 'name': 'Kentucky', 'type': 'Team'}]",Madness Props,Spread
0OU79092941O15250_1,2,3_79092941,Over,-105,1.95238096,1.95,20/21,152.5,,Unknown,True,152500,"['ProgressiveParlayTeamEligible', 'MainPointLine', 'SGP']",Madness Props,Total
0OU79092941U15250_3,2,3_79092941,Under,-115,1.86956522,1.86,20/23,152.5,,Unknown,True,152502,"['ProgressiveParlayTeamEligible', 'MainPointLine', 'SGP']",Madness Props,Total
0ML79092941_3,2,1_79092941,Troy,+550,6.5,6.50,11/2,Troy,Team,True,1279861081,['SGP'],"[{'id': '43481', 'name': 'Troy', 'type': 'Team'}]",Madness Props,Moneyline
0ML79092941_1,2,1_79092941,Kentucky,-800,1.125,1.12,1/8,Kentucky,Team,True,1279863077,['SGP'],"[{'id': '44542', 'name': 'Kentucky', 'type': 'Team'}]",Madness Props,Moneyline
0HC79092502P350_3,2,2_79092502,New Mexico,-105,1.95238096,1.95,20/21,3.5,New Mexico,Team,True,3499,"['ProgressiveParlayTeamEligible', 'MainPointLine', 'SGP']","[{'id': '44215', 'name': 'New Mexico', 'type': 'Team'}]",Madness Props,Spread
0HC79092502N350_1,2,2_79092502,Marquette,-115,1.86956522,1.86,20/23,-3.5,Marquette,Team,True,3501,"['ProgressiveParlayTeamEligible', 'MainPointLine', 'SGP']","[{'id': '44018', 'name': 'Marquette', 'type': 'Team'}]",Madness Props,Spread
0OU79092502O15350_1,2,3_79092502,Over,-108,1.92592593,1.92,25/27,153.5,,Unknown,True,153500,"['ProgressiveParlayTeamEligible', 'MainPointLine', 'SGP']",Madness Props,Total
0OU79092502U15350_3,2,3_79092502,Under,-112,1.89285715,1.89,25/28,153.5,,Unknown,True,153502,"['ProgressiveParlayTeamEligible', 'MainPointLine', 'SGP']",Madness Props,Total
0ML79092502_3,2,1_79092502,New Mexico,+145,2.45,2.45,29/20,New Mexico,Team,True,1279852583,['SGP'],"[{'id': '44215', 'name': 'New Mexico', 'type': 'Team'}]",Madness Props,Moneyline
0ML79092502_1,2,1_79092502,Marquette,-175,1.57142858,1.57,4/7,Marquette,Team,True,1279854579,['SGP'],"[{'id': '44018', 'name': 'Marquette', 'type': 'Team'}]",Madness Props,Moneyline
0HC79092765P1350_3,2,2_79092765,Akron,-102,1.98039216,1.98,50/51,13.5,Akron,Team,True,13499,"['ProgressiveParlayTeamEligible', 'MainPointLine', 'SGP']","[{'id': '41425', 'name': 'Akron', 'type': 'Team'}]",Madness Props,Spread
0HC79092765N1350_1,2,2_79092765,Arizona,-118,1.84745763,1.84,50/59,-13.5,Arizona,Team,True,13501,"['ProgressiveParlayTeamEligible', 'MainPointLine', 'SGP']","[{'id': '45351', 'name': 'Arizona', 'type': 'Team'}]",Madness Props,Spread
0OU79092765O16650_1,2,3_79092765,Over,-115,1.86956522,1.86,20/23,166.5,,Unknown,True,166500,"['ProgressiveParlayTeamEligible', 'MainPointLine', 'SGP']",Madness Props,Total
0OU79092765U16650_3,2,3_79092765,Under,-105,1.95238096,1.95,20/21,166.5,,Unknown,True,166502,"['ProgressiveParlayTeamEligible', 'MainPointLine', 'SGP']",Madness Props,Total
0ML79092765_3,2,1_79092765,Akron,+750,8.5,8.50,15/2,Akron,Team,True,1279858442,['SGP'],"[{'id': '41425', 'name': 'Akron', 'type': 'Team'}]",Madness Props,Moneyline
0ML79092765_1,2,1_79092765,Arizona,-1200,1.08333334,1.08,1/12,Arizona,Team,True,1279860438,['SGP'],"[{'id': '45351', 'name': 'Arizona', 'type': 'Team'}]",Madness Props,Moneyline
0HC79092953P550_3,2,2_79092953,Oklahoma,-110,1.90909091,1.90,10/11,5.5,Oklahoma,Team,True,5499,"['ProgressiveParlayTeamEligible', 'MainPointLine', 'SGP']","[{'id': '42537', 'name': 'Oklahoma', 'type': 'Team'}]",Madness Props,Spread
0HC79092953N550_1,2,2_79092953,UConn,-110,1.90909091,1.90,10/11,-5.5,UConn,Team,True,5501,"['ProgressiveParlayTeamEligible', 'MainPointLine', 'SGP']","[{'id': '41421', 'name': 'UConn', 'type': 'Team'}]",Madness Props,Spread
0OU79092953O14750_1,2,3_79092953,Over,-112,1.89285715,1.89,25/28,147.5,,Unknown,True,147500,"['ProgressiveParlayTeamEligible', 'MainPointLine', 'SGP']",Madness Props,Total
0OU79092953U14750_3,2,3_79092953,Under,-108,1.92592593,1.92,25/27,147.5,,Unknown,True,147502,"['ProgressiveParlayTeamEligible', 'MainPointLine', 'SGP']",Madness Props,Total
0ML79092953_3,2,1_79092953,Oklahoma,+190,2.9,2.90,19/10,Oklahoma,Team,True,1279861165,['SGP'],"[{'id': '42537', 'name': 'Oklahoma', 'type': 'Team'}]",Madness Props,Moneyline
0ML79092953_1,2,1_79092953,UConn,-230,1.43478261,1.43,10/23,UConn,Team,True,1279863161,['SGP'],"[{'id': '41421', 'name': 'UConn', 'type': 'Team'}]",Madness Props,Moneyline
0HC79092553P1750_3,2,2_79092553,Bryant,-115,1.86956522,1.86,20/23,17.5,Bryant,Team,True,17499,"['ProgressiveParlayTeamEligible', 'MainPointLine', 'SGP']","[{'id': '42187', 'name': 'Bryant', 'type': 'Team'}]",Madness Props,Spread
0HC79092553N1750_1,2,2_79092553,Michigan State,-105,1.95238096,1.95,20/21,-17.5,Michigan State,Team,True,17501,"['ProgressiveParlayTeamEligible', 'MainPointLine', 'SGP']","[{'id': '41925', 'name': 'Michigan State', 'type': 'Team'}]",Madness Props,Spread
0OU79092553O15250_1,2,3_79092553,Over,-110,1.90909091,1.90,10/11,152.5,,Unknown,True,152500,"['ProgressiveParlayTeamEligible', 'MainPointLine', 'SGP']",Madness Props,Total
0OU79092553U15250_3,2,3_79092553,Under,-110,1.90909091,1.90,10/11,152.5,,Unknown,True,152502,"['ProgressiveParlayTeamEligible', 'MainPointLine', 'SGP']",Madness Props,Total
0ML79092553_3,2,1_79092553,Bryant,+1200,13,13.00,12/1,Bryant,Team,True,1279853801,['SGP'],"[{'id': '42187', 'name': 'Bryant', 'type': 'Team'}]",Madness Props,Moneyline
0ML79092553_1,2,1_79092553,Michigan State,-2400,1.04166667,1.04,1/24,Michigan State,Team,True,1279855797,['SGP'],"[{'id': '41925', 'name': 'Michigan State', 'type': 'Team'}]",Madness Props,Moneyline
0HC79092744P750_3,2,2_79092744,Liberty,-115,1.86956522,1.86,20/23,7.5,Liberty,Team,True,7499,"['ProgressiveParlayTeamEligible', 'MainPointLine', 'SGP']","[{'id': '41459', 'name': 'Liberty', 'type': 'Team'}]",Madness Props,Spread
0HC79092744N750_1,2,2_79092744,Oregon,-105,1.95238096,1.95,20/21,-7.5,Oregon,Team,True,7501,"['ProgressiveParlayTeamEligible', 'MainPointLine', 'SGP']","[{'id': '44430', 'name': 'Oregon', 'type': 'Team'}]",Madness Props,Spread
0OU79092744O13950_1,2,3_79092744,Over,-108,1.92592593,1.92,25/27,139.5,,Unknown,True,139500,"['ProgressiveParlayTeamEligible', 'MainPointLine', 'SGP']",Madness Props,Total
0OU79092744U13950_3,2,3_79092744,Under,-112,1.89285715,1.89,25/28,139.5,,Unknown,True,139502,"['ProgressiveParlayTeamEligible', 'MainPointLine', 'SGP']",Madness Props,Total
0ML79092744_3,2,1_79092744,Liberty,+260,3.6,3.60,13/5,Liberty,Team,True,1279858001,['SGP'],"[{'id': '41459', 'name': 'Liberty', 'type': 'Team'}]",Madness Props,Moneyline
0ML79092744_1,2,1_79092744,Oregon,-325,1.30769231,1.30,4/13,Oregon,Team,True,1279859997,['SGP'],"[{'id': '44430', 'name': 'Oregon', 'type': 'Team'}]",Madness Props,Moneyline
0HC79110487N350_3,2,2_79110487,Saint Francis PA,-115,1.86956522,1.86,20/23,-3.5,Saint Francis PA,Team,True,-3501,"['MainPointLine', 'SGP']","[{'id': '41332', 'name': 'Saint Francis PA', 'type': 'Team'}]",Madness Props,Spread
0HC79110487P350_1,2,2_79110487,Alabama State,-115,1.86956522,1.86,20/23,3.5,Alabama State,Team,True,-3499,"['MainPointLine', 'SGP']","[{'id': '42969', 'name': 'Alabama State', 'type': 'Team'}]",Madness Props,Spread
0OU79110487O14650_1,2,3_79110487,Over,-110,1.90909091,1.90,10/11,146.5,,Unknown,True,146500,"['MainPointLine', 'SGP']",Madness Props,Total
0OU79110487U14650_3,2,3_79110487,Under,-120,1.83333334,1.83,5/6,146.5,,Unknown,True,146502,"['MainPointLine', 'SGP']",Madness Props,Total
0ML79110487_3,2,1_79110487,Saint Francis PA,-200,1.5,1.50,1/2,Saint Francis PA,Team,True,1280230384,['SGP'],"[{'id': '41332', 'name': 'Saint Francis PA', 'type': 'Team'}]",Madness Props,Moneyline
0ML79110487_1,2,1_79110487,Alabama State,+154,2.54,2.54,77/50,Alabama State,Team,True,1280232377,['SGP'],"[{'id': '42969', 'name': 'Alabama State', 'type': 'Team'}]",Madness Props,Moneyline
0HC79110488P550_3,2,2_79110488,Kent State,-115,1.86956522,1.86,20/23,5.5,Kent State,Team,True,5499,"['MainPointLine', 'SGP']","[{'id': '43444', 'name': 'Kent State', 'type': 'Team'}]",Madness Props,Spread
0HC79110488N550_1,2,2_79110488,Saint Bonaventure,-115,1.86956522,1.86,20/23,-5.5,Saint Bonaventure,Team,True,5501,"['MainPointLine', 'SGP']","[{'id': '44786', 'name': 'Saint Bonaventure', 'type': 'Team'}]",Madness Props,Spread
0OU79110488O13450_1,2,3_79110488,Over,-115,1.86956522,1.86,20/23,134.5,,Unknown,True,134500,"['MainPointLine', 'SGP']",Madness Props,Total
0OU79110488U13450_3,2,3_79110488,Under,-115,1.86956522,1.86,20/23,134.5,,Unknown,True,134502,"['MainPointLine', 'SGP']",Madness Props,Total
0ML79110488_3,2,1_79110488,Kent State,+210,3.1,3.10,21/10,Kent State,Team,True,1280230388,['SGP'],"[{'id': '43444', 'name': 'Kent State', 'type': 'Team'}]",Madness Props,Moneyline
0ML79110488_1,2,1_79110488,Saint Bonaventure,-280,1.35714286,1.35,5/14,Saint Bonaventure,Team,True,1280232378,['SGP'],"[{'id': '44786', 'name': 'Saint Bonaventure', 'type': 'Team'}]",Madness Props,Moneyline
0HC79110490P250_3,2,2_79110490,Jacksonville State,-115,1.86956522,1.86,20/23,2.5,Jacksonville State,Team,True,2499,"['MainPointLine', 'SGP']","[{'id': '42218', 'name': 'Jacksonville State', 'type': 'Team'}]",Madness Props,Spread
0HC79110490N250_1,2,2_79110490,Georgia Tech,-115,1.86956522,1.86,20/23,-2.5,Georgia Tech,Team,True,2501,"['MainPointLine', 'SGP']","[{'id': '42150', 'name': 'Georgia Tech', 'type': 'Team'}]",Madness Props,Spread
0OU79110490O14950_1,2,3_79110490,Over,-110,1.90909091,1.90,10/11,149.5,,Unknown,True,149500,"['MainPointLine', 'SGP']",Madness Props,Total
0OU79110490U14950_3,2,3_79110490,Under,-120,1.83333334,1.83,5/6,149.5,,Unknown,True,149502,"['MainPointLine', 'SGP']",Madness Props,Total
0ML79110490_3,2,1_79110490,Jacksonville State,+124,2.24,2.24,31/25,Jacksonville State,Team,True,1280230402,['SGP'],"[{'id': '42218', 'name': 'Jacksonville State', 'type': 'Team'}]",Madness Props,Moneyline
0ML79110490_1,2,1_79110490,Georgia Tech,-160,1.625,1.62,5/8,Georgia Tech,Team,True,1280232398,['SGP'],"[{'id': '42150', 'name': 'Georgia Tech', 'type': 'Team'}]",Madness Props,Moneyline
0HC79100355P150_3,2,2_79100355,Chattanooga,-110,1.90909091,1.90,10/11,1.5,Chattanooga,Team,True,1499,"['ProgressiveParlayTeamEligible', 'MainPointLine', 'SGP']","[{'id': '41974', 'name': 'Chattanooga', 'type': 'Team'}]",Madness Props,Spread
0HC79100355N150_1,2,2_79100355,Middle Tennessee,-110,1.90909091,1.90,10/11,-1.5,Middle Tennessee,Team,True,1501,"['ProgressiveParlayTeamEligible', 'MainPointLine', 'SGP']","[{'id': '42683', 'name': 'Middle Tennessee', 'type': 'Team'}]",Madness Props,Spread
0OU79100355O15250_1,2,3_79100355,Over,-115,1.86956522,1.86,20/23,152.5,,Unknown,True,152500,"['ProgressiveParlayTeamEligible', 'MainPointLine', 'SGP']",Madness Props,Total
0OU79100355U15250_3,2,3_79100355,Under,-105,1.95238096,1.95,20/21,152.5,,Unknown,True,152502,"['ProgressiveParlayTeamEligible', 'MainPointLine', 'SGP']",Madness Props,Total
0ML79100355_3,2,1_79100355,Chattanooga,+105,2.05,2.05,21/20,Chattanooga,Team,True,1280025918,['SGP'],"[{'id': '41974', 'name': 'Chattanooga', 'type': 'Team'}]",Madness Props,Moneyline
0ML79100355_1,2,1_79100355,Middle Tennessee,-125,1.8,1.80,4/5,Middle Tennessee,Team,True,1280027914,['SGP'],"[{'id': '42683', 'name': 'Middle Tennessee', 'type': 'Team'}]",Madness Props,Moneyline
0HC79100357P650_3,2,2_79100357,Wichita State,-112,1.89285715,1.89,25/28,6.5,Wichita State,Team,True,6499,"['ProgressiveParlayTeamEligible', 'MainPointLine', 'SGP']","[{'id': '43593', 'name': 'Wichita State', 'type': 'Team'}]",Madness Props,Spread
0HC79100357N650_1,2,2_79100357,Oklahoma State,-108,1.92592593,1.92,25/27,-6.5,Oklahoma State,Team,True,6501,"['ProgressiveParlayTeamEligible', 'MainPointLine', 'SGP']","[{'id': '43141', 'name': 'Oklahoma State', 'type': 'Team'}]",Madness Props,Spread
0OU79100357O15450_1,2,3_79100357,Over,-105,1.95238096,1.95,20/21,154.5,,Unknown,True,154500,"['ProgressiveParlayTeamEligible', 'MainPointLine', 'SGP']",Madness Props,Total
0OU79100357U15450_3,2,3_79100357,Under,-115,1.86956522,1.86,20/23,154.5,,Unknown,True,154502,"['ProgressiveParlayTeamEligible', 'MainPointLine', 'SGP']",Madness Props,Total
0ML79100357_3,2,1_79100357,Wichita State,+230,3.3,3.30,23/10,Wichita State,Team,True,1280025932,['SGP'],"[{'id': '43593', 'name': 'Wichita State', 'type': 'Team'}]",Madness Props,Moneyline
0ML79100357_1,2,1_79100357,Oklahoma State,-285,1.3508772,1.35,20/57,Oklahoma State,Team,True,1280027928,['SGP'],"[{'id': '43141', 'name': 'Oklahoma State', 'type': 'Team'}]",Madness Props,Moneyline
0HC79100359P550_3,2,2_79100359,Saint Louis,-108,1.92592593,1.92,25/27,5.5,Saint Louis,Team,True,5499,"['ProgressiveParlayTeamEligible', 'MainPointLine', 'SGP']","[{'id': '43370', 'name': 'Saint Louis', 'type': 'Team'}]",Madness Props,Spread
0HC79100359N550_1,2,2_79100359,Arkansas State,-112,1.89285715,1.89,25/28,-5.5,Arkansas State,Team,True,5501,"['ProgressiveParlayTeamEligible', 'MainPointLine', 'SGP']","[{'id': '42673', 'name': 'Arkansas State', 'type': 'Team'}]",Madness Props,Spread
0OU79100359O15450_1,2,3_79100359,Over,-105,1.95238096,1.95,20/21,154.5,,Unknown,True,154500,"['ProgressiveParlayTeamEligible', 'MainPointLine', 'SGP']",Madness Props,Total
0OU79100359U15450_3,2,3_79100359,Under,-115,1.86956522,1.86,20/23,154.5,,Unknown,True,154502,"['ProgressiveParlayTeamEligible', 'MainPointLine', 'SGP']",Madness Props,Total
0ML79100359_3,2,1_79100359,Saint Louis,+200,3,3.00,2/1,Saint Louis,Team,True,1280025946,['SGP'],"[{'id': '43370', 'name': 'Saint Louis', 'type': 'Team'}]",Madness Props,Moneyline
0ML79100359_1,2,1_79100359,Arkansas State,-245,1.40816327,1.40,20/49,Arkansas State,Team,True,1280027942,['SGP'],"[{'id': '42673', 'name': 'Arkansas State', 'type': 'Team'}]",Madness Props,Moneyline
0HC79092473N450_3,2,2_79092473,North Carolina,-112,1.89285715,1.89,25/28,-4.5,North Carolina,Team,True,-4501,"['ProgressiveParlayTeamEligible', 'MainPointLine', 'SGP']","[{'id': '42450', 'name': 'North Carolina', 'type': 'Team'}]",Madness Props,Spread
0HC79092473P450_1,2,2_79092473,San Diego State,-108,1.92592593,1.92,25/27,4.5,San Diego State,Team,True,-4499,"['ProgressiveParlayTeamEligible', 'MainPointLine', 'SGP']","[{'id': '44675', 'name': 'San Diego State', 'type': 'Team'}]",Madness Props,Spread
0OU79092473O14150_1,2,3_79092473,Over,-112,1.89285715,1.89,25/28,141.5,,Unknown,True,141500,"['ProgressiveParlayTeamEligible', 'MainPointLine', 'SGP']",Madness Props,Total
0OU79092473U14150_3,2,3_79092473,Under,-108,1.92592593,1.92,25/27,141.5,,Unknown,True,141502,"['ProgressiveParlayTeamEligible', 'MainPointLine', 'SGP']",Madness Props,Total
0ML79092473_3,2,1_79092473,North Carolina,-218,1.4587156,1.45,50/109,North Carolina,Team,True,1279852086,['SGP'],"[{'id': '42450', 'name': 'North Carolina', 'type': 'Team'}]",Madness Props,Moneyline
0ML79092473_1,2,1_79092473,San Diego State,+180,2.8,2.80,9/5,San Diego State,Team,True,1279854082,['SGP'],"[{'id': '44675', 'name': 'San Diego State', 'type': 'Team'}]",Madness Props,Moneyline
0HC79100356P650_3,2,2_79100356,CSUN,-108,1.92592593,1.92,25/27,6.5,CSUN,Team,True,6499,"['ProgressiveParlayTeamEligible', 'MainPointLine', 'SGP']","[{'id': '44653', 'name': 'CSUN', 'type': 'Team'}]",Madness Props,Spread
0HC79100356N650_1,2,2_79100356,Stanford,-112,1.89285715,1.89,25/28,-6.5,Stanford,Team,True,6501,"['ProgressiveParlayTeamEligible', 'MainPointLine', 'SGP']","[{'id': '44739', 'name': 'Stanford', 'type': 'Team'}]",Madness Props,Spread
0OU79100356O15650_1,2,3_79100356,Over,-108,1.92592593,1.92,25/27,156.5,,Unknown,True,156500,"['ProgressiveParlayTeamEligible', 'MainPointLine', 'SGP']",Madness Props,Total
0OU79100356U15650_3,2,3_79100356,Under,-112,1.89285715,1.89,25/28,156.5,,Unknown,True,156502,"['ProgressiveParlayTeamEligible', 'MainPointLine', 'SGP']",Madness Props,Total
0ML79100356_3,2,1_79100356,CSUN,+230,3.3,3.30,23/10,CSUN,Team,True,1280025925,['SGP'],"[{'id': '44653', 'name': 'CSUN', 'type': 'Team'}]",Madness Props,Moneyline
0ML79100356_1,2,1_79100356,Stanford,-285,1.3508772,1.35,20/57,Stanford,Team,True,1280027921,['SGP'],"[{'id': '44739', 'name': 'Stanford', 'type': 'Team'}]",Madness Props,Moneyline
0HC79100358P1050_3,2,2_79100358,UC Riverside,-118,1.84745763,1.84,50/59,10.5,UC Riverside,Team,True,10499,"['ProgressiveParlayTeamEligible', 'MainPointLine', 'SGP']","[{'id': '44279', 'name': 'UC Riverside', 'type': 'Team'}]",Madness Props,Spread
0HC79100358N1050_1,2,2_79100358,Santa Clara,-102,1.98039216,1.98,50/51,-10.5,Santa Clara,Team,True,10501,"['ProgressiveParlayTeamEligible', 'MainPointLine', 'SGP']","[{'id': '42757', 'name': 'Santa Clara', 'type': 'Team'}]",Madness Props,Spread
0OU79100358O15650_1,2,3_79100358,Over,-110,1.90909091,1.90,10/11,156.5,,Unknown,True,156500,"['ProgressiveParlayTeamEligible', 'MainPointLine', 'SGP']",Madness Props,Total
0OU79100358U15650_3,2,3_79100358,Under,-110,1.90909091,1.90,10/11,156.5,,Unknown,True,156502,"['ProgressiveParlayTeamEligible', 'MainPointLine', 'SGP']",Madness Props,Total
0ML79100358_3,2,1_79100358,UC Riverside,+440,5.4,5.40,22/5,UC Riverside,Team,True,1280025939,['SGP'],"[{'id': '44279', 'name': 'UC Riverside', 'type': 'Team'}]",Madness Props,Moneyline
0ML79100358_1,2,1_79100358,Santa Clara,-600,1.16666667,1.16,1/6,Santa Clara,Team,True,1280027935,['SGP'],"[{'id': '42757', 'name': 'Santa Clara', 'type': 'Team'}]",Madness Props,Moneyline
0HC79092702P250_3,2,2_79092702,Mount Saint Marys,-112,1.89285715,1.89,25/28,2.5,Mount Saint Marys,Team,True,2499,"['ProgressiveParlayTeamEligible', 'MainPointLine', 'SGP']","[{'id': '42025', 'name': 'Mount Saint Marys', 'type': 'Team'}]",Madness Props,Spread
0HC79092702N250_1,2,2_79092702,American,-108,1.92592593,1.92,25/27,-2.5,American,Team,True,2501,"['ProgressiveParlayTeamEligible', 'MainPointLine', 'SGP']","[{'id': '41874', 'name': 'American', 'type': 'Team'}]",Madness Props,Spread
0OU79092702O12950_1,2,3_79092702,Over,-105,1.95238096,1.95,20/21,129.5,,Unknown,True,129500,"['ProgressiveParlayTeamEligible', 'MainPointLine', 'SGP']",Madness Props,Total
0OU79092702U12950_3,2,3_79092702,Under,-115,1.86956522,1.86,20/23,129.5,,Unknown,True,129502,"['ProgressiveParlayTeamEligible', 'MainPointLine', 'SGP']",Madness Props,Total
0ML79092702_3,2,1_79092702,Mount Saint Marys,+120,2.2,2.20,6/5,Mount Saint Marys,Team,True,1279857119,['SGP'],"[{'id': '42025', 'name': 'Mount Saint Marys', 'type': 'Team'}]",Madness Props,Moneyline
0ML79092702_1,2,1_79092702,American,-142,1.70422536,1.70,50/71,American,Team,True,1279859115,['SGP'],"[{'id': '41874', 'name': 'American', 'type': 'Team'}]",Madness Props,Moneyline
0HC79100363P750_3,2,2_79100363,Samford,-110,1.90909091,1.90,10/11,7.5,Samford,Team,True,7499,"['ProgressiveParlayTeamEligible', 'MainPointLine', 'SGP']","[{'id': '42759', 'name': 'Samford', 'type': 'Team'}]",Madness Props,Spread
0HC79100363N750_1,2,2_79100363,George Mason,-110,1.90909091,1.90,10/11,-7.5,George Mason,Team,True,7501,"['ProgressiveParlayTeamEligible', 'MainPointLine', 'SGP']","[{'id': '41752', 'name': 'George Mason', 'type': 'Team'}]",Madness Props,Spread
0OU79100363O14750_1,2,3_79100363,Over,-110,1.90909091,1.90,10/11,147.5,,Unknown,True,147500,"['ProgressiveParlayTeamEligible', 'MainPointLine', 'SGP']",Madness Props,Total
0OU79100363U14750_3,2,3_79100363,Under,-110,1.90909091,1.90,10/11,147.5,,Unknown,True,147502,"['ProgressiveParlayTeamEligible', 'MainPointLine', 'SGP']",Madness Props,Total
0ML79100363_3,2,1_79100363,Samford,+270,3.7,3.70,27/10,Samford,Team,True,1280025967,['SGP'],"[{'id': '42759', 'name': 'Samford', 'type': 'Team'}]",Madness Props,Moneyline
0ML79100363_1,2,1_79100363,George Mason,-340,1.29411765,1.29,5/17,George Mason,Team,True,1280027963,['SGP'],"[{'id': '41752', 'name': 'George Mason', 'type': 'Team'}]",Madness Props,Moneyline
0HC79100365P550_3,2,2_79100365,UAB,-115,1.86956522,1.86,20/23,5.5,UAB,Team,True,5499,"['ProgressiveParlayTeamEligible', 'MainPointLine', 'SGP']","[{'id': '42938', 'name': 'UAB', 'type': 'Team'}]",Madness Props,Spread
0HC79100365N550_1,2,2_79100365,Saint Josephs,-105,1.95238096,1.95,20/21,-5.5,Saint Josephs,Team,True,5501,"['ProgressiveParlayTeamEligible', 'MainPointLine', 'SGP']","[{'id': '42231', 'name': 'Saint Josephs', 'type': 'Team'}]",Madness Props,Spread
0OU79100365O15550_1,2,3_79100365,Over,-110,1.90909091,1.90,10/11,155.5,,Unknown,True,155500,"['ProgressiveParlayTeamEligible', 'MainPointLine', 'SGP']",Madness Props,Total
0OU79100365U15550_3,2,3_79100365,Under,-110,1.90909091,1.90,10/11,155.5,,Unknown,True,155502,"['ProgressiveParlayTeamEligible', 'MainPointLine', 'SGP']",Madness Props,Total
0ML79100365_3,2,1_79100365,UAB,+195,2.95,2.95,39/20,UAB,Team,True,1280025981,['SGP'],"[{'id': '42938', 'name': 'UAB', 'type': 'Team'}]",Madness Props,Moneyline
0ML79100365_1,2,1_79100365,Saint Josephs,-238,1.42016807,1.42,50/119,Saint Josephs,Team,True,1280027977,['SGP'],"[{'id': '42231', 'name': 'Saint Josephs', 'type': 'Team'}]",Madness Props,Moneyline
0HC79100362P100_3,2,2_79100362,Florida Atlantic,-115,1.86956522,1.86,20/23,1,Florida Atlantic,Team,True,999,"['ProgressiveParlayTeamEligible', 'MainPointLine', 'SGP']","[{'id': '44945', 'name': 'Florida Atlantic', 'type': 'Team'}]",Madness Props,Spread
0HC79100362N100_1,2,2_79100362,Dayton,-105,1.95238096,1.95,20/21,-1,Dayton,Team,True,1001,"['ProgressiveParlayTeamEligible', 'MainPointLine', 'SGP']","[{'id': '44880', 'name': 'Dayton', 'type': 'Team'}]",Madness Props,Spread
0OU79100362O15050_1,2,3_79100362,Over,-115,1.86956522,1.86,20/23,150.5,,Unknown,True,150500,"['ProgressiveParlayTeamEligible', 'MainPointLine', 'SGP']",Madness Props,Total
0OU79100362U15050_3,2,3_79100362,Under,-105,1.95238096,1.95,20/21,150.5,,Unknown,True,150502,"['ProgressiveParlayTeamEligible', 'MainPointLine', 'SGP']",Madness Props,Total
0ML79100362_3,2,1_79100362,Florida Atlantic,-102,1.98039216,1.98,50/51,Florida Atlantic,Team,True,1280025960,['SGP'],"[{'id': '44945', 'name': 'Florida Atlantic', 'type': 'Team'}]",Madness Props,Moneyline
0ML79100362_1,2,1_79100362,Dayton,-118,1.84745763,1.84,50/59,Dayton,Team,True,1280027956,['SGP'],"[{'id': '44880', 'name': 'Dayton', 'type': 'Team'}]",Madness Props,Moneyline
0HC79100364P850_3,2,2_79100364,Furman,-112,1.89285715,1.89,25/28,8.5,Furman,Team,True,8499,"['ProgressiveParlayTeamEligible', 'MainPointLine', 'SGP']","[{'id': '41709', 'name': 'Furman', 'type': 'Team'}]",Madness Props,Spread
0HC79100364N850_1,2,2_79100364,North Texas,-108,1.92592593,1.92,25/27,-8.5,North Texas,Team,True,8501,"['ProgressiveParlayTeamEligible', 'MainPointLine', 'SGP']","[{'id': '43192', 'name': 'North Texas', 'type': 'Team'}]",Madness Props,Spread
0OU79100364O13050_1,2,3_79100364,Over,-110,1.90909091,1.90,10/11,130.5,,Unknown,True,130500,"['ProgressiveParlayTeamEligible', 'MainPointLine', 'SGP']",Madness Props,Total
0OU79100364U13050_3,2,3_79100364,Under,-110,1.90909091,1.90,10/11,130.5,,Unknown,True,130502,"['ProgressiveParlayTeamEligible', 'MainPointLine', 'SGP']",Madness Props,Total
0ML79100364_3,2,1_79100364,Furman,+295,3.95,3.95,59/20,Furman,Team,True,1280025988,['SGP'],"[{'id': '41709', 'name': 'Furman', 'type': 'Team'}]",Madness Props,Moneyline
0ML79100364_1,2,1_79100364,North Texas,-375,1.26666667,1.26,4/15,North Texas,Team,True,1280027984,['SGP'],"[{'id': '43192', 'name': 'North Texas', 'type': 'Team'}]",Madness Props,Moneyline
0HC79100361P250_3,2,2_79100361,North Alabama,-108,1.92592593,1.92,25/27,2.5,North Alabama,Team,True,2499,"['ProgressiveParlayTeamEligible', 'MainPointLine', 'SGP']","[{'id': '42768', 'name': 'North Alabama', 'type': 'Team'}]",Madness Props,Spread
0HC79100361N250_1,2,2_79100361,Bradley,-112,1.89285715,1.89,25/28,-2.5,Bradley,Team,True,2501,"['ProgressiveParlayTeamEligible', 'MainPointLine', 'SGP']","[{'id': '45258', 'name': 'Bradley', 'type': 'Team'}]",Madness Props,Spread
0OU79100361O14550_1,2,3_79100361,Over,-108,1.92592593,1.92,25/27,145.5,,Unknown,True,145500,"['ProgressiveParlayTeamEligible', 'MainPointLine', 'SGP']",Madness Props,Total
0OU79100361U14550_3,2,3_79100361,Under,-112,1.89285715,1.89,25/28,145.5,,Unknown,True,145502,"['ProgressiveParlayTeamEligible', 'MainPointLine', 'SGP']",Madness Props,Total
0ML79100361_3,2,1_79100361,North Alabama,+124,2.24,2.24,31/25,North Alabama,Team,True,1280025974,['SGP'],"[{'id': '42768', 'name': 'North Alabama', 'type': 'Team'}]",Madness Props,Moneyline
0ML79100361_1,2,1_79100361,Bradley,-148,1.67567568,1.67,25/37,Bradley,Team,True,1280027970,['SGP'],"[{'id': '45258', 'name': 'Bradley', 'type': 'Team'}]",Madness Props,Moneyline
0HC79100368P1050_3,2,2_79100368,Northern Iowa,-115,1.86956522,1.86,20/23,10.5,Northern Iowa,Team,True,10499,"['ProgressiveParlayTeamEligible', 'MainPointLine', 'SGP']","[{'id': '43276', 'name': 'Northern Iowa', 'type': 'Team'}]",Madness Props,Spread
0HC79100368N1050_1,2,2_79100368,SMU,-105,1.95238096,1.95,20/21,-10.5,SMU,Team,True,10501,"['ProgressiveParlayTeamEligible', 'MainPointLine', 'SGP']","[{'id': '41637', 'name': 'SMU', 'type': 'Team'}]",Madness Props,Spread
0OU79100368O14550_1,2,3_79100368,Over,-115,1.86956522,1.86,20/23,145.5,,Unknown,True,145500,"['ProgressiveParlayTeamEligible', 'MainPointLine', 'SGP']",Madness Props,Total
0OU79100368U14550_3,2,3_79100368,Under,-105,1.95238096,1.95,20/21,145.5,,Unknown,True,145502,"['ProgressiveParlayTeamEligible', 'MainPointLine', 'SGP']",Madness Props,Total
0ML79100368_3,2,1_79100368,Northern Iowa,+440,5.4,5.40,22/5,Northern Iowa,Team,True,1280026016,['SGP'],"[{'id': '43276', 'name': 'Northern Iowa', 'type': 'Team'}]",Madness Props,Moneyline
0ML79100368_1,2,1_79100368,SMU,-600,1.16666667,1.16,1/6,SMU,Team,True,1280028006,['SGP'],"[{'id': '41637', 'name': 'SMU', 'type': 'Team'}]",Madness Props,Moneyline
0HC79092938N250_3,2,2_79092938,Xavier,-120,1.83333334,1.83,5/6,-2.5,Xavier,Team,True,-2501,"['ProgressiveParlayTeamEligible', 'MainPointLine', 'SGP']","[{'id': '44042', 'name': 'Xavier', 'type': 'Team'}]",Madness Props,Spread
0HC79092938P250_1,2,2_79092938,Texas,+100,2,2.00,1/1,2.5,Texas,Team,True,-2499,"['ProgressiveParlayTeamEligible', 'MainPointLine', 'SGP']","[{'id': '43429', 'name': 'Texas', 'type': 'Team'}]",Madness Props,Spread
0OU79092938O15150_1,2,3_79092938,Over,-110,1.90909091,1.90,10/11,151.5,,Unknown,True,151500,"['ProgressiveParlayTeamEligible', 'MainPointLine', 'SGP']",Madness Props,Total
0OU79092938U15150_3,2,3_79092938,Under,-110,1.90909091,1.90,10/11,151.5,,Unknown,True,151502,"['ProgressiveParlayTeamEligible', 'MainPointLine', 'SGP']",Madness Props,Total
0ML79092938_3,2,1_79092938,Xavier,-166,1.60240964,1.60,50/83,Xavier,Team,True,1279861060,['SGP'],"[{'id': '44042', 'name': 'Xavier', 'type': 'Team'}]",Madness Props,Moneyline
0ML79092938_1,2,1_79092938,Texas,+140,2.4,2.40,7/5,Texas,Team,True,1279863056,['SGP'],"[{'id': '43429', 'name': 'Texas', 'type': 'Team'}]",Madness Props,Moneyline
0HC79100367P750_3,2,2_79100367,Northern Colorado,-112,1.89285715,1.89,25/28,7.5,Northern Colorado,Team,True,7499,"['ProgressiveParlayTeamEligible', 'MainPointLine', 'SGP']","[{'id': '42600', 'name': 'Northern Colorado', 'type': 'Team'}]",Madness Props,Spread
0HC79100367N750_1,2,2_79100367,UC Irvine,-108,1.92592593,1.92,25/27,-7.5,UC Irvine,Team,True,7501,"['ProgressiveParlayTeamEligible', 'MainPointLine', 'SGP']","[{'id': '44593', 'name': 'UC Irvine', 'type': 'Team'}]",Madness Props,Spread
0OU79100367O15150_1,2,3_79100367,Over,-105,1.95238096,1.95,20/21,151.5,,Unknown,True,151500,"['ProgressiveParlayTeamEligible', 'MainPointLine', 'SGP']",Madness Props,Total
0OU79100367U15150_3,2,3_79100367,Under,-115,1.86956522,1.86,20/23,151.5,,Unknown,True,151502,"['ProgressiveParlayTeamEligible', 'MainPointLine', 'SGP']",Madness Props,Total
0ML79100367_3,2,1_79100367,Northern Colorado,+270,3.7,3.70,27/10,Northern Colorado,Team,True,1280026002,['SGP'],"[{'id': '42600', 'name': 'Northern Colorado', 'type': 'Team'}]",Madness Props,Moneyline
0ML79100367_1,2,1_79100367,UC Irvine,-340,1.29411765,1.29,5/17,UC Irvine,Team,True,1280027998,['SGP'],"[{'id': '44593', 'name': 'UC Irvine', 'type': 'Team'}]",Madness Props,Moneyline
0HC79100369P750_3,2,2_79100369,Utah Valley,-108,1.92592593,1.92,25/27,7.5,Utah Valley,Team,True,7499,"['ProgressiveParlayTeamEligible', 'MainPointLine', 'SGP']","[{'id': '44362', 'name': 'Utah Valley', 'type': 'Team'}]",Madness Props,Spread
0HC79100369N750_1,2,2_79100369,San Francisco,-112,1.89285715,1.89,25/28,-7.5,San Francisco,Team,True,7501,"['ProgressiveParlayTeamEligible', 'MainPointLine', 'SGP']","[{'id': '44575', 'name': 'San Francisco', 'type': 'Team'}]",Madness Props,Spread
0OU79100369O14650_1,2,3_79100369,Over,-105,1.95238096,1.95,20/21,146.5,,Unknown,True,146500,"['ProgressiveParlayTeamEligible', 'MainPointLine', 'SGP']",Madness Props,Total
0OU79100369U14650_3,2,3_79100369,Under,-115,1.86956522,1.86,20/23,146.5,,Unknown,True,146502,"['ProgressiveParlayTeamEligible', 'MainPointLine', 'SGP']",Madness Props,Total
0ML79100369_3,2,1_79100369,Utah Valley,+275,3.75,3.75,11/4,Utah Valley,Team,True,1280026011,['SGP'],"[{'id': '44362', 'name': 'Utah Valley', 'type': 'Team'}]",Madness Props,Moneyline
0ML79100369_1,2,1_79100369,San Francisco,-345,1.28985508,1.28,20/69,San Francisco,Team,True,1280028005,['SGP'],"[{'id': '44575', 'name': 'San Francisco', 'type': 'Team'}]",Madness Props,Moneyline
0HC79100366N250_3,2,2_79100366,Loyola Chicago,-118,1.84745763,1.84,50/59,-2.5,Loyola Chicago,Team,True,-2501,"['ProgressiveParlayTeamEligible', 'MainPointLine', 'SGP']","[{'id': '43985', 'name': 'Loyola Chicago', 'type': 'Team'}]",Madness Props,Spread
0HC79100366P250_1,2,2_79100366,San Jose State,-102,1.98039216,1.98,50/51,2.5,San Jose State,Team,True,-2499,"['ProgressiveParlayTeamEligible', 'MainPointLine', 'SGP']","[{'id': '41391', 'name': 'San Jose State', 'type': 'Team'}]",Madness Props,Spread
0OU79100366O14050_1,2,3_79100366,Over,-115,1.86956522,1.86,20/23,140.5,,Unknown,True,140500,"['ProgressiveParlayTeamEligible', 'MainPointLine', 'SGP']",Madness Props,Total
0OU79100366U14050_3,2,3_79100366,Under,-105,1.95238096,1.95,20/21,140.5,,Unknown,True,140502,"['ProgressiveParlayTeamEligible', 'MainPointLine', 'SGP']",Madness Props,Total
0ML79100366_3,2,1_79100366,Loyola Chicago,-142,1.70422536,1.70,50/71,Loyola Chicago,Team,True,1280025995,['SGP'],"[{'id': '43985', 'name': 'Loyola Chicago', 'type': 'Team'}]",Madness Props,Moneyline
0ML79100366_1,2,1_79100366,San Jose State,+120,2.2,2.20,6/5,San Jose State,Team,True,1280027991,['SGP'],"[{'id': '41391', 'name': 'San Jose State', 'type': 'Team'}]",Madness Props,Moneyline
0HC79092456P250_3,2,2_79092456,Creighton,-110,1.90909091,1.90,10/11,2.5,Creighton,Team,True,2499,"['ProgressiveParlayTeamEligible', 'MainPointLine', 'SGP']","[{'id': '43875', 'name': 'Creighton', 'type': 'Team'}]",Madness Props,Spread
0HC79092456N250_1,2,2_79092456,Louisville,-110,1.90909091,1.90,10/11,-2.5,Louisville,Team,True,2501,"['ProgressiveParlayTeamEligible', 'MainPointLine', 'SGP']","[{'id': '41477', 'name': 'Louisville', 'type': 'Team'}]",Madness Props,Spread
0OU79092456O14450_1,2,3_79092456,Over,-110,1.90909091,1.90,10/11,144.5,,Unknown,True,144500,"['ProgressiveParlayTeamEligible', 'MainPointLine', 'SGP']",Madness Props,Total
0OU79092456U14450_3,2,3_79092456,Under,-110,1.90909091,1.90,10/11,144.5,,Unknown,True,144502,"['ProgressiveParlayTeamEligible', 'MainPointLine', 'SGP']",Madness Props,Total
0ML79092456_3,2,1_79092456,Creighton,+120,2.2,2.20,6/5,Creighton,Team,True,1279851890,['SGP'],"[{'id': '43875', 'name': 'Creighton', 'type': 'Team'}]",Madness Props,Moneyline
0ML79092456_1,2,1_79092456,Louisville,-142,1.70422536,1.70,50/71,Louisville,Team,True,1279853886,['SGP'],"[{'id': '41477', 'name': 'Louisville', 'type': 'Team'}]",Madness Props,Moneyline
0HC79092925P750_3,2,2_79092925,High Point,-102,1.98039216,1.98,50/51,7.5,High Point,Team,True,7499,"['ProgressiveParlayTeamEligible', 'MainPointLine', 'SGP']","[{'id': '45137', 'name': 'High Point', 'type': 'Team'}]",Madness Props,Spread
0HC79092925N750_1,2,2_79092925,Purdue,-118,1.84745763,1.84,50/59,-7.5,Purdue,Team,True,7501,"['ProgressiveParlayTeamEligible', 'MainPointLine', 'SGP']","[{'id': '42127', 'name': 'Purdue', 'type': 'Team'}]",Madness Props,Spread
0OU79092925O15350_1,2,3_79092925,Over,-105,1.95238096,1.95,20/21,153.5,,Unknown,True,153500,"['ProgressiveParlayTeamEligible', 'MainPointLine', 'SGP']",Madness Props,Total
0OU79092925U15350_3,2,3_79092925,Under,-115,1.86956522,1.86,20/23,153.5,,Unknown,True,153502,"['ProgressiveParlayTeamEligible', 'MainPointLine', 'SGP']",Madness Props,Total
0ML79092925_3,2,1_79092925,High Point,+295,3.95,3.95,59/20,High Point,Team,True,1279860143,['SGP'],"[{'id': '45137', 'name': 'High Point', 'type': 'Team'}]",Madness Props,Moneyline
0ML79092925_1,2,1_79092925,Purdue,-375,1.26666667,1.26,4/15,Purdue,Team,True,1279862139,['SGP'],"[{'id': '42127', 'name': 'Purdue', 'type': 'Team'}]",Madness Props,Moneyline
0HC79092767P1750_3,2,2_79092767,Montana,-115,1.86956522,1.86,20/23,17.5,Montana,Team,True,17499,"['ProgressiveParlayTeamEligible', 'MainPointLine', 'SGP']","[{'id': '42575', 'name': 'Montana', 'type': 'Team'}]",Madness Props,Spread
0HC79092767N1750_1,2,2_79092767,Wisconsin,-105,1.95238096,1.95,20/21,-17.5,Wisconsin,Team,True,17501,"['ProgressiveParlayTeamEligible', 'MainPointLine', 'SGP']","[{'id': '43620', 'name': 'Wisconsin', 'type': 'Team'}]",Madness Props,Spread
0OU79092767O15250_1,2,3_79092767,Over,-105,1.95238096,1.95,20/21,152.5,,Unknown,True,152500,"['ProgressiveParlayTeamEligible', 'MainPointLine']",Madness Props,Total
0OU79092767U15250_3,2,3_79092767,Under,-115,1.86956522,1.86,20/23,152.5,,Unknown,True,152502,"['ProgressiveParlayTeamEligible', 'MainPointLine', 'SGP']",Madness Props,Total
0ML79092767_3,2,1_79092767,Montana,+1200,13,13.00,12/1,Montana,Team,True,1279858456,['SGP'],"[{'id': '42575', 'name': 'Montana', 'type': 'Team'}]",Madness Props,Moneyline
0ML79092767_1,2,1_79092767,Wisconsin,-2400,1.04166667,1.04,1/24,Wisconsin,Team,True,1279860452,['SGP'],"[{'id': '43620', 'name': 'Wisconsin', 'type': 'Team'}]",Madness Props,Moneyline
0HC79092890P2950_3,2,2_79092890,SIU Edwardsville,-115,1.86956522,1.86,20/23,29.5,SIU Edwardsville,Team,True,29499,"['ProgressiveParlayTeamEligible', 'MainPointLine', 'SGP']","[{'id': '43647', 'name': 'SIU Edwardsville', 'type': 'Team'}]",Madness Props,Spread
0HC79092890N2950_1,2,2_79092890,Houston,-105,1.95238096,1.95,20/21,-29.5,Houston,Team,True,29501,"['ProgressiveParlayTeamEligible', 'MainPointLine', 'SGP']","[{'id': '43043', 'name': 'Houston', 'type': 'Team'}]",Madness Props,Spread
0OU79092890O12650_1,2,3_79092890,Over,-108,1.92592593,1.92,25/27,126.5,,Unknown,True,126500,"['ProgressiveParlayTeamEligible', 'MainPointLine', 'SGP']",Madness Props,Total
0OU79092890U12650_3,2,3_79092890,Under,-112,1.89285715,1.89,25/28,126.5,,Unknown,True,126502,"['ProgressiveParlayTeamEligible', 'MainPointLine', 'SGP']",Madness Props,Total
0HC79092912P750_3,2,2_79092912,McNeese,-110,1.90909091,1.90,10/11,7.5,McNeese,Team,True,7499,"['ProgressiveParlayTeamEligible', 'MainPointLine', 'SGP']","[{'id': '41412', 'name': 'McNeese', 'type': 'Team'}]",Madness Props,Spread
0HC79092912N750_1,2,2_79092912,Clemson,-110,1.90909091,1.90,10/11,-7.5,Clemson,Team,True,7501,"['ProgressiveParlayTeamEligible', 'MainPointLine', 'SGP']","[{'id': '41619', 'name': 'Clemson', 'type': 'Team'}]",Madness Props,Spread
0OU79092912O13450_1,2,3_79092912,Over,-105,1.95238096,1.95,20/21,134.5,,Unknown,True,134500,"['ProgressiveParlayTeamEligible', 'MainPointLine', 'SGP']",Madness Props,Total
0OU79092912U13450_3,2,3_79092912,Under,-115,1.86956522,1.86,20/23,134.5,,Unknown,True,134502,"['ProgressiveParlayTeamEligible', 'MainPointLine', 'SGP']",Madness Props,Total
0ML79092912_3,2,1_79092912,McNeese,+275,3.75,3.75,11/4,McNeese,Team,True,1279860136,['SGP'],"[{'id': '41412', 'name': 'McNeese', 'type': 'Team'}]",Madness Props,Moneyline
0ML79092912_1,2,1_79092912,Clemson,-345,1.28985508,1.28,20/69,Clemson,Team,True,1279862132,['SGP'],"[{'id': '41619', 'name': 'Clemson', 'type': 'Team'}]",Madness Props,Moneyline
0HC79092766P250_3,2,2_79092766,VCU,-102,1.98039216,1.98,50/51,2.5,VCU,Team,True,2499,"['ProgressiveParlayTeamEligible', 'MainPointLine', 'SGP']","[{'id': '42328', 'name': 'VCU', 'type': 'Team'}]",Madness Props,Spread
0HC79092766N250_1,2,2_79092766,BYU,-118,1.84745763,1.84,50/59,-2.5,BYU,Team,True,2501,"['ProgressiveParlayTeamEligible', 'MainPointLine', 'SGP']","[{'id': '44811', 'name': 'BYU', 'type': 'Team'}]",Madness Props,Spread
0OU79092766O14650_1,2,3_79092766,Over,-105,1.95238096,1.95,20/21,146.5,,Unknown,True,146500,"['ProgressiveParlayTeamEligible', 'MainPointLine', 'SGP']",Madness Props,Total
0OU79092766U14650_3,2,3_79092766,Under,-115,1.86956522,1.86,20/23,146.5,,Unknown,True,146502,"['ProgressiveParlayTeamEligible', 'MainPointLine', 'SGP']",Madness Props,Total
0ML79092766_3,2,1_79092766,VCU,+130,2.3,2.30,13/10,VCU,Team,True,1279858449,['SGP'],"[{'id': '42328', 'name': 'VCU', 'type': 'Team'}]",Madness Props,Moneyline
0ML79092766_1,2,1_79092766,BYU,-155,1.6451613,1.64,20/31,BYU,Team,True,1279860445,['SGP'],"[{'id': '44811', 'name': 'BYU', 'type': 'Team'}]",Madness Props,Moneyline
0HC79093078P550_3,2,2_79093078,Georgia,-102,1.98039216,1.98,50/51,5.5,Georgia Bulldogs,Team,True,5499,"['ProgressiveParlayTeamEligible', 'MainPointLine', 'SGP']","[{'id': '42478', 'name': 'Georgia Bulldogs', 'type': 'Team'}]",Madness Props,Spread
0HC79093078N550_1,2,2_79093078,Gonzaga,-118,1.84745763,1.84,50/59,-5.5,Gonzaga,Team,True,5501,"['ProgressiveParlayTeamEligible', 'MainPointLine', 'SGP']","[{'id': '44154', 'name': 'Gonzaga', 'type': 'Team'}]",Madness Props,Spread
0OU79093078O15050_1,2,3_79093078,Over,-112,1.89285715,1.89,25/28,150.5,,Unknown,True,150500,"['ProgressiveParlayTeamEligible', 'MainPointLine', 'SGP']",Madness Props,Total
0OU79093078U15050_3,2,3_79093078,Under,-108,1.92592593,1.92,25/27,150.5,,Unknown,True,150502,"['ProgressiveParlayTeamEligible', 'MainPointLine', 'SGP']",Madness Props,Total
0ML79093078_3,2,1_79093078,Georgia,+215,3.15,3.15,43/20,Georgia Bulldogs,Team,True,1279863188,['SGP'],"[{'id': '42478', 'name': 'Georgia Bulldogs', 'type': 'Team'}]",Madness Props,Moneyline
0ML79093078_1,2,1_79093078,Gonzaga,-265,1.3773585,1.37,20/53,Gonzaga,Team,True,1279865184,['SGP'],"[{'id': '44154', 'name': 'Gonzaga', 'type': 'Team'}]",Madness Props,Moneyline
0HC79092949P1850_3,2,2_79092949,Wofford,-108,1.92592593,1.92,25/27,18.5,Wofford,Team,True,18499,"['ProgressiveParlayTeamEligible', 'MainPointLine', 'SGP']","[{'id': '42442', 'name': 'Wofford', 'type': 'Team'}]",Madness Props,Spread
0HC79092949N1850_1,2,2_79092949,Tennessee,-112,1.89285715,1.89,25/28,-18.5,Tennessee,Team,True,18501,"['ProgressiveParlayTeamEligible', 'MainPointLine', 'SGP']","[{'id': '42305', 'name': 'Tennessee', 'type': 'Team'}]",Madness Props,Spread
0OU79092949O13250_1,2,3_79092949,Over,-115,1.86956522,1.86,20/23,132.5,,Unknown,True,132500,"['ProgressiveParlayTeamEligible', 'MainPointLine', 'SGP']",Madness Props,Total
0OU79092949U13250_3,2,3_79092949,Under,-105,1.95238096,1.95,20/21,132.5,,Unknown,True,132502,"['ProgressiveParlayTeamEligible', 'MainPointLine', 'SGP']",Madness Props,Total
0ML79092949_3,2,1_79092949,Wofford,+1500,16,16.00,15/1,Wofford,Team,True,1279861137,['SGP'],"[{'id': '42442', 'name': 'Wofford', 'type': 'Team'}]",Madness Props,Moneyline
0ML79092949_1,2,1_79092949,Tennessee,-3600,1.02777778,1.02,1/36,Tennessee,Team,True,1279863133,['SGP'],"[{'id': '42305', 'name': 'Tennessee', 'type': 'Team'}]",Madness Props,Moneyline
0HC79092964P450_3,2,2_79092964,Arkansas,-110,1.90909091,1.90,10/11,4.5,Arkansas,Team,True,4499,"['ProgressiveParlayTeamEligible', 'MainPointLine', 'SGP']","[{'id': '42107', 'name': 'Arkansas', 'type': 'Team'}]",Madness Props,Spread
0HC79092964N450_1,2,2_79092964,Kansas,-110,1.90909091,1.90,10/11,-4.5,Kansas,Team,True,4501,"['ProgressiveParlayTeamEligible', 'MainPointLine', 'SGP']","[{'id': '41920', 'name': 'Kansas', 'type': 'Team'}]",Madness Props,Spread
0OU79092964O14550_1,2,3_79092964,Over,-115,1.86956522,1.86,20/23,145.5,,Unknown,True,145500,"['ProgressiveParlayTeamEligible', 'MainPointLine', 'SGP']",Madness Props,Total
0OU79092964U14550_3,2,3_79092964,Under,-105,1.95238096,1.95,20/21,145.5,,Unknown,True,145502,"['ProgressiveParlayTeamEligible', 'MainPointLine', 'SGP']",Madness Props,Total
0ML79092964_3,2,1_79092964,Arkansas,+164,2.64,2.64,41/25,Arkansas,Team,True,1279861242,['SGP'],"[{'id': '42107', 'name': 'Arkansas', 'type': 'Team'}]",Madness Props,Moneyline
0ML79092964_1,2,1_79092964,Kansas,-198,1.50505051,1.50,50/99,Kansas,Team,True,1279863238,['SGP'],"[{'id': '41920', 'name': 'Kansas', 'type': 'Team'}]",Madness Props,Moneyline
0HC79092474P750_3,2,2_79092474,Yale,-115,1.86956522,1.86,20/23,7.5,Yale,Team,True,7499,"['ProgressiveParlayTeamEligible', 'MainPointLine', 'SGP']","[{'id': '42873', 'name': 'Yale', 'type': 'Team'}]",Madness Props,Spread
0HC79092474N750_1,2,2_79092474,Texas A&M,-105,1.95238096,1.95,20/21,-7.5,Texas A&M,Team,True,7501,"['ProgressiveParlayTeamEligible', 'MainPointLine', 'SGP']","[{'id': '44866', 'name': 'Texas A&M', 'type': 'Team'}]",Madness Props,Spread
0OU79092474O13950_1,2,3_79092474,Over,-115,1.86956522,1.86,20/23,139.5,,Unknown,True,139500,"['ProgressiveParlayTeamEligible', 'MainPointLine', 'SGP']",Madness Props,Total
0OU79092474U13950_3,2,3_79092474,Under,-105,1.95238096,1.95,20/21,139.5,,Unknown,True,139502,"['ProgressiveParlayTeamEligible', 'MainPointLine', 'SGP']",Madness Props,Total
0ML79092474_3,2,1_79092474,Yale,+260,3.6,3.60,13/5,Yale,Team,True,1279852093,['SGP'],"[{'id': '42873', 'name': 'Yale', 'type': 'Team'}]",Madness Props,Moneyline
0ML79092474_1,2,1_79092474,Texas A&M,-325,1.30769231,1.30,4/13,Texas A&M,Team,True,1279854089,['SGP'],"[{'id': '44866', 'name': 'Texas A&M', 'type': 'Team'}]",Madness Props,Moneyline
0HC79092959P650_3,2,2_79092959,Drake,-112,1.89285715,1.89,25/28,6.5,Drake,Team,True,6499,"['ProgressiveParlayTeamEligible', 'MainPointLine', 'SGP']","[{'id': '41573', 'name': 'Drake', 'type': 'Team'}]",Madness Props,Spread
0HC79092959N650_1,2,2_79092959,Missouri,-108,1.92592593,1.92,25/27,-6.5,Missouri,Team,True,6501,"['ProgressiveParlayTeamEligible', 'MainPointLine', 'SGP']","[{'id': '43114', 'name': 'Missouri', 'type': 'Team'}]",Madness Props,Spread
0OU79092959O13250_1,2,3_79092959,Over,-108,1.92592593,1.92,25/27,132.5,,Unknown,True,132500,"['ProgressiveParlayTeamEligible', 'MainPointLine', 'SGP']",Madness Props,Total
0OU79092959U13250_3,2,3_79092959,Under,-112,1.89285715,1.89,25/28,132.5,,Unknown,True,132502,"['ProgressiveParlayTeamEligible', 'MainPointLine', 'SGP']",Madness Props,Total
0ML79092959_3,2,1_79092959,Drake,+220,3.2,3.20,11/5,Drake,Team,True,1279861207,['SGP'],"[{'id': '41573', 'name': 'Drake', 'type': 'Team'}]",Madness Props,Moneyline
0ML79092959_1,2,1_79092959,Missouri,-270,1.37037038,1.37,10/27,Missouri,Team,True,1279863203,['SGP'],"[{'id': '43114', 'name': 'Missouri', 'type': 'Team'}]",Madness Props,Moneyline
0HC79092948P550_3,2,2_79092948,Utah State,-112,1.89285715,1.89,25/28,5.5,Utah State,Team,True,5499,"['ProgressiveParlayTeamEligible', 'MainPointLine', 'SGP']","[{'id': '44224', 'name': 'Utah State', 'type': 'Team'}]",Madness Props,Spread
0HC79092948N550_1,2,2_79092948,UCLA,-108,1.92592593,1.92,25/27,-5.5,UCLA,Team,True,5501,"['ProgressiveParlayTeamEligible', 'MainPointLine', 'SGP']","[{'id': '44331', 'name': 'UCLA', 'type': 'Team'}]",Madness Props,Spread
0OU79092948O14350_1,2,3_79092948,Over,-115,1.86956522,1.86,20/23,143.5,,Unknown,True,143500,"['ProgressiveParlayTeamEligible', 'MainPointLine', 'SGP']",Madness Props,Total
0OU79092948U14350_3,2,3_79092948,Under,-105,1.95238096,1.95,20/21,143.5,,Unknown,True,143502,"['ProgressiveParlayTeamEligible', 'MainPointLine', 'SGP']",Madness Props,Total
0ML79092948_3,2,1_79092948,Utah State,+190,2.9,2.90,19/10,Utah State,Team,True,1279861130,['SGP'],"[{'id': '44224', 'name': 'Utah State', 'type': 'Team'}]",Madness Props,Moneyline
0ML79092948_1,2,1_79092948,UCLA,-230,1.43478261,1.43,10/23,UCLA,Team,True,1279863126,['SGP'],"[{'id': '44331', 'name': 'UCLA', 'type': 'Team'}]",Madness Props,Moneyline
0HC79092965P1850_3,2,2_79092965,Omaha,-108,1.92592593,1.92,25/27,18.5,Omaha,Team,True,18499,"['ProgressiveParlayTeamEligible', 'MainPointLine', 'SGP']","[{'id': '43093', 'name': 'Omaha', 'type': 'Team'}]",Madness Props,Spread
0HC79092965N1850_1,2,2_79092965,St. Johns,-112,1.89285715,1.89,25/28,-18.5,St. Johns,Team,True,18501,"['ProgressiveParlayTeamEligible', 'MainPointLine', 'SGP']","[{'id': '41392', 'name': 'St. Johns', 'type': 'Team'}]",Madness Props,Spread
0OU79092965O14750_1,2,3_79092965,Over,-115,1.86956522,1.86,20/23,147.5,,Unknown,True,147500,"['ProgressiveParlayTeamEligible', 'MainPointLine', 'SGP']",Madness Props,Total
0OU79092965U14750_3,2,3_79092965,Under,-105,1.95238096,1.95,20/21,147.5,,Unknown,True,147502,"['ProgressiveParlayTeamEligible', 'MainPointLine', 'SGP']",Madness Props,Total
0ML79092965_3,2,1_79092965,Omaha,+1500,16,16.00,15/1,Omaha,Team,True,1279861249,['SGP'],"[{'id': '43093', 'name': 'Omaha', 'type': 'Team'}]",Madness Props,Moneyline
0ML79092965_1,2,1_79092965,St. Johns,-3600,1.02777778,1.02,1/36,St. Johns,Team,True,1279863245,['SGP'],"[{'id': '41392', 'name': 'St. Johns', 'type': 'Team'}]",Madness Props,Moneyline
0HC79092459P250_3,2,2_79092459,UC San Diego,-108,1.92592593,1.92,25/27,2.5,UC San Diego,Team,True,2499,"['ProgressiveParlayTeamEligible', 'MainPointLine', 'SGP']","[{'id': '302038', 'name': 'UC San Diego', 'type': 'Team'}]",Madness Props,Spread
0HC79092459N250_1,2,2_79092459,Michigan,-112,1.89285715,1.89,25/28,-2.5,Michigan,Team,True,2501,"['ProgressiveParlayTeamEligible', 'MainPointLine', 'SGP']","[{'id': '43956', 'name': 'Michigan', 'type': 'Team'}]",Madness Props,Spread
0OU79092459O14250_1,2,3_79092459,Over,-108,1.92592593,1.92,25/27,142.5,,Unknown,True,142500,"['ProgressiveParlayTeamEligible', 'MainPointLine', 'SGP']",Madness Props,Total
0OU79092459U14250_3,2,3_79092459,Under,-112,1.89285715,1.89,25/28,142.5,,Unknown,True,142502,"['ProgressiveParlayTeamEligible', 'MainPointLine', 'SGP']",Madness Props,Total
0ML79092459_3,2,1_79092459,UC San Diego,+124,2.24,2.24,31/25,UC San Diego,Team,True,1279851932,['SGP'],"[{'id': '302038', 'name': 'UC San Diego', 'type': 'Team'}]",Madness Props,Moneyline
0ML79092459_1,2,1_79092459,Michigan,-148,1.67567568,1.67,25/37,Michigan,Team,True,1279853928,['SGP'],"[{'id': '43956', 'name': 'Michigan', 'type': 'Team'}]",Madness Props,Moneyline
0HC79092963P1550_3,2,2_79092963,UNC Wilmington,-108,1.92592593,1.92,25/27,15.5,UNC Wilmington,Team,True,15499,"['ProgressiveParlayTeamEligible', 'MainPointLine', 'SGP']","[{'id': '42593', 'name': 'UNC Wilmington', 'type': 'Team'}]",Madness Props,Spread
0HC79092963N1550_1,2,2_79092963,Texas Tech,-112,1.89285715,1.89,25/28,-15.5,Texas Tech,Team,True,15501,"['ProgressiveParlayTeamEligible', 'MainPointLine', 'SGP']","[{'id': '42835', 'name': 'Texas Tech', 'type': 'Team'}]",Madness Props,Spread
0OU79092963O14350_1,2,3_79092963,Over,-112,1.89285715,1.89,25/28,143.5,,Unknown,True,143500,"['ProgressiveParlayTeamEligible', 'MainPointLine', 'SGP']",Madness Props,Total
0OU79092963U14350_3,2,3_79092963,Under,-108,1.92592593,1.92,25/27,143.5,,Unknown,True,143502,"['ProgressiveParlayTeamEligible', 'MainPointLine', 'SGP']",Madness Props,Total
0ML79092963_3,2,1_79092963,UNC Wilmington,+1000,11,11.00,10/1,UNC Wilmington,Team,True,1279861235,['SGP'],"[{'id': '42593', 'name': 'UNC Wilmington', 'type': 'Team'}]",Madness Props,Moneyline
0ML79092963_1,2,1_79092963,Texas Tech,-1800,1.05555556,1.05,1/18,Texas Tech,Team,True,1279863231,['SGP'],"[{'id': '42835', 'name': 'Texas Tech', 'type': 'Team'}]",Madness Props,Moneyline
0HC79092703P100_3,2,2_79092703,Baylor,-108,1.92592593,1.92,25/27,1,Baylor,Team,True,999,"['ProgressiveParlayTeamEligible', 'MainPointLine', 'SGP']","[{'id': '44466', 'name': 'Baylor', 'type': 'Team'}]",Madness Props,Spread
0HC79092703N100_1,2,2_79092703,Mississippi State,-112,1.89285715,1.89,25/28,-1,Mississippi State,Team,True,1001,"['ProgressiveParlayTeamEligible', 'MainPointLine', 'SGP']","[{'id': '42185', 'name': 'Mississippi State', 'type': 'Team'}]",Madness Props,Spread
0OU79092703O14450_1,2,3_79092703,Over,-110,1.90909091,1.90,10/11,144.5,,Unknown,True,144500,"['ProgressiveParlayTeamEligible', 'MainPointLine', 'SGP']",Madness Props,Total
0OU79092703U14450_3,2,3_79092703,Under,-110,1.90909091,1.90,10/11,144.5,,Unknown,True,144502,"['ProgressiveParlayTeamEligible', 'MainPointLine', 'SGP']",Madness Props,Total
0ML79092703_3,2,1_79092703,Baylor,+100,2,2.00,1/1,Baylor,Team,True,1279857126,['SGP'],"[{'id': '44466', 'name': 'Baylor', 'type': 'Team'}]",Madness Props,Moneyline
0ML79092703_1,2,1_79092703,Mississippi State,-120,1.83333334,1.83,5/6,Mississippi State,Team,True,1279859122,['SGP'],"[{'id': '42185', 'name': 'Mississippi State', 'type': 'Team'}]",Madness Props,Moneyline
0HC79092773P2350_3,2,2_79092773,Robert Morris,-115,1.86956522,1.86,20/23,23.5,Robert Morris,Team,True,23499,"['ProgressiveParlayTeamEligible', 'MainPointLine', 'SGP']","[{'id': '44588', 'name': 'Robert Morris', 'type': 'Team'}]",Madness Props,Spread
0HC79092773N2350_1,2,2_79092773,Alabama,-105,1.95238096,1.95,20/21,-23.5,Alabama,Team,True,23501,"['ProgressiveParlayTeamEligible', 'MainPointLine', 'SGP']","[{'id': '42858', 'name': 'Alabama', 'type': 'Team'}]",Madness Props,Spread
0OU79092773O16550_1,2,3_79092773,Over,-108,1.92592593,1.92,25/27,165.5,,Unknown,True,165500,"['ProgressiveParlayTeamEligible', 'MainPointLine', 'SGP']",Madness Props,Total
0OU79092773U16550_3,2,3_79092773,Under,-112,1.89285715,1.89,25/28,165.5,,Unknown,True,165502,"['ProgressiveParlayTeamEligible', 'MainPointLine', 'SGP']",Madness Props,Total
0ML79092773_3,2,1_79092773,Robert Morris,+1800,19,19.00,18/1,Robert Morris,Team,True,1279858596,['SGP'],"[{'id': '44588', 'name': 'Robert Morris', 'type': 'Team'}]",Madness Props,Moneyline
0ML79092773_1,2,1_79092773,Alabama,-5000,1.02,1.02,1/50,Alabama,Team,True,1279860592,['SGP'],"[{'id': '42858', 'name': 'Alabama', 'type': 'Team'}]",Madness Props,Moneyline
0HC79092479P1450_3,2,2_79092479,Lipscomb,-102,1.98039216,1.98,50/51,14.5,Lipscomb,Team,True,14499,"['ProgressiveParlayTeamEligible', 'MainPointLine', 'SGP']","[{'id': '43785', 'name': 'Lipscomb', 'type': 'Team'}]",Madness Props,Spread
0HC79092479N1450_1,2,2_79092479,Iowa State,-118,1.84745763,1.84,50/59,-14.5,Iowa State,Team,True,14501,"['ProgressiveParlayTeamEligible', 'MainPointLine', 'SGP']","[{'id': '42961', 'name': 'Iowa State', 'type': 'Team'}]",Madness Props,Spread
0OU79092479O14350_1,2,3_79092479,Over,-105,1.95238096,1.95,20/21,143.5,,Unknown,True,143500,"['ProgressiveParlayTeamEligible', 'MainPointLine', 'SGP']",Madness Props,Total
0OU79092479U14350_3,2,3_79092479,Under,-115,1.86956522,1.86,20/23,143.5,,Unknown,True,143502,"['ProgressiveParlayTeamEligible', 'MainPointLine', 'SGP']",Madness Props,Total
0ML79092479_3,2,1_79092479,Lipscomb,+900,10,10.00,9/1,Lipscomb,Team,True,1279852128,['SGP'],"[{'id': '43785', 'name': 'Lipscomb', 'type': 'Team'}]",Madness Props,Moneyline
0ML79092479_1,2,1_79092479,Iowa State,-1600,1.0625,1.06,1/16,Iowa State,Team,True,1279854124,['SGP'],"[{'id': '42961', 'name': 'Iowa State', 'type': 'Team'}]",Madness Props,Moneyline
0HC79092954N150_3,2,2_79092954,Colorado State,-118,1.84745763,1.84,50/59,-1.5,Colorado State,Team,True,-1501,"['ProgressiveParlayTeamEligible', 'MainPointLine', 'SGP']","[{'id': '45374', 'name': 'Colorado State', 'type': 'Team'}]",Madness Props,Spread
0HC79092954P150_1,2,2_79092954,Memphis,-102,1.98039216,1.98,50/51,1.5,Memphis,Team,True,-1499,"['ProgressiveParlayTeamEligible', 'MainPointLine', 'SGP']","[{'id': '43053', 'name': 'Memphis', 'type': 'Team'}]",Madness Props,Spread
0OU79092954O14750_1,2,3_79092954,Over,-110,1.90909091,1.90,10/11,147.5,,Unknown,True,147500,"['ProgressiveParlayTeamEligible', 'MainPointLine', 'SGP']",Madness Props,Total
0OU79092954U14750_3,2,3_79092954,Under,-110,1.90909091,1.90,10/11,147.5,,Unknown,True,147502,"['ProgressiveParlayTeamEligible', 'MainPointLine', 'SGP']",Madness Props,Total
0ML79092954_3,2,1_79092954,Colorado State,-135,1.74074075,1.74,20/27,Colorado State,Team,True,1279861172,['SGP'],"[{'id': '45374', 'name': 'Colorado State', 'type': 'Team'}]",Madness Props,Moneyline
0ML79092954_1,2,1_79092954,Memphis,+114,2.14,2.14,57/50,Memphis,Team,True,1279863168,['SGP'],"[{'id': '43053', 'name': 'Memphis', 'type': 'Team'}]",Madness Props,Moneyline
0HC79092772P450_3,2,2_79092772,Vanderbilt,-115,1.86956522,1.86,20/23,4.5,Vanderbilt,Team,True,4499,"['ProgressiveParlayTeamEligible', 'MainPointLine', 'SGP']","[{'id': '44513', 'name': 'Vanderbilt', 'type': 'Team'}]",Madness Props,Spread
0HC79092772N450_1,2,2_79092772,Saint Marys,-105,1.95238096,1.95,20/21,-4.5,Saint Marys,Team,True,4501,"['ProgressiveParlayTeamEligible', 'MainPointLine', 'SGP']","[{'id': '41405', 'name': 'Saint Marys', 'type': 'Team'}]",Madness Props,Spread
0OU79092772O13650_1,2,3_79092772,Over,-108,1.92592593,1.92,25/27,136.5,,Unknown,True,136500,"['ProgressiveParlayTeamEligible', 'MainPointLine', 'SGP']",Madness Props,Total
0OU79092772U13650_3,2,3_79092772,Under,-112,1.89285715,1.89,25/28,136.5,,Unknown,True,136502,"['ProgressiveParlayTeamEligible', 'MainPointLine', 'SGP']",Madness Props,Total
0ML79092772_3,2,1_79092772,Vanderbilt,+160,2.6,2.60,8/5,Vanderbilt,Team,True,1279858589,['SGP'],"[{'id': '44513', 'name': 'Vanderbilt', 'type': 'Team'}]",Madness Props,Moneyline
0ML79092772_1,2,1_79092772,Saint Marys,-192,1.52083334,1.52,25/48,Saint Marys,Team,True,1279860585,['SGP'],"[{'id': '41405', 'name': 'Saint Marys', 'type': 'Team'}]",Madness Props,Moneyline
0HC79111741P150_3,2,2_79111741,North Carolina,-110,1.90909091,1.90,10/11,1.5,North Carolina,Team,True,1499,"['ProgressiveParlayTeamEligible', 'MainPointLine', 'SGP']","[{'id': '42450', 'name': 'North Carolina', 'type': 'Team'}]",Madness Props,Spread
0HC79111741N150_1,2,2_79111741,Ole Miss,-110,1.90909091,1.90,10/11,-1.5,Ole Miss,Team,True,1501,"['ProgressiveParlayTeamEligible', 'MainPointLine', 'SGP']","[{'id': '43121', 'name': 'Ole Miss', 'type': 'Team'}]",Madness Props,Spread
0OU79111741O15250_1,2,3_79111741,Over,-110,1.90909091,1.90,10/11,152.5,,Unknown,True,152500,"['ProgressiveParlayTeamEligible', 'MainPointLine', 'SGP']",Madness Props,Total
0OU79111741U15250_3,2,3_79111741,Under,-110,1.90909091,1.90,10/11,152.5,,Unknown,True,152502,"['ProgressiveParlayTeamEligible', 'MainPointLine', 'SGP']",Madness Props,Total
0ML79111741_3,2,1_79111741,North Carolina,+105,2.05,2.05,21/20,North Carolina,Team,True,1280260180,['SGP'],"[{'id': '42450', 'name': 'North Carolina', 'type': 'Team'}]",Madness Props,Moneyline
0ML79111741_1,2,1_79111741,Ole Miss,-125,1.8,1.80,4/5,Ole Miss,Team,True,1280262176,['SGP'],"[{'id': '43121', 'name': 'Ole Miss', 'type': 'Team'}]",Madness Props,Moneyline
0HC79111740P350_3,2,2_79111740,San Diego State,-110,1.90909091,1.90,10/11,3.5,San Diego State,Team,True,3499,"['ProgressiveParlayTeamEligible', 'MainPointLine', 'SGP']","[{'id': '44675', 'name': 'San Diego State', 'type': 'Team'}]",Madness Props,Spread
0HC79111740N350_1,2,2_79111740,Ole Miss,-110,1.90909091,1.90,10/11,-3.5,Ole Miss,Team,True,3501,"['ProgressiveParlayTeamEligible', 'MainPointLine', 'SGP']","[{'id': '43121', 'name': 'Ole Miss', 'type': 'Team'}]",Madness Props,Spread
0OU79111740O13550_1,2,3_79111740,Over,-110,1.90909091,1.90,10/11,135.5,,Unknown,True,135500,"['ProgressiveParlayTeamEligible', 'MainPointLine', 'SGP']",Madness Props,Total
0OU79111740U13550_3,2,3_79111740,Under,-110,1.90909091,1.90,10/11,135.5,,Unknown,True,135502,"['ProgressiveParlayTeamEligible', 'MainPointLine', 'SGP']",Madness Props,Total
0ML79111740_3,2,1_79111740,San Diego State,+150,2.5,2.50,6/4,San Diego State,Team,True,1280260173,['SGP'],"[{'id': '44675', 'name': 'San Diego State', 'type': 'Team'}]",Madness Props,Moneyline
0ML79111740_1,2,1_79111740,Ole Miss,-180,1.55555556,1.55,5/9,Ole Miss,Team,True,1280262169,['SGP'],"[{'id': '43121', 'name': 'Ole Miss', 'type': 'Team'}]",Madness Props,Moneyline
0HC79092960P1050_3,2,2_79092960,Grand Canyon,-115,1.86956522,1.86,20/23,10.5,Grand Canyon,Team,True,10499,"['ProgressiveParlayTeamEligible', 'MainPointLine', 'SGP']","[{'id': '43744', 'name': 'Grand Canyon', 'type': 'Team'}]",Madness Props,Spread
0HC79092960N1050_1,2,2_79092960,Maryland,-105,1.95238096,1.95,20/21,-10.5,Maryland,Team,True,10501,"['ProgressiveParlayTeamEligible', 'MainPointLine', 'SGP']","[{'id': '42635', 'name': 'Maryland', 'type': 'Team'}]",Madness Props,Spread
0OU79092960O15050_1,2,3_79092960,Over,-105,1.95238096,1.95,20/21,150.5,,Unknown,True,150500,"['ProgressiveParlayTeamEligible', 'MainPointLine', 'SGP']",Madness Props,Total
0OU79092960U15050_3,2,3_79092960,Under,-115,1.86956522,1.86,20/23,150.5,,Unknown,True,150502,"['ProgressiveParlayTeamEligible', 'MainPointLine', 'SGP']",Madness Props,Total
0ML79092960_3,2,1_79092960,Grand Canyon,+425,5.25,5.25,17/4,Grand Canyon,Team,True,1279861214,['SGP'],"[{'id': '43744', 'name': 'Grand Canyon', 'type': 'Team'}]",Madness Props,Moneyline
0ML79092960_1,2,1_79092960,Maryland,-575,1.17391305,1.17,4/23,Maryland,Team,True,1279863210,['SGP'],"[{'id': '42635', 'name': 'Maryland', 'type': 'Team'}]",Madness Props,Moneyline
0HC79092952P2850_3,2,2_79092952,Norfolk State,-110,1.90909091,1.90,10/11,28.5,Norfolk State,Team,True,28499,"['ProgressiveParlayTeamEligible', 'MainPointLine', 'SGP']","[{'id': '43965', 'name': 'Norfolk State', 'type': 'Team'}]",Madness Props,Spread
0HC79092952N2850_1,2,2_79092952,Florida,-110,1.90909091,1.90,10/11,-28.5,Florida,Team,True,28501,"['ProgressiveParlayTeamEligible', 'MainPointLine', 'SGP']","[{'id': '44135', 'name': 'Florida', 'type': 'Team'}]",Madness Props,Spread
0OU79092952O15350_1,2,3_79092952,Over,-115,1.86956522,1.86,20/23,153.5,,Unknown,True,153500,"['ProgressiveParlayTeamEligible', 'MainPointLine', 'SGP']",Madness Props,Total
0OU79092952U15350_3,2,3_79092952,Under,-105,1.95238096,1.95,20/21,153.5,,Unknown,True,153502,"['ProgressiveParlayTeamEligible', 'MainPointLine', 'SGP']",Madness Props,Total
0ML79092952_3,2,1_79092952,Norfolk State,+2500,26,26.00,25/1,Norfolk State,Team,True,1279861158,['SGP'],"[{'id': '43965', 'name': 'Norfolk State', 'type': 'Team'}]",Madness Props,Moneyline
0ML79092952_1,2,1_79092952,Florida,-9000,1.01111112,1.01,1/90,Florida,Team,True,1279863154,['SGP'],"[{'id': '44135', 'name': 'Florida', 'type': 'Team'}]",Madness Props,Moneyline
0HC79092941P1150_3,2,2_79092941,Troy,-115,1.86956522,1.86,20/23,11.5,Troy,Team,True,11499,"['ProgressiveParlayTeamEligible', 'MainPointLine', 'SGP']","[{'id': '43481', 'name': 'Troy', 'type': 'Team'}]",Madness Props,Spread
0HC79092941N1150_1,2,2_79092941,Kentucky,-105,1.95238096,1.95,20/21,-11.5,Kentucky,Team,True,11501,"['ProgressiveParlayTeamEligible', 'MainPointLine', 'SGP']","[{'id': '44542', 'name': 'Kentucky', 'type': 'Team'}]",Madness Props,Spread
0OU79092941O15250_1,2,3_79092941,Over,-105,1.95238096,1.95,20/21,152.5,,Unknown,True,152500,"['ProgressiveParlayTeamEligible', 'MainPointLine', 'SGP']",Madness Props,Total
0OU79092941U15250_3,2,3_79092941,Under,-115,1.86956522,1.86,20/23,152.5,,Unknown,True,152502,"['ProgressiveParlayTeamEligible', 'MainPointLine', 'SGP']",Madness Props,Total
0ML79092941_3,2,1_79092941,Troy,+550,6.5,6.50,11/2,Troy,Team,True,1279861081,['SGP'],"[{'id': '43481', 'name': 'Troy', 'type': 'Team'}]",Madness Props,Moneyline
0ML79092941_1,2,1_79092941,Kentucky,-800,1.125,1.12,1/8,Kentucky,Team,True,1279863077,['SGP'],"[{'id': '44542', 'name': 'Kentucky', 'type': 'Team'}]",Madness Props,Moneyline
0HC79092502P350_3,2,2_79092502,New Mexico,-105,1.95238096,1.95,20/21,3.5,New Mexico,Team,True,3499,"['ProgressiveParlayTeamEligible', 'MainPointLine', 'SGP']","[{'id': '44215', 'name': 'New Mexico', 'type': 'Team'}]",Madness Props,Spread
0HC79092502N350_1,2,2_79092502,Marquette,-115,1.86956522,1.86,20/23,-3.5,Marquette,Team,True,3501,"['ProgressiveParlayTeamEligible', 'MainPointLine', 'SGP']","[{'id': '44018', 'name': 'Marquette', 'type': 'Team'}]",Madness Props,Spread
0OU79092502O15350_1,2,3_79092502,Over,-108,1.92592593,1.92,25/27,153.5,,Unknown,True,153500,"['ProgressiveParlayTeamEligible', 'MainPointLine', 'SGP']",Madness Props,Total
0OU79092502U15350_3,2,3_79092502,Under,-112,1.89285715,1.89,25/28,153.5,,Unknown,True,153502,"['ProgressiveParlayTeamEligible', 'MainPointLine', 'SGP']",Madness Props,Total
0ML79092502_3,2,1_79092502,New Mexico,+145,2.45,2.45,29/20,New Mexico,Team,True,1279852583,['SGP'],"[{'id': '44215', 'name': 'New Mexico', 'type': 'Team'}]",Madness Props,Moneyline
0ML79092502_1,2,1_79092502,Marquette,-175,1.57142858,1.57,4/7,Marquette,Team,True,1279854579,['SGP'],"[{'id': '44018', 'name': 'Marquette', 'type': 'Team'}]",Madness Props,Moneyline
0HC79092765P1350_3,2,2_79092765,Akron,-102,1.98039216,1.98,50/51,13.5,Akron,Team,True,13499,"['ProgressiveParlayTeamEligible', 'MainPointLine', 'SGP']","[{'id': '41425', 'name': 'Akron', 'type': 'Team'}]",Madness Props,Spread
0HC79092765N1350_1,2,2_79092765,Arizona,-118,1.84745763,1.84,50/59,-13.5,Arizona,Team,True,13501,"['ProgressiveParlayTeamEligible', 'MainPointLine', 'SGP']","[{'id': '45351', 'name': 'Arizona', 'type': 'Team'}]",Madness Props,Spread
0OU79092765O16650_1,2,3_79092765,Over,-115,1.86956522,1.86,20/23,166.5,,Unknown,True,166500,"['ProgressiveParlayTeamEligible', 'MainPointLine', 'SGP']",Madness Props,Total
0OU79092765U16650_3,2,3_79092765,Under,-105,1.95238096,1.95,20/21,166.5,,Unknown,True,166502,"['ProgressiveParlayTeamEligible', 'MainPointLine', 'SGP']",Madness Props,Total
0ML79092765_3,2,1_79092765,Akron,+750,8.5,8.50,15/2,Akron,Team,True,1279858442,['SGP'],"[{'id': '41425', 'name': 'Akron', 'type': 'Team'}]",Madness Props,Moneyline
0ML79092765_1,2,1_79092765,Arizona,-1200,1.08333334,1.08,1/12,Arizona,Team,True,1279860438,['SGP'],"[{'id': '45351', 'name': 'Arizona', 'type': 'Team'}]",Madness Props,Moneyline
0HC79092953P550_3,2,2_79092953,Oklahoma,-110,1.90909091,1.90,10/11,5.5,Oklahoma,Team,True,5499,"['ProgressiveParlayTeamEligible', 'MainPointLine', 'SGP']","[{'id': '42537', 'name': 'Oklahoma', 'type': 'Team'}]",Madness Props,Spread
0HC79092953N550_1,2,2_79092953,UConn,-110,1.90909091,1.90,10/11,-5.5,UConn,Team,True,5501,"['ProgressiveParlayTeamEligible', 'MainPointLine', 'SGP']","[{'id': '41421', 'name': 'UConn', 'type': 'Team'}]",Madness Props,Spread
0OU79092953O14750_1,2,3_79092953,Over,-112,1.89285715,1.89,25/28,147.5,,Unknown,True,147500,"['ProgressiveParlayTeamEligible', 'MainPointLine', 'SGP']",Madness Props,Total
0OU79092953U14750_3,2,3_79092953,Under,-108,1.92592593,1.92,25/27,147.5,,Unknown,True,147502,"['ProgressiveParlayTeamEligible', 'MainPointLine', 'SGP']",Madness Props,Total
0ML79092953_3,2,1_79092953,Oklahoma,+190,2.9,2.90,19/10,Oklahoma,Team,True,1279861165,['SGP'],"[{'id': '42537', 'name': 'Oklahoma', 'type': 'Team'}]",Madness Props,Moneyline
0ML79092953_1,2,1_79092953,UConn,-230,1.43478261,1.43,10/23,UConn,Team,True,1279863161,['SGP'],"[{'id': '41421', 'name': 'UConn', 'type': 'Team'}]",Madness Props,Moneyline
0HC79092553P1750_3,2,2_79092553,Bryant,-115,1.86956522,1.86,20/23,17.5,Bryant,Team,True,17499,"['ProgressiveParlayTeamEligible', 'MainPointLine', 'SGP']","[{'id': '42187', 'name': 'Bryant', 'type': 'Team'}]",Madness Props,Spread
0HC79092553N1750_1,2,2_79092553,Michigan State,-105,1.95238096,1.95,20/21,-17.5,Michigan State,Team,True,17501,"['ProgressiveParlayTeamEligible', 'MainPointLine', 'SGP']","[{'id': '41925', 'name': 'Michigan State', 'type': 'Team'}]",Madness Props,Spread
0OU79092553O15250_1,2,3_79092553,Over,-110,1.90909091,1.90,10/11,152.5,,Unknown,True,152500,"['ProgressiveParlayTeamEligible', 'MainPointLine', 'SGP']",Madness Props,Total
0OU79092553U15250_3,2,3_79092553,Under,-110,1.90909091,1.90,10/11,152.5,,Unknown,True,152502,"['ProgressiveParlayTeamEligible', 'MainPointLine', 'SGP']",Madness Props,Total
0ML79092553_3,2,1_79092553,Bryant,+1200,13,13.00,12/1,Bryant,Team,True,1279853801,['SGP'],"[{'id': '42187', 'name': 'Bryant', 'type': 'Team'}]",Madness Props,Moneyline
0ML79092553_1,2,1_79092553,Michigan State,-2400,1.04166667,1.04,1/24,Michigan State,Team,True,1279855797,['SGP'],"[{'id': '41925', 'name': 'Michigan State', 'type': 'Team'}]",Madness Props,Moneyline
0HC79092744P750_3,2,2_79092744,Liberty,-115,1.86956522,1.86,20/23,7.5,Liberty,Team,True,7499,"['ProgressiveParlayTeamEligible', 'MainPointLine', 'SGP']","[{'id': '41459', 'name': 'Liberty', 'type': 'Team'}]",Madness Props,Spread
0HC79092744N750_1,2,2_79092744,Oregon,-105,1.95238096,1.95,20/21,-7.5,Oregon,Team,True,7501,"['ProgressiveParlayTeamEligible', 'MainPointLine', 'SGP']","[{'id': '44430', 'name': 'Oregon', 'type': 'Team'}]",Madness Props,Spread
0OU79092744O13950_1,2,3_79092744,Over,-108,1.92592593,1.92,25/27,139.5,,Unknown,True,139500,"['ProgressiveParlayTeamEligible', 'MainPointLine', 'SGP']",Madness Props,Total
0OU79092744U13950_3,2,3_79092744,Under,-112,1.89285715,1.89,25/28,139.5,,Unknown,True,139502,"['ProgressiveParlayTeamEligible', 'MainPointLine', 'SGP']",Madness Props,Total
0ML79092744_3,2,1_79092744,Liberty,+260,3.6,3.60,13/5,Liberty,Team,True,1279858001,['SGP'],"[{'id': '41459', 'name': 'Liberty', 'type': 'Team'}]",Madness Props,Moneyline
0ML79092744_1,2,1_79092744,Oregon,-325,1.30769231,1.30,4/13,Oregon,Team,True,1279859997,['SGP'],"[{'id': '44430', 'name': 'Oregon', 'type': 'Team'}]",Madness Props,Moneyline
0HC79110487N350_3,2,2_79110487,Saint Francis PA,-115,1.86956522,1.86,20/23,-3.5,Saint Francis PA,Team,True,-3501,"['MainPointLine', 'SGP']","[{'id': '41332', 'name': 'Saint Francis PA', 'type': 'Team'}]",Madness Props,Spread
0HC79110487P350_1,2,2_79110487,Alabama State,-115,1.86956522,1.86,20/23,3.5,Alabama State,Team,True,-3499,"['MainPointLine', 'SGP']","[{'id': '42969', 'name': 'Alabama State', 'type': 'Team'}]",Madness Props,Spread
0OU79110487O14650_1,2,3_79110487,Over,-110,1.90909091,1.90,10/11,146.5,,Unknown,True,146500,"['MainPointLine', 'SGP']",Madness Props,Total
0OU79110487U14650_3,2,3_79110487,Under,-120,1.83333334,1.83,5/6,146.5,,Unknown,True,146502,"['MainPointLine', 'SGP']",Madness Props,Total
0ML79110487_3,2,1_79110487,Saint Francis PA,-200,1.5,1.50,1/2,Saint Francis PA,Team,True,1280230384,['SGP'],"[{'id': '41332', 'name': 'Saint Francis PA', 'type': 'Team'}]",Madness Props,Moneyline
0ML79110487_1,2,1_79110487,Alabama State,+154,2.54,2.54,77/50,Alabama State,Team,True,1280232377,['SGP'],"[{'id': '42969', 'name': 'Alabama State', 'type': 'Team'}]",Madness Props,Moneyline
0HC79110488P550_3,2,2_79110488,Kent State,-115,1.86956522,1.86,20/23,5.5,Kent State,Team,True,5499,"['MainPointLine', 'SGP']","[{'id': '43444', 'name': 'Kent State', 'type': 'Team'}]",Madness Props,Spread
0HC79110488N550_1,2,2_79110488,Saint Bonaventure,-115,1.86956522,1.86,20/23,-5.5,Saint Bonaventure,Team,True,5501,"['MainPointLine', 'SGP']","[{'id': '44786', 'name': 'Saint Bonaventure', 'type': 'Team'}]",Madness Props,Spread
0OU79110488O13450_1,2,3_79110488,Over,-115,1.86956522,1.86,20/23,134.5,,Unknown,True,134500,"['MainPointLine', 'SGP']",Madness Props,Total
0OU79110488U13450_3,2,3_79110488,Under,-115,1.86956522,1.86,20/23,134.5,,Unknown,True,134502,"['MainPointLine', 'SGP']",Madness Props,Total
0ML79110488_3,2,1_79110488,Kent State,+210,3.1,3.10,21/10,Kent State,Team,True,1280230388,['SGP'],"[{'id': '43444', 'name': 'Kent State', 'type': 'Team'}]",Madness Props,Moneyline
0ML79110488_1,2,1_79110488,Saint Bonaventure,-280,1.35714286,1.35,5/14,Saint Bonaventure,Team,True,1280232378,['SGP'],"[{'id': '44786', 'name': 'Saint Bonaventure', 'type': 'Team'}]",Madness Props,Moneyline
0HC79110490P250_3,2,2_79110490,Jacksonville State,-115,1.86956522,1.86,20/23,2.5,Jacksonville State,Team,True,2499,"['MainPointLine', 'SGP']","[{'id': '42218', 'name': 'Jacksonville State', 'type': 'Team'}]",Madness Props,Spread
0HC79110490N250_1,2,2_79110490,Georgia Tech,-115,1.86956522,1.86,20/23,-2.5,Georgia Tech,Team,True,2501,"['MainPointLine', 'SGP']","[{'id': '42150', 'name': 'Georgia Tech', 'type': 'Team'}]",Madness Props,Spread
0OU79110490O14950_1,2,3_79110490,Over,-110,1.90909091,1.90,10/11,149.5,,Unknown,True,149500,"['MainPointLine', 'SGP']",Madness Props,Total
0OU79110490U14950_3,2,3_79110490,Under,-120,1.83333334,1.83,5/6,149.5,,Unknown,True,149502,"['MainPointLine', 'SGP']",Madness Props,Total
0ML79110490_3,2,1_79110490,Jacksonville State,+124,2.24,2.24,31/25,Jacksonville State,Team,True,1280230402,['SGP'],"[{'id': '42218', 'name': 'Jacksonville State', 'type': 'Team'}]",Madness Props,Moneyline
0ML79110490_1,2,1_79110490,Georgia Tech,-160,1.625,1.62,5/8,Georgia Tech,Team,True,1280232398,['SGP'],"[{'id': '42150', 'name': 'Georgia Tech', 'type': 'Team'}]",Madness Props,Moneyline
0HC79100355P150_3,2,2_79100355,Chattanooga,-110,1.90909091,1.90,10/11,1.5,Chattanooga,Team,True,1499,"['ProgressiveParlayTeamEligible', 'MainPointLine', 'SGP']","[{'id': '41974', 'name': 'Chattanooga', 'type': 'Team'}]",Madness Props,Spread
0HC79100355N150_1,2,2_79100355,Middle Tennessee,-110,1.90909091,1.90,10/11,-1.5,Middle Tennessee,Team,True,1501,"['ProgressiveParlayTeamEligible', 'MainPointLine', 'SGP']","[{'id': '42683', 'name': 'Middle Tennessee', 'type': 'Team'}]",Madness Props,Spread
0OU79100355O15250_1,2,3_79100355,Over,-115,1.86956522,1.86,20/23,152.5,,Unknown,True,152500,"['ProgressiveParlayTeamEligible', 'MainPointLine', 'SGP']",Madness Props,Total
0OU79100355U15250_3,2,3_79100355,Under,-105,1.95238096,1.95,20/21,152.5,,Unknown,True,152502,"['ProgressiveParlayTeamEligible', 'MainPointLine', 'SGP']",Madness Props,Total
0ML79100355_3,2,1_79100355,Chattanooga,+105,2.05,2.05,21/20,Chattanooga,Team,True,1280025918,['SGP'],"[{'id': '41974', 'name': 'Chattanooga', 'type': 'Team'}]",Madness Props,Moneyline
0ML79100355_1,2,1_79100355,Middle Tennessee,-125,1.8,1.80,4/5,Middle Tennessee,Team,True,1280027914,['SGP'],"[{'id': '42683', 'name': 'Middle Tennessee', 'type': 'Team'}]",Madness Props,Moneyline
0HC79100357P650_3,2,2_79100357,Wichita State,-112,1.89285715,1.89,25/28,6.5,Wichita State,Team,True,6499,"['ProgressiveParlayTeamEligible', 'MainPointLine', 'SGP']","[{'id': '43593', 'name': 'Wichita State', 'type': 'Team'}]",Madness Props,Spread
0HC79100357N650_1,2,2_79100357,Oklahoma State,-108,1.92592593,1.92,25/27,-6.5,Oklahoma State,Team,True,6501,"['ProgressiveParlayTeamEligible', 'MainPointLine', 'SGP']","[{'id': '43141', 'name': 'Oklahoma State', 'type': 'Team'}]",Madness Props,Spread
0OU79100357O15450_1,2,3_79100357,Over,-105,1.95238096,1.95,20/21,154.5,,Unknown,True,154500,"['ProgressiveParlayTeamEligible', 'MainPointLine', 'SGP']",Madness Props,Total
0OU79100357U15450_3,2,3_79100357,Under,-115,1.86956522,1.86,20/23,154.5,,Unknown,True,154502,"['ProgressiveParlayTeamEligible', 'MainPointLine', 'SGP']",Madness Props,Total
0ML79100357_3,2,1_79100357,Wichita State,+230,3.3,3.30,23/10,Wichita State,Team,True,1280025932,['SGP'],"[{'id': '43593', 'name': 'Wichita State', 'type': 'Team'}]",Madness Props,Moneyline
0ML79100357_1,2,1_79100357,Oklahoma State,-285,1.3508772,1.35,20/57,Oklahoma State,Team,True,1280027928,['SGP'],"[{'id': '43141', 'name': 'Oklahoma State', 'type': 'Team'}]",Madness Props,Moneyline
0HC79100359P550_3,2,2_79100359,Saint Louis,-108,1.92592593,1.92,25/27,5.5,Saint Louis,Team,True,5499,"['ProgressiveParlayTeamEligible', 'MainPointLine', 'SGP']","[{'id': '43370', 'name': 'Saint Louis', 'type': 'Team'}]",Madness Props,Spread
0HC79100359N550_1,2,2_79100359,Arkansas State,-112,1.89285715,1.89,25/28,-5.5,Arkansas State,Team,True,5501,"['ProgressiveParlayTeamEligible', 'MainPointLine', 'SGP']","[{'id': '42673', 'name': 'Arkansas State', 'type': 'Team'}]",Madness Props,Spread
0OU79100359O15450_1,2,3_79100359,Over,-105,1.95238096,1.95,20/21,154.5,,Unknown,True,154500,"['ProgressiveParlayTeamEligible', 'MainPointLine', 'SGP']",Madness Props,Total
0OU79100359U15450_3,2,3_79100359,Under,-115,1.86956522,1.86,20/23,154.5,,Unknown,True,154502,"['ProgressiveParlayTeamEligible', 'MainPointLine', 'SGP']",Madness Props,Total
0ML79100359_3,2,1_79100359,Saint Louis,+200,3,3.00,2/1,Saint Louis,Team,True,1280025946,['SGP'],"[{'id': '43370', 'name': 'Saint Louis', 'type': 'Team'}]",Madness Props,Moneyline
0ML79100359_1,2,1_79100359,Arkansas State,-245,1.40816327,1.40,20/49,Arkansas State,Team,True,1280027942,['SGP'],"[{'id': '42673', 'name': 'Arkansas State', 'type': 'Team'}]",Madness Props,Moneyline
0HC79092473N450_3,2,2_79092473,North Carolina,-112,1.89285715,1.89,25/28,-4.5,North Carolina,Team,True,-4501,"['ProgressiveParlayTeamEligible', 'MainPointLine', 'SGP']","[{'id': '42450', 'name': 'North Carolina', 'type': 'Team'}]",Madness Props,Spread
0HC79092473P450_1,2,2_79092473,San Diego State,-108,1.92592593,1.92,25/27,4.5,San Diego State,Team,True,-4499,"['ProgressiveParlayTeamEligible', 'MainPointLine', 'SGP']","[{'id': '44675', 'name': 'San Diego State', 'type': 'Team'}]",Madness Props,Spread
0OU79092473O14150_1,2,3_79092473,Over,-112,1.89285715,1.89,25/28,141.5,,Unknown,True,141500,"['ProgressiveParlayTeamEligible', 'MainPointLine', 'SGP']",Madness Props,Total
0OU79092473U14150_3,2,3_79092473,Under,-108,1.92592593,1.92,25/27,141.5,,Unknown,True,141502,"['ProgressiveParlayTeamEligible', 'MainPointLine', 'SGP']",Madness Props,Total
0ML79092473_3,2,1_79092473,North Carolina,-218,1.4587156,1.45,50/109,North Carolina,Team,True,1279852086,['SGP'],"[{'id': '42450', 'name': 'North Carolina', 'type': 'Team'}]",Madness Props,Moneyline
0ML79092473_1,2,1_79092473,San Diego State,+180,2.8,2.80,9/5,San Diego State,Team,True,1279854082,['SGP'],"[{'id': '44675', 'name': 'San Diego State', 'type': 'Team'}]",Madness Props,Moneyline
0HC79100356P650_3,2,2_79100356,CSUN,-108,1.92592593,1.92,25/27,6.5,CSUN,Team,True,6499,"['ProgressiveParlayTeamEligible', 'MainPointLine', 'SGP']","[{'id': '44653', 'name': 'CSUN', 'type': 'Team'}]",Madness Props,Spread
0HC79100356N650_1,2,2_79100356,Stanford,-112,1.89285715,1.89,25/28,-6.5,Stanford,Team,True,6501,"['ProgressiveParlayTeamEligible', 'MainPointLine', 'SGP']","[{'id': '44739', 'name': 'Stanford', 'type': 'Team'}]",Madness Props,Spread
0OU79100356O15650_1,2,3_79100356,Over,-108,1.92592593,1.92,25/27,156.5,,Unknown,True,156500,"['ProgressiveParlayTeamEligible', 'MainPointLine', 'SGP']",Madness Props,Total
0OU79100356U15650_3,2,3_79100356,Under,-112,1.89285715,1.89,25/28,156.5,,Unknown,True,156502,"['ProgressiveParlayTeamEligible', 'MainPointLine', 'SGP']",Madness Props,Total
0ML79100356_3,2,1_79100356,CSUN,+230,3.3,3.30,23/10,CSUN,Team,True,1280025925,['SGP'],"[{'id': '44653', 'name': 'CSUN', 'type': 'Team'}]",Madness Props,Moneyline
0ML79100356_1,2,1_79100356,Stanford,-285,1.3508772,1.35,20/57,Stanford,Team,True,1280027921,['SGP'],"[{'id': '44739', 'name': 'Stanford', 'type': 'Team'}]",Madness Props,Moneyline
0HC79100358P1050_3,2,2_79100358,UC Riverside,-118,1.84745763,1.84,50/59,10.5,UC Riverside,Team,True,10499,"['ProgressiveParlayTeamEligible', 'MainPointLine', 'SGP']","[{'id': '44279', 'name': 'UC Riverside', 'type': 'Team'}]",Madness Props,Spread
0HC79100358N1050_1,2,2_79100358,Santa Clara,-102,1.98039216,1.98,50/51,-10.5,Santa Clara,Team,True,10501,"['ProgressiveParlayTeamEligible', 'MainPointLine', 'SGP']","[{'id': '42757', 'name': 'Santa Clara', 'type': 'Team'}]",Madness Props,Spread
0OU79100358O15650_1,2,3_79100358,Over,-110,1.90909091,1.90,10/11,156.5,,Unknown,True,156500,"['ProgressiveParlayTeamEligible', 'MainPointLine', 'SGP']",Madness Props,Total
0OU79100358U15650_3,2,3_79100358,Under,-110,1.90909091,1.90,10/11,156.5,,Unknown,True,156502,"['ProgressiveParlayTeamEligible', 'MainPointLine', 'SGP']",Madness Props,Total
0ML79100358_3,2,1_79100358,UC Riverside,+440,5.4,5.40,22/5,UC Riverside,Team,True,1280025939,['SGP'],"[{'id': '44279', 'name': 'UC Riverside', 'type': 'Team'}]",Madness Props,Moneyline
0ML79100358_1,2,1_79100358,Santa Clara,-600,1.16666667,1.16,1/6,Santa Clara,Team,True,1280027935,['SGP'],"[{'id': '42757', 'name': 'Santa Clara', 'type': 'Team'}]",Madness Props,Moneyline
0HC79092702P250_3,2,2_79092702,Mount Saint Marys,-112,1.89285715,1.89,25/28,2.5,Mount Saint Marys,Team,True,2499,"['ProgressiveParlayTeamEligible', 'MainPointLine', 'SGP']","[{'id': '42025', 'name': 'Mount Saint Marys', 'type': 'Team'}]",Madness Props,Spread
0HC79092702N250_1,2,2_79092702,American,-108,1.92592593,1.92,25/27,-2.5,American,Team,True,2501,"['ProgressiveParlayTeamEligible', 'MainPointLine', 'SGP']","[{'id': '41874', 'name': 'American', 'type': 'Team'}]",Madness Props,Spread
0OU79092702O12950_1,2,3_79092702,Over,-105,1.95238096,1.95,20/21,129.5,,Unknown,True,129500,"['ProgressiveParlayTeamEligible', 'MainPointLine', 'SGP']",Madness Props,Total
0OU79092702U12950_3,2,3_79092702,Under,-115,1.86956522,1.86,20/23,129.5,,Unknown,True,129502,"['ProgressiveParlayTeamEligible', 'MainPointLine', 'SGP']",Madness Props,Total
0ML79092702_3,2,1_79092702,Mount Saint Marys,+120,2.2,2.20,6/5,Mount Saint Marys,Team,True,1279857119,['SGP'],"[{'id': '42025', 'name': 'Mount Saint Marys', 'type': 'Team'}]",Madness Props,Moneyline
0ML79092702_1,2,1_79092702,American,-142,1.70422536,1.70,50/71,American,Team,True,1279859115,['SGP'],"[{'id': '41874', 'name': 'American', 'type': 'Team'}]",Madness Props,Moneyline
0HC79100363P750_3,2,2_79100363,Samford,-110,1.90909091,1.90,10/11,7.5,Samford,Team,True,7499,"['ProgressiveParlayTeamEligible', 'MainPointLine', 'SGP']","[{'id': '42759', 'name': 'Samford', 'type': 'Team'}]",Madness Props,Spread
0HC79100363N750_1,2,2_79100363,George Mason,-110,1.90909091,1.90,10/11,-7.5,George Mason,Team,True,7501,"['ProgressiveParlayTeamEligible', 'MainPointLine', 'SGP']","[{'id': '41752', 'name': 'George Mason', 'type': 'Team'}]",Madness Props,Spread
0OU79100363O14750_1,2,3_79100363,Over,-110,1.90909091,1.90,10/11,147.5,,Unknown,True,147500,"['ProgressiveParlayTeamEligible', 'MainPointLine', 'SGP']",Madness Props,Total
0OU79100363U14750_3,2,3_79100363,Under,-110,1.90909091,1.90,10/11,147.5,,Unknown,True,147502,"['ProgressiveParlayTeamEligible', 'MainPointLine', 'SGP']",Madness Props,Total
0ML79100363_3,2,1_79100363,Samford,+270,3.7,3.70,27/10,Samford,Team,True,1280025967,['SGP'],"[{'id': '42759', 'name': 'Samford', 'type': 'Team'}]",Madness Props,Moneyline
0ML79100363_1,2,1_79100363,George Mason,-340,1.29411765,1.29,5/17,George Mason,Team,True,1280027963,['SGP'],"[{'id': '41752', 'name': 'George Mason', 'type': 'Team'}]",Madness Props,Moneyline
0HC79100365P550_3,2,2_79100365,UAB,-115,1.86956522,1.86,20/23,5.5,UAB,Team,True,5499,"['ProgressiveParlayTeamEligible', 'MainPointLine', 'SGP']","[{'id': '42938', 'name': 'UAB', 'type': 'Team'}]",Madness Props,Spread
0HC79100365N550_1,2,2_79100365,Saint Josephs,-105,1.95238096,1.95,20/21,-5.5,Saint Josephs,Team,True,5501,"['ProgressiveParlayTeamEligible', 'MainPointLine', 'SGP']","[{'id': '42231', 'name': 'Saint Josephs', 'type': 'Team'}]",Madness Props,Spread
0OU79100365O15550_1,2,3_79100365,Over,-110,1.90909091,1.90,10/11,155.5,,Unknown,True,155500,"['ProgressiveParlayTeamEligible', 'MainPointLine', 'SGP']",Madness Props,Total
0OU79100365U15550_3,2,3_79100365,Under,-110,1.90909091,1.90,10/11,155.5,,Unknown,True,155502,"['ProgressiveParlayTeamEligible', 'MainPointLine', 'SGP']",Madness Props,Total
0ML79100365_3,2,1_79100365,UAB,+195,2.95,2.95,39/20,UAB,Team,True,1280025981,['SGP'],"[{'id': '42938', 'name': 'UAB', 'type': 'Team'}]",Madness Props,Moneyline
0ML79100365_1,2,1_79100365,Saint Josephs,-238,1.42016807,1.42,50/119,Saint Josephs,Team,True,1280027977,['SGP'],"[{'id': '42231', 'name': 'Saint Josephs', 'type': 'Team'}]",Madness Props,Moneyline
0HC79100362P100_3,2,2_79100362,Florida Atlantic,-115,1.86956522,1.86,20/23,1,Florida Atlantic,Team,True,999,"['ProgressiveParlayTeamEligible', 'MainPointLine', 'SGP']","[{'id': '44945', 'name': 'Florida Atlantic', 'type': 'Team'}]",Madness Props,Spread
0HC79100362N100_1,2,2_79100362,Dayton,-105,1.95238096,1.95,20/21,-1,Dayton,Team,True,1001,"['ProgressiveParlayTeamEligible', 'MainPointLine', 'SGP']","[{'id': '44880', 'name': 'Dayton', 'type': 'Team'}]",Madness Props,Spread
0OU79100362O15050_1,2,3_79100362,Over,-115,1.86956522,1.86,20/23,150.5,,Unknown,True,150500,"['ProgressiveParlayTeamEligible', 'MainPointLine', 'SGP']",Madness Props,Total
0OU79100362U15050_3,2,3_79100362,Under,-105,1.95238096,1.95,20/21,150.5,,Unknown,True,150502,"['ProgressiveParlayTeamEligible', 'MainPointLine', 'SGP']",Madness Props,Total
0ML79100362_3,2,1_79100362,Florida Atlantic,-102,1.98039216,1.98,50/51,Florida Atlantic,Team,True,1280025960,['SGP'],"[{'id': '44945', 'name': 'Florida Atlantic', 'type': 'Team'}]",Madness Props,Moneyline
0ML79100362_1,2,1_79100362,Dayton,-118,1.84745763,1.84,50/59,Dayton,Team,True,1280027956,['SGP'],"[{'id': '44880', 'name': 'Dayton', 'type': 'Team'}]",Madness Props,Moneyline
0HC79100364P850_3,2,2_79100364,Furman,-112,1.89285715,1.89,25/28,8.5,Furman,Team,True,8499,"['ProgressiveParlayTeamEligible', 'MainPointLine', 'SGP']","[{'id': '41709', 'name': 'Furman', 'type': 'Team'}]",Madness Props,Spread
0HC79100364N850_1,2,2_79100364,North Texas,-108,1.92592593,1.92,25/27,-8.5,North Texas,Team,True,8501,"['ProgressiveParlayTeamEligible', 'MainPointLine', 'SGP']","[{'id': '43192', 'name': 'North Texas', 'type': 'Team'}]",Madness Props,Spread
0OU79100364O13050_1,2,3_79100364,Over,-110,1.90909091,1.90,10/11,130.5,,Unknown,True,130500,"['ProgressiveParlayTeamEligible', 'MainPointLine', 'SGP']",Madness Props,Total
0OU79100364U13050_3,2,3_79100364,Under,-110,1.90909091,1.90,10/11,130.5,,Unknown,True,130502,"['ProgressiveParlayTeamEligible', 'MainPointLine', 'SGP']",Madness Props,Total
0ML79100364_3,2,1_79100364,Furman,+295,3.95,3.95,59/20,Furman,Team,True,1280025988,['SGP'],"[{'id': '41709', 'name': 'Furman', 'type': 'Team'}]",Madness Props,Moneyline
0ML79100364_1,2,1_79100364,North Texas,-375,1.26666667,1.26,4/15,North Texas,Team,True,1280027984,['SGP'],"[{'id': '43192', 'name': 'North Texas', 'type': 'Team'}]",Madness Props,Moneyline
0HC79100361P250_3,2,2_79100361,North Alabama,-108,1.92592593,1.92,25/27,2.5,North Alabama,Team,True,2499,"['ProgressiveParlayTeamEligible', 'MainPointLine', 'SGP']","[{'id': '42768', 'name': 'North Alabama', 'type': 'Team'}]",Madness Props,Spread
0HC79100361N250_1,2,2_79100361,Bradley,-112,1.89285715,1.89,25/28,-2.5,Bradley,Team,True,2501,"['ProgressiveParlayTeamEligible', 'MainPointLine', 'SGP']","[{'id': '45258', 'name': 'Bradley', 'type': 'Team'}]",Madness Props,Spread
0OU79100361O14550_1,2,3_79100361,Over,-108,1.92592593,1.92,25/27,145.5,,Unknown,True,145500,"['ProgressiveParlayTeamEligible', 'MainPointLine', 'SGP']",Madness Props,Total
0OU79100361U14550_3,2,3_79100361,Under,-112,1.89285715,1.89,25/28,145.5,,Unknown,True,145502,"['ProgressiveParlayTeamEligible', 'MainPointLine', 'SGP']",Madness Props,Total
0ML79100361_3,2,1_79100361,North Alabama,+124,2.24,2.24,31/25,North Alabama,Team,True,1280025974,['SGP'],"[{'id': '42768', 'name': 'North Alabama', 'type': 'Team'}]",Madness Props,Moneyline
0ML79100361_1,2,1_79100361,Bradley,-148,1.67567568,1.67,25/37,Bradley,Team,True,1280027970,['SGP'],"[{'id': '45258', 'name': 'Bradley', 'type': 'Team'}]",Madness Props,Moneyline
0HC79100368P1050_3,2,2_79100368,Northern Iowa,-115,1.86956522,1.86,20/23,10.5,Northern Iowa,Team,True,10499,"['ProgressiveParlayTeamEligible', 'MainPointLine', 'SGP']","[{'id': '43276', 'name': 'Northern Iowa', 'type': 'Team'}]",Madness Props,Spread
0HC79100368N1050_1,2,2_79100368,SMU,-105,1.95238096,1.95,20/21,-10.5,SMU,Team,True,10501,"['ProgressiveParlayTeamEligible', 'MainPointLine', 'SGP']","[{'id': '41637', 'name': 'SMU', 'type': 'Team'}]",Madness Props,Spread
0OU79100368O14550_1,2,3_79100368,Over,-115,1.86956522,1.86,20/23,145.5,,Unknown,True,145500,"['ProgressiveParlayTeamEligible', 'MainPointLine', 'SGP']",Madness Props,Total
0OU79100368U14550_3,2,3_79100368,Under,-105,1.95238096,1.95,20/21,145.5,,Unknown,True,145502,"['ProgressiveParlayTeamEligible', 'MainPointLine', 'SGP']",Madness Props,Total
0ML79100368_3,2,1_79100368,Northern Iowa,+440,5.4,5.40,22/5,Northern Iowa,Team,True,1280026016,['SGP'],"[{'id': '43276', 'name': 'Northern Iowa', 'type': 'Team'}]",Madness Props,Moneyline
0ML79100368_1,2,1_79100368,SMU,-600,1.16666667,1.16,1/6,SMU,Team,True,1280028006,['SGP'],"[{'id': '41637', 'name': 'SMU', 'type': 'Team'}]",Madness Props,Moneyline
0HC79092938N250_3,2,2_79092938,Xavier,-120,1.83333334,1.83,5/6,-2.5,Xavier,Team,True,-2501,"['ProgressiveParlayTeamEligible', 'MainPointLine', 'SGP']","[{'id': '44042', 'name': 'Xavier', 'type': 'Team'}]",Madness Props,Spread
0HC79092938P250_1,2,2_79092938,Texas,+100,2,2.00,1/1,2.5,Texas,Team,True,-2499,"['ProgressiveParlayTeamEligible', 'MainPointLine', 'SGP']","[{'id': '43429', 'name': 'Texas', 'type': 'Team'}]",Madness Props,Spread
0OU79092938O15150_1,2,3_79092938,Over,-110,1.90909091,1.90,10/11,151.5,,Unknown,True,151500,"['ProgressiveParlayTeamEligible', 'MainPointLine', 'SGP']",Madness Props,Total
0OU79092938U15150_3,2,3_79092938,Under,-110,1.90909091,1.90,10/11,151.5,,Unknown,True,151502,"['ProgressiveParlayTeamEligible', 'MainPointLine', 'SGP']",Madness Props,Total
0ML79092938_3,2,1_79092938,Xavier,-166,1.60240964,1.60,50/83,Xavier,Team,True,1279861060,['SGP'],"[{'id': '44042', 'name': 'Xavier', 'type': 'Team'}]",Madness Props,Moneyline
0ML79092938_1,2,1_79092938,Texas,+140,2.4,2.40,7/5,Texas,Team,True,1279863056,['SGP'],"[{'id': '43429', 'name': 'Texas', 'type': 'Team'}]",Madness Props,Moneyline
0HC79100367P750_3,2,2_79100367,Northern Colorado,-112,1.89285715,1.89,25/28,7.5,Northern Colorado,Team,True,7499,"['ProgressiveParlayTeamEligible', 'MainPointLine', 'SGP']","[{'id': '42600', 'name': 'Northern Colorado', 'type': 'Team'}]",Madness Props,Spread
0HC79100367N750_1,2,2_79100367,UC Irvine,-108,1.92592593,1.92,25/27,-7.5,UC Irvine,Team,True,7501,"['ProgressiveParlayTeamEligible', 'MainPointLine', 'SGP']","[{'id': '44593', 'name': 'UC Irvine', 'type': 'Team'}]",Madness Props,Spread
0OU79100367O15150_1,2,3_79100367,Over,-105,1.95238096,1.95,20/21,151.5,,Unknown,True,151500,"['ProgressiveParlayTeamEligible', 'MainPointLine', 'SGP']",Madness Props,Total
0OU79100367U15150_3,2,3_79100367,Under,-115,1.86956522,1.86,20/23,151.5,,Unknown,True,151502,"['ProgressiveParlayTeamEligible', 'MainPointLine', 'SGP']",Madness Props,Total
0ML79100367_3,2,1_79100367,Northern Colorado,+270,3.7,3.70,27/10,Northern Colorado,Team,True,1280026002,['SGP'],"[{'id': '42600', 'name': 'Northern Colorado', 'type': 'Team'}]",Madness Props,Moneyline
0ML79100367_1,2,1_79100367,UC Irvine,-340,1.29411765,1.29,5/17,UC Irvine,Team,True,1280027998,['SGP'],"[{'id': '44593', 'name': 'UC Irvine', 'type': 'Team'}]",Madness Props,Moneyline
0HC79100369P750_3,2,2_79100369,Utah Valley,-108,1.92592593,1.92,25/27,7.5,Utah Valley,Team,True,7499,"['ProgressiveParlayTeamEligible', 'MainPointLine', 'SGP']","[{'id': '44362', 'name': 'Utah Valley', 'type': 'Team'}]",Madness Props,Spread
0HC79100369N750_1,2,2_79100369,San Francisco,-112,1.89285715,1.89,25/28,-7.5,San Francisco,Team,True,7501,"['ProgressiveParlayTeamEligible', 'MainPointLine', 'SGP']","[{'id': '44575', 'name': 'San Francisco', 'type': 'Team'}]",Madness Props,Spread
0OU79100369O14650_1,2,3_79100369,Over,-105,1.95238096,1.95,20/21,146.5,,Unknown,True,146500,"['ProgressiveParlayTeamEligible', 'MainPointLine', 'SGP']",Madness Props,Total
0OU79100369U14650_3,2,3_79100369,Under,-115,1.86956522,1.86,20/23,146.5,,Unknown,True,146502,"['ProgressiveParlayTeamEligible', 'MainPointLine', 'SGP']",Madness Props,Total
0ML79100369_3,2,1_79100369,Utah Valley,+275,3.75,3.75,11/4,Utah Valley,Team,True,1280026011,['SGP'],"[{'id': '44362', 'name': 'Utah Valley', 'type': 'Team'}]",Madness Props,Moneyline
0ML79100369_1,2,1_79100369,San Francisco,-345,1.28985508,1.28,20/69,San Francisco,Team,True,1280028005,['SGP'],"[{'id': '44575', 'name': 'San Francisco', 'type': 'Team'}]",Madness Props,Moneyline
0HC79100366N250_3,2,2_79100366,Loyola Chicago,-118,1.84745763,1.84,50/59,-2.5,Loyola Chicago,Team,True,-2501,"['ProgressiveParlayTeamEligible', 'MainPointLine', 'SGP']","[{'id': '43985', 'name': 'Loyola Chicago', 'type': 'Team'}]",Madness Props,Spread
0HC79100366P250_1,2,2_79100366,San Jose State,-102,1.98039216,1.98,50/51,2.5,San Jose State,Team,True,-2499,"['ProgressiveParlayTeamEligible', 'MainPointLine', 'SGP']","[{'id': '41391', 'name': 'San Jose State', 'type': 'Team'}]",Madness Props,Spread
0OU79100366O14050_1,2,3_79100366,Over,-115,1.86956522,1.86,20/23,140.5,,Unknown,True,140500,"['ProgressiveParlayTeamEligible', 'MainPointLine', 'SGP']",Madness Props,Total
0OU79100366U14050_3,2,3_79100366,Under,-105,1.95238096,1.95,20/21,140.5,,Unknown,True,140502,"['ProgressiveParlayTeamEligible', 'MainPointLine', 'SGP']",Madness Props,Total
0ML79100366_3,2,1_79100366,Loyola Chicago,-142,1.70422536,1.70,50/71,Loyola Chicago,Team,True,1280025995,['SGP'],"[{'id': '43985', 'name': 'Loyola Chicago', 'type': 'Team'}]",Madness Props,Moneyline
0ML79100366_1,2,1_79100366,San Jose State,+120,2.2,2.20,6/5,San Jose State,Team,True,1280027991,['SGP'],"[{'id': '41391', 'name': 'San Jose State', 'type': 'Team'}]",Madness Props,Moneyline
0HC79092456P250_3,2,2_79092456,Creighton,-110,1.90909091,1.90,10/11,2.5,Creighton,Team,True,2499,"['ProgressiveParlayTeamEligible', 'MainPointLine', 'SGP']","[{'id': '43875', 'name': 'Creighton', 'type': 'Team'}]",Madness Props,Spread
0HC79092456N250_1,2,2_79092456,Louisville,-110,1.90909091,1.90,10/11,-2.5,Louisville,Team,True,2501,"['ProgressiveParlayTeamEligible', 'MainPointLine', 'SGP']","[{'id': '41477', 'name': 'Louisville', 'type': 'Team'}]",Madness Props,Spread
0OU79092456O14450_1,2,3_79092456,Over,-110,1.90909091,1.90,10/11,144.5,,Unknown,True,144500,"['ProgressiveParlayTeamEligible', 'MainPointLine', 'SGP']",Madness Props,Total
0OU79092456U14450_3,2,3_79092456,Under,-110,1.90909091,1.90,10/11,144.5,,Unknown,True,144502,"['ProgressiveParlayTeamEligible', 'MainPointLine', 'SGP']",Madness Props,Total
0ML79092456_3,2,1_79092456,Creighton,+120,2.2,2.20,6/5,Creighton,Team,True,1279851890,['SGP'],"[{'id': '43875', 'name': 'Creighton', 'type': 'Team'}]",Madness Props,Moneyline
0ML79092456_1,2,1_79092456,Louisville,-142,1.70422536,1.70,50/71,Louisville,Team,True,1279853886,['SGP'],"[{'id': '41477', 'name': 'Louisville', 'type': 'Team'}]",Madness Props,Moneyline
0HC79092925P750_3,2,2_79092925,High Point,-102,1.98039216,1.98,50/51,7.5,High Point,Team,True,7499,"['ProgressiveParlayTeamEligible', 'MainPointLine', 'SGP']","[{'id': '45137', 'name': 'High Point', 'type': 'Team'}]",Madness Props,Spread
0HC79092925N750_1,2,2_79092925,Purdue,-118,1.84745763,1.84,50/59,-7.5,Purdue,Team,True,7501,"['ProgressiveParlayTeamEligible', 'MainPointLine', 'SGP']","[{'id': '42127', 'name': 'Purdue', 'type': 'Team'}]",Madness Props,Spread
0OU79092925O15350_1,2,3_79092925,Over,-105,1.95238096,1.95,20/21,153.5,,Unknown,True,153500,"['ProgressiveParlayTeamEligible', 'MainPointLine', 'SGP']",Madness Props,Total
0OU79092925U15350_3,2,3_79092925,Under,-115,1.86956522,1.86,20/23,153.5,,Unknown,True,153502,"['ProgressiveParlayTeamEligible', 'MainPointLine', 'SGP']",Madness Props,Total
0ML79092925_3,2,1_79092925,High Point,+295,3.95,3.95,59/20,High Point,Team,True,1279860143,['SGP'],"[{'id': '45137', 'name': 'High Point', 'type': 'Team'}]",Madness Props,Moneyline
0ML79092925_1,2,1_79092925,Purdue,-375,1.26666667,1.26,4/15,Purdue,Team,True,1279862139,['SGP'],"[{'id': '42127', 'name': 'Purdue', 'type': 'Team'}]",Madness Props,Moneyline
0HC79092767P1750_3,2,2_79092767,Montana,-115,1.86956522,1.86,20/23,17.5,Montana,Team,True,17499,"['ProgressiveParlayTeamEligible', 'MainPointLine', 'SGP']","[{'id': '42575', 'name': 'Montana', 'type': 'Team'}]",Madness Props,Spread
0HC79092767N1750_1,2,2_79092767,Wisconsin,-105,1.95238096,1.95,20/21,-17.5,Wisconsin,Team,True,17501,"['ProgressiveParlayTeamEligible', 'MainPointLine', 'SGP']","[{'id': '43620', 'name': 'Wisconsin', 'type': 'Team'}]",Madness Props,Spread
0OU79092767O15250_1,2,3_79092767,Over,-105,1.95238096,1.95,20/21,152.5,,Unknown,True,152500,"['ProgressiveParlayTeamEligible', 'MainPointLine']",Madness Props,Total
0OU79092767U15250_3,2,3_79092767,Under,-115,1.86956522,1.86,20/23,152.5,,Unknown,True,152502,"['ProgressiveParlayTeamEligible', 'MainPointLine', 'SGP']",Madness Props,Total
0ML79092767_3,2,1_79092767,Montana,+1200,13,13.00,12/1,Montana,Team,True,1279858456,['SGP'],"[{'id': '42575', 'name': 'Montana', 'type': 'Team'}]",Madness Props,Moneyline
0ML79092767_1,2,1_79092767,Wisconsin,-2400,1.04166667,1.04,1/24,Wisconsin,Team,True,1279860452,['SGP'],"[{'id': '43620', 'name': 'Wisconsin', 'type': 'Team'}]",Madness Props,Moneyline
0HC79092890P2950_3,2,2_79092890,SIU Edwardsville,-115,1.86956522,1.86,20/23,29.5,SIU Edwardsville,Team,True,29499,"['ProgressiveParlayTeamEligible', 'MainPointLine', 'SGP']","[{'id': '43647', 'name': 'SIU Edwardsville', 'type': 'Team'}]",Madness Props,Spread
0HC79092890N2950_1,2,2_79092890,Houston,-105,1.95238096,1.95,20/21,-29.5,Houston,Team,True,29501,"['ProgressiveParlayTeamEligible', 'MainPointLine', 'SGP']","[{'id': '43043', 'name': 'Houston', 'type': 'Team'}]",Madness Props,Spread
0OU79092890O12650_1,2,3_79092890,Over,-108,1.92592593,1.92,25/27,126.5,,Unknown,True,126500,"['ProgressiveParlayTeamEligible', 'MainPointLine', 'SGP']",Madness Props,Total
0OU79092890U12650_3,2,3_79092890,Under,-112,1.89285715,1.89,25/28,126.5,,Unknown,True,126502,"['ProgressiveParlayTeamEligible', 'MainPointLine', 'SGP']",Madness Props,Total
0HC79092912P750_3,2,2_79092912,McNeese,-110,1.90909091,1.90,10/11,7.5,McNeese,Team,True,7499,"['ProgressiveParlayTeamEligible', 'MainPointLine', 'SGP']","[{'id': '41412', 'name': 'McNeese', 'type': 'Team'}]",Madness Props,Spread
0HC79092912N750_1,2,2_79092912,Clemson,-110,1.90909091,1.90,10/11,-7.5,Clemson,Team,True,7501,"['ProgressiveParlayTeamEligible', 'MainPointLine', 'SGP']","[{'id': '41619', 'name': 'Clemson', 'type': 'Team'}]",Madness Props,Spread
0OU79092912O13450_1,2,3_79092912,Over,-105,1.95238096,1.95,20/21,134.5,,Unknown,True,134500,"['ProgressiveParlayTeamEligible', 'MainPointLine', 'SGP']",Madness Props,Total
0OU79092912U13450_3,2,3_79092912,Under,-115,1.86956522,1.86,20/23,134.5,,Unknown,True,134502,"['ProgressiveParlayTeamEligible', 'MainPointLine', 'SGP']",Madness Props,Total
0ML79092912_3,2,1_79092912,McNeese,+275,3.75,3.75,11/4,McNeese,Team,True,1279860136,['SGP'],"[{'id': '41412', 'name': 'McNeese', 'type': 'Team'}]",Madness Props,Moneyline
0ML79092912_1,2,1_79092912,Clemson,-345,1.28985508,1.28,20/69,Clemson,Team,True,1279862132,['SGP'],"[{'id': '41619', 'name': 'Clemson', 'type': 'Team'}]",Madness Props,Moneyline
0HC79092766P250_3,2,2_79092766,VCU,-102,1.98039216,1.98,50/51,2.5,VCU,Team,True,2499,"['ProgressiveParlayTeamEligible', 'MainPointLine', 'SGP']","[{'id': '42328', 'name': 'VCU', 'type': 'Team'}]",Madness Props,Spread
0HC79092766N250_1,2,2_79092766,BYU,-118,1.84745763,1.84,50/59,-2.5,BYU,Team,True,2501,"['ProgressiveParlayTeamEligible', 'MainPointLine', 'SGP']","[{'id': '44811', 'name': 'BYU', 'type': 'Team'}]",Madness Props,Spread
0OU79092766O14650_1,2,3_79092766,Over,-105,1.95238096,1.95,20/21,146.5,,Unknown,True,146500,"['ProgressiveParlayTeamEligible', 'MainPointLine', 'SGP']",Madness Props,Total
0OU79092766U14650_3,2,3_79092766,Under,-115,1.86956522,1.86,20/23,146.5,,Unknown,True,146502,"['ProgressiveParlayTeamEligible', 'MainPointLine', 'SGP']",Madness Props,Total
0ML79092766_3,2,1_79092766,VCU,+130,2.3,2.30,13/10,VCU,Team,True,1279858449,['SGP'],"[{'id': '42328', 'name': 'VCU', 'type': 'Team'}]",Madness Props,Moneyline
0ML79092766_1,2,1_79092766,BYU,-155,1.6451613,1.64,20/31,BYU,Team,True,1279860445,['SGP'],"[{'id': '44811', 'name': 'BYU', 'type': 'Team'}]",Madness Props,Moneyline
0HC79093078P550_3,2,2_79093078,Georgia,-102,1.98039216,1.98,50/51,5.5,Georgia Bulldogs,Team,True,5499,"['ProgressiveParlayTeamEligible', 'MainPointLine', 'SGP']","[{'id': '42478', 'name': 'Georgia Bulldogs', 'type': 'Team'}]",Madness Props,Spread
0HC79093078N550_1,2,2_79093078,Gonzaga,-118,1.84745763,1.84,50/59,-5.5,Gonzaga,Team,True,5501,"['ProgressiveParlayTeamEligible', 'MainPointLine', 'SGP']","[{'id': '44154', 'name': 'Gonzaga', 'type': 'Team'}]",Madness Props,Spread
0OU79093078O15050_1,2,3_79093078,Over,-112,1.89285715,1.89,25/28,150.5,,Unknown,True,150500,"['ProgressiveParlayTeamEligible', 'MainPointLine', 'SGP']",Madness Props,Total
0OU79093078U15050_3,2,3_79093078,Under,-108,1.92592593,1.92,25/27,150.5,,Unknown,True,150502,"['ProgressiveParlayTeamEligible', 'MainPointLine', 'SGP']",Madness Props,Total
0ML79093078_3,2,1_79093078,Georgia,+215,3.15,3.15,43/20,Georgia Bulldogs,Team,True,1279863188,['SGP'],"[{'id': '42478', 'name': 'Georgia Bulldogs', 'type': 'Team'}]",Madness Props,Moneyline
0ML79093078_1,2,1_79093078,Gonzaga,-265,1.3773585,1.37,20/53,Gonzaga,Team,True,1279865184,['SGP'],"[{'id': '44154', 'name': 'Gonzaga', 'type': 'Team'}]",Madness Props,Moneyline
0HC79092949P1850_3,2,2_79092949,Wofford,-108,1.92592593,1.92,25/27,18.5,Wofford,Team,True,18499,"['ProgressiveParlayTeamEligible', 'MainPointLine', 'SGP']","[{'id': '42442', 'name': 'Wofford', 'type': 'Team'}]",Madness Props,Spread
0HC79092949N1850_1,2,2_79092949,Tennessee,-112,1.89285715,1.89,25/28,-18.5,Tennessee,Team,True,18501,"['ProgressiveParlayTeamEligible', 'MainPointLine', 'SGP']","[{'id': '42305', 'name': 'Tennessee', 'type': 'Team'}]",Madness Props,Spread
0OU79092949O13250_1,2,3_79092949,Over,-115,1.86956522,1.86,20/23,132.5,,Unknown,True,132500,"['ProgressiveParlayTeamEligible', 'MainPointLine', 'SGP']",Madness Props,Total
0OU79092949U13250_3,2,3_79092949,Under,-105,1.95238096,1.95,20/21,132.5,,Unknown,True,132502,"['ProgressiveParlayTeamEligible', 'MainPointLine', 'SGP']",Madness Props,Total
0ML79092949_3,2,1_79092949,Wofford,+1500,16,16.00,15/1,Wofford,Team,True,1279861137,['SGP'],"[{'id': '42442', 'name': 'Wofford', 'type': 'Team'}]",Madness Props,Moneyline
0ML79092949_1,2,1_79092949,Tennessee,-3600,1.02777778,1.02,1/36,Tennessee,Team,True,1279863133,['SGP'],"[{'id': '42305', 'name': 'Tennessee', 'type': 'Team'}]",Madness Props,Moneyline
0HC79092964P450_3,2,2_79092964,Arkansas,-110,1.90909091,1.90,10/11,4.5,Arkansas,Team,True,4499,"['ProgressiveParlayTeamEligible', 'MainPointLine', 'SGP']","[{'id': '42107', 'name': 'Arkansas', 'type': 'Team'}]",Madness Props,Spread
0HC79092964N450_1,2,2_79092964,Kansas,-110,1.90909091,1.90,10/11,-4.5,Kansas,Team,True,4501,"['ProgressiveParlayTeamEligible', 'MainPointLine', 'SGP']","[{'id': '41920', 'name': 'Kansas', 'type': 'Team'}]",Madness Props,Spread
0OU79092964O14550_1,2,3_79092964,Over,-115,1.86956522,1.86,20/23,145.5,,Unknown,True,145500,"['ProgressiveParlayTeamEligible', 'MainPointLine', 'SGP']",Madness Props,Total
0OU79092964U14550_3,2,3_79092964,Under,-105,1.95238096,1.95,20/21,145.5,,Unknown,True,145502,"['ProgressiveParlayTeamEligible', 'MainPointLine', 'SGP']",Madness Props,Total
0ML79092964_3,2,1_79092964,Arkansas,+164,2.64,2.64,41/25,Arkansas,Team,True,1279861242,['SGP'],"[{'id': '42107', 'name': 'Arkansas', 'type': 'Team'}]",Madness Props,Moneyline
0ML79092964_1,2,1_79092964,Kansas,-198,1.50505051,1.50,50/99,Kansas,Team,True,1279863238,['SGP'],"[{'id': '41920', 'name': 'Kansas', 'type': 'Team'}]",Madness Props,Moneyline
0HC79092474P750_3,2,2_79092474,Yale,-115,1.86956522,1.86,20/23,7.5,Yale,Team,True,7499,"['ProgressiveParlayTeamEligible', 'MainPointLine', 'SGP']","[{'id': '42873', 'name': 'Yale', 'type': 'Team'}]",Madness Props,Spread
0HC79092474N750_1,2,2_79092474,Texas A&M,-105,1.95238096,1.95,20/21,-7.5,Texas A&M,Team,True,7501,"['ProgressiveParlayTeamEligible', 'MainPointLine', 'SGP']","[{'id': '44866', 'name': 'Texas A&M', 'type': 'Team'}]",Madness Props,Spread
0OU79092474O13950_1,2,3_79092474,Over,-115,1.86956522,1.86,20/23,139.5,,Unknown,True,139500,"['ProgressiveParlayTeamEligible', 'MainPointLine', 'SGP']",Madness Props,Total
0OU79092474U13950_3,2,3_79092474,Under,-105,1.95238096,1.95,20/21,139.5,,Unknown,True,139502,"['ProgressiveParlayTeamEligible', 'MainPointLine', 'SGP']",Madness Props,Total
0ML79092474_3,2,1_79092474,Yale,+260,3.6,3.60,13/5,Yale,Team,True,1279852093,['SGP'],"[{'id': '42873', 'name': 'Yale', 'type': 'Team'}]",Madness Props,Moneyline
0ML79092474_1,2,1_79092474,Texas A&M,-325,1.30769231,1.30,4/13,Texas A&M,Team,True,1279854089,['SGP'],"[{'id': '44866', 'name': 'Texas A&M', 'type': 'Team'}]",Madness Props,Moneyline
0HC79092959P650_3,2,2_79092959,Drake,-112,1.89285715,1.89,25/28,6.5,Drake,Team,True,6499,"['ProgressiveParlayTeamEligible', 'MainPointLine', 'SGP']","[{'id': '41573', 'name': 'Drake', 'type': 'Team'}]",Madness Props,Spread
0HC79092959N650_1,2,2_79092959,Missouri,-108,1.92592593,1.92,25/27,-6.5,Missouri,Team,True,6501,"['ProgressiveParlayTeamEligible', 'MainPointLine', 'SGP']","[{'id': '43114', 'name': 'Missouri', 'type': 'Team'}]",Madness Props,Spread
0OU79092959O13250_1,2,3_79092959,Over,-108,1.92592593,1.92,25/27,132.5,,Unknown,True,132500,"['ProgressiveParlayTeamEligible', 'MainPointLine', 'SGP']",Madness Props,Total
0OU79092959U13250_3,2,3_79092959,Under,-112,1.89285715,1.89,25/28,132.5,,Unknown,True,132502,"['ProgressiveParlayTeamEligible', 'MainPointLine', 'SGP']",Madness Props,Total
0ML79092959_3,2,1_79092959,Drake,+220,3.2,3.20,11/5,Drake,Team,True,1279861207,['SGP'],"[{'id': '41573', 'name': 'Drake', 'type': 'Team'}]",Madness Props,Moneyline
0ML79092959_1,2,1_79092959,Missouri,-270,1.37037038,1.37,10/27,Missouri,Team,True,1279863203,['SGP'],"[{'id': '43114', 'name': 'Missouri', 'type': 'Team'}]",Madness Props,Moneyline
0HC79092948P550_3,2,2_79092948,Utah State,-112,1.89285715,1.89,25/28,5.5,Utah State,Team,True,5499,"['ProgressiveParlayTeamEligible', 'MainPointLine', 'SGP']","[{'id': '44224', 'name': 'Utah State', 'type': 'Team'}]",Madness Props,Spread
0HC79092948N550_1,2,2_79092948,UCLA,-108,1.92592593,1.92,25/27,-5.5,UCLA,Team,True,5501,"['ProgressiveParlayTeamEligible', 'MainPointLine', 'SGP']","[{'id': '44331', 'name': 'UCLA', 'type': 'Team'}]",Madness Props,Spread
0OU79092948O14350_1,2,3_79092948,Over,-115,1.86956522,1.86,20/23,143.5,,Unknown,True,143500,"['ProgressiveParlayTeamEligible', 'MainPointLine', 'SGP']",Madness Props,Total
0OU79092948U14350_3,2,3_79092948,Under,-105,1.95238096,1.95,20/21,143.5,,Unknown,True,143502,"['ProgressiveParlayTeamEligible', 'MainPointLine', 'SGP']",Madness Props,Total
0ML79092948_3,2,1_79092948,Utah State,+190,2.9,2.90,19/10,Utah State,Team,True,1279861130,['SGP'],"[{'id': '44224', 'name': 'Utah State', 'type': 'Team'}]",Madness Props,Moneyline
0ML79092948_1,2,1_79092948,UCLA,-230,1.43478261,1.43,10/23,UCLA,Team,True,1279863126,['SGP'],"[{'id': '44331', 'name': 'UCLA', 'type': 'Team'}]",Madness Props,Moneyline
0HC79092965P1850_3,2,2_79092965,Omaha,-108,1.92592593,1.92,25/27,18.5,Omaha,Team,True,18499,"['ProgressiveParlayTeamEligible', 'MainPointLine', 'SGP']","[{'id': '43093', 'name': 'Omaha', 'type': 'Team'}]",Madness Props,Spread
0HC79092965N1850_1,2,2_79092965,St. Johns,-112,1.89285715,1.89,25/28,-18.5,St. Johns,Team,True,18501,"['ProgressiveParlayTeamEligible', 'MainPointLine', 'SGP']","[{'id': '41392', 'name': 'St. Johns', 'type': 'Team'}]",Madness Props,Spread
0OU79092965O14750_1,2,3_79092965,Over,-115,1.86956522,1.86,20/23,147.5,,Unknown,True,147500,"['ProgressiveParlayTeamEligible', 'MainPointLine', 'SGP']",Madness Props,Total
0OU79092965U14750_3,2,3_79092965,Under,-105,1.95238096,1.95,20/21,147.5,,Unknown,True,147502,"['ProgressiveParlayTeamEligible', 'MainPointLine', 'SGP']",Madness Props,Total
0ML79092965_3,2,1_79092965,Omaha,+1500,16,16.00,15/1,Omaha,Team,True,1279861249,['SGP'],"[{'id': '43093', 'name': 'Omaha', 'type': 'Team'}]",Madness Props,Moneyline
0ML79092965_1,2,1_79092965,St. Johns,-3600,1.02777778,1.02,1/36,St. Johns,Team,True,1279863245,['SGP'],"[{'id': '41392', 'name': 'St. Johns', 'type': 'Team'}]",Madness Props,Moneyline
0HC79092459P250_3,2,2_79092459,UC San Diego,-108,1.92592593,1.92,25/27,2.5,UC San Diego,Team,True,2499,"['ProgressiveParlayTeamEligible', 'MainPointLine', 'SGP']","[{'id': '302038', 'name': 'UC San Diego', 'type': 'Team'}]",Madness Props,Spread
0HC79092459N250_1,2,2_79092459,Michigan,-112,1.89285715,1.89,25/28,-2.5,Michigan,Team,True,2501,"['ProgressiveParlayTeamEligible', 'MainPointLine', 'SGP']","[{'id': '43956', 'name': 'Michigan', 'type': 'Team'}]",Madness Props,Spread
0OU79092459O14250_1,2,3_79092459,Over,-108,1.92592593,1.92,25/27,142.5,,Unknown,True,142500,"['ProgressiveParlayTeamEligible', 'MainPointLine', 'SGP']",Madness Props,Total
0OU79092459U14250_3,2,3_79092459,Under,-112,1.89285715,1.89,25/28,142.5,,Unknown,True,142502,"['ProgressiveParlayTeamEligible', 'MainPointLine', 'SGP']",Madness Props,Total
0ML79092459_3,2,1_79092459,UC San Diego,+124,2.24,2.24,31/25,UC San Diego,Team,True,1279851932,['SGP'],"[{'id': '302038', 'name': 'UC San Diego', 'type': 'Team'}]",Madness Props,Moneyline
0ML79092459_1,2,1_79092459,Michigan,-148,1.67567568,1.67,25/37,Michigan,Team,True,1279853928,['SGP'],"[{'id': '43956', 'name': 'Michigan', 'type': 'Team'}]",Madness Props,Moneyline
0HC79092963P1550_3,2,2_79092963,UNC Wilmington,-108,1.92592593,1.92,25/27,15.5,UNC Wilmington,Team,True,15499,"['ProgressiveParlayTeamEligible', 'MainPointLine', 'SGP']","[{'id': '42593', 'name': 'UNC Wilmington', 'type': 'Team'}]",Madness Props,Spread
0HC79092963N1550_1,2,2_79092963,Texas Tech,-112,1.89285715,1.89,25/28,-15.5,Texas Tech,Team,True,15501,"['ProgressiveParlayTeamEligible', 'MainPointLine', 'SGP']","[{'id': '42835', 'name': 'Texas Tech', 'type': 'Team'}]",Madness Props,Spread
0OU79092963O14350_1,2,3_79092963,Over,-112,1.89285715,1.89,25/28,143.5,,Unknown,True,143500,"['ProgressiveParlayTeamEligible', 'MainPointLine', 'SGP']",Madness Props,Total
0OU79092963U14350_3,2,3_79092963,Under,-108,1.92592593,1.92,25/27,143.5,,Unknown,True,143502,"['ProgressiveParlayTeamEligible', 'MainPointLine', 'SGP']",Madness Props,Total
0ML79092963_3,2,1_79092963,UNC Wilmington,+1000,11,11.00,10/1,UNC Wilmington,Team,True,1279861235,['SGP'],"[{'id': '42593', 'name': 'UNC Wilmington', 'type': 'Team'}]",Madness Props,Moneyline
0ML79092963_1,2,1_79092963,Texas Tech,-1800,1.05555556,1.05,1/18,Texas Tech,Team,True,1279863231,['SGP'],"[{'id': '42835', 'name': 'Texas Tech', 'type': 'Team'}]",Madness Props,Moneyline
0HC79092703P100_3,2,2_79092703,Baylor,-108,1.92592593,1.92,25/27,1,Baylor,Team,True,999,"['ProgressiveParlayTeamEligible', 'MainPointLine', 'SGP']","[{'id': '44466', 'name': 'Baylor', 'type': 'Team'}]",Madness Props,Spread
0HC79092703N100_1,2,2_79092703,Mississippi State,-112,1.89285715,1.89,25/28,-1,Mississippi State,Team,True,1001,"['ProgressiveParlayTeamEligible', 'MainPointLine', 'SGP']","[{'id': '42185', 'name': 'Mississippi State', 'type': 'Team'}]",Madness Props,Spread
0OU79092703O14450_1,2,3_79092703,Over,-110,1.90909091,1.90,10/11,144.5,,Unknown,True,144500,"['ProgressiveParlayTeamEligible', 'MainPointLine', 'SGP']",Madness Props,Total
0OU79092703U14450_3,2,3_79092703,Under,-110,1.90909091,1.90,10/11,144.5,,Unknown,True,144502,"['ProgressiveParlayTeamEligible', 'MainPointLine', 'SGP']",Madness Props,Total
0ML79092703_3,2,1_79092703,Baylor,+100,2,2.00,1/1,Baylor,Team,True,1279857126,['SGP'],"[{'id': '44466', 'name': 'Baylor', 'type': 'Team'}]",Madness Props,Moneyline
0ML79092703_1,2,1_79092703,Mississippi State,-120,1.83333334,1.83,5/6,Mississippi State,Team,True,1279859122,['SGP'],"[{'id': '42185', 'name': 'Mississippi State', 'type': 'Team'}]",Madness Props,Moneyline
0HC79092773P2350_3,2,2_79092773,Robert Morris,-115,1.86956522,1.86,20/23,23.5,Robert Morris,Team,True,23499,"['ProgressiveParlayTeamEligible', 'MainPointLine', 'SGP']","[{'id': '44588', 'name': 'Robert Morris', 'type': 'Team'}]",Madness Props,Spread
0HC79092773N2350_1,2,2_79092773,Alabama,-105,1.95238096,1.95,20/21,-23.5,Alabama,Team,True,23501,"['ProgressiveParlayTeamEligible', 'MainPointLine', 'SGP']","[{'id': '42858', 'name': 'Alabama', 'type': 'Team'}]",Madness Props,Spread
0OU79092773O16550_1,2,3_79092773,Over,-108,1.92592593,1.92,25/27,165.5,,Unknown,True,165500,"['ProgressiveParlayTeamEligible', 'MainPointLine', 'SGP']",Madness Props,Total
0OU79092773U16550_3,2,3_79092773,Under,-112,1.89285715,1.89,25/28,165.5,,Unknown,True,165502,"['ProgressiveParlayTeamEligible', 'MainPointLine', 'SGP']",Madness Props,Total
0ML79092773_3,2,1_79092773,Robert Morris,+1800,19,19.00,18/1,Robert Morris,Team,True,1279858596,['SGP'],"[{'id': '44588', 'name': 'Robert Morris', 'type': 'Team'}]",Madness Props,Moneyline
0ML79092773_1,2,1_79092773,Alabama,-5000,1.02,1.02,1/50,Alabama,Team,True,1279860592,['SGP'],"[{'id': '42858', 'name': 'Alabama', 'type': 'Team'}]",Madness Props,Moneyline
0HC79092479P1450_3,2,2_79092479,Lipscomb,-102,1.98039216,1.98,50/51,14.5,Lipscomb,Team,True,14499,"['ProgressiveParlayTeamEligible', 'MainPointLine', 'SGP']","[{'id': '43785', 'name': 'Lipscomb', 'type': 'Team'}]",Madness Props,Spread
0HC79092479N1450_1,2,2_79092479,Iowa State,-118,1.84745763,1.84,50/59,-14.5,Iowa State,Team,True,14501,"['ProgressiveParlayTeamEligible', 'MainPointLine', 'SGP']","[{'id': '42961', 'name': 'Iowa State', 'type': 'Team'}]",Madness Props,Spread
0OU79092479O14350_1,2,3_79092479,Over,-105,1.95238096,1.95,20/21,143.5,,Unknown,True,143500,"['ProgressiveParlayTeamEligible', 'MainPointLine', 'SGP']",Madness Props,Total
0OU79092479U14350_3,2,3_79092479,Under,-115,1.86956522,1.86,20/23,143.5,,Unknown,True,143502,"['ProgressiveParlayTeamEligible', 'MainPointLine', 'SGP']",Madness Props,Total
0ML79092479_3,2,1_79092479,Lipscomb,+900,10,10.00,9/1,Lipscomb,Team,True,1279852128,['SGP'],"[{'id': '43785', 'name': 'Lipscomb', 'type': 'Team'}]",Madness Props,Moneyline
0ML79092479_1,2,1_79092479,Iowa State,-1600,1.0625,1.06,1/16,Iowa State,Team,True,1279854124,['SGP'],"[{'id': '42961', 'name': 'Iowa State', 'type': 'Team'}]",Madness Props,Moneyline
0HC79092954N150_3,2,2_79092954,Colorado State,-118,1.84745763,1.84,50/59,-1.5,Colorado State,Team,True,-1501,"['ProgressiveParlayTeamEligible', 'MainPointLine', 'SGP']","[{'id': '45374', 'name': 'Colorado State', 'type': 'Team'}]",Madness Props,Spread
0HC79092954P150_1,2,2_79092954,Memphis,-102,1.98039216,1.98,50/51,1.5,Memphis,Team,True,-1499,"['ProgressiveParlayTeamEligible', 'MainPointLine', 'SGP']","[{'id': '43053', 'name': 'Memphis', 'type': 'Team'}]",Madness Props,Spread
0OU79092954O14750_1,2,3_79092954,Over,-110,1.90909091,1.90,10/11,147.5,,Unknown,True,147500,"['ProgressiveParlayTeamEligible', 'MainPointLine', 'SGP']",Madness Props,Total
0OU79092954U14750_3,2,3_79092954,Under,-110,1.90909091,1.90,10/11,147.5,,Unknown,True,147502,"['ProgressiveParlayTeamEligible', 'MainPointLine', 'SGP']",Madness Props,Total
0ML79092954_3,2,1_79092954,Colorado State,-135,1.74074075,1.74,20/27,Colorado State,Team,True,1279861172,['SGP'],"[{'id': '45374', 'name': 'Colorado State', 'type': 'Team'}]",Madness Props,Moneyline
0ML79092954_1,2,1_79092954,Memphis,+114,2.14,2.14,57/50,Memphis,Team,True,1279863168,['SGP'],"[{'id': '43053', 'name': 'Memphis', 'type': 'Team'}]",Madness Props,Moneyline
0HC79092772P450_3,2,2_79092772,Vanderbilt,-115,1.86956522,1.86,20/23,4.5,Vanderbilt,Team,True,4499,"['ProgressiveParlayTeamEligible', 'MainPointLine', 'SGP']","[{'id': '44513', 'name': 'Vanderbilt', 'type': 'Team'}]",Madness Props,Spread
0HC79092772N450_1,2,2_79092772,Saint Marys,-105,1.95238096,1.95,20/21,-4.5,Saint Marys,Team,True,4501,"['ProgressiveParlayTeamEligible', 'MainPointLine', 'SGP']","[{'id': '41405', 'name': 'Saint Marys', 'type': 'Team'}]",Madness Props,Spread
0OU79092772O13650_1,2,3_79092772,Over,-108,1.92592593,1.92,25/27,136.5,,Unknown,True,136500,"['ProgressiveParlayTeamEligible', 'MainPointLine', 'SGP']",Madness Props,Total
0OU79092772U13650_3,2,3_79092772,Under,-112,1.89285715,1.89,25/28,136.5,,Unknown,True,136502,"['ProgressiveParlayTeamEligible', 'MainPointLine', 'SGP']",Madness Props,Total
0ML79092772_3,2,1_79092772,Vanderbilt,+160,2.6,2.60,8/5,Vanderbilt,Team,True,1279858589,['SGP'],"[{'id': '44513', 'name': 'Vanderbilt', 'type': 'Team'}]",Madness Props,Moneyline
0ML79092772_1,2,1_79092772,Saint Marys,-192,1.52083334,1.52,25/48,Saint Marys,Team,True,1279860585,['SGP'],"[{'id': '41405', 'name': 'Saint Marys', 'type': 'Team'}]",Madness Props,Moneyline
0HC79111741P150_3,2,2_79111741,North Carolina,-110,1.90909091,1.90,10/11,1.5,North Carolina,Team,True,1499,"['ProgressiveParlayTeamEligible', 'MainPointLine', 'SGP']","[{'id': '42450', 'name': 'North Carolina', 'type': 'Team'}]",Madness Props,Spread
0HC79111741N150_1,2,2_79111741,Ole Miss,-110,1.90909091,1.90,10/11,-1.5,Ole Miss,Team,True,1501,"['ProgressiveParlayTeamEligible', 'MainPointLine', 'SGP']","[{'id': '43121', 'name': 'Ole Miss', 'type': 'Team'}]",Madness Props,Spread
0OU79111741O15250_1,2,3_79111741,Over,-110,1.90909091,1.90,10/11,152.5,,Unknown,True,152500,"['ProgressiveParlayTeamEligible', 'MainPointLine', 'SGP']",Madness Props,Total
0OU79111741U15250_3,2,3_79111741,Under,-110,1.90909091,1.90,10/11,152.5,,Unknown,True,152502,"['ProgressiveParlayTeamEligible', 'MainPointLine', 'SGP']",Madness Props,Total
0ML79111741_3,2,1_79111741,North Carolina,+105,2.05,2.05,21/20,North Carolina,Team,True,1280260180,['SGP'],"[{'id': '42450', 'name': 'North Carolina', 'type': 'Team'}]",Madness Props,Moneyline
0ML79111741_1,2,1_79111741,Ole Miss,-125,1.8,1.80,4/5,Ole Miss,Team,True,1280262176,['SGP'],"[{'id': '43121', 'name': 'Ole Miss', 'type': 'Team'}]",Madness Props,Moneyline
0HC79111740P350_3,2,2_79111740,San Diego State,-110,1.90909091,1.90,10/11,3.5,San Diego State,Team,True,3499,"['ProgressiveParlayTeamEligible', 'MainPointLine', 'SGP']","[{'id': '44675', 'name': 'San Diego State', 'type': 'Team'}]",Madness Props,Spread
0HC79111740N350_1,2,2_79111740,Ole Miss,-110,1.90909091,1.90,10/11,-3.5,Ole Miss,Team,True,3501,"['ProgressiveParlayTeamEligible', 'MainPointLine', 'SGP']","[{'id': '43121', 'name': 'Ole Miss', 'type': 'Team'}]",Madness Props,Spread
0OU79111740O13550_1,2,3_79111740,Over,-110,1.90909091,1.90,10/11,135.5,,Unknown,True,135500,"['ProgressiveParlayTeamEligible', 'MainPointLine', 'SGP']",Madness Props,Total
0OU79111740U13550_3,2,3_79111740,Under,-110,1.90909091,1.90,10/11,135.5,,Unknown,True,135502,"['ProgressiveParlayTeamEligible', 'MainPointLine', 'SGP']",Madness Props,Total
0ML79111740_3,2,1_79111740,San Diego State,+150,2.5,2.50,6/4,San Diego State,Team,True,1280260173,['SGP'],"[{'id': '44675', 'name': 'San Diego State', 'type': 'Team'}]",Madness Props,Moneyline
0ML79111740_1,2,1_79111740,Ole Miss,-180,1.55555556,1.55,5/9,Ole Miss,Team,True,1280262169,['SGP'],"[{'id': '43121', 'name': 'Ole Miss', 'type': 'Team'}]",Madness Props,Moneyline
0HC79092960P1050_3,2,2_79092960,Grand Canyon,-115,1.86956522,1.86,20/23,10.5,Grand Canyon,Team,True,10499,"['ProgressiveParlayTeamEligible', 'MainPointLine', 'SGP']","[{'id': '43744', 'name': 'Grand Canyon', 'type': 'Team'}]",Madness Props,Spread
0HC79092960N1050_1,2,2_79092960,Maryland,-105,1.95238096,1.95,20/21,-10.5,Maryland,Team,True,10501,"['ProgressiveParlayTeamEligible', 'MainPointLine', 'SGP']","[{'id': '42635', 'name': 'Maryland', 'type': 'Team'}]",Madness Props,Spread
0OU79092960O15050_1,2,3_79092960,Over,-105,1.95238096,1.95,20/21,150.5,,Unknown,True,150500,"['ProgressiveParlayTeamEligible', 'MainPointLine', 'SGP']",Madness Props,Total
0OU79092960U15050_3,2,3_79092960,Under,-115,1.86956522,1.86,20/23,150.5,,Unknown,True,150502,"['ProgressiveParlayTeamEligible', 'MainPointLine', 'SGP']",Madness Props,Total
0ML79092960_3,2,1_79092960,Grand Canyon,+425,5.25,5.25,17/4,Grand Canyon,Team,True,1279861214,['SGP'],"[{'id': '43744', 'name': 'Grand Canyon', 'type': 'Team'}]",Madness Props,Moneyline
0ML79092960_1,2,1_79092960,Maryland,-575,1.17391305,1.17,4/23,Maryland,Team,True,1279863210,['SGP'],"[{'id': '42635', 'name': 'Maryland', 'type': 'Team'}]",Madness Props,Moneyline
0HC79092952P2850_3,2,2_79092952,Norfolk State,-110,1.90909091,1.90,10/11,28.5,Norfolk State,Team,True,28499,"['ProgressiveParlayTeamEligible', 'MainPointLine', 'SGP']","[{'id': '43965', 'name': 'Norfolk State', 'type': 'Team'}]",Madness Props,Spread
0HC79092952N2850_1,2,2_79092952,Florida,-110,1.90909091,1.90,10/11,-28.5,Florida,Team,True,28501,"['ProgressiveParlayTeamEligible', 'MainPointLine', 'SGP']","[{'id': '44135', 'name': 'Florida', 'type': 'Team'}]",Madness Props,Spread
0OU79092952O15350_1,2,3_79092952,Over,-115,1.86956522,1.86,20/23,153.5,,Unknown,True,153500,"['ProgressiveParlayTeamEligible', 'MainPointLine', 'SGP']",Madness Props,Total
0OU79092952U15350_3,2,3_79092952,Under,-105,1.95238096,1.95,20/21,153.5,,Unknown,True,153502,"['ProgressiveParlayTeamEligible', 'MainPointLine', 'SGP']",Madness Props,Total
0ML79092952_3,2,1_79092952,Norfolk State,+2500,26,26.00,25/1,Norfolk State,Team,True,1279861158,['SGP'],"[{'id': '43965', 'name': 'Norfolk State', 'type': 'Team'}]",Madness Props,Moneyline
0ML79092952_1,2,1_79092952,Florida,-9000,1.01111112,1.01,1/90,Florida,Team,True,1279863154,['SGP'],"[{'id': '44135', 'name': 'Florida', 'type': 'Team'}]",Madness Props,Moneyline
0HC79092941P1150_3,2,2_79092941,Troy,-115,1.86956522,1.86,20/23,11.5,Troy,Team,True,11499,"['ProgressiveParlayTeamEligible', 'MainPointLine', 'SGP']","[{'id': '43481', 'name': 'Troy', 'type': 'Team'}]",Madness Props,Spread
0HC79092941N1150_1,2,2_79092941,Kentucky,-105,1.95238096,1.95,20/21,-11.5,Kentucky,Team,True,11501,"['ProgressiveParlayTeamEligible', 'MainPointLine', 'SGP']","[{'id': '44542', 'name': 'Kentucky', 'type': 'Team'}]",Madness Props,Spread
0OU79092941O15250_1,2,3_79092941,Over,-105,1.95238096,1.95,20/21,152.5,,Unknown,True,152500,"['ProgressiveParlayTeamEligible', 'MainPointLine', 'SGP']",Madness Props,Total
0OU79092941U15250_3,2,3_79092941,Under,-115,1.86956522,1.86,20/23,152.5,,Unknown,True,152502,"['ProgressiveParlayTeamEligible', 'MainPointLine', 'SGP']",Madness Props,Total
0ML79092941_3,2,1_79092941,Troy,+550,6.5,6.50,11/2,Troy,Team,True,1279861081,['SGP'],"[{'id': '43481', 'name': 'Troy', 'type': 'Team'}]",Madness Props,Moneyline
0ML79092941_1,2,1_79092941,Kentucky,-800,1.125,1.12,1/8,Kentucky,Team,True,1279863077,['SGP'],"[{'id': '44542', 'name': 'Kentucky', 'type': 'Team'}]",Madness Props,Moneyline
0HC79092502P350_3,2,2_79092502,New Mexico,-105,1.95238096,1.95,20/21,3.5,New Mexico,Team,True,3499,"['ProgressiveParlayTeamEligible', 'MainPointLine', 'SGP']","[{'id': '44215', 'name': 'New Mexico', 'type': 'Team'}]",Madness Props,Spread
0HC79092502N350_1,2,2_79092502,Marquette,-115,1.86956522,1.86,20/23,-3.5,Marquette,Team,True,3501,"['ProgressiveParlayTeamEligible', 'MainPointLine', 'SGP']","[{'id': '44018', 'name': 'Marquette', 'type': 'Team'}]",Madness Props,Spread
0OU79092502O15350_1,2,3_79092502,Over,-108,1.92592593,1.92,25/27,153.5,,Unknown,True,153500,"['ProgressiveParlayTeamEligible', 'MainPointLine', 'SGP']",Madness Props,Total
0OU79092502U15350_3,2,3_79092502,Under,-112,1.89285715,1.89,25/28,153.5,,Unknown,True,153502,"['ProgressiveParlayTeamEligible', 'MainPointLine', 'SGP']",Madness Props,Total
0ML79092502_3,2,1_79092502,New Mexico,+145,2.45,2.45,29/20,New Mexico,Team,True,1279852583,['SGP'],"[{'id': '44215', 'name': 'New Mexico', 'type': 'Team'}]",Madness Props,Moneyline
0ML79092502_1,2,1_79092502,Marquette,-175,1.57142858,1.57,4/7,Marquette,Team,True,1279854579,['SGP'],"[{'id': '44018', 'name': 'Marquette', 'type': 'Team'}]",Madness Props,Moneyline
0HC79092765P1350_3,2,2_79092765,Akron,-102,1.98039216,1.98,50/51,13.5,Akron,Team,True,13499,"['ProgressiveParlayTeamEligible', 'MainPointLine', 'SGP']","[{'id': '41425', 'name': 'Akron', 'type': 'Team'}]",Madness Props,Spread
0HC79092765N1350_1,2,2_79092765,Arizona,-118,1.84745763,1.84,50/59,-13.5,Arizona,Team,True,13501,"['ProgressiveParlayTeamEligible', 'MainPointLine', 'SGP']","[{'id': '45351', 'name': 'Arizona', 'type': 'Team'}]",Madness Props,Spread
0OU79092765O16650_1,2,3_79092765,Over,-115,1.86956522,1.86,20/23,166.5,,Unknown,True,166500,"['ProgressiveParlayTeamEligible', 'MainPointLine', 'SGP']",Madness Props,Total
0OU79092765U16650_3,2,3_79092765,Under,-105,1.95238096,1.95,20/21,166.5,,Unknown,True,166502,"['ProgressiveParlayTeamEligible', 'MainPointLine', 'SGP']",Madness Props,Total
0ML79092765_3,2,1_79092765,Akron,+750,8.5,8.50,15/2,Akron,Team,True,1279858442,['SGP'],"[{'id': '41425', 'name': 'Akron', 'type': 'Team'}]",Madness Props,Moneyline
0ML79092765_1,2,1_79092765,Arizona,-1200,1.08333334,1.08,1/12,Arizona,Team,True,1279860438,['SGP'],"[{'id': '45351', 'name': 'Arizona', 'type': 'Team'}]",Madness Props,Moneyline
0HC79092953P550_3,2,2_79092953,Oklahoma,-110,1.90909091,1.90,10/11,5.5,Oklahoma,Team,True,5499,"['ProgressiveParlayTeamEligible', 'MainPointLine', 'SGP']","[{'id': '42537', 'name': 'Oklahoma', 'type': 'Team'}]",Madness Props,Spread
0HC79092953N550_1,2,2_79092953,UConn,-110,1.90909091,1.90,10/11,-5.5,UConn,Team,True,5501,"['ProgressiveParlayTeamEligible', 'MainPointLine', 'SGP']","[{'id': '41421', 'name': 'UConn', 'type': 'Team'}]",Madness Props,Spread
0OU79092953O14750_1,2,3_79092953,Over,-112,1.89285715,1.89,25/28,147.5,,Unknown,True,147500,"['ProgressiveParlayTeamEligible', 'MainPointLine', 'SGP']",Madness Props,Total
0OU79092953U14750_3,2,3_79092953,Under,-108,1.92592593,1.92,25/27,147.5,,Unknown,True,147502,"['ProgressiveParlayTeamEligible', 'MainPointLine', 'SGP']",Madness Props,Total
0ML79092953_3,2,1_79092953,Oklahoma,+190,2.9,2.90,19/10,Oklahoma,Team,True,1279861165,['SGP'],"[{'id': '42537', 'name': 'Oklahoma', 'type': 'Team'}]",Madness Props,Moneyline
0ML79092953_1,2,1_79092953,UConn,-230,1.43478261,1.43,10/23,UConn,Team,True,1279863161,['SGP'],"[{'id': '41421', 'name': 'UConn', 'type': 'Team'}]",Madness Props,Moneyline
0HC79092553P1750_3,2,2_79092553,Bryant,-115,1.86956522,1.86,20/23,17.5,Bryant,Team,True,17499,"['ProgressiveParlayTeamEligible', 'MainPointLine', 'SGP']","[{'id': '42187', 'name': 'Bryant', 'type': 'Team'}]",Madness Props,Spread
0HC79092553N1750_1,2,2_79092553,Michigan State,-105,1.95238096,1.95,20/21,-17.5,Michigan State,Team,True,17501,"['ProgressiveParlayTeamEligible', 'MainPointLine', 'SGP']","[{'id': '41925', 'name': 'Michigan State', 'type': 'Team'}]",Madness Props,Spread
0OU79092553O15250_1,2,3_79092553,Over,-110,1.90909091,1.90,10/11,152.5,,Unknown,True,152500,"['ProgressiveParlayTeamEligible', 'MainPointLine', 'SGP']",Madness Props,Total
0OU79092553U15250_3,2,3_79092553,Under,-110,1.90909091,1.90,10/11,152.5,,Unknown,True,152502,"['ProgressiveParlayTeamEligible', 'MainPointLine', 'SGP']",Madness Props,Total
0ML79092553_3,2,1_79092553,Bryant,+1200,13,13.00,12/1,Bryant,Team,True,1279853801,['SGP'],"[{'id': '42187', 'name': 'Bryant', 'type': 'Team'}]",Madness Props,Moneyline
0ML79092553_1,2,1_79092553,Michigan State,-2400,1.04166667,1.04,1/24,Michigan State,Team,True,1279855797,['SGP'],"[{'id': '41925', 'name': 'Michigan State', 'type': 'Team'}]",Madness Props,Moneyline
0HC79092744P750_3,2,2_79092744,Liberty,-115,1.86956522,1.86,20/23,7.5,Liberty,Team,True,7499,"['ProgressiveParlayTeamEligible', 'MainPointLine', 'SGP']","[{'id': '41459', 'name': 'Liberty', 'type': 'Team'}]",Madness Props,Spread
0HC79092744N750_1,2,2_79092744,Oregon,-105,1.95238096,1.95,20/21,-7.5,Oregon,Team,True,7501,"['ProgressiveParlayTeamEligible', 'MainPointLine', 'SGP']","[{'id': '44430', 'name': 'Oregon', 'type': 'Team'}]",Madness Props,Spread
0OU79092744O13950_1,2,3_79092744,Over,-108,1.92592593,1.92,25/27,139.5,,Unknown,True,139500,"['ProgressiveParlayTeamEligible', 'MainPointLine', 'SGP']",Madness Props,Total
0OU79092744U13950_3,2,3_79092744,Under,-112,1.89285715,1.89,25/28,139.5,,Unknown,True,139502,"['ProgressiveParlayTeamEligible', 'MainPointLine', 'SGP']",Madness Props,Total
0ML79092744_3,2,1_79092744,Liberty,+260,3.6,3.60,13/5,Liberty,Team,True,1279858001,['SGP'],"[{'id': '41459', 'name': 'Liberty', 'type': 'Team'}]",Madness Props,Moneyline
0ML79092744_1,2,1_79092744,Oregon,-325,1.30769231,1.30,4/13,Oregon,Team,True,1279859997,['SGP'],"[{'id': '44430', 'name': 'Oregon', 'type': 'Team'}]",Madness Props,Moneyline
0HC79110487N350_3,2,2_79110487,Saint Francis PA,-115,1.86956522,1.86,20/23,-3.5,Saint Francis PA,Team,True,-3501,"['MainPointLine', 'SGP']","[{'id': '41332', 'name': 'Saint Francis PA', 'type': 'Team'}]",Madness Props,Spread
0HC79110487P350_1,2,2_79110487,Alabama State,-115,1.86956522,1.86,20/23,3.5,Alabama State,Team,True,-3499,"['MainPointLine', 'SGP']","[{'id': '42969', 'name': 'Alabama State', 'type': 'Team'}]",Madness Props,Spread
0OU79110487O14650_1,2,3_79110487,Over,-110,1.90909091,1.90,10/11,146.5,,Unknown,True,146500,"['MainPointLine', 'SGP']",Madness Props,Total
0OU79110487U14650_3,2,3_79110487,Under,-120,1.83333334,1.83,5/6,146.5,,Unknown,True,146502,"['MainPointLine', 'SGP']",Madness Props,Total
0ML79110487_3,2,1_79110487,Saint Francis PA,-200,1.5,1.50,1/2,Saint Francis PA,Team,True,1280230384,['SGP'],"[{'id': '41332', 'name': 'Saint Francis PA', 'type': 'Team'}]",Madness Props,Moneyline
0ML79110487_1,2,1_79110487,Alabama State,+154,2.54,2.54,77/50,Alabama State,Team,True,1280232377,['SGP'],"[{'id': '42969', 'name': 'Alabama State', 'type': 'Team'}]",Madness Props,Moneyline
0HC79110488P550_3,2,2_79110488,Kent State,-115,1.86956522,1.86,20/23,5.5,Kent State,Team,True,5499,"['MainPointLine', 'SGP']","[{'id': '43444', 'name': 'Kent State', 'type': 'Team'}]",Madness Props,Spread
0HC79110488N550_1,2,2_79110488,Saint Bonaventure,-115,1.86956522,1.86,20/23,-5.5,Saint Bonaventure,Team,True,5501,"['MainPointLine', 'SGP']","[{'id': '44786', 'name': 'Saint Bonaventure', 'type': 'Team'}]",Madness Props,Spread
0OU79110488O13450_1,2,3_79110488,Over,-115,1.86956522,1.86,20/23,134.5,,Unknown,True,134500,"['MainPointLine', 'SGP']",Madness Props,Total
0OU79110488U13450_3,2,3_79110488,Under,-115,1.86956522,1.86,20/23,134.5,,Unknown,True,134502,"['MainPointLine', 'SGP']",Madness Props,Total
0ML79110488_3,2,1_79110488,Kent State,+210,3.1,3.10,21/10,Kent State,Team,True,1280230388,['SGP'],"[{'id': '43444', 'name': 'Kent State', 'type': 'Team'}]",Madness Props,Moneyline
0ML79110488_1,2,1_79110488,Saint Bonaventure,-280,1.35714286,1.35,5/14,Saint Bonaventure,Team,True,1280232378,['SGP'],"[{'id': '44786', 'name': 'Saint Bonaventure', 'type': 'Team'}]",Madness Props,Moneyline
0HC79110490P250_3,2,2_79110490,Jacksonville State,-115,1.86956522,1.86,20/23,2.5,Jacksonville State,Team,True,2499,"['MainPointLine', 'SGP']","[{'id': '42218', 'name': 'Jacksonville State', 'type': 'Team'}]",Madness Props,Spread
0HC79110490N250_1,2,2_79110490,Georgia Tech,-115,1.86956522,1.86,20/23,-2.5,Georgia Tech,Team,True,2501,"['MainPointLine', 'SGP']","[{'id': '42150', 'name': 'Georgia Tech', 'type': 'Team'}]",Madness Props,Spread
0OU79110490O14950_1,2,3_79110490,Over,-110,1.90909091,1.90,10/11,149.5,,Unknown,True,149500,"['MainPointLine', 'SGP']",Madness Props,Total
0OU79110490U14950_3,2,3_79110490,Under,-120,1.83333334,1.83,5/6,149.5,,Unknown,True,149502,"['MainPointLine', 'SGP']",Madness Props,Total
0ML79110490_3,2,1_79110490,Jacksonville State,+124,2.24,2.24,31/25,Jacksonville State,Team,True,1280230402,['SGP'],"[{'id': '42218', 'name': 'Jacksonville State', 'type': 'Team'}]",Madness Props,Moneyline
0ML79110490_1,2,1_79110490,Georgia Tech,-160,1.625,1.62,5/8,Georgia Tech,Team,True,1280232398,['SGP'],"[{'id': '42150', 'name': 'Georgia Tech', 'type': 'Team'}]",Madness Props,Moneyline
0HC79100355P150_3,2,2_79100355,Chattanooga,-110,1.90909091,1.90,10/11,1.5,Chattanooga,Team,True,1499,"['ProgressiveParlayTeamEligible', 'MainPointLine', 'SGP']","[{'id': '41974', 'name': 'Chattanooga', 'type': 'Team'}]",Madness Props,Spread
0HC79100355N150_1,2,2_79100355,Middle Tennessee,-110,1.90909091,1.90,10/11,-1.5,Middle Tennessee,Team,True,1501,"['ProgressiveParlayTeamEligible', 'MainPointLine', 'SGP']","[{'id': '42683', 'name': 'Middle Tennessee', 'type': 'Team'}]",Madness Props,Spread
0OU79100355O15250_1,2,3_79100355,Over,-115,1.86956522,1.86,20/23,152.5,,Unknown,True,152500,"['ProgressiveParlayTeamEligible', 'MainPointLine', 'SGP']",Madness Props,Total
0OU79100355U15250_3,2,3_79100355,Under,-105,1.95238096,1.95,20/21,152.5,,Unknown,True,152502,"['ProgressiveParlayTeamEligible', 'MainPointLine', 'SGP']",Madness Props,Total
0ML79100355_3,2,1_79100355,Chattanooga,+105,2.05,2.05,21/20,Chattanooga,Team,True,1280025918,['SGP'],"[{'id': '41974', 'name': 'Chattanooga', 'type': 'Team'}]",Madness Props,Moneyline
0ML79100355_1,2,1_79100355,Middle Tennessee,-125,1.8,1.80,4/5,Middle Tennessee,Team,True,1280027914,['SGP'],"[{'id': '42683', 'name': 'Middle Tennessee', 'type': 'Team'}]",Madness Props,Moneyline
0HC79100357P650_3,2,2_79100357,Wichita State,-112,1.89285715,1.89,25/28,6.5,Wichita State,Team,True,6499,"['ProgressiveParlayTeamEligible', 'MainPointLine', 'SGP']","[{'id': '43593', 'name': 'Wichita State', 'type': 'Team'}]",Madness Props,Spread
0HC79100357N650_1,2,2_79100357,Oklahoma State,-108,1.92592593,1.92,25/27,-6.5,Oklahoma State,Team,True,6501,"['ProgressiveParlayTeamEligible', 'MainPointLine', 'SGP']","[{'id': '43141', 'name': 'Oklahoma State', 'type': 'Team'}]",Madness Props,Spread
0OU79100357O15450_1,2,3_79100357,Over,-105,1.95238096,1.95,20/21,154.5,,Unknown,True,154500,"['ProgressiveParlayTeamEligible', 'MainPointLine', 'SGP']",Madness Props,Total
0OU79100357U15450_3,2,3_79100357,Under,-115,1.86956522,1.86,20/23,154.5,,Unknown,True,154502,"['ProgressiveParlayTeamEligible', 'MainPointLine', 'SGP']",Madness Props,Total
0ML79100357_3,2,1_79100357,Wichita State,+230,3.3,3.30,23/10,Wichita State,Team,True,1280025932,['SGP'],"[{'id': '43593', 'name': 'Wichita State', 'type': 'Team'}]",Madness Props,Moneyline
0ML79100357_1,2,1_79100357,Oklahoma State,-285,1.3508772,1.35,20/57,Oklahoma State,Team,True,1280027928,['SGP'],"[{'id': '43141', 'name': 'Oklahoma State', 'type': 'Team'}]",Madness Props,Moneyline
0HC79100359P550_3,2,2_79100359,Saint Louis,-108,1.92592593,1.92,25/27,5.5,Saint Louis,Team,True,5499,"['ProgressiveParlayTeamEligible', 'MainPointLine', 'SGP']","[{'id': '43370', 'name': 'Saint Louis', 'type': 'Team'}]",Madness Props,Spread
0HC79100359N550_1,2,2_79100359,Arkansas State,-112,1.89285715,1.89,25/28,-5.5,Arkansas State,Team,True,5501,"['ProgressiveParlayTeamEligible', 'MainPointLine', 'SGP']","[{'id': '42673', 'name': 'Arkansas State', 'type': 'Team'}]",Madness Props,Spread
0OU79100359O15450_1,2,3_79100359,Over,-105,1.95238096,1.95,20/21,154.5,,Unknown,True,154500,"['ProgressiveParlayTeamEligible', 'MainPointLine', 'SGP']",Madness Props,Total
0OU79100359U15450_3,2,3_79100359,Under,-115,1.86956522,1.86,20/23,154.5,,Unknown,True,154502,"['ProgressiveParlayTeamEligible', 'MainPointLine', 'SGP']",Madness Props,Total
0ML79100359_3,2,1_79100359,Saint Louis,+200,3,3.00,2/1,Saint Louis,Team,True,1280025946,['SGP'],"[{'id': '43370', 'name': 'Saint Louis', 'type': 'Team'}]",Madness Props,Moneyline
0ML79100359_1,2,1_79100359,Arkansas State,-245,1.40816327,1.40,20/49,Arkansas State,Team,True,1280027942,['SGP'],"[{'id': '42673', 'name': 'Arkansas State', 'type': 'Team'}]",Madness Props,Moneyline
0HC79092473N450_3,2,2_79092473,North Carolina,-112,1.89285715,1.89,25/28,-4.5,North Carolina,Team,True,-4501,"['ProgressiveParlayTeamEligible', 'MainPointLine', 'SGP']","[{'id': '42450', 'name': 'North Carolina', 'type': 'Team'}]",Madness Props,Spread
0HC79092473P450_1,2,2_79092473,San Diego State,-108,1.92592593,1.92,25/27,4.5,San Diego State,Team,True,-4499,"['ProgressiveParlayTeamEligible', 'MainPointLine', 'SGP']","[{'id': '44675', 'name': 'San Diego State', 'type': 'Team'}]",Madness Props,Spread
0OU79092473O14150_1,2,3_79092473,Over,-112,1.89285715,1.89,25/28,141.5,,Unknown,True,141500,"['ProgressiveParlayTeamEligible', 'MainPointLine', 'SGP']",Madness Props,Total
0OU79092473U14150_3,2,3_79092473,Under,-108,1.92592593,1.92,25/27,141.5,,Unknown,True,141502,"['ProgressiveParlayTeamEligible', 'MainPointLine', 'SGP']",Madness Props,Total
0ML79092473_3,2,1_79092473,North Carolina,-218,1.4587156,1.45,50/109,North Carolina,Team,True,1279852086,['SGP'],"[{'id': '42450', 'name': 'North Carolina', 'type': 'Team'}]",Madness Props,Moneyline
0ML79092473_1,2,1_79092473,San Diego State,+180,2.8,2.80,9/5,San Diego State,Team,True,1279854082,['SGP'],"[{'id': '44675', 'name': 'San Diego State', 'type': 'Team'}]",Madness Props,Moneyline
0HC79100356P650_3,2,2_79100356,CSUN,-108,1.92592593,1.92,25/27,6.5,CSUN,Team,True,6499,"['ProgressiveParlayTeamEligible', 'MainPointLine', 'SGP']","[{'id': '44653', 'name': 'CSUN', 'type': 'Team'}]",Madness Props,Spread
0HC79100356N650_1,2,2_79100356,Stanford,-112,1.89285715,1.89,25/28,-6.5,Stanford,Team,True,6501,"['ProgressiveParlayTeamEligible', 'MainPointLine', 'SGP']","[{'id': '44739', 'name': 'Stanford', 'type': 'Team'}]",Madness Props,Spread
0OU79100356O15650_1,2,3_79100356,Over,-108,1.92592593,1.92,25/27,156.5,,Unknown,True,156500,"['ProgressiveParlayTeamEligible', 'MainPointLine', 'SGP']",Madness Props,Total
0OU79100356U15650_3,2,3_79100356,Under,-112,1.89285715,1.89,25/28,156.5,,Unknown,True,156502,"['ProgressiveParlayTeamEligible', 'MainPointLine', 'SGP']",Madness Props,Total
0ML79100356_3,2,1_79100356,CSUN,+230,3.3,3.30,23/10,CSUN,Team,True,1280025925,['SGP'],"[{'id': '44653', 'name': 'CSUN', 'type': 'Team'}]",Madness Props,Moneyline
0ML79100356_1,2,1_79100356,Stanford,-285,1.3508772,1.35,20/57,Stanford,Team,True,1280027921,['SGP'],"[{'id': '44739', 'name': 'Stanford', 'type': 'Team'}]",Madness Props,Moneyline
0HC79100358P1050_3,2,2_79100358,UC Riverside,-118,1.84745763,1.84,50/59,10.5,UC Riverside,Team,True,10499,"['ProgressiveParlayTeamEligible', 'MainPointLine', 'SGP']","[{'id': '44279', 'name': 'UC Riverside', 'type': 'Team'}]",Madness Props,Spread
0HC79100358N1050_1,2,2_79100358,Santa Clara,-102,1.98039216,1.98,50/51,-10.5,Santa Clara,Team,True,10501,"['ProgressiveParlayTeamEligible', 'MainPointLine', 'SGP']","[{'id': '42757', 'name': 'Santa Clara', 'type': 'Team'}]",Madness Props,Spread
0OU79100358O15650_1,2,3_79100358,Over,-110,1.90909091,1.90,10/11,156.5,,Unknown,True,156500,"['ProgressiveParlayTeamEligible', 'MainPointLine', 'SGP']",Madness Props,Total
0OU79100358U15650_3,2,3_79100358,Under,-110,1.90909091,1.90,10/11,156.5,,Unknown,True,156502,"['ProgressiveParlayTeamEligible', 'MainPointLine', 'SGP']",Madness Props,Total
0ML79100358_3,2,1_79100358,UC Riverside,+440,5.4,5.40,22/5,UC Riverside,Team,True,1280025939,['SGP'],"[{'id': '44279', 'name': 'UC Riverside', 'type': 'Team'}]",Madness Props,Moneyline
0ML79100358_1,2,1_79100358,Santa Clara,-600,1.16666667,1.16,1/6,Santa Clara,Team,True,1280027935,['SGP'],"[{'id': '42757', 'name': 'Santa Clara', 'type': 'Team'}]",Madness Props,Moneyline
0HC79092702P250_3,2,2_79092702,Mount Saint Marys,-112,1.89285715,1.89,25/28,2.5,Mount Saint Marys,Team,True,2499,"['ProgressiveParlayTeamEligible', 'MainPointLine', 'SGP']","[{'id': '42025', 'name': 'Mount Saint Marys', 'type': 'Team'}]",Madness Props,Spread
0HC79092702N250_1,2,2_79092702,American,-108,1.92592593,1.92,25/27,-2.5,American,Team,True,2501,"['ProgressiveParlayTeamEligible', 'MainPointLine', 'SGP']","[{'id': '41874', 'name': 'American', 'type': 'Team'}]",Madness Props,Spread
0OU79092702O12950_1,2,3_79092702,Over,-105,1.95238096,1.95,20/21,129.5,,Unknown,True,129500,"['ProgressiveParlayTeamEligible', 'MainPointLine', 'SGP']",Madness Props,Total
0OU79092702U12950_3,2,3_79092702,Under,-115,1.86956522,1.86,20/23,129.5,,Unknown,True,129502,"['ProgressiveParlayTeamEligible', 'MainPointLine', 'SGP']",Madness Props,Total
0ML79092702_3,2,1_79092702,Mount Saint Marys,+120,2.2,2.20,6/5,Mount Saint Marys,Team,True,1279857119,['SGP'],"[{'id': '42025', 'name': 'Mount Saint Marys', 'type': 'Team'}]",Madness Props,Moneyline
0ML79092702_1,2,1_79092702,American,-142,1.70422536,1.70,50/71,American,Team,True,1279859115,['SGP'],"[{'id': '41874', 'name': 'American', 'type': 'Team'}]",Madness Props,Moneyline
0HC79100363P750_3,2,2_79100363,Samford,-110,1.90909091,1.90,10/11,7.5,Samford,Team,True,7499,"['ProgressiveParlayTeamEligible', 'MainPointLine', 'SGP']","[{'id': '42759', 'name': 'Samford', 'type': 'Team'}]",Madness Props,Spread
0HC79100363N750_1,2,2_79100363,George Mason,-110,1.90909091,1.90,10/11,-7.5,George Mason,Team,True,7501,"['ProgressiveParlayTeamEligible', 'MainPointLine', 'SGP']","[{'id': '41752', 'name': 'George Mason', 'type': 'Team'}]",Madness Props,Spread
0OU79100363O14750_1,2,3_79100363,Over,-110,1.90909091,1.90,10/11,147.5,,Unknown,True,147500,"['ProgressiveParlayTeamEligible', 'MainPointLine', 'SGP']",Madness Props,Total
0OU79100363U14750_3,2,3_79100363,Under,-110,1.90909091,1.90,10/11,147.5,,Unknown,True,147502,"['ProgressiveParlayTeamEligible', 'MainPointLine', 'SGP']",Madness Props,Total
0ML79100363_3,2,1_79100363,Samford,+270,3.7,3.70,27/10,Samford,Team,True,1280025967,['SGP'],"[{'id': '42759', 'name': 'Samford', 'type': 'Team'}]",Madness Props,Moneyline
0ML79100363_1,2,1_79100363,George Mason,-340,1.29411765,1.29,5/17,George Mason,Team,True,1280027963,['SGP'],"[{'id': '41752', 'name': 'George Mason', 'type': 'Team'}]",Madness Props,Moneyline
0HC79100365P550_3,2,2_79100365,UAB,-115,1.86956522,1.86,20/23,5.5,UAB,Team,True,5499,"['ProgressiveParlayTeamEligible', 'MainPointLine', 'SGP']","[{'id': '42938', 'name': 'UAB', 'type': 'Team'}]",Madness Props,Spread
0HC79100365N550_1,2,2_79100365,Saint Josephs,-105,1.95238096,1.95,20/21,-5.5,Saint Josephs,Team,True,5501,"['ProgressiveParlayTeamEligible', 'MainPointLine', 'SGP']","[{'id': '42231', 'name': 'Saint Josephs', 'type': 'Team'}]",Madness Props,Spread
0OU79100365O15550_1,2,3_79100365,Over,-110,1.90909091,1.90,10/11,155.5,,Unknown,True,155500,"['ProgressiveParlayTeamEligible', 'MainPointLine', 'SGP']",Madness Props,Total
0OU79100365U15550_3,2,3_79100365,Under,-110,1.90909091,1.90,10/11,155.5,,Unknown,True,155502,"['ProgressiveParlayTeamEligible', 'MainPointLine', 'SGP']",Madness Props,Total
0ML79100365_3,2,1_79100365,UAB,+195,2.95,2.95,39/20,UAB,Team,True,1280025981,['SGP'],"[{'id': '42938', 'name': 'UAB', 'type': 'Team'}]",Madness Props,Moneyline
0ML79100365_1,2,1_79100365,Saint Josephs,-238,1.42016807,1.42,50/119,Saint Josephs,Team,True,1280027977,['SGP'],"[{'id': '42231', 'name': 'Saint Josephs', 'type': 'Team'}]",Madness Props,Moneyline
0HC79100362P100_3,2,2_79100362,Florida Atlantic,-115,1.86956522,1.86,20/23,1,Florida Atlantic,Team,True,999,"['ProgressiveParlayTeamEligible', 'MainPointLine', 'SGP']","[{'id': '44945', 'name': 'Florida Atlantic', 'type': 'Team'}]",Madness Props,Spread
0HC79100362N100_1,2,2_79100362,Dayton,-105,1.95238096,1.95,20/21,-1,Dayton,Team,True,1001,"['ProgressiveParlayTeamEligible', 'MainPointLine', 'SGP']","[{'id': '44880', 'name': 'Dayton', 'type': 'Team'}]",Madness Props,Spread
0OU79100362O15050_1,2,3_79100362,Over,-115,1.86956522,1.86,20/23,150.5,,Unknown,True,150500,"['ProgressiveParlayTeamEligible', 'MainPointLine', 'SGP']",Madness Props,Total
0OU79100362U15050_3,2,3_79100362,Under,-105,1.95238096,1.95,20/21,150.5,,Unknown,True,150502,"['ProgressiveParlayTeamEligible', 'MainPointLine', 'SGP']",Madness Props,Total
0ML79100362_3,2,1_79100362,Florida Atlantic,-102,1.98039216,1.98,50/51,Florida Atlantic,Team,True,1280025960,['SGP'],"[{'id': '44945', 'name': 'Florida Atlantic', 'type': 'Team'}]",Madness Props,Moneyline
0ML79100362_1,2,1_79100362,Dayton,-118,1.84745763,1.84,50/59,Dayton,Team,True,1280027956,['SGP'],"[{'id': '44880', 'name': 'Dayton', 'type': 'Team'}]",Madness Props,Moneyline
0HC79100364P850_3,2,2_79100364,Furman,-112,1.89285715,1.89,25/28,8.5,Furman,Team,True,8499,"['ProgressiveParlayTeamEligible', 'MainPointLine', 'SGP']","[{'id': '41709', 'name': 'Furman', 'type': 'Team'}]",Madness Props,Spread
0HC79100364N850_1,2,2_79100364,North Texas,-108,1.92592593,1.92,25/27,-8.5,North Texas,Team,True,8501,"['ProgressiveParlayTeamEligible', 'MainPointLine', 'SGP']","[{'id': '43192', 'name': 'North Texas', 'type': 'Team'}]",Madness Props,Spread
0OU79100364O13050_1,2,3_79100364,Over,-110,1.90909091,1.90,10/11,130.5,,Unknown,True,130500,"['ProgressiveParlayTeamEligible', 'MainPointLine', 'SGP']",Madness Props,Total
0OU79100364U13050_3,2,3_79100364,Under,-110,1.90909091,1.90,10/11,130.5,,Unknown,True,130502,"['ProgressiveParlayTeamEligible', 'MainPointLine', 'SGP']",Madness Props,Total
0ML79100364_3,2,1_79100364,Furman,+295,3.95,3.95,59/20,Furman,Team,True,1280025988,['SGP'],"[{'id': '41709', 'name': 'Furman', 'type': 'Team'}]",Madness Props,Moneyline
0ML79100364_1,2,1_79100364,North Texas,-375,1.26666667,1.26,4/15,North Texas,Team,True,1280027984,['SGP'],"[{'id': '43192', 'name': 'North Texas', 'type': 'Team'}]",Madness Props,Moneyline
0HC79100361P250_3,2,2_79100361,North Alabama,-108,1.92592593,1.92,25/27,2.5,North Alabama,Team,True,2499,"['ProgressiveParlayTeamEligible', 'MainPointLine', 'SGP']","[{'id': '42768', 'name': 'North Alabama', 'type': 'Team'}]",Madness Props,Spread
0HC79100361N250_1,2,2_79100361,Bradley,-112,1.89285715,1.89,25/28,-2.5,Bradley,Team,True,2501,"['ProgressiveParlayTeamEligible', 'MainPointLine', 'SGP']","[{'id': '45258', 'name': 'Bradley', 'type': 'Team'}]",Madness Props,Spread
0OU79100361O14550_1,2,3_79100361,Over,-108,1.92592593,1.92,25/27,145.5,,Unknown,True,145500,"['ProgressiveParlayTeamEligible', 'MainPointLine', 'SGP']",Madness Props,Total
0OU79100361U14550_3,2,3_79100361,Under,-112,1.89285715,1.89,25/28,145.5,,Unknown,True,145502,"['ProgressiveParlayTeamEligible', 'MainPointLine', 'SGP']",Madness Props,Total
0ML79100361_3,2,1_79100361,North Alabama,+124,2.24,2.24,31/25,North Alabama,Team,True,1280025974,['SGP'],"[{'id': '42768', 'name': 'North Alabama', 'type': 'Team'}]",Madness Props,Moneyline
0ML79100361_1,2,1_79100361,Bradley,-148,1.67567568,1.67,25/37,Bradley,Team,True,1280027970,['SGP'],"[{'id': '45258', 'name': 'Bradley', 'type': 'Team'}]",Madness Props,Moneyline
0HC79100368P1050_3,2,2_79100368,Northern Iowa,-115,1.86956522,1.86,20/23,10.5,Northern Iowa,Team,True,10499,"['ProgressiveParlayTeamEligible', 'MainPointLine', 'SGP']","[{'id': '43276', 'name': 'Northern Iowa', 'type': 'Team'}]",Madness Props,Spread
0HC79100368N1050_1,2,2_79100368,SMU,-105,1.95238096,1.95,20/21,-10.5,SMU,Team,True,10501,"['ProgressiveParlayTeamEligible', 'MainPointLine', 'SGP']","[{'id': '41637', 'name': 'SMU', 'type': 'Team'}]",Madness Props,Spread
0OU79100368O14550_1,2,3_79100368,Over,-115,1.86956522,1.86,20/23,145.5,,Unknown,True,145500,"['ProgressiveParlayTeamEligible', 'MainPointLine', 'SGP']",Madness Props,Total
0OU79100368U14550_3,2,3_79100368,Under,-105,1.95238096,1.95,20/21,145.5,,Unknown,True,145502,"['ProgressiveParlayTeamEligible', 'MainPointLine', 'SGP']",Madness Props,Total
0ML79100368_3,2,1_79100368,Northern Iowa,+440,5.4,5.40,22/5,Northern Iowa,Team,True,1280026016,['SGP'],"[{'id': '43276', 'name': 'Northern Iowa', 'type': 'Team'}]",Madness Props,Moneyline
0ML79100368_1,2,1_79100368,SMU,-600,1.16666667,1.16,1/6,SMU,Team,True,1280028006,['SGP'],"[{'id': '41637', 'name': 'SMU', 'type': 'Team'}]",Madness Props,Moneyline
0HC79092938N250_3,2,2_79092938,Xavier,-120,1.83333334,1.83,5/6,-2.5,Xavier,Team,True,-2501,"['ProgressiveParlayTeamEligible', 'MainPointLine', 'SGP']","[{'id': '44042', 'name': 'Xavier', 'type': 'Team'}]",Madness Props,Spread
0HC79092938P250_1,2,2_79092938,Texas,+100,2,2.00,1/1,2.5,Texas,Team,True,-2499,"['ProgressiveParlayTeamEligible', 'MainPointLine', 'SGP']","[{'id': '43429', 'name': 'Texas', 'type': 'Team'}]",Madness Props,Spread
0OU79092938O15150_1,2,3_79092938,Over,-110,1.90909091,1.90,10/11,151.5,,Unknown,True,151500,"['ProgressiveParlayTeamEligible', 'MainPointLine', 'SGP']",Madness Props,Total
0OU79092938U15150_3,2,3_79092938,Under,-110,1.90909091,1.90,10/11,151.5,,Unknown,True,151502,"['ProgressiveParlayTeamEligible', 'MainPointLine', 'SGP']",Madness Props,Total
0ML79092938_3,2,1_79092938,Xavier,-166,1.60240964,1.60,50/83,Xavier,Team,True,1279861060,['SGP'],"[{'id': '44042', 'name': 'Xavier', 'type': 'Team'}]",Madness Props,Moneyline
0ML79092938_1,2,1_79092938,Texas,+140,2.4,2.40,7/5,Texas,Team,True,1279863056,['SGP'],"[{'id': '43429', 'name': 'Texas', 'type': 'Team'}]",Madness Props,Moneyline
0HC79100367P750_3,2,2_79100367,Northern Colorado,-112,1.89285715,1.89,25/28,7.5,Northern Colorado,Team,True,7499,"['ProgressiveParlayTeamEligible', 'MainPointLine', 'SGP']","[{'id': '42600', 'name': 'Northern Colorado', 'type': 'Team'}]",Madness Props,Spread
0HC79100367N750_1,2,2_79100367,UC Irvine,-108,1.92592593,1.92,25/27,-7.5,UC Irvine,Team,True,7501,"['ProgressiveParlayTeamEligible', 'MainPointLine', 'SGP']","[{'id': '44593', 'name': 'UC Irvine', 'type': 'Team'}]",Madness Props,Spread
0OU79100367O15150_1,2,3_79100367,Over,-105,1.95238096,1.95,20/21,151.5,,Unknown,True,151500,"['ProgressiveParlayTeamEligible', 'MainPointLine', 'SGP']",Madness Props,Total
0OU79100367U15150_3,2,3_79100367,Under,-115,1.86956522,1.86,20/23,151.5,,Unknown,True,151502,"['ProgressiveParlayTeamEligible', 'MainPointLine', 'SGP']",Madness Props,Total
0ML79100367_3,2,1_79100367,Northern Colorado,+270,3.7,3.70,27/10,Northern Colorado,Team,True,1280026002,['SGP'],"[{'id': '42600', 'name': 'Northern Colorado', 'type': 'Team'}]",Madness Props,Moneyline
0ML79100367_1,2,1_79100367,UC Irvine,-340,1.29411765,1.29,5/17,UC Irvine,Team,True,1280027998,['SGP'],"[{'id': '44593', 'name': 'UC Irvine', 'type': 'Team'}]",Madness Props,Moneyline
0HC79100369P750_3,2,2_79100369,Utah Valley,-108,1.92592593,1.92,25/27,7.5,Utah Valley,Team,True,7499,"['ProgressiveParlayTeamEligible', 'MainPointLine', 'SGP']","[{'id': '44362', 'name': 'Utah Valley', 'type': 'Team'}]",Madness Props,Spread
0HC79100369N750_1,2,2_79100369,San Francisco,-112,1.89285715,1.89,25/28,-7.5,San Francisco,Team,True,7501,"['ProgressiveParlayTeamEligible', 'MainPointLine', 'SGP']","[{'id': '44575', 'name': 'San Francisco', 'type': 'Team'}]",Madness Props,Spread
0OU79100369O14650_1,2,3_79100369,Over,-105,1.95238096,1.95,20/21,146.5,,Unknown,True,146500,"['ProgressiveParlayTeamEligible', 'MainPointLine', 'SGP']",Madness Props,Total
0OU79100369U14650_3,2,3_79100369,Under,-115,1.86956522,1.86,20/23,146.5,,Unknown,True,146502,"['ProgressiveParlayTeamEligible', 'MainPointLine', 'SGP']",Madness Props,Total
0ML79100369_3,2,1_79100369,Utah Valley,+275,3.75,3.75,11/4,Utah Valley,Team,True,1280026011,['SGP'],"[{'id': '44362', 'name': 'Utah Valley', 'type': 'Team'}]",Madness Props,Moneyline
0ML79100369_1,2,1_79100369,San Francisco,-345,1.28985508,1.28,20/69,San Francisco,Team,True,1280028005,['SGP'],"[{'id': '44575', 'name': 'San Francisco', 'type': 'Team'}]",Madness Props,Moneyline
0HC79100366N250_3,2,2_79100366,Loyola Chicago,-118,1.84745763,1.84,50/59,-2.5,Loyola Chicago,Team,True,-2501,"['ProgressiveParlayTeamEligible', 'MainPointLine', 'SGP']","[{'id': '43985', 'name': 'Loyola Chicago', 'type': 'Team'}]",Madness Props,Spread
0HC79100366P250_1,2,2_79100366,San Jose State,-102,1.98039216,1.98,50/51,2.5,San Jose State,Team,True,-2499,"['ProgressiveParlayTeamEligible', 'MainPointLine', 'SGP']","[{'id': '41391', 'name': 'San Jose State', 'type': 'Team'}]",Madness Props,Spread
0OU79100366O14050_1,2,3_79100366,Over,-115,1.86956522,1.86,20/23,140.5,,Unknown,True,140500,"['ProgressiveParlayTeamEligible', 'MainPointLine', 'SGP']",Madness Props,Total
0OU79100366U14050_3,2,3_79100366,Under,-105,1.95238096,1.95,20/21,140.5,,Unknown,True,140502,"['ProgressiveParlayTeamEligible', 'MainPointLine', 'SGP']",Madness Props,Total
0ML79100366_3,2,1_79100366,Loyola Chicago,-142,1.70422536,1.70,50/71,Loyola Chicago,Team,True,1280025995,['SGP'],"[{'id': '43985', 'name': 'Loyola Chicago', 'type': 'Team'}]",Madness Props,Moneyline
0ML79100366_1,2,1_79100366,San Jose State,+120,2.2,2.20,6/5,San Jose State,Team,True,1280027991,['SGP'],"[{'id': '41391', 'name': 'San Jose State', 'type': 'Team'}]",Madness Props,Moneyline
0HC79092456P250_3,2,2_79092456,Creighton,-110,1.90909091,1.90,10/11,2.5,Creighton,Team,True,2499,"['ProgressiveParlayTeamEligible', 'MainPointLine', 'SGP']","[{'id': '43875', 'name': 'Creighton', 'type': 'Team'}]",Madness Props,Spread
0HC79092456N250_1,2,2_79092456,Louisville,-110,1.90909091,1.90,10/11,-2.5,Louisville,Team,True,2501,"['ProgressiveParlayTeamEligible', 'MainPointLine', 'SGP']","[{'id': '41477', 'name': 'Louisville', 'type': 'Team'}]",Madness Props,Spread
0OU79092456O14450_1,2,3_79092456,Over,-110,1.90909091,1.90,10/11,144.5,,Unknown,True,144500,"['ProgressiveParlayTeamEligible', 'MainPointLine', 'SGP']",Madness Props,Total
0OU79092456U14450_3,2,3_79092456,Under,-110,1.90909091,1.90,10/11,144.5,,Unknown,True,144502,"['ProgressiveParlayTeamEligible', 'MainPointLine', 'SGP']",Madness Props,Total
0ML79092456_3,2,1_79092456,Creighton,+120,2.2,2.20,6/5,Creighton,Team,True,1279851890,['SGP'],"[{'id': '43875', 'name': 'Creighton', 'type': 'Team'}]",Madness Props,Moneyline
0ML79092456_1,2,1_79092456,Louisville,-142,1.70422536,1.70,50/71,Louisville,Team,True,1279853886,['SGP'],"[{'id': '41477', 'name': 'Louisville', 'type': 'Team'}]",Madness Props,Moneyline
0HC79092925P750_3,2,2_79092925,High Point,-102,1.98039216,1.98,50/51,7.5,High Point,Team,True,7499,"['ProgressiveParlayTeamEligible', 'MainPointLine', 'SGP']","[{'id': '45137', 'name': 'High Point', 'type': 'Team'}]",Madness Props,Spread
0HC79092925N750_1,2,2_79092925,Purdue,-118,1.84745763,1.84,50/59,-7.5,Purdue,Team,True,7501,"['ProgressiveParlayTeamEligible', 'MainPointLine', 'SGP']","[{'id': '42127', 'name': 'Purdue', 'type': 'Team'}]",Madness Props,Spread
0OU79092925O15350_1,2,3_79092925,Over,-105,1.95238096,1.95,20/21,153.5,,Unknown,True,153500,"['ProgressiveParlayTeamEligible', 'MainPointLine', 'SGP']",Madness Props,Total
0OU79092925U15350_3,2,3_79092925,Under,-115,1.86956522,1.86,20/23,153.5,,Unknown,True,153502,"['ProgressiveParlayTeamEligible', 'MainPointLine', 'SGP']",Madness Props,Total
0ML79092925_3,2,1_79092925,High Point,+295,3.95,3.95,59/20,High Point,Team,True,1279860143,['SGP'],"[{'id': '45137', 'name': 'High Point', 'type': 'Team'}]",Madness Props,Moneyline
0ML79092925_1,2,1_79092925,Purdue,-375,1.26666667,1.26,4/15,Purdue,Team,True,1279862139,['SGP'],"[{'id': '42127', 'name': 'Purdue', 'type': 'Team'}]",Madness Props,Moneyline
0HC79092767P1750_3,2,2_79092767,Montana,-115,1.86956522,1.86,20/23,17.5,Montana,Team,True,17499,"['ProgressiveParlayTeamEligible', 'MainPointLine', 'SGP']","[{'id': '42575', 'name': 'Montana', 'type': 'Team'}]",Madness Props,Spread
0HC79092767N1750_1,2,2_79092767,Wisconsin,-105,1.95238096,1.95,20/21,-17.5,Wisconsin,Team,True,17501,"['ProgressiveParlayTeamEligible', 'MainPointLine', 'SGP']","[{'id': '43620', 'name': 'Wisconsin', 'type': 'Team'}]",Madness Props,Spread
0OU79092767O15250_1,2,3_79092767,Over,-105,1.95238096,1.95,20/21,152.5,,Unknown,True,152500,"['ProgressiveParlayTeamEligible', 'MainPointLine']",Madness Props,Total
0OU79092767U15250_3,2,3_79092767,Under,-115,1.86956522,1.86,20/23,152.5,,Unknown,True,152502,"['ProgressiveParlayTeamEligible', 'MainPointLine', 'SGP']",Madness Props,Total
0ML79092767_3,2,1_79092767,Montana,+1200,13,13.00,12/1,Montana,Team,True,1279858456,['SGP'],"[{'id': '42575', 'name': 'Montana', 'type': 'Team'}]",Madness Props,Moneyline
0ML79092767_1,2,1_79092767,Wisconsin,-2400,1.04166667,1.04,1/24,Wisconsin,Team,True,1279860452,['SGP'],"[{'id': '43620', 'name': 'Wisconsin', 'type': 'Team'}]",Madness Props,Moneyline
0HC79092890P2950_3,2,2_79092890,SIU Edwardsville,-115,1.86956522,1.86,20/23,29.5,SIU Edwardsville,Team,True,29499,"['ProgressiveParlayTeamEligible', 'MainPointLine', 'SGP']","[{'id': '43647', 'name': 'SIU Edwardsville', 'type': 'Team'}]",Madness Props,Spread
0HC79092890N2950_1,2,2_79092890,Houston,-105,1.95238096,1.95,20/21,-29.5,Houston,Team,True,29501,"['ProgressiveParlayTeamEligible', 'MainPointLine', 'SGP']","[{'id': '43043', 'name': 'Houston', 'type': 'Team'}]",Madness Props,Spread
0OU79092890O12650_1,2,3_79092890,Over,-108,1.92592593,1.92,25/27,126.5,,Unknown,True,126500,"['ProgressiveParlayTeamEligible', 'MainPointLine', 'SGP']",Madness Props,Total
0OU79092890U12650_3,2,3_79092890,Under,-112,1.89285715,1.89,25/28,126.5,,Unknown,True,126502,"['ProgressiveParlayTeamEligible', 'MainPointLine', 'SGP']",Madness Props,Total
0HC79092912P750_3,2,2_79092912,McNeese,-110,1.90909091,1.90,10/11,7.5,McNeese,Team,True,7499,"['ProgressiveParlayTeamEligible', 'MainPointLine', 'SGP']","[{'id': '41412', 'name': 'McNeese', 'type': 'Team'}]",Madness Props,Spread
0HC79092912N750_1,2,2_79092912,Clemson,-110,1.90909091,1.90,10/11,-7.5,Clemson,Team,True,7501,"['ProgressiveParlayTeamEligible', 'MainPointLine', 'SGP']","[{'id': '41619', 'name': 'Clemson', 'type': 'Team'}]",Madness Props,Spread
0OU79092912O13450_1,2,3_79092912,Over,-105,1.95238096,1.95,20/21,134.5,,Unknown,True,134500,"['ProgressiveParlayTeamEligible', 'MainPointLine', 'SGP']",Madness Props,Total
0OU79092912U13450_3,2,3_79092912,Under,-115,1.86956522,1.86,20/23,134.5,,Unknown,True,134502,"['ProgressiveParlayTeamEligible', 'MainPointLine', 'SGP']",Madness Props,Total
0ML79092912_3,2,1_79092912,McNeese,+275,3.75,3.75,11/4,McNeese,Team,True,1279860136,['SGP'],"[{'id': '41412', 'name': 'McNeese', 'type': 'Team'}]",Madness Props,Moneyline
0ML79092912_1,2,1_79092912,Clemson,-345,1.28985508,1.28,20/69,Clemson,Team,True,1279862132,['SGP'],"[{'id': '41619', 'name': 'Clemson', 'type': 'Team'}]",Madness Props,Moneyline
0HC79092766P250_3,2,2_79092766,VCU,-102,1.98039216,1.98,50/51,2.5,VCU,Team,True,2499,"['ProgressiveParlayTeamEligible', 'MainPointLine', 'SGP']","[{'id': '42328', 'name': 'VCU', 'type': 'Team'}]",Madness Props,Spread
0HC79092766N250_1,2,2_79092766,BYU,-118,1.84745763,1.84,50/59,-2.5,BYU,Team,True,2501,"['ProgressiveParlayTeamEligible', 'MainPointLine', 'SGP']","[{'id': '44811', 'name': 'BYU', 'type': 'Team'}]",Madness Props,Spread
0OU79092766O14650_1,2,3_79092766,Over,-105,1.95238096,1.95,20/21,146.5,,Unknown,True,146500,"['ProgressiveParlayTeamEligible', 'MainPointLine', 'SGP']",Madness Props,Total
0OU79092766U14650_3,2,3_79092766,Under,-115,1.86956522,1.86,20/23,146.5,,Unknown,True,146502,"['ProgressiveParlayTeamEligible', 'MainPointLine', 'SGP']",Madness Props,Total
0ML79092766_3,2,1_79092766,VCU,+130,2.3,2.30,13/10,VCU,Team,True,1279858449,['SGP'],"[{'id': '42328', 'name': 'VCU', 'type': 'Team'}]",Madness Props,Moneyline
0ML79092766_1,2,1_79092766,BYU,-155,1.6451613,1.64,20/31,BYU,Team,True,1279860445,['SGP'],"[{'id': '44811', 'name': 'BYU', 'type': 'Team'}]",Madness Props,Moneyline
0HC79093078P550_3,2,2_79093078,Georgia,-102,1.98039216,1.98,50/51,5.5,Georgia Bulldogs,Team,True,5499,"['ProgressiveParlayTeamEligible', 'MainPointLine', 'SGP']","[{'id': '42478', 'name': 'Georgia Bulldogs', 'type': 'Team'}]",Madness Props,Spread
0HC79093078N550_1,2,2_79093078,Gonzaga,-118,1.84745763,1.84,50/59,-5.5,Gonzaga,Team,True,5501,"['ProgressiveParlayTeamEligible', 'MainPointLine', 'SGP']","[{'id': '44154', 'name': 'Gonzaga', 'type': 'Team'}]",Madness Props,Spread
0OU79093078O15050_1,2,3_79093078,Over,-112,1.89285715,1.89,25/28,150.5,,Unknown,True,150500,"['ProgressiveParlayTeamEligible', 'MainPointLine', 'SGP']",Madness Props,Total
0OU79093078U15050_3,2,3_79093078,Under,-108,1.92592593,1.92,25/27,150.5,,Unknown,True,150502,"['ProgressiveParlayTeamEligible', 'MainPointLine', 'SGP']",Madness Props,Total
0ML79093078_3,2,1_79093078,Georgia,+215,3.15,3.15,43/20,Georgia Bulldogs,Team,True,1279863188,['SGP'],"[{'id': '42478', 'name': 'Georgia Bulldogs', 'type': 'Team'}]",Madness Props,Moneyline
0ML79093078_1,2,1_79093078,Gonzaga,-265,1.3773585,1.37,20/53,Gonzaga,Team,True,1279865184,['SGP'],"[{'id': '44154', 'name': 'Gonzaga', 'type': 'Team'}]",Madness Props,Moneyline
0HC79092949P1850_3,2,2_79092949,Wofford,-108,1.92592593,1.92,25/27,18.5,Wofford,Team,True,18499,"['ProgressiveParlayTeamEligible', 'MainPointLine', 'SGP']","[{'id': '42442', 'name': 'Wofford', 'type': 'Team'}]",Madness Props,Spread
0HC79092949N1850_1,2,2_79092949,Tennessee,-112,1.89285715,1.89,25/28,-18.5,Tennessee,Team,True,18501,"['ProgressiveParlayTeamEligible', 'MainPointLine', 'SGP']","[{'id': '42305', 'name': 'Tennessee', 'type': 'Team'}]",Madness Props,Spread
0OU79092949O13250_1,2,3_79092949,Over,-115,1.86956522,1.86,20/23,132.5,,Unknown,True,132500,"['ProgressiveParlayTeamEligible', 'MainPointLine', 'SGP']",Madness Props,Total
0OU79092949U13250_3,2,3_79092949,Under,-105,1.95238096,1.95,20/21,132.5,,Unknown,True,132502,"['ProgressiveParlayTeamEligible', 'MainPointLine', 'SGP']",Madness Props,Total
0ML79092949_3,2,1_79092949,Wofford,+1500,16,16.00,15/1,Wofford,Team,True,1279861137,['SGP'],"[{'id': '42442', 'name': 'Wofford', 'type': 'Team'}]",Madness Props,Moneyline
0ML79092949_1,2,1_79092949,Tennessee,-3600,1.02777778,1.02,1/36,Tennessee,Team,True,1279863133,['SGP'],"[{'id': '42305', 'name': 'Tennessee', 'type': 'Team'}]",Madness Props,Moneyline
0HC79092964P450_3,2,2_79092964,Arkansas,-110,1.90909091,1.90,10/11,4.5,Arkansas,Team,True,4499,"['ProgressiveParlayTeamEligible', 'MainPointLine', 'SGP']","[{'id': '42107', 'name': 'Arkansas', 'type': 'Team'}]",Madness Props,Spread
0HC79092964N450_1,2,2_79092964,Kansas,-110,1.90909091,1.90,10/11,-4.5,Kansas,Team,True,4501,"['ProgressiveParlayTeamEligible', 'MainPointLine', 'SGP']","[{'id': '41920', 'name': 'Kansas', 'type': 'Team'}]",Madness Props,Spread
0OU79092964O14550_1,2,3_79092964,Over,-115,1.86956522,1.86,20/23,145.5,,Unknown,True,145500,"['ProgressiveParlayTeamEligible', 'MainPointLine', 'SGP']",Madness Props,Total
0OU79092964U14550_3,2,3_79092964,Under,-105,1.95238096,1.95,20/21,145.5,,Unknown,True,145502,"['ProgressiveParlayTeamEligible', 'MainPointLine', 'SGP']",Madness Props,Total
0ML79092964_3,2,1_79092964,Arkansas,+164,2.64,2.64,41/25,Arkansas,Team,True,1279861242,['SGP'],"[{'id': '42107', 'name': 'Arkansas', 'type': 'Team'}]",Madness Props,Moneyline
0ML79092964_1,2,1_79092964,Kansas,-198,1.50505051,1.50,50/99,Kansas,Team,True,1279863238,['SGP'],"[{'id': '41920', 'name': 'Kansas', 'type': 'Team'}]",Madness Props,Moneyline
0HC79092474P750_3,2,2_79092474,Yale,-115,1.86956522,1.86,20/23,7.5,Yale,Team,True,7499,"['ProgressiveParlayTeamEligible', 'MainPointLine', 'SGP']","[{'id': '42873', 'name': 'Yale', 'type': 'Team'}]",Madness Props,Spread
0HC79092474N750_1,2,2_79092474,Texas A&M,-105,1.95238096,1.95,20/21,-7.5,Texas A&M,Team,True,7501,"['ProgressiveParlayTeamEligible', 'MainPointLine', 'SGP']","[{'id': '44866', 'name': 'Texas A&M', 'type': 'Team'}]",Madness Props,Spread
0OU79092474O13950_1,2,3_79092474,Over,-115,1.86956522,1.86,20/23,139.5,,Unknown,True,139500,"['ProgressiveParlayTeamEligible', 'MainPointLine', 'SGP']",Madness Props,Total
0OU79092474U13950_3,2,3_79092474,Under,-105,1.95238096,1.95,20/21,139.5,,Unknown,True,139502,"['ProgressiveParlayTeamEligible', 'MainPointLine', 'SGP']",Madness Props,Total
0ML79092474_3,2,1_79092474,Yale,+260,3.6,3.60,13/5,Yale,Team,True,1279852093,['SGP'],"[{'id': '42873', 'name': 'Yale', 'type': 'Team'}]",Madness Props,Moneyline
0ML79092474_1,2,1_79092474,Texas A&M,-325,1.30769231,1.30,4/13,Texas A&M,Team,True,1279854089,['SGP'],"[{'id': '44866', 'name': 'Texas A&M', 'type': 'Team'}]",Madness Props,Moneyline
0HC79092959P650_3,2,2_79092959,Drake,-112,1.89285715,1.89,25/28,6.5,Drake,Team,True,6499,"['ProgressiveParlayTeamEligible', 'MainPointLine', 'SGP']","[{'id': '41573', 'name': 'Drake', 'type': 'Team'}]",Madness Props,Spread
0HC79092959N650_1,2,2_79092959,Missouri,-108,1.92592593,1.92,25/27,-6.5,Missouri,Team,True,6501,"['ProgressiveParlayTeamEligible', 'MainPointLine', 'SGP']","[{'id': '43114', 'name': 'Missouri', 'type': 'Team'}]",Madness Props,Spread
0OU79092959O13250_1,2,3_79092959,Over,-108,1.92592593,1.92,25/27,132.5,,Unknown,True,132500,"['ProgressiveParlayTeamEligible', 'MainPointLine', 'SGP']",Madness Props,Total
0OU79092959U13250_3,2,3_79092959,Under,-112,1.89285715,1.89,25/28,132.5,,Unknown,True,132502,"['ProgressiveParlayTeamEligible', 'MainPointLine', 'SGP']",Madness Props,Total
0ML79092959_3,2,1_79092959,Drake,+220,3.2,3.20,11/5,Drake,Team,True,1279861207,['SGP'],"[{'id': '41573', 'name': 'Drake', 'type': 'Team'}]",Madness Props,Moneyline
0ML79092959_1,2,1_79092959,Missouri,-270,1.37037038,1.37,10/27,Missouri,Team,True,1279863203,['SGP'],"[{'id': '43114', 'name': 'Missouri', 'type': 'Team'}]",Madness Props,Moneyline
0HC79092948P550_3,2,2_79092948,Utah State,-112,1.89285715,1.89,25/28,5.5,Utah State,Team,True,5499,"['ProgressiveParlayTeamEligible', 'MainPointLine', 'SGP']","[{'id': '44224', 'name': 'Utah State', 'type': 'Team'}]",Madness Props,Spread
0HC79092948N550_1,2,2_79092948,UCLA,-108,1.92592593,1.92,25/27,-5.5,UCLA,Team,True,5501,"['ProgressiveParlayTeamEligible', 'MainPointLine', 'SGP']","[{'id': '44331', 'name': 'UCLA', 'type': 'Team'}]",Madness Props,Spread
0OU79092948O14350_1,2,3_79092948,Over,-115,1.86956522,1.86,20/23,143.5,,Unknown,True,143500,"['ProgressiveParlayTeamEligible', 'MainPointLine', 'SGP']",Madness Props,Total
0OU79092948U14350_3,2,3_79092948,Under,-105,1.95238096,1.95,20/21,143.5,,Unknown,True,143502,"['ProgressiveParlayTeamEligible', 'MainPointLine', 'SGP']",Madness Props,Total
0ML79092948_3,2,1_79092948,Utah State,+190,2.9,2.90,19/10,Utah State,Team,True,1279861130,['SGP'],"[{'id': '44224', 'name': 'Utah State', 'type': 'Team'}]",Madness Props,Moneyline
0ML79092948_1,2,1_79092948,UCLA,-230,1.43478261,1.43,10/23,UCLA,Team,True,1279863126,['SGP'],"[{'id': '44331', 'name': 'UCLA', 'type': 'Team'}]",Madness Props,Moneyline
0HC79092965P1850_3,2,2_79092965,Omaha,-108,1.92592593,1.92,25/27,18.5,Omaha,Team,True,18499,"['ProgressiveParlayTeamEligible', 'MainPointLine', 'SGP']","[{'id': '43093', 'name': 'Omaha', 'type': 'Team'}]",Madness Props,Spread
0HC79092965N1850_1,2,2_79092965,St. Johns,-112,1.89285715,1.89,25/28,-18.5,St. Johns,Team,True,18501,"['ProgressiveParlayTeamEligible', 'MainPointLine', 'SGP']","[{'id': '41392', 'name': 'St. Johns', 'type': 'Team'}]",Madness Props,Spread
0OU79092965O14750_1,2,3_79092965,Over,-115,1.86956522,1.86,20/23,147.5,,Unknown,True,147500,"['ProgressiveParlayTeamEligible', 'MainPointLine', 'SGP']",Madness Props,Total
0OU79092965U14750_3,2,3_79092965,Under,-105,1.95238096,1.95,20/21,147.5,,Unknown,True,147502,"['ProgressiveParlayTeamEligible', 'MainPointLine', 'SGP']",Madness Props,Total
0ML79092965_3,2,1_79092965,Omaha,+1500,16,16.00,15/1,Omaha,Team,True,1279861249,['SGP'],"[{'id': '43093', 'name': 'Omaha', 'type': 'Team'}]",Madness Props,Moneyline
0ML79092965_1,2,1_79092965,St. Johns,-3600,1.02777778,1.02,1/36,St. Johns,Team,True,1279863245,['SGP'],"[{'id': '41392', 'name': 'St. Johns', 'type': 'Team'}]",Madness Props,Moneyline
0HC79092459P250_3,2,2_79092459,UC San Diego,-108,1.92592593,1.92,25/27,2.5,UC San Diego,Team,True,2499,"['ProgressiveParlayTeamEligible', 'MainPointLine', 'SGP']","[{'id': '302038', 'name': 'UC San Diego', 'type': 'Team'}]",Madness Props,Spread
0HC79092459N250_1,2,2_79092459,Michigan,-112,1.89285715,1.89,25/28,-2.5,Michigan,Team,True,2501,"['ProgressiveParlayTeamEligible', 'MainPointLine', 'SGP']","[{'id': '43956', 'name': 'Michigan', 'type': 'Team'}]",Madness Props,Spread
0OU79092459O14250_1,2,3_79092459,Over,-108,1.92592593,1.92,25/27,142.5,,Unknown,True,142500,"['ProgressiveParlayTeamEligible', 'MainPointLine', 'SGP']",Madness Props,Total
0OU79092459U14250_3,2,3_79092459,Under,-112,1.89285715,1.89,25/28,142.5,,Unknown,True,142502,"['ProgressiveParlayTeamEligible', 'MainPointLine', 'SGP']",Madness Props,Total
0ML79092459_3,2,1_79092459,UC San Diego,+124,2.24,2.24,31/25,UC San Diego,Team,True,1279851932,['SGP'],"[{'id': '302038', 'name': 'UC San Diego', 'type': 'Team'}]",Madness Props,Moneyline
0ML79092459_1,2,1_79092459,Michigan,-148,1.67567568,1.67,25/37,Michigan,Team,True,1279853928,['SGP'],"[{'id': '43956', 'name': 'Michigan', 'type': 'Team'}]",Madness Props,Moneyline
0HC79092963P1550_3,2,2_79092963,UNC Wilmington,-108,1.92592593,1.92,25/27,15.5,UNC Wilmington,Team,True,15499,"['ProgressiveParlayTeamEligible', 'MainPointLine', 'SGP']","[{'id': '42593', 'name': 'UNC Wilmington', 'type': 'Team'}]",Madness Props,Spread
0HC79092963N1550_1,2,2_79092963,Texas Tech,-112,1.89285715,1.89,25/28,-15.5,Texas Tech,Team,True,15501,"['ProgressiveParlayTeamEligible', 'MainPointLine', 'SGP']","[{'id': '42835', 'name': 'Texas Tech', 'type': 'Team'}]",Madness Props,Spread
0OU79092963O14350_1,2,3_79092963,Over,-112,1.89285715,1.89,25/28,143.5,,Unknown,True,143500,"['ProgressiveParlayTeamEligible', 'MainPointLine', 'SGP']",Madness Props,Total
0OU79092963U14350_3,2,3_79092963,Under,-108,1.92592593,1.92,25/27,143.5,,Unknown,True,143502,"['ProgressiveParlayTeamEligible', 'MainPointLine', 'SGP']",Madness Props,Total
0ML79092963_3,2,1_79092963,UNC Wilmington,+1000,11,11.00,10/1,UNC Wilmington,Team,True,1279861235,['SGP'],"[{'id': '42593', 'name': 'UNC Wilmington', 'type': 'Team'}]",Madness Props,Moneyline
0ML79092963_1,2,1_79092963,Texas Tech,-1800,1.05555556,1.05,1/18,Texas Tech,Team,True,1279863231,['SGP'],"[{'id': '42835', 'name': 'Texas Tech', 'type': 'Team'}]",Madness Props,Moneyline
0HC79092703P100_3,2,2_79092703,Baylor,-108,1.92592593,1.92,25/27,1,Baylor,Team,True,999,"['ProgressiveParlayTeamEligible', 'MainPointLine', 'SGP']","[{'id': '44466', 'name': 'Baylor', 'type': 'Team'}]",Madness Props,Spread
0HC79092703N100_1,2,2_79092703,Mississippi State,-112,1.89285715,1.89,25/28,-1,Mississippi State,Team,True,1001,"['ProgressiveParlayTeamEligible', 'MainPointLine', 'SGP']","[{'id': '42185', 'name': 'Mississippi State', 'type': 'Team'}]",Madness Props,Spread
0OU79092703O14450_1,2,3_79092703,Over,-110,1.90909091,1.90,10/11,144.5,,Unknown,True,144500,"['ProgressiveParlayTeamEligible', 'MainPointLine', 'SGP']",Madness Props,Total
0OU79092703U14450_3,2,3_79092703,Under,-110,1.90909091,1.90,10/11,144.5,,Unknown,True,144502,"['ProgressiveParlayTeamEligible', 'MainPointLine', 'SGP']",Madness Props,Total
0ML79092703_3,2,1_79092703,Baylor,+100,2,2.00,1/1,Baylor,Team,True,1279857126,['SGP'],"[{'id': '44466', 'name': 'Baylor', 'type': 'Team'}]",Madness Props,Moneyline
0ML79092703_1,2,1_79092703,Mississippi State,-120,1.83333334,1.83,5/6,Mississippi State,Team,True,1279859122,['SGP'],"[{'id': '42185', 'name': 'Mississippi State', 'type': 'Team'}]",Madness Props,Moneyline
0HC79092773P2350_3,2,2_79092773,Robert Morris,-115,1.86956522,1.86,20/23,23.5,Robert Morris,Team,True,23499,"['ProgressiveParlayTeamEligible', 'MainPointLine', 'SGP']","[{'id': '44588', 'name': 'Robert Morris', 'type': 'Team'}]",Madness Props,Spread
0HC79092773N2350_1,2,2_79092773,Alabama,-105,1.95238096,1.95,20/21,-23.5,Alabama,Team,True,23501,"['ProgressiveParlayTeamEligible', 'MainPointLine', 'SGP']","[{'id': '42858', 'name': 'Alabama', 'type': 'Team'}]",Madness Props,Spread
0OU79092773O16550_1,2,3_79092773,Over,-108,1.92592593,1.92,25/27,165.5,,Unknown,True,165500,"['ProgressiveParlayTeamEligible', 'MainPointLine', 'SGP']",Madness Props,Total
0OU79092773U16550_3,2,3_79092773,Under,-112,1.89285715,1.89,25/28,165.5,,Unknown,True,165502,"['ProgressiveParlayTeamEligible', 'MainPointLine', 'SGP']",Madness Props,Total
0ML79092773_3,2,1_79092773,Robert Morris,+1800,19,19.00,18/1,Robert Morris,Team,True,1279858596,['SGP'],"[{'id': '44588', 'name': 'Robert Morris', 'type': 'Team'}]",Madness Props,Moneyline
0ML79092773_1,2,1_79092773,Alabama,-5000,1.02,1.02,1/50,Alabama,Team,True,1279860592,['SGP'],"[{'id': '42858', 'name': 'Alabama', 'type': 'Team'}]",Madness Props,Moneyline
0HC79092479P1450_3,2,2_79092479,Lipscomb,-102,1.98039216,1.98,50/51,14.5,Lipscomb,Team,True,14499,"['ProgressiveParlayTeamEligible', 'MainPointLine', 'SGP']","[{'id': '43785', 'name': 'Lipscomb', 'type': 'Team'}]",Madness Props,Spread
0HC79092479N1450_1,2,2_79092479,Iowa State,-118,1.84745763,1.84,50/59,-14.5,Iowa State,Team,True,14501,"['ProgressiveParlayTeamEligible', 'MainPointLine', 'SGP']","[{'id': '42961', 'name': 'Iowa State', 'type': 'Team'}]",Madness Props,Spread
0OU79092479O14350_1,2,3_79092479,Over,-105,1.95238096,1.95,20/21,143.5,,Unknown,True,143500,"['ProgressiveParlayTeamEligible', 'MainPointLine', 'SGP']",Madness Props,Total
0OU79092479U14350_3,2,3_79092479,Under,-115,1.86956522,1.86,20/23,143.5,,Unknown,True,143502,"['ProgressiveParlayTeamEligible', 'MainPointLine', 'SGP']",Madness Props,Total
0ML79092479_3,2,1_79092479,Lipscomb,+900,10,10.00,9/1,Lipscomb,Team,True,1279852128,['SGP'],"[{'id': '43785', 'name': 'Lipscomb', 'type': 'Team'}]",Madness Props,Moneyline
0ML79092479_1,2,1_79092479,Iowa State,-1600,1.0625,1.06,1/16,Iowa State,Team,True,1279854124,['SGP'],"[{'id': '42961', 'name': 'Iowa State', 'type': 'Team'}]",Madness Props,Moneyline
0HC79092954N150_3,2,2_79092954,Colorado State,-118,1.84745763,1.84,50/59,-1.5,Colorado State,Team,True,-1501,"['ProgressiveParlayTeamEligible', 'MainPointLine', 'SGP']","[{'id': '45374', 'name': 'Colorado State', 'type': 'Team'}]",Madness Props,Spread
0HC79092954P150_1,2,2_79092954,Memphis,-102,1.98039216,1.98,50/51,1.5,Memphis,Team,True,-1499,"['ProgressiveParlayTeamEligible', 'MainPointLine', 'SGP']","[{'id': '43053', 'name': 'Memphis', 'type': 'Team'}]",Madness Props,Spread
0OU79092954O14750_1,2,3_79092954,Over,-110,1.90909091,1.90,10/11,147.5,,Unknown,True,147500,"['ProgressiveParlayTeamEligible', 'MainPointLine', 'SGP']",Madness Props,Total
0OU79092954U14750_3,2,3_79092954,Under,-110,1.90909091,1.90,10/11,147.5,,Unknown,True,147502,"['ProgressiveParlayTeamEligible', 'MainPointLine', 'SGP']",Madness Props,Total
0ML79092954_3,2,1_79092954,Colorado State,-135,1.74074075,1.74,20/27,Colorado State,Team,True,1279861172,['SGP'],"[{'id': '45374', 'name': 'Colorado State', 'type': 'Team'}]",Madness Props,Moneyline
0ML79092954_1,2,1_79092954,Memphis,+114,2.14,2.14,57/50,Memphis,Team,True,1279863168,['SGP'],"[{'id': '43053', 'name': 'Memphis', 'type': 'Team'}]",Madness Props,Moneyline
0HC79092772P450_3,2,2_79092772,Vanderbilt,-115,1.86956522,1.86,20/23,4.5,Vanderbilt,Team,True,4499,"['ProgressiveParlayTeamEligible', 'MainPointLine', 'SGP']","[{'id': '44513', 'name': 'Vanderbilt', 'type': 'Team'}]",Madness Props,Spread
0HC79092772N450_1,2,2_79092772,Saint Marys,-105,1.95238096,1.95,20/21,-4.5,Saint Marys,Team,True,4501,"['ProgressiveParlayTeamEligible', 'MainPointLine', 'SGP']","[{'id': '41405', 'name': 'Saint Marys', 'type': 'Team'}]",Madness Props,Spread
0OU79092772O13650_1,2,3_79092772,Over,-108,1.92592593,1.92,25/27,136.5,,Unknown,True,136500,"['ProgressiveParlayTeamEligible', 'MainPointLine', 'SGP']",Madness Props,Total
0OU79092772U13650_3,2,3_79092772,Under,-112,1.89285715,1.89,25/28,136.5,,Unknown,True,136502,"['ProgressiveParlayTeamEligible', 'MainPointLine', 'SGP']",Madness Props,Total
0ML79092772_3,2,1_79092772,Vanderbilt,+160,2.6,2.60,8/5,Vanderbilt,Team,True,1279858589,['SGP'],"[{'id': '44513', 'name': 'Vanderbilt', 'type': 'Team'}]",Madness Props,Moneyline
0ML79092772_1,2,1_79092772,Saint Marys,-192,1.52083334,1.52,25/48,Saint Marys,Team,True,1279860585,['SGP'],"[{'id': '41405', 'name': 'Saint Marys', 'type': 'Team'}]",Madness Props,Moneyline
0HC79111741P150_3,2,2_79111741,North Carolina,-110,1.90909091,1.90,10/11,1.5,North Carolina,Team,True,1499,"['ProgressiveParlayTeamEligible', 'MainPointLine', 'SGP']","[{'id': '42450', 'name': 'North Carolina', 'type': 'Team'}]",Madness Props,Spread
0HC79111741N150_1,2,2_79111741,Ole Miss,-110,1.90909091,1.90,10/11,-1.5,Ole Miss,Team,True,1501,"['ProgressiveParlayTeamEligible', 'MainPointLine', 'SGP']","[{'id': '43121', 'name': 'Ole Miss', 'type': 'Team'}]",Madness Props,Spread
0OU79111741O15250_1,2,3_79111741,Over,-110,1.90909091,1.90,10/11,152.5,,Unknown,True,152500,"['ProgressiveParlayTeamEligible', 'MainPointLine', 'SGP']",Madness Props,Total
0OU79111741U15250_3,2,3_79111741,Under,-110,1.90909091,1.90,10/11,152.5,,Unknown,True,152502,"['ProgressiveParlayTeamEligible', 'MainPointLine', 'SGP']",Madness Props,Total
0ML79111741_3,2,1_79111741,North Carolina,+105,2.05,2.05,21/20,North Carolina,Team,True,1280260180,['SGP'],"[{'id': '42450', 'name': 'North Carolina', 'type': 'Team'}]",Madness Props,Moneyline
0ML79111741_1,2,1_79111741,Ole Miss,-125,1.8,1.80,4/5,Ole Miss,Team,True,1280262176,['SGP'],"[{'id': '43121', 'name': 'Ole Miss', 'type': 'Team'}]",Madness Props,Moneyline
0HC79111740P350_3,2,2_79111740,San Diego State,-110,1.90909091,1.90,10/11,3.5,San Diego State,Team,True,3499,"['ProgressiveParlayTeamEligible', 'MainPointLine', 'SGP']","[{'id': '44675', 'name': 'San Diego State', 'type': 'Team'}]",Madness Props,Spread
0HC79111740N350_1,2,2_79111740,Ole Miss,-110,1.90909091,1.90,10/11,-3.5,Ole Miss,Team,True,3501,"['ProgressiveParlayTeamEligible', 'MainPointLine', 'SGP']","[{'id': '43121', 'name': 'Ole Miss', 'type': 'Team'}]",Madness Props,Spread
0OU79111740O13550_1,2,3_79111740,Over,-110,1.90909091,1.90,10/11,135.5,,Unknown,True,135500,"['ProgressiveParlayTeamEligible', 'MainPointLine', 'SGP']",Madness Props,Total
0OU79111740U13550_3,2,3_79111740,Under,-110,1.90909091,1.90,10/11,135.5,,Unknown,True,135502,"['ProgressiveParlayTeamEligible', 'MainPointLine', 'SGP']",Madness Props,Total
0ML79111740_3,2,1_79111740,San Diego State,+150,2.5,2.50,6/4,San Diego State,Team,True,1280260173,['SGP'],"[{'id': '44675', 'name': 'San Diego State', 'type': 'Team'}]",Madness Props,Moneyline
0ML79111740_1,2,1_79111740,Ole Miss,-180,1.55555556,1.55,5/9,Ole Miss,Team,True,1280262169,['SGP'],"[{'id': '43121', 'name': 'Ole Miss', 'type': 'Team'}]",Madness Props,Moneyline
0HC79092960P1050_3,2,2_79092960,Grand Canyon,-115,1.86956522,1.86,20/23,10.5,Grand Canyon,Team,True,10499,"['ProgressiveParlayTeamEligible', 'MainPointLine', 'SGP']","[{'id': '43744', 'name': 'Grand Canyon', 'type': 'Team'}]",Madness Props,Spread
0HC79092960N1050_1,2,2_79092960,Maryland,-105,1.95238096,1.95,20/21,-10.5,Maryland,Team,True,10501,"['ProgressiveParlayTeamEligible', 'MainPointLine', 'SGP']","[{'id': '42635', 'name': 'Maryland', 'type': 'Team'}]",Madness Props,Spread
0OU79092960O15050_1,2,3_79092960,Over,-105,1.95238096,1.95,20/21,150.5,,Unknown,True,150500,"['ProgressiveParlayTeamEligible', 'MainPointLine', 'SGP']",Madness Props,Total
0OU79092960U15050_3,2,3_79092960,Under,-115,1.86956522,1.86,20/23,150.5,,Unknown,True,150502,"['ProgressiveParlayTeamEligible', 'MainPointLine', 'SGP']",Madness Props,Total
0ML79092960_3,2,1_79092960,Grand Canyon,+425,5.25,5.25,17/4,Grand Canyon,Team,True,1279861214,['SGP'],"[{'id': '43744', 'name': 'Grand Canyon', 'type': 'Team'}]",Madness Props,Moneyline
0ML79092960_1,2,1_79092960,Maryland,-575,1.17391305,1.17,4/23,Maryland,Team,True,1279863210,['SGP'],"[{'id': '42635', 'name': 'Maryland', 'type': 'Team'}]",Madness Props,Moneyline
0HC79092952P2850_3,2,2_79092952,Norfolk State,-110,1.90909091,1.90,10/11,28.5,Norfolk State,Team,True,28499,"['ProgressiveParlayTeamEligible', 'MainPointLine', 'SGP']","[{'id': '43965', 'name': 'Norfolk State', 'type': 'Team'}]",Madness Props,Spread
0HC79092952N2850_1,2,2_79092952,Florida,-110,1.90909091,1.90,10/11,-28.5,Florida,Team,True,28501,"['ProgressiveParlayTeamEligible', 'MainPointLine', 'SGP']","[{'id': '44135', 'name': 'Florida', 'type': 'Team'}]",Madness Props,Spread
0OU79092952O15350_1,2,3_79092952,Over,-115,1.86956522,1.86,20/23,153.5,,Unknown,True,153500,"['ProgressiveParlayTeamEligible', 'MainPointLine', 'SGP']",Madness Props,Total
0OU79092952U15350_3,2,3_79092952,Under,-105,1.95238096,1.95,20/21,153.5,,Unknown,True,153502,"['ProgressiveParlayTeamEligible', 'MainPointLine', 'SGP']",Madness Props,Total
0ML79092952_3,2,1_79092952,Norfolk State,+2500,26,26.00,25/1,Norfolk State,Team,True,1279861158,['SGP'],"[{'id': '43965', 'name': 'Norfolk State', 'type': 'Team'}]",Madness Props,Moneyline
0ML79092952_1,2,1_79092952,Florida,-9000,1.01111112,1.01,1/90,Florida,Team,True,1279863154,['SGP'],"[{'id': '44135', 'name': 'Florida', 'type': 'Team'}]",Madness Props,Moneyline
0HC79092941P1150_3,2,2_79092941,Troy,-115,1.86956522,1.86,20/23,11.5,Troy,Team,True,11499,"['ProgressiveParlayTeamEligible', 'MainPointLine', 'SGP']","[{'id': '43481', 'name': 'Troy', 'type': 'Team'}]",Madness Props,Spread
0HC79092941N1150_1,2,2_79092941,Kentucky,-105,1.95238096,1.95,20/21,-11.5,Kentucky,Team,True,11501,"['ProgressiveParlayTeamEligible', 'MainPointLine', 'SGP']","[{'id': '44542', 'name': 'Kentucky', 'type': 'Team'}]",Madness Props,Spread
0OU79092941O15250_1,2,3_79092941,Over,-105,1.95238096,1.95,20/21,152.5,,Unknown,True,152500,"['ProgressiveParlayTeamEligible', 'MainPointLine', 'SGP']",Madness Props,Total
0OU79092941U15250_3,2,3_79092941,Under,-115,1.86956522,1.86,20/23,152.5,,Unknown,True,152502,"['ProgressiveParlayTeamEligible', 'MainPointLine', 'SGP']",Madness Props,Total
0ML79092941_3,2,1_79092941,Troy,+550,6.5,6.50,11/2,Troy,Team,True,1279861081,['SGP'],"[{'id': '43481', 'name': 'Troy', 'type': 'Team'}]",Madness Props,Moneyline
0ML79092941_1,2,1_79092941,Kentucky,-800,1.125,1.12,1/8,Kentucky,Team,True,1279863077,['SGP'],"[{'id': '44542', 'name': 'Kentucky', 'type': 'Team'}]",Madness Props,Moneyline
0HC79092502P350_3,2,2_79092502,New Mexico,-105,1.95238096,1.95,20/21,3.5,New Mexico,Team,True,3499,"['ProgressiveParlayTeamEligible', 'MainPointLine', 'SGP']","[{'id': '44215', 'name': 'New Mexico', 'type': 'Team'}]",Madness Props,Spread
0HC79092502N350_1,2,2_79092502,Marquette,-115,1.86956522,1.86,20/23,-3.5,Marquette,Team,True,3501,"['ProgressiveParlayTeamEligible', 'MainPointLine', 'SGP']","[{'id': '44018', 'name': 'Marquette', 'type': 'Team'}]",Madness Props,Spread
0OU79092502O15350_1,2,3_79092502,Over,-108,1.92592593,1.92,25/27,153.5,,Unknown,True,153500,"['ProgressiveParlayTeamEligible', 'MainPointLine', 'SGP']",Madness Props,Total
0OU79092502U15350_3,2,3_79092502,Under,-112,1.89285715,1.89,25/28,153.5,,Unknown,True,153502,"['ProgressiveParlayTeamEligible', 'MainPointLine', 'SGP']",Madness Props,Total
0ML79092502_3,2,1_79092502,New Mexico,+145,2.45,2.45,29/20,New Mexico,Team,True,1279852583,['SGP'],"[{'id': '44215', 'name': 'New Mexico', 'type': 'Team'}]",Madness Props,Moneyline
0ML79092502_1,2,1_79092502,Marquette,-175,1.57142858,1.57,4/7,Marquette,Team,True,1279854579,['SGP'],"[{'id': '44018', 'name': 'Marquette', 'type': 'Team'}]",Madness Props,Moneyline
0HC79092765P1350_3,2,2_79092765,Akron,-102,1.98039216,1.98,50/51,13.5,Akron,Team,True,13499,"['ProgressiveParlayTeamEligible', 'MainPointLine', 'SGP']","[{'id': '41425', 'name': 'Akron', 'type': 'Team'}]",Madness Props,Spread
0HC79092765N1350_1,2,2_79092765,Arizona,-118,1.84745763,1.84,50/59,-13.5,Arizona,Team,True,13501,"['ProgressiveParlayTeamEligible', 'MainPointLine', 'SGP']","[{'id': '45351', 'name': 'Arizona', 'type': 'Team'}]",Madness Props,Spread
0OU79092765O16650_1,2,3_79092765,Over,-115,1.86956522,1.86,20/23,166.5,,Unknown,True,166500,"['ProgressiveParlayTeamEligible', 'MainPointLine', 'SGP']",Madness Props,Total
0OU79092765U16650_3,2,3_79092765,Under,-105,1.95238096,1.95,20/21,166.5,,Unknown,True,166502,"['ProgressiveParlayTeamEligible', 'MainPointLine', 'SGP']",Madness Props,Total
0ML79092765_3,2,1_79092765,Akron,+750,8.5,8.50,15/2,Akron,Team,True,1279858442,['SGP'],"[{'id': '41425', 'name': 'Akron', 'type': 'Team'}]",Madness Props,Moneyline
0ML79092765_1,2,1_79092765,Arizona,-1200,1.08333334,1.08,1/12,Arizona,Team,True,1279860438,['SGP'],"[{'id': '45351', 'name': 'Arizona', 'type': 'Team'}]",Madness Props,Moneyline
0HC79092953P550_3,2,2_79092953,Oklahoma,-110,1.90909091,1.90,10/11,5.5,Oklahoma,Team,True,5499,"['ProgressiveParlayTeamEligible', 'MainPointLine', 'SGP']","[{'id': '42537', 'name': 'Oklahoma', 'type': 'Team'}]",Madness Props,Spread
0HC79092953N550_1,2,2_79092953,UConn,-110,1.90909091,1.90,10/11,-5.5,UConn,Team,True,5501,"['ProgressiveParlayTeamEligible', 'MainPointLine', 'SGP']","[{'id': '41421', 'name': 'UConn', 'type': 'Team'}]",Madness Props,Spread
0OU79092953O14750_1,2,3_79092953,Over,-112,1.89285715,1.89,25/28,147.5,,Unknown,True,147500,"['ProgressiveParlayTeamEligible', 'MainPointLine', 'SGP']",Madness Props,Total
0OU79092953U14750_3,2,3_79092953,Under,-108,1.92592593,1.92,25/27,147.5,,Unknown,True,147502,"['ProgressiveParlayTeamEligible', 'MainPointLine', 'SGP']",Madness Props,Total
0ML79092953_3,2,1_79092953,Oklahoma,+190,2.9,2.90,19/10,Oklahoma,Team,True,1279861165,['SGP'],"[{'id': '42537', 'name': 'Oklahoma', 'type': 'Team'}]",Madness Props,Moneyline
0ML79092953_1,2,1_79092953,UConn,-230,1.43478261,1.43,10/23,UConn,Team,True,1279863161,['SGP'],"[{'id': '41421', 'name': 'UConn', 'type': 'Team'}]",Madness Props,Moneyline
0HC79092553P1750_3,2,2_79092553,Bryant,-115,1.86956522,1.86,20/23,17.5,Bryant,Team,True,17499,"['ProgressiveParlayTeamEligible', 'MainPointLine', 'SGP']","[{'id': '42187', 'name': 'Bryant', 'type': 'Team'}]",Madness Props,Spread
0HC79092553N1750_1,2,2_79092553,Michigan State,-105,1.95238096,1.95,20/21,-17.5,Michigan State,Team,True,17501,"['ProgressiveParlayTeamEligible', 'MainPointLine', 'SGP']","[{'id': '41925', 'name': 'Michigan State', 'type': 'Team'}]",Madness Props,Spread
0OU79092553O15250_1,2,3_79092553,Over,-110,1.90909091,1.90,10/11,152.5,,Unknown,True,152500,"['ProgressiveParlayTeamEligible', 'MainPointLine', 'SGP']",Madness Props,Total
0OU79092553U15250_3,2,3_79092553,Under,-110,1.90909091,1.90,10/11,152.5,,Unknown,True,152502,"['ProgressiveParlayTeamEligible', 'MainPointLine', 'SGP']",Madness Props,Total
0ML79092553_3,2,1_79092553,Bryant,+1200,13,13.00,12/1,Bryant,Team,True,1279853801,['SGP'],"[{'id': '42187', 'name': 'Bryant', 'type': 'Team'}]",Madness Props,Moneyline
0ML79092553_1,2,1_79092553,Michigan State,-2400,1.04166667,1.04,1/24,Michigan State,Team,True,1279855797,['SGP'],"[{'id': '41925', 'name': 'Michigan State', 'type': 'Team'}]",Madness Props,Moneyline
0HC79092744P750_3,2,2_79092744,Liberty,-115,1.86956522,1.86,20/23,7.5,Liberty,Team,True,7499,"['ProgressiveParlayTeamEligible', 'MainPointLine', 'SGP']","[{'id': '41459', 'name': 'Liberty', 'type': 'Team'}]",Madness Props,Spread
0HC79092744N750_1,2,2_79092744,Oregon,-105,1.95238096,1.95,20/21,-7.5,Oregon,Team,True,7501,"['ProgressiveParlayTeamEligible', 'MainPointLine', 'SGP']","[{'id': '44430', 'name': 'Oregon', 'type': 'Team'}]",Madness Props,Spread
0OU79092744O13950_1,2,3_79092744,Over,-108,1.92592593,1.92,25/27,139.5,,Unknown,True,139500,"['ProgressiveParlayTeamEligible', 'MainPointLine', 'SGP']",Madness Props,Total
0OU79092744U13950_3,2,3_79092744,Under,-112,1.89285715,1.89,25/28,139.5,,Unknown,True,139502,"['ProgressiveParlayTeamEligible', 'MainPointLine', 'SGP']",Madness Props,Total
0ML79092744_3,2,1_79092744,Liberty,+260,3.6,3.60,13/5,Liberty,Team,True,1279858001,['SGP'],"[{'id': '41459', 'name': 'Liberty', 'type': 'Team'}]",Madness Props,Moneyline
0ML79092744_1,2,1_79092744,Oregon,-325,1.30769231,1.30,4/13,Oregon,Team,True,1279859997,['SGP'],"[{'id': '44430', 'name': 'Oregon', 'type': 'Team'}]",Madness Props,Moneyline
0HC79110487N350_3,2,2_79110487,Saint Francis PA,-115,1.86956522,1.86,20/23,-3.5,Saint Francis PA,Team,True,-3501,"['MainPointLine', 'SGP']","[{'id': '41332', 'name': 'Saint Francis PA', 'type': 'Team'}]",Madness Props,Spread
0HC79110487P350_1,2,2_79110487,Alabama State,-115,1.86956522,1.86,20/23,3.5,Alabama State,Team,True,-3499,"['MainPointLine', 'SGP']","[{'id': '42969', 'name': 'Alabama State', 'type': 'Team'}]",Madness Props,Spread
0OU79110487O14650_1,2,3_79110487,Over,-110,1.90909091,1.90,10/11,146.5,,Unknown,True,146500,"['MainPointLine', 'SGP']",Madness Props,Total
0OU79110487U14650_3,2,3_79110487,Under,-120,1.83333334,1.83,5/6,146.5,,Unknown,True,146502,"['MainPointLine', 'SGP']",Madness Props,Total
0ML79110487_3,2,1_79110487,Saint Francis PA,-200,1.5,1.50,1/2,Saint Francis PA,Team,True,1280230384,['SGP'],"[{'id': '41332', 'name': 'Saint Francis PA', 'type': 'Team'}]",Madness Props,Moneyline
0ML79110487_1,2,1_79110487,Alabama State,+154,2.54,2.54,77/50,Alabama State,Team,True,1280232377,['SGP'],"[{'id': '42969', 'name': 'Alabama State', 'type': 'Team'}]",Madness Props,Moneyline
0HC79110488P550_3,2,2_79110488,Kent State,-115,1.86956522,1.86,20/23,5.5,Kent State,Team,True,5499,"['MainPointLine', 'SGP']","[{'id': '43444', 'name': 'Kent State', 'type': 'Team'}]",Madness Props,Spread
0HC79110488N550_1,2,2_79110488,Saint Bonaventure,-115,1.86956522,1.86,20/23,-5.5,Saint Bonaventure,Team,True,5501,"['MainPointLine', 'SGP']","[{'id': '44786', 'name': 'Saint Bonaventure', 'type': 'Team'}]",Madness Props,Spread
0OU79110488O13450_1,2,3_79110488,Over,-115,1.86956522,1.86,20/23,134.5,,Unknown,True,134500,"['MainPointLine', 'SGP']",Madness Props,Total
0OU79110488U13450_3,2,3_79110488,Under,-115,1.86956522,1.86,20/23,134.5,,Unknown,True,134502,"['MainPointLine', 'SGP']",Madness Props,Total
0ML79110488_3,2,1_79110488,Kent State,+210,3.1,3.10,21/10,Kent State,Team,True,1280230388,['SGP'],"[{'id': '43444', 'name': 'Kent State', 'type': 'Team'}]",Madness Props,Moneyline
0ML79110488_1,2,1_79110488,Saint Bonaventure,-280,1.35714286,1.35,5/14,Saint Bonaventure,Team,True,1280232378,['SGP'],"[{'id': '44786', 'name': 'Saint Bonaventure', 'type': 'Team'}]",Madness Props,Moneyline
0HC79110490P250_3,2,2_79110490,Jacksonville State,-115,1.86956522,1.86,20/23,2.5,Jacksonville State,Team,True,2499,"['MainPointLine', 'SGP']","[{'id': '42218', 'name': 'Jacksonville State', 'type': 'Team'}]",Madness Props,Spread
0HC79110490N250_1,2,2_79110490,Georgia Tech,-115,1.86956522,1.86,20/23,-2.5,Georgia Tech,Team,True,2501,"['MainPointLine', 'SGP']","[{'id': '42150', 'name': 'Georgia Tech', 'type': 'Team'}]",Madness Props,Spread
0OU79110490O14950_1,2,3_79110490,Over,-110,1.90909091,1.90,10/11,149.5,,Unknown,True,149500,"['MainPointLine', 'SGP']",Madness Props,Total
0OU79110490U14950_3,2,3_79110490,Under,-120,1.83333334,1.83,5/6,149.5,,Unknown,True,149502,"['MainPointLine', 'SGP']",Madness Props,Total
0ML79110490_3,2,1_79110490,Jacksonville State,+124,2.24,2.24,31/25,Jacksonville State,Team,True,1280230402,['SGP'],"[{'id': '42218', 'name': 'Jacksonville State', 'type': 'Team'}]",Madness Props,Moneyline
0ML79110490_1,2,1_79110490,Georgia Tech,-160,1.625,1.62,5/8,Georgia Tech,Team,True,1280232398,['SGP'],"[{'id': '42150', 'name': 'Georgia Tech', 'type': 'Team'}]",Madness Props,Moneyline
0HC79100355P150_3,2,2_79100355,Chattanooga,-110,1.90909091,1.90,10/11,1.5,Chattanooga,Team,True,1499,"['ProgressiveParlayTeamEligible', 'MainPointLine', 'SGP']","[{'id': '41974', 'name': 'Chattanooga', 'type': 'Team'}]",Madness Props,Spread
0HC79100355N150_1,2,2_79100355,Middle Tennessee,-110,1.90909091,1.90,10/11,-1.5,Middle Tennessee,Team,True,1501,"['ProgressiveParlayTeamEligible', 'MainPointLine', 'SGP']","[{'id': '42683', 'name': 'Middle Tennessee', 'type': 'Team'}]",Madness Props,Spread
0OU79100355O15250_1,2,3_79100355,Over,-115,1.86956522,1.86,20/23,152.5,,Unknown,True,152500,"['ProgressiveParlayTeamEligible', 'MainPointLine', 'SGP']",Madness Props,Total
0OU79100355U15250_3,2,3_79100355,Under,-105,1.95238096,1.95,20/21,152.5,,Unknown,True,152502,"['ProgressiveParlayTeamEligible', 'MainPointLine', 'SGP']",Madness Props,Total
0ML79100355_3,2,1_79100355,Chattanooga,+105,2.05,2.05,21/20,Chattanooga,Team,True,1280025918,['SGP'],"[{'id': '41974', 'name': 'Chattanooga', 'type': 'Team'}]",Madness Props,Moneyline
0ML79100355_1,2,1_79100355,Middle Tennessee,-125,1.8,1.80,4/5,Middle Tennessee,Team,True,1280027914,['SGP'],"[{'id': '42683', 'name': 'Middle Tennessee', 'type': 'Team'}]",Madness Props,Moneyline
0HC79100357P650_3,2,2_79100357,Wichita State,-112,1.89285715,1.89,25/28,6.5,Wichita State,Team,True,6499,"['ProgressiveParlayTeamEligible', 'MainPointLine', 'SGP']","[{'id': '43593', 'name': 'Wichita State', 'type': 'Team'}]",Madness Props,Spread
0HC79100357N650_1,2,2_79100357,Oklahoma State,-108,1.92592593,1.92,25/27,-6.5,Oklahoma State,Team,True,6501,"['ProgressiveParlayTeamEligible', 'MainPointLine', 'SGP']","[{'id': '43141', 'name': 'Oklahoma State', 'type': 'Team'}]",Madness Props,Spread
0OU79100357O15450_1,2,3_79100357,Over,-105,1.95238096,1.95,20/21,154.5,,Unknown,True,154500,"['ProgressiveParlayTeamEligible', 'MainPointLine', 'SGP']",Madness Props,Total
0OU79100357U15450_3,2,3_79100357,Under,-115,1.86956522,1.86,20/23,154.5,,Unknown,True,154502,"['ProgressiveParlayTeamEligible', 'MainPointLine', 'SGP']",Madness Props,Total
0ML79100357_3,2,1_79100357,Wichita State,+230,3.3,3.30,23/10,Wichita State,Team,True,1280025932,['SGP'],"[{'id': '43593', 'name': 'Wichita State', 'type': 'Team'}]",Madness Props,Moneyline
0ML79100357_1,2,1_79100357,Oklahoma State,-285,1.3508772,1.35,20/57,Oklahoma State,Team,True,1280027928,['SGP'],"[{'id': '43141', 'name': 'Oklahoma State', 'type': 'Team'}]",Madness Props,Moneyline
0HC79100359P550_3,2,2_79100359,Saint Louis,-108,1.92592593,1.92,25/27,5.5,Saint Louis,Team,True,5499,"['ProgressiveParlayTeamEligible', 'MainPointLine', 'SGP']","[{'id': '43370', 'name': 'Saint Louis', 'type': 'Team'}]",Madness Props,Spread
0HC79100359N550_1,2,2_79100359,Arkansas State,-112,1.89285715,1.89,25/28,-5.5,Arkansas State,Team,True,5501,"['ProgressiveParlayTeamEligible', 'MainPointLine', 'SGP']","[{'id': '42673', 'name': 'Arkansas State', 'type': 'Team'}]",Madness Props,Spread
0OU79100359O15450_1,2,3_79100359,Over,-105,1.95238096,1.95,20/21,154.5,,Unknown,True,154500,"['ProgressiveParlayTeamEligible', 'MainPointLine', 'SGP']",Madness Props,Total
0OU79100359U15450_3,2,3_79100359,Under,-115,1.86956522,1.86,20/23,154.5,,Unknown,True,154502,"['ProgressiveParlayTeamEligible', 'MainPointLine', 'SGP']",Madness Props,Total
0ML79100359_3,2,1_79100359,Saint Louis,+200,3,3.00,2/1,Saint Louis,Team,True,1280025946,['SGP'],"[{'id': '43370', 'name': 'Saint Louis', 'type': 'Team'}]",Madness Props,Moneyline
0ML79100359_1,2,1_79100359,Arkansas State,-245,1.40816327,1.40,20/49,Arkansas State,Team,True,1280027942,['SGP'],"[{'id': '42673', 'name': 'Arkansas State', 'type': 'Team'}]",Madness Props,Moneyline
0HC79092473N450_3,2,2_79092473,North Carolina,-112,1.89285715,1.89,25/28,-4.5,North Carolina,Team,True,-4501,"['ProgressiveParlayTeamEligible', 'MainPointLine', 'SGP']","[{'id': '42450', 'name': 'North Carolina', 'type': 'Team'}]",Madness Props,Spread
0HC79092473P450_1,2,2_79092473,San Diego State,-108,1.92592593,1.92,25/27,4.5,San Diego State,Team,True,-4499,"['ProgressiveParlayTeamEligible', 'MainPointLine', 'SGP']","[{'id': '44675', 'name': 'San Diego State', 'type': 'Team'}]",Madness Props,Spread
0OU79092473O14150_1,2,3_79092473,Over,-112,1.89285715,1.89,25/28,141.5,,Unknown,True,141500,"['ProgressiveParlayTeamEligible', 'MainPointLine', 'SGP']",Madness Props,Total
0OU79092473U14150_3,2,3_79092473,Under,-108,1.92592593,1.92,25/27,141.5,,Unknown,True,141502,"['ProgressiveParlayTeamEligible', 'MainPointLine', 'SGP']",Madness Props,Total
0ML79092473_3,2,1_79092473,North Carolina,-218,1.4587156,1.45,50/109,North Carolina,Team,True,1279852086,['SGP'],"[{'id': '42450', 'name': 'North Carolina', 'type': 'Team'}]",Madness Props,Moneyline
0ML79092473_1,2,1_79092473,San Diego State,+180,2.8,2.80,9/5,San Diego State,Team,True,1279854082,['SGP'],"[{'id': '44675', 'name': 'San Diego State', 'type': 'Team'}]",Madness Props,Moneyline
0HC79100356P650_3,2,2_79100356,CSUN,-108,1.92592593,1.92,25/27,6.5,CSUN,Team,True,6499,"['ProgressiveParlayTeamEligible', 'MainPointLine', 'SGP']","[{'id': '44653', 'name': 'CSUN', 'type': 'Team'}]",Madness Props,Spread
0HC79100356N650_1,2,2_79100356,Stanford,-112,1.89285715,1.89,25/28,-6.5,Stanford,Team,True,6501,"['ProgressiveParlayTeamEligible', 'MainPointLine', 'SGP']","[{'id': '44739', 'name': 'Stanford', 'type': 'Team'}]",Madness Props,Spread
0OU79100356O15650_1,2,3_79100356,Over,-108,1.92592593,1.92,25/27,156.5,,Unknown,True,156500,"['ProgressiveParlayTeamEligible', 'MainPointLine', 'SGP']",Madness Props,Total
0OU79100356U15650_3,2,3_79100356,Under,-112,1.89285715,1.89,25/28,156.5,,Unknown,True,156502,"['ProgressiveParlayTeamEligible', 'MainPointLine', 'SGP']",Madness Props,Total
0ML79100356_3,2,1_79100356,CSUN,+230,3.3,3.30,23/10,CSUN,Team,True,1280025925,['SGP'],"[{'id': '44653', 'name': 'CSUN', 'type': 'Team'}]",Madness Props,Moneyline
0ML79100356_1,2,1_79100356,Stanford,-285,1.3508772,1.35,20/57,Stanford,Team,True,1280027921,['SGP'],"[{'id': '44739', 'name': 'Stanford', 'type': 'Team'}]",Madness Props,Moneyline
0HC79100358P1050_3,2,2_79100358,UC Riverside,-118,1.84745763,1.84,50/59,10.5,UC Riverside,Team,True,10499,"['ProgressiveParlayTeamEligible', 'MainPointLine', 'SGP']","[{'id': '44279', 'name': 'UC Riverside', 'type': 'Team'}]",Madness Props,Spread
0HC79100358N1050_1,2,2_79100358,Santa Clara,-102,1.98039216,1.98,50/51,-10.5,Santa Clara,Team,True,10501,"['ProgressiveParlayTeamEligible', 'MainPointLine', 'SGP']","[{'id': '42757', 'name': 'Santa Clara', 'type': 'Team'}]",Madness Props,Spread
0OU79100358O15650_1,2,3_79100358,Over,-110,1.90909091,1.90,10/11,156.5,,Unknown,True,156500,"['ProgressiveParlayTeamEligible', 'MainPointLine', 'SGP']",Madness Props,Total
0OU79100358U15650_3,2,3_79100358,Under,-110,1.90909091,1.90,10/11,156.5,,Unknown,True,156502,"['ProgressiveParlayTeamEligible', 'MainPointLine', 'SGP']",Madness Props,Total
0ML79100358_3,2,1_79100358,UC Riverside,+440,5.4,5.40,22/5,UC Riverside,Team,True,1280025939,['SGP'],"[{'id': '44279', 'name': 'UC Riverside', 'type': 'Team'}]",Madness Props,Moneyline
0ML79100358_1,2,1_79100358,Santa Clara,-600,1.16666667,1.16,1/6,Santa Clara,Team,True,1280027935,['SGP'],"[{'id': '42757', 'name': 'Santa Clara', 'type': 'Team'}]",Madness Props,Moneyline
0HC79092702P250_3,2,2_79092702,Mount Saint Marys,-112,1.89285715,1.89,25/28,2.5,Mount Saint Marys,Team,True,2499,"['ProgressiveParlayTeamEligible', 'MainPointLine', 'SGP']","[{'id': '42025', 'name': 'Mount Saint Marys', 'type': 'Team'}]",Madness Props,Spread
0HC79092702N250_1,2,2_79092702,American,-108,1.92592593,1.92,25/27,-2.5,American,Team,True,2501,"['ProgressiveParlayTeamEligible', 'MainPointLine', 'SGP']","[{'id': '41874', 'name': 'American', 'type': 'Team'}]",Madness Props,Spread
0OU79092702O12950_1,2,3_79092702,Over,-105,1.95238096,1.95,20/21,129.5,,Unknown,True,129500,"['ProgressiveParlayTeamEligible', 'MainPointLine', 'SGP']",Madness Props,Total
0OU79092702U12950_3,2,3_79092702,Under,-115,1.86956522,1.86,20/23,129.5,,Unknown,True,129502,"['ProgressiveParlayTeamEligible', 'MainPointLine', 'SGP']",Madness Props,Total
0ML79092702_3,2,1_79092702,Mount Saint Marys,+120,2.2,2.20,6/5,Mount Saint Marys,Team,True,1279857119,['SGP'],"[{'id': '42025', 'name': 'Mount Saint Marys', 'type': 'Team'}]",Madness Props,Moneyline
0ML79092702_1,2,1_79092702,American,-142,1.70422536,1.70,50/71,American,Team,True,1279859115,['SGP'],"[{'id': '41874', 'name': 'American', 'type': 'Team'}]",Madness Props,Moneyline
0HC79100363P750_3,2,2_79100363,Samford,-110,1.90909091,1.90,10/11,7.5,Samford,Team,True,7499,"['ProgressiveParlayTeamEligible', 'MainPointLine', 'SGP']","[{'id': '42759', 'name': 'Samford', 'type': 'Team'}]",Madness Props,Spread
0HC79100363N750_1,2,2_79100363,George Mason,-110,1.90909091,1.90,10/11,-7.5,George Mason,Team,True,7501,"['ProgressiveParlayTeamEligible', 'MainPointLine', 'SGP']","[{'id': '41752', 'name': 'George Mason', 'type': 'Team'}]",Madness Props,Spread
0OU79100363O14750_1,2,3_79100363,Over,-110,1.90909091,1.90,10/11,147.5,,Unknown,True,147500,"['ProgressiveParlayTeamEligible', 'MainPointLine', 'SGP']",Madness Props,Total
0OU79100363U14750_3,2,3_79100363,Under,-110,1.90909091,1.90,10/11,147.5,,Unknown,True,147502,"['ProgressiveParlayTeamEligible', 'MainPointLine', 'SGP']",Madness Props,Total
0ML79100363_3,2,1_79100363,Samford,+270,3.7,3.70,27/10,Samford,Team,True,1280025967,['SGP'],"[{'id': '42759', 'name': 'Samford', 'type': 'Team'}]",Madness Props,Moneyline
0ML79100363_1,2,1_79100363,George Mason,-340,1.29411765,1.29,5/17,George Mason,Team,True,1280027963,['SGP'],"[{'id': '41752', 'name': 'George Mason', 'type': 'Team'}]",Madness Props,Moneyline
0HC79100365P550_3,2,2_79100365,UAB,-115,1.86956522,1.86,20/23,5.5,UAB,Team,True,5499,"['ProgressiveParlayTeamEligible', 'MainPointLine', 'SGP']","[{'id': '42938', 'name': 'UAB', 'type': 'Team'}]",Madness Props,Spread
0HC79100365N550_1,2,2_79100365,Saint Josephs,-105,1.95238096,1.95,20/21,-5.5,Saint Josephs,Team,True,5501,"['ProgressiveParlayTeamEligible', 'MainPointLine', 'SGP']","[{'id': '42231', 'name': 'Saint Josephs', 'type': 'Team'}]",Madness Props,Spread
0OU79100365O15550_1,2,3_79100365,Over,-110,1.90909091,1.90,10/11,155.5,,Unknown,True,155500,"['ProgressiveParlayTeamEligible', 'MainPointLine', 'SGP']",Madness Props,Total
0OU79100365U15550_3,2,3_79100365,Under,-110,1.90909091,1.90,10/11,155.5,,Unknown,True,155502,"['ProgressiveParlayTeamEligible', 'MainPointLine', 'SGP']",Madness Props,Total
0ML79100365_3,2,1_79100365,UAB,+195,2.95,2.95,39/20,UAB,Team,True,1280025981,['SGP'],"[{'id': '42938', 'name': 'UAB', 'type': 'Team'}]",Madness Props,Moneyline
0ML79100365_1,2,1_79100365,Saint Josephs,-238,1.42016807,1.42,50/119,Saint Josephs,Team,True,1280027977,['SGP'],"[{'id': '42231', 'name': 'Saint Josephs', 'type': 'Team'}]",Madness Props,Moneyline
0HC79100362P100_3,2,2_79100362,Florida Atlantic,-115,1.86956522,1.86,20/23,1,Florida Atlantic,Team,True,999,"['ProgressiveParlayTeamEligible', 'MainPointLine', 'SGP']","[{'id': '44945', 'name': 'Florida Atlantic', 'type': 'Team'}]",Madness Props,Spread
0HC79100362N100_1,2,2_79100362,Dayton,-105,1.95238096,1.95,20/21,-1,Dayton,Team,True,1001,"['ProgressiveParlayTeamEligible', 'MainPointLine', 'SGP']","[{'id': '44880', 'name': 'Dayton', 'type': 'Team'}]",Madness Props,Spread
0OU79100362O15050_1,2,3_79100362,Over,-115,1.86956522,1.86,20/23,150.5,,Unknown,True,150500,"['ProgressiveParlayTeamEligible', 'MainPointLine', 'SGP']",Madness Props,Total
0OU79100362U15050_3,2,3_79100362,Under,-105,1.95238096,1.95,20/21,150.5,,Unknown,True,150502,"['ProgressiveParlayTeamEligible', 'MainPointLine', 'SGP']",Madness Props,Total
0ML79100362_3,2,1_79100362,Florida Atlantic,-102,1.98039216,1.98,50/51,Florida Atlantic,Team,True,1280025960,['SGP'],"[{'id': '44945', 'name': 'Florida Atlantic', 'type': 'Team'}]",Madness Props,Moneyline
0ML79100362_1,2,1_79100362,Dayton,-118,1.84745763,1.84,50/59,Dayton,Team,True,1280027956,['SGP'],"[{'id': '44880', 'name': 'Dayton', 'type': 'Team'}]",Madness Props,Moneyline
0HC79100364P850_3,2,2_79100364,Furman,-112,1.89285715,1.89,25/28,8.5,Furman,Team,True,8499,"['ProgressiveParlayTeamEligible', 'MainPointLine', 'SGP']","[{'id': '41709', 'name': 'Furman', 'type': 'Team'}]",Madness Props,Spread
0HC79100364N850_1,2,2_79100364,North Texas,-108,1.92592593,1.92,25/27,-8.5,North Texas,Team,True,8501,"['ProgressiveParlayTeamEligible', 'MainPointLine', 'SGP']","[{'id': '43192', 'name': 'North Texas', 'type': 'Team'}]",Madness Props,Spread
0OU79100364O13050_1,2,3_79100364,Over,-110,1.90909091,1.90,10/11,130.5,,Unknown,True,130500,"['ProgressiveParlayTeamEligible', 'MainPointLine', 'SGP']",Madness Props,Total
0OU79100364U13050_3,2,3_79100364,Under,-110,1.90909091,1.90,10/11,130.5,,Unknown,True,130502,"['ProgressiveParlayTeamEligible', 'MainPointLine', 'SGP']",Madness Props,Total
0ML79100364_3,2,1_79100364,Furman,+295,3.95,3.95,59/20,Furman,Team,True,1280025988,['SGP'],"[{'id': '41709', 'name': 'Furman', 'type': 'Team'}]",Madness Props,Moneyline
0ML79100364_1,2,1_79100364,North Texas,-375,1.26666667,1.26,4/15,North Texas,Team,True,1280027984,['SGP'],"[{'id': '43192', 'name': 'North Texas', 'type': 'Team'}]",Madness Props,Moneyline
0HC79100361P250_3,2,2_79100361,North Alabama,-108,1.92592593,1.92,25/27,2.5,North Alabama,Team,True,2499,"['ProgressiveParlayTeamEligible', 'MainPointLine', 'SGP']","[{'id': '42768', 'name': 'North Alabama', 'type': 'Team'}]",Madness Props,Spread
0HC79100361N250_1,2,2_79100361,Bradley,-112,1.89285715,1.89,25/28,-2.5,Bradley,Team,True,2501,"['ProgressiveParlayTeamEligible', 'MainPointLine', 'SGP']","[{'id': '45258', 'name': 'Bradley', 'type': 'Team'}]",Madness Props,Spread
0OU79100361O14550_1,2,3_79100361,Over,-108,1.92592593,1.92,25/27,145.5,,Unknown,True,145500,"['ProgressiveParlayTeamEligible', 'MainPointLine', 'SGP']",Madness Props,Total
0OU79100361U14550_3,2,3_79100361,Under,-112,1.89285715,1.89,25/28,145.5,,Unknown,True,145502,"['ProgressiveParlayTeamEligible', 'MainPointLine', 'SGP']",Madness Props,Total
0ML79100361_3,2,1_79100361,North Alabama,+124,2.24,2.24,31/25,North Alabama,Team,True,1280025974,['SGP'],"[{'id': '42768', 'name': 'North Alabama', 'type': 'Team'}]",Madness Props,Moneyline
0ML79100361_1,2,1_79100361,Bradley,-148,1.67567568,1.67,25/37,Bradley,Team,True,1280027970,['SGP'],"[{'id': '45258', 'name': 'Bradley', 'type': 'Team'}]",Madness Props,Moneyline
0HC79100368P1050_3,2,2_79100368,Northern Iowa,-115,1.86956522,1.86,20/23,10.5,Northern Iowa,Team,True,10499,"['ProgressiveParlayTeamEligible', 'MainPointLine', 'SGP']","[{'id': '43276', 'name': 'Northern Iowa', 'type': 'Team'}]",Madness Props,Spread
0HC79100368N1050_1,2,2_79100368,SMU,-105,1.95238096,1.95,20/21,-10.5,SMU,Team,True,10501,"['ProgressiveParlayTeamEligible', 'MainPointLine', 'SGP']","[{'id': '41637', 'name': 'SMU', 'type': 'Team'}]",Madness Props,Spread
0OU79100368O14550_1,2,3_79100368,Over,-115,1.86956522,1.86,20/23,145.5,,Unknown,True,145500,"['ProgressiveParlayTeamEligible', 'MainPointLine', 'SGP']",Madness Props,Total
0OU79100368U14550_3,2,3_79100368,Under,-105,1.95238096,1.95,20/21,145.5,,Unknown,True,145502,"['ProgressiveParlayTeamEligible', 'MainPointLine', 'SGP']",Madness Props,Total
0ML79100368_3,2,1_79100368,Northern Iowa,+440,5.4,5.40,22/5,Northern Iowa,Team,True,1280026016,['SGP'],"[{'id': '43276', 'name': 'Northern Iowa', 'type': 'Team'}]",Madness Props,Moneyline
0ML79100368_1,2,1_79100368,SMU,-600,1.16666667,1.16,1/6,SMU,Team,True,1280028006,['SGP'],"[{'id': '41637', 'name': 'SMU', 'type': 'Team'}]",Madness Props,Moneyline
0HC79092938N250_3,2,2_79092938,Xavier,-120,1.83333334,1.83,5/6,-2.5,Xavier,Team,True,-2501,"['ProgressiveParlayTeamEligible', 'MainPointLine', 'SGP']","[{'id': '44042', 'name': 'Xavier', 'type': 'Team'}]",Madness Props,Spread
0HC79092938P250_1,2,2_79092938,Texas,+100,2,2.00,1/1,2.5,Texas,Team,True,-2499,"['ProgressiveParlayTeamEligible', 'MainPointLine', 'SGP']","[{'id': '43429', 'name': 'Texas', 'type': 'Team'}]",Madness Props,Spread
0OU79092938O15150_1,2,3_79092938,Over,-110,1.90909091,1.90,10/11,151.5,,Unknown,True,151500,"['ProgressiveParlayTeamEligible', 'MainPointLine', 'SGP']",Madness Props,Total
0OU79092938U15150_3,2,3_79092938,Under,-110,1.90909091,1.90,10/11,151.5,,Unknown,True,151502,"['ProgressiveParlayTeamEligible', 'MainPointLine', 'SGP']",Madness Props,Total
0ML79092938_3,2,1_79092938,Xavier,-166,1.60240964,1.60,50/83,Xavier,Team,True,1279861060,['SGP'],"[{'id': '44042', 'name': 'Xavier', 'type': 'Team'}]",Madness Props,Moneyline
0ML79092938_1,2,1_79092938,Texas,+140,2.4,2.40,7/5,Texas,Team,True,1279863056,['SGP'],"[{'id': '43429', 'name': 'Texas', 'type': 'Team'}]",Madness Props,Moneyline
0HC79100367P750_3,2,2_79100367,Northern Colorado,-112,1.89285715,1.89,25/28,7.5,Northern Colorado,Team,True,7499,"['ProgressiveParlayTeamEligible', 'MainPointLine', 'SGP']","[{'id': '42600', 'name': 'Northern Colorado', 'type': 'Team'}]",Madness Props,Spread
0HC79100367N750_1,2,2_79100367,UC Irvine,-108,1.92592593,1.92,25/27,-7.5,UC Irvine,Team,True,7501,"['ProgressiveParlayTeamEligible', 'MainPointLine', 'SGP']","[{'id': '44593', 'name': 'UC Irvine', 'type': 'Team'}]",Madness Props,Spread
0OU79100367O15150_1,2,3_79100367,Over,-105,1.95238096,1.95,20/21,151.5,,Unknown,True,151500,"['ProgressiveParlayTeamEligible', 'MainPointLine', 'SGP']",Madness Props,Total
0OU79100367U15150_3,2,3_79100367,Under,-115,1.86956522,1.86,20/23,151.5,,Unknown,True,151502,"['ProgressiveParlayTeamEligible', 'MainPointLine', 'SGP']",Madness Props,Total
0ML79100367_3,2,1_79100367,Northern Colorado,+270,3.7,3.70,27/10,Northern Colorado,Team,True,1280026002,['SGP'],"[{'id': '42600', 'name': 'Northern Colorado', 'type': 'Team'}]",Madness Props,Moneyline
0ML79100367_1,2,1_79100367,UC Irvine,-340,1.29411765,1.29,5/17,UC Irvine,Team,True,1280027998,['SGP'],"[{'id': '44593', 'name': 'UC Irvine', 'type': 'Team'}]",Madness Props,Moneyline
0HC79100369P750_3,2,2_79100369,Utah Valley,-108,1.92592593,1.92,25/27,7.5,Utah Valley,Team,True,7499,"['ProgressiveParlayTeamEligible', 'MainPointLine', 'SGP']","[{'id': '44362', 'name': 'Utah Valley', 'type': 'Team'}]",Madness Props,Spread
0HC79100369N750_1,2,2_79100369,San Francisco,-112,1.89285715,1.89,25/28,-7.5,San Francisco,Team,True,7501,"['ProgressiveParlayTeamEligible', 'MainPointLine', 'SGP']","[{'id': '44575', 'name': 'San Francisco', 'type': 'Team'}]",Madness Props,Spread
0OU79100369O14650_1,2,3_79100369,Over,-105,1.95238096,1.95,20/21,146.5,,Unknown,True,146500,"['ProgressiveParlayTeamEligible', 'MainPointLine', 'SGP']",Madness Props,Total
0OU79100369U14650_3,2,3_79100369,Under,-115,1.86956522,1.86,20/23,146.5,,Unknown,True,146502,"['ProgressiveParlayTeamEligible', 'MainPointLine', 'SGP']",Madness Props,Total
0ML79100369_3,2,1_79100369,Utah Valley,+275,3.75,3.75,11/4,Utah Valley,Team,True,1280026011,['SGP'],"[{'id': '44362', 'name': 'Utah Valley', 'type': 'Team'}]",Madness Props,Moneyline
0ML79100369_1,2,1_79100369,San Francisco,-345,1.28985508,1.28,20/69,San Francisco,Team,True,1280028005,['SGP'],"[{'id': '44575', 'name': 'San Francisco', 'type': 'Team'}]",Madness Props,Moneyline
0HC79100366N250_3,2,2_79100366,Loyola Chicago,-118,1.84745763,1.84,50/59,-2.5,Loyola Chicago,Team,True,-2501,"['ProgressiveParlayTeamEligible', 'MainPointLine', 'SGP']","[{'id': '43985', 'name': 'Loyola Chicago', 'type': 'Team'}]",Madness Props,Spread
0HC79100366P250_1,2,2_79100366,San Jose State,-102,1.98039216,1.98,50/51,2.5,San Jose State,Team,True,-2499,"['ProgressiveParlayTeamEligible', 'MainPointLine', 'SGP']","[{'id': '41391', 'name': 'San Jose State', 'type': 'Team'}]",Madness Props,Spread
0OU79100366O14050_1,2,3_79100366,Over,-115,1.86956522,1.86,20/23,140.5,,Unknown,True,140500,"['ProgressiveParlayTeamEligible', 'MainPointLine', 'SGP']",Madness Props,Total
0OU79100366U14050_3,2,3_79100366,Under,-105,1.95238096,1.95,20/21,140.5,,Unknown,True,140502,"['ProgressiveParlayTeamEligible', 'MainPointLine', 'SGP']",Madness Props,Total
0ML79100366_3,2,1_79100366,Loyola Chicago,-142,1.70422536,1.70,50/71,Loyola Chicago,Team,True,1280025995,['SGP'],"[{'id': '43985', 'name': 'Loyola Chicago', 'type': 'Team'}]",Madness Props,Moneyline
0ML79100366_1,2,1_79100366,San Jose State,+120,2.2,2.20,6/5,San Jose State,Team,True,1280027991,['SGP'],"[{'id': '41391', 'name': 'San Jose State', 'type': 'Team'}]",Madness Props,Moneyline
0HC79092456P250_3,2,2_79092456,Creighton,-110,1.90909091,1.90,10/11,2.5,Creighton,Team,True,2499,"['ProgressiveParlayTeamEligible', 'MainPointLine', 'SGP']","[{'id': '43875', 'name': 'Creighton', 'type': 'Team'}]",Madness Props,Spread
0HC79092456N250_1,2,2_79092456,Louisville,-110,1.90909091,1.90,10/11,-2.5,Louisville,Team,True,2501,"['ProgressiveParlayTeamEligible', 'MainPointLine', 'SGP']","[{'id': '41477', 'name': 'Louisville', 'type': 'Team'}]",Madness Props,Spread
0OU79092456O14450_1,2,3_79092456,Over,-110,1.90909091,1.90,10/11,144.5,,Unknown,True,144500,"['ProgressiveParlayTeamEligible', 'MainPointLine', 'SGP']",Madness Props,Total
0OU79092456U14450_3,2,3_79092456,Under,-110,1.90909091,1.90,10/11,144.5,,Unknown,True,144502,"['ProgressiveParlayTeamEligible', 'MainPointLine', 'SGP']",Madness Props,Total
0ML79092456_3,2,1_79092456,Creighton,+120,2.2,2.20,6/5,Creighton,Team,True,1279851890,['SGP'],"[{'id': '43875', 'name': 'Creighton', 'type': 'Team'}]",Madness Props,Moneyline
0ML79092456_1,2,1_79092456,Louisville,-142,1.70422536,1.70,50/71,Louisville,Team,True,1279853886,['SGP'],"[{'id': '41477', 'name': 'Louisville', 'type': 'Team'}]",Madness Props,Moneyline
0HC79092925P750_3,2,2_79092925,High Point,-102,1.98039216,1.98,50/51,7.5,High Point,Team,True,7499,"['ProgressiveParlayTeamEligible', 'MainPointLine', 'SGP']","[{'id': '45137', 'name': 'High Point', 'type': 'Team'}]",Madness Props,Spread
0HC79092925N750_1,2,2_79092925,Purdue,-118,1.84745763,1.84,50/59,-7.5,Purdue,Team,True,7501,"['ProgressiveParlayTeamEligible', 'MainPointLine', 'SGP']","[{'id': '42127', 'name': 'Purdue', 'type': 'Team'}]",Madness Props,Spread
0OU79092925O15350_1,2,3_79092925,Over,-105,1.95238096,1.95,20/21,153.5,,Unknown,True,153500,"['ProgressiveParlayTeamEligible', 'MainPointLine', 'SGP']",Madness Props,Total
0OU79092925U15350_3,2,3_79092925,Under,-115,1.86956522,1.86,20/23,153.5,,Unknown,True,153502,"['ProgressiveParlayTeamEligible', 'MainPointLine', 'SGP']",Madness Props,Total
0ML79092925_3,2,1_79092925,High Point,+295,3.95,3.95,59/20,High Point,Team,True,1279860143,['SGP'],"[{'id': '45137', 'name': 'High Point', 'type': 'Team'}]",Madness Props,Moneyline
0ML79092925_1,2,1_79092925,Purdue,-375,1.26666667,1.26,4/15,Purdue,Team,True,1279862139,['SGP'],"[{'id': '42127', 'name': 'Purdue', 'type': 'Team'}]",Madness Props,Moneyline
0HC79092767P1750_3,2,2_79092767,Montana,-115,1.86956522,1.86,20/23,17.5,Montana,Team,True,17499,"['ProgressiveParlayTeamEligible', 'MainPointLine', 'SGP']","[{'id': '42575', 'name': 'Montana', 'type': 'Team'}]",Madness Props,Spread
0HC79092767N1750_1,2,2_79092767,Wisconsin,-105,1.95238096,1.95,20/21,-17.5,Wisconsin,Team,True,17501,"['ProgressiveParlayTeamEligible', 'MainPointLine', 'SGP']","[{'id': '43620', 'name': 'Wisconsin', 'type': 'Team'}]",Madness Props,Spread
0OU79092767O15250_1,2,3_79092767,Over,-105,1.95238096,1.95,20/21,152.5,,Unknown,True,152500,"['ProgressiveParlayTeamEligible', 'MainPointLine']",Madness Props,Total
0OU79092767U15250_3,2,3_79092767,Under,-115,1.86956522,1.86,20/23,152.5,,Unknown,True,152502,"['ProgressiveParlayTeamEligible', 'MainPointLine', 'SGP']",Madness Props,Total
0ML79092767_3,2,1_79092767,Montana,+1200,13,13.00,12/1,Montana,Team,True,1279858456,['SGP'],"[{'id': '42575', 'name': 'Montana', 'type': 'Team'}]",Madness Props,Moneyline
0ML79092767_1,2,1_79092767,Wisconsin,-2400,1.04166667,1.04,1/24,Wisconsin,Team,True,1279860452,['SGP'],"[{'id': '43620', 'name': 'Wisconsin', 'type': 'Team'}]",Madness Props,Moneyline
0HC79092890P2950_3,2,2_79092890,SIU Edwardsville,-115,1.86956522,1.86,20/23,29.5,SIU Edwardsville,Team,True,29499,"['ProgressiveParlayTeamEligible', 'MainPointLine', 'SGP']","[{'id': '43647', 'name': 'SIU Edwardsville', 'type': 'Team'}]",Madness Props,Spread
0HC79092890N2950_1,2,2_79092890,Houston,-105,1.95238096,1.95,20/21,-29.5,Houston,Team,True,29501,"['ProgressiveParlayTeamEligible', 'MainPointLine', 'SGP']","[{'id': '43043', 'name': 'Houston', 'type': 'Team'}]",Madness Props,Spread
0OU79092890O12650_1,2,3_79092890,Over,-108,1.92592593,1.92,25/27,126.5,,Unknown,True,126500,"['ProgressiveParlayTeamEligible', 'MainPointLine', 'SGP']",Madness Props,Total
0OU79092890U12650_3,2,3_79092890,Under,-112,1.89285715,1.89,25/28,126.5,,Unknown,True,126502,"['ProgressiveParlayTeamEligible', 'MainPointLine', 'SGP']",Madness Props,Total
0HC79092912P750_3,2,2_79092912,McNeese,-110,1.90909091,1.90,10/11,7.5,McNeese,Team,True,7499,"['ProgressiveParlayTeamEligible', 'MainPointLine', 'SGP']","[{'id': '41412', 'name': 'McNeese', 'type': 'Team'}]",Madness Props,Spread
0HC79092912N750_1,2,2_79092912,Clemson,-110,1.90909091,1.90,10/11,-7.5,Clemson,Team,True,7501,"['ProgressiveParlayTeamEligible', 'MainPointLine', 'SGP']","[{'id': '41619', 'name': 'Clemson', 'type': 'Team'}]",Madness Props,Spread
0OU79092912O13450_1,2,3_79092912,Over,-105,1.95238096,1.95,20/21,134.5,,Unknown,True,134500,"['ProgressiveParlayTeamEligible', 'MainPointLine', 'SGP']",Madness Props,Total
0OU79092912U13450_3,2,3_79092912,Under,-115,1.86956522,1.86,20/23,134.5,,Unknown,True,134502,"['ProgressiveParlayTeamEligible', 'MainPointLine', 'SGP']",Madness Props,Total
0ML79092912_3,2,1_79092912,McNeese,+275,3.75,3.75,11/4,McNeese,Team,True,1279860136,['SGP'],"[{'id': '41412', 'name': 'McNeese', 'type': 'Team'}]",Madness Props,Moneyline
0ML79092912_1,2,1_79092912,Clemson,-345,1.28985508,1.28,20/69,Clemson,Team,True,1279862132,['SGP'],"[{'id': '41619', 'name': 'Clemson', 'type': 'Team'}]",Madness Props,Moneyline
0HC79092766P250_3,2,2_79092766,VCU,-102,1.98039216,1.98,50/51,2.5,VCU,Team,True,2499,"['ProgressiveParlayTeamEligible', 'MainPointLine', 'SGP']","[{'id': '42328', 'name': 'VCU', 'type': 'Team'}]",Madness Props,Spread
0HC79092766N250_1,2,2_79092766,BYU,-118,1.84745763,1.84,50/59,-2.5,BYU,Team,True,2501,"['ProgressiveParlayTeamEligible', 'MainPointLine', 'SGP']","[{'id': '44811', 'name': 'BYU', 'type': 'Team'}]",Madness Props,Spread
0OU79092766O14650_1,2,3_79092766,Over,-105,1.95238096,1.95,20/21,146.5,,Unknown,True,146500,"['ProgressiveParlayTeamEligible', 'MainPointLine', 'SGP']",Madness Props,Total
0OU79092766U14650_3,2,3_79092766,Under,-115,1.86956522,1.86,20/23,146.5,,Unknown,True,146502,"['ProgressiveParlayTeamEligible', 'MainPointLine', 'SGP']",Madness Props,Total
0ML79092766_3,2,1_79092766,VCU,+130,2.3,2.30,13/10,VCU,Team,True,1279858449,['SGP'],"[{'id': '42328', 'name': 'VCU', 'type': 'Team'}]",Madness Props,Moneyline
0ML79092766_1,2,1_79092766,BYU,-155,1.6451613,1.64,20/31,BYU,Team,True,1279860445,['SGP'],"[{'id': '44811', 'name': 'BYU', 'type': 'Team'}]",Madness Props,Moneyline
0HC79093078P550_3,2,2_79093078,Georgia,-102,1.98039216,1.98,50/51,5.5,Georgia Bulldogs,Team,True,5499,"['ProgressiveParlayTeamEligible', 'MainPointLine', 'SGP']","[{'id': '42478', 'name': 'Georgia Bulldogs', 'type': 'Team'}]",Madness Props,Spread
0HC79093078N550_1,2,2_79093078,Gonzaga,-118,1.84745763,1.84,50/59,-5.5,Gonzaga,Team,True,5501,"['ProgressiveParlayTeamEligible', 'MainPointLine', 'SGP']","[{'id': '44154', 'name': 'Gonzaga', 'type': 'Team'}]",Madness Props,Spread
0OU79093078O15050_1,2,3_79093078,Over,-112,1.89285715,1.89,25/28,150.5,,Unknown,True,150500,"['ProgressiveParlayTeamEligible', 'MainPointLine', 'SGP']",Madness Props,Total
0OU79093078U15050_3,2,3_79093078,Under,-108,1.92592593,1.92,25/27,150.5,,Unknown,True,150502,"['ProgressiveParlayTeamEligible', 'MainPointLine', 'SGP']",Madness Props,Total
0ML79093078_3,2,1_79093078,Georgia,+215,3.15,3.15,43/20,Georgia Bulldogs,Team,True,1279863188,['SGP'],"[{'id': '42478', 'name': 'Georgia Bulldogs', 'type': 'Team'}]",Madness Props,Moneyline
0ML79093078_1,2,1_79093078,Gonzaga,-265,1.3773585,1.37,20/53,Gonzaga,Team,True,1279865184,['SGP'],"[{'id': '44154', 'name': 'Gonzaga', 'type': 'Team'}]",Madness Props,Moneyline
0HC79092949P1850_3,2,2_79092949,Wofford,-108,1.92592593,1.92,25/27,18.5,Wofford,Team,True,18499,"['ProgressiveParlayTeamEligible', 'MainPointLine', 'SGP']","[{'id': '42442', 'name': 'Wofford', 'type': 'Team'}]",Madness Props,Spread
0HC79092949N1850_1,2,2_79092949,Tennessee,-112,1.89285715,1.89,25/28,-18.5,Tennessee,Team,True,18501,"['ProgressiveParlayTeamEligible', 'MainPointLine', 'SGP']","[{'id': '42305', 'name': 'Tennessee', 'type': 'Team'}]",Madness Props,Spread
0OU79092949O13250_1,2,3_79092949,Over,-115,1.86956522,1.86,20/23,132.5,,Unknown,True,132500,"['ProgressiveParlayTeamEligible', 'MainPointLine', 'SGP']",Madness Props,Total
0OU79092949U13250_3,2,3_79092949,Under,-105,1.95238096,1.95,20/21,132.5,,Unknown,True,132502,"['ProgressiveParlayTeamEligible', 'MainPointLine', 'SGP']",Madness Props,Total
0ML79092949_3,2,1_79092949,Wofford,+1500,16,16.00,15/1,Wofford,Team,True,1279861137,['SGP'],"[{'id': '42442', 'name': 'Wofford', 'type': 'Team'}]",Madness Props,Moneyline
0ML79092949_1,2,1_79092949,Tennessee,-3600,1.02777778,1.02,1/36,Tennessee,Team,True,1279863133,['SGP'],"[{'id': '42305', 'name': 'Tennessee', 'type': 'Team'}]",Madness Props,Moneyline
0HC79092964P450_3,2,2_79092964,Arkansas,-110,1.90909091,1.90,10/11,4.5,Arkansas,Team,True,4499,"['ProgressiveParlayTeamEligible', 'MainPointLine', 'SGP']","[{'id': '42107', 'name': 'Arkansas', 'type': 'Team'}]",Madness Props,Spread
0HC79092964N450_1,2,2_79092964,Kansas,-110,1.90909091,1.90,10/11,-4.5,Kansas,Team,True,4501,"['ProgressiveParlayTeamEligible', 'MainPointLine', 'SGP']","[{'id': '41920', 'name': 'Kansas', 'type': 'Team'}]",Madness Props,Spread
0OU79092964O14550_1,2,3_79092964,Over,-115,1.86956522,1.86,20/23,145.5,,Unknown,True,145500,"['ProgressiveParlayTeamEligible', 'MainPointLine', 'SGP']",Madness Props,Total
0OU79092964U14550_3,2,3_79092964,Under,-105,1.95238096,1.95,20/21,145.5,,Unknown,True,145502,"['ProgressiveParlayTeamEligible', 'MainPointLine', 'SGP']",Madness Props,Total
0ML79092964_3,2,1_79092964,Arkansas,+164,2.64,2.64,41/25,Arkansas,Team,True,1279861242,['SGP'],"[{'id': '42107', 'name': 'Arkansas', 'type': 'Team'}]",Madness Props,Moneyline
0ML79092964_1,2,1_79092964,Kansas,-198,1.50505051,1.50,50/99,Kansas,Team,True,1279863238,['SGP'],"[{'id': '41920', 'name': 'Kansas', 'type': 'Team'}]",Madness Props,Moneyline
0HC79092474P750_3,2,2_79092474,Yale,-115,1.86956522,1.86,20/23,7.5,Yale,Team,True,7499,"['ProgressiveParlayTeamEligible', 'MainPointLine', 'SGP']","[{'id': '42873', 'name': 'Yale', 'type': 'Team'}]",Madness Props,Spread
0HC79092474N750_1,2,2_79092474,Texas A&M,-105,1.95238096,1.95,20/21,-7.5,Texas A&M,Team,True,7501,"['ProgressiveParlayTeamEligible', 'MainPointLine', 'SGP']","[{'id': '44866', 'name': 'Texas A&M', 'type': 'Team'}]",Madness Props,Spread
0OU79092474O13950_1,2,3_79092474,Over,-115,1.86956522,1.86,20/23,139.5,,Unknown,True,139500,"['ProgressiveParlayTeamEligible', 'MainPointLine', 'SGP']",Madness Props,Total
0OU79092474U13950_3,2,3_79092474,Under,-105,1.95238096,1.95,20/21,139.5,,Unknown,True,139502,"['ProgressiveParlayTeamEligible', 'MainPointLine', 'SGP']",Madness Props,Total
0ML79092474_3,2,1_79092474,Yale,+260,3.6,3.60,13/5,Yale,Team,True,1279852093,['SGP'],"[{'id': '42873', 'name': 'Yale', 'type': 'Team'}]",Madness Props,Moneyline
0ML79092474_1,2,1_79092474,Texas A&M,-325,1.30769231,1.30,4/13,Texas A&M,Team,True,1279854089,['SGP'],"[{'id': '44866', 'name': 'Texas A&M', 'type': 'Team'}]",Madness Props,Moneyline
0HC79092959P650_3,2,2_79092959,Drake,-112,1.89285715,1.89,25/28,6.5,Drake,Team,True,6499,"['ProgressiveParlayTeamEligible', 'MainPointLine', 'SGP']","[{'id': '41573', 'name': 'Drake', 'type': 'Team'}]",Madness Props,Spread
0HC79092959N650_1,2,2_79092959,Missouri,-108,1.92592593,1.92,25/27,-6.5,Missouri,Team,True,6501,"['ProgressiveParlayTeamEligible', 'MainPointLine', 'SGP']","[{'id': '43114', 'name': 'Missouri', 'type': 'Team'}]",Madness Props,Spread
0OU79092959O13250_1,2,3_79092959,Over,-108,1.92592593,1.92,25/27,132.5,,Unknown,True,132500,"['ProgressiveParlayTeamEligible', 'MainPointLine', 'SGP']",Madness Props,Total
0OU79092959U13250_3,2,3_79092959,Under,-112,1.89285715,1.89,25/28,132.5,,Unknown,True,132502,"['ProgressiveParlayTeamEligible', 'MainPointLine', 'SGP']",Madness Props,Total
0ML79092959_3,2,1_79092959,Drake,+220,3.2,3.20,11/5,Drake,Team,True,1279861207,['SGP'],"[{'id': '41573', 'name': 'Drake', 'type': 'Team'}]",Madness Props,Moneyline
0ML79092959_1,2,1_79092959,Missouri,-270,1.37037038,1.37,10/27,Missouri,Team,True,1279863203,['SGP'],"[{'id': '43114', 'name': 'Missouri', 'type': 'Team'}]",Madness Props,Moneyline
0HC79092948P550_3,2,2_79092948,Utah State,-112,1.89285715,1.89,25/28,5.5,Utah State,Team,True,5499,"['ProgressiveParlayTeamEligible', 'MainPointLine', 'SGP']","[{'id': '44224', 'name': 'Utah State', 'type': 'Team'}]",Madness Props,Spread
0HC79092948N550_1,2,2_79092948,UCLA,-108,1.92592593,1.92,25/27,-5.5,UCLA,Team,True,5501,"['ProgressiveParlayTeamEligible', 'MainPointLine', 'SGP']","[{'id': '44331', 'name': 'UCLA', 'type': 'Team'}]",Madness Props,Spread
0OU79092948O14350_1,2,3_79092948,Over,-115,1.86956522,1.86,20/23,143.5,,Unknown,True,143500,"['ProgressiveParlayTeamEligible', 'MainPointLine', 'SGP']",Madness Props,Total
0OU79092948U14350_3,2,3_79092948,Under,-105,1.95238096,1.95,20/21,143.5,,Unknown,True,143502,"['ProgressiveParlayTeamEligible', 'MainPointLine', 'SGP']",Madness Props,Total
0ML79092948_3,2,1_79092948,Utah State,+190,2.9,2.90,19/10,Utah State,Team,True,1279861130,['SGP'],"[{'id': '44224', 'name': 'Utah State', 'type': 'Team'}]",Madness Props,Moneyline
0ML79092948_1,2,1_79092948,UCLA,-230,1.43478261,1.43,10/23,UCLA,Team,True,1279863126,['SGP'],"[{'id': '44331', 'name': 'UCLA', 'type': 'Team'}]",Madness Props,Moneyline
0HC79092965P1850_3,2,2_79092965,Omaha,-108,1.92592593,1.92,25/27,18.5,Omaha,Team,True,18499,"['ProgressiveParlayTeamEligible', 'MainPointLine', 'SGP']","[{'id': '43093', 'name': 'Omaha', 'type': 'Team'}]",Madness Props,Spread
0HC79092965N1850_1,2,2_79092965,St. Johns,-112,1.89285715,1.89,25/28,-18.5,St. Johns,Team,True,18501,"['ProgressiveParlayTeamEligible', 'MainPointLine', 'SGP']","[{'id': '41392', 'name': 'St. Johns', 'type': 'Team'}]",Madness Props,Spread
0OU79092965O14750_1,2,3_79092965,Over,-115,1.86956522,1.86,20/23,147.5,,Unknown,True,147500,"['ProgressiveParlayTeamEligible', 'MainPointLine', 'SGP']",Madness Props,Total
0OU79092965U14750_3,2,3_79092965,Under,-105,1.95238096,1.95,20/21,147.5,,Unknown,True,147502,"['ProgressiveParlayTeamEligible', 'MainPointLine', 'SGP']",Madness Props,Total
0ML79092965_3,2,1_79092965,Omaha,+1500,16,16.00,15/1,Omaha,Team,True,1279861249,['SGP'],"[{'id': '43093', 'name': 'Omaha', 'type': 'Team'}]",Madness Props,Moneyline
0ML79092965_1,2,1_79092965,St. Johns,-3600,1.02777778,1.02,1/36,St. Johns,Team,True,1279863245,['SGP'],"[{'id': '41392', 'name': 'St. Johns', 'type': 'Team'}]",Madness Props,Moneyline
0HC79092459P250_3,2,2_79092459,UC San Diego,-108,1.92592593,1.92,25/27,2.5,UC San Diego,Team,True,2499,"['ProgressiveParlayTeamEligible', 'MainPointLine', 'SGP']","[{'id': '302038', 'name': 'UC San Diego', 'type': 'Team'}]",Madness Props,Spread
0HC79092459N250_1,2,2_79092459,Michigan,-112,1.89285715,1.89,25/28,-2.5,Michigan,Team,True,2501,"['ProgressiveParlayTeamEligible', 'MainPointLine', 'SGP']","[{'id': '43956', 'name': 'Michigan', 'type': 'Team'}]",Madness Props,Spread
0OU79092459O14250_1,2,3_79092459,Over,-108,1.92592593,1.92,25/27,142.5,,Unknown,True,142500,"['ProgressiveParlayTeamEligible', 'MainPointLine', 'SGP']",Madness Props,Total
0OU79092459U14250_3,2,3_79092459,Under,-112,1.89285715,1.89,25/28,142.5,,Unknown,True,142502,"['ProgressiveParlayTeamEligible', 'MainPointLine', 'SGP']",Madness Props,Total
0ML79092459_3,2,1_79092459,UC San Diego,+124,2.24,2.24,31/25,UC San Diego,Team,True,1279851932,['SGP'],"[{'id': '302038', 'name': 'UC San Diego', 'type': 'Team'}]",Madness Props,Moneyline
0ML79092459_1,2,1_79092459,Michigan,-148,1.67567568,1.67,25/37,Michigan,Team,True,1279853928,['SGP'],"[{'id': '43956', 'name': 'Michigan', 'type': 'Team'}]",Madness Props,Moneyline
0HC79092963P1550_3,2,2_79092963,UNC Wilmington,-108,1.92592593,1.92,25/27,15.5,UNC Wilmington,Team,True,15499,"['ProgressiveParlayTeamEligible', 'MainPointLine', 'SGP']","[{'id': '42593', 'name': 'UNC Wilmington', 'type': 'Team'}]",Madness Props,Spread
0HC79092963N1550_1,2,2_79092963,Texas Tech,-112,1.89285715,1.89,25/28,-15.5,Texas Tech,Team,True,15501,"['ProgressiveParlayTeamEligible', 'MainPointLine', 'SGP']","[{'id': '42835', 'name': 'Texas Tech', 'type': 'Team'}]",Madness Props,Spread
0OU79092963O14350_1,2,3_79092963,Over,-112,1.89285715,1.89,25/28,143.5,,Unknown,True,143500,"['ProgressiveParlayTeamEligible', 'MainPointLine', 'SGP']",Madness Props,Total
0OU79092963U14350_3,2,3_79092963,Under,-108,1.92592593,1.92,25/27,143.5,,Unknown,True,143502,"['ProgressiveParlayTeamEligible', 'MainPointLine', 'SGP']",Madness Props,Total
0ML79092963_3,2,1_79092963,UNC Wilmington,+1000,11,11.00,10/1,UNC Wilmington,Team,True,1279861235,['SGP'],"[{'id': '42593', 'name': 'UNC Wilmington', 'type': 'Team'}]",Madness Props,Moneyline
0ML79092963_1,2,1_79092963,Texas Tech,-1800,1.05555556,1.05,1/18,Texas Tech,Team,True,1279863231,['SGP'],"[{'id': '42835', 'name': 'Texas Tech', 'type': 'Team'}]",Madness Props,Moneyline
0HC79092703P100_3,2,2_79092703,Baylor,-108,1.92592593,1.92,25/27,1,Baylor,Team,True,999,"['ProgressiveParlayTeamEligible', 'MainPointLine', 'SGP']","[{'id': '44466', 'name': 'Baylor', 'type': 'Team'}]",Madness Props,Spread
0HC79092703N100_1,2,2_79092703,Mississippi State,-112,1.89285715,1.89,25/28,-1,Mississippi State,Team,True,1001,"['ProgressiveParlayTeamEligible', 'MainPointLine', 'SGP']","[{'id': '42185', 'name': 'Mississippi State', 'type': 'Team'}]",Madness Props,Spread
0OU79092703O14450_1,2,3_79092703,Over,-110,1.90909091,1.90,10/11,144.5,,Unknown,True,144500,"['ProgressiveParlayTeamEligible', 'MainPointLine', 'SGP']",Madness Props,Total
0OU79092703U14450_3,2,3_79092703,Under,-110,1.90909091,1.90,10/11,144.5,,Unknown,True,144502,"['ProgressiveParlayTeamEligible', 'MainPointLine', 'SGP']",Madness Props,Total
0ML79092703_3,2,1_79092703,Baylor,+100,2,2.00,1/1,Baylor,Team,True,1279857126,['SGP'],"[{'id': '44466', 'name': 'Baylor', 'type': 'Team'}]",Madness Props,Moneyline
0ML79092703_1,2,1_79092703,Mississippi State,-120,1.83333334,1.83,5/6,Mississippi State,Team,True,1279859122,['SGP'],"[{'id': '42185', 'name': 'Mississippi State', 'type': 'Team'}]",Madness Props,Moneyline
0HC79092773P2350_3,2,2_79092773,Robert Morris,-115,1.86956522,1.86,20/23,23.5,Robert Morris,Team,True,23499,"['ProgressiveParlayTeamEligible', 'MainPointLine', 'SGP']","[{'id': '44588', 'name': 'Robert Morris', 'type': 'Team'}]",Madness Props,Spread
0HC79092773N2350_1,2,2_79092773,Alabama,-105,1.95238096,1.95,20/21,-23.5,Alabama,Team,True,23501,"['ProgressiveParlayTeamEligible', 'MainPointLine', 'SGP']","[{'id': '42858', 'name': 'Alabama', 'type': 'Team'}]",Madness Props,Spread
0OU79092773O16550_1,2,3_79092773,Over,-108,1.92592593,1.92,25/27,165.5,,Unknown,True,165500,"['ProgressiveParlayTeamEligible', 'MainPointLine', 'SGP']",Madness Props,Total
0OU79092773U16550_3,2,3_79092773,Under,-112,1.89285715,1.89,25/28,165.5,,Unknown,True,165502,"['ProgressiveParlayTeamEligible', 'MainPointLine', 'SGP']",Madness Props,Total
0ML79092773_3,2,1_79092773,Robert Morris,+1800,19,19.00,18/1,Robert Morris,Team,True,1279858596,['SGP'],"[{'id': '44588', 'name': 'Robert Morris', 'type': 'Team'}]",Madness Props,Moneyline
0ML79092773_1,2,1_79092773,Alabama,-5000,1.02,1.02,1/50,Alabama,Team,True,1279860592,['SGP'],"[{'id': '42858', 'name': 'Alabama', 'type': 'Team'}]",Madness Props,Moneyline
0HC79092479P1450_3,2,2_79092479,Lipscomb,-102,1.98039216,1.98,50/51,14.5,Lipscomb,Team,True,14499,"['ProgressiveParlayTeamEligible', 'MainPointLine', 'SGP']","[{'id': '43785', 'name': 'Lipscomb', 'type': 'Team'}]",Madness Props,Spread
0HC79092479N1450_1,2,2_79092479,Iowa State,-118,1.84745763,1.84,50/59,-14.5,Iowa State,Team,True,14501,"['ProgressiveParlayTeamEligible', 'MainPointLine', 'SGP']","[{'id': '42961', 'name': 'Iowa State', 'type': 'Team'}]",Madness Props,Spread
0OU79092479O14350_1,2,3_79092479,Over,-105,1.95238096,1.95,20/21,143.5,,Unknown,True,143500,"['ProgressiveParlayTeamEligible', 'MainPointLine', 'SGP']",Madness Props,Total
0OU79092479U14350_3,2,3_79092479,Under,-115,1.86956522,1.86,20/23,143.5,,Unknown,True,143502,"['ProgressiveParlayTeamEligible', 'MainPointLine', 'SGP']",Madness Props,Total
0ML79092479_3,2,1_79092479,Lipscomb,+900,10,10.00,9/1,Lipscomb,Team,True,1279852128,['SGP'],"[{'id': '43785', 'name': 'Lipscomb', 'type': 'Team'}]",Madness Props,Moneyline
0ML79092479_1,2,1_79092479,Iowa State,-1600,1.0625,1.06,1/16,Iowa State,Team,True,1279854124,['SGP'],"[{'id': '42961', 'name': 'Iowa State', 'type': 'Team'}]",Madness Props,Moneyline
0HC79092954N150_3,2,2_79092954,Colorado State,-118,1.84745763,1.84,50/59,-1.5,Colorado State,Team,True,-1501,"['ProgressiveParlayTeamEligible', 'MainPointLine', 'SGP']","[{'id': '45374', 'name': 'Colorado State', 'type': 'Team'}]",Madness Props,Spread
0HC79092954P150_1,2,2_79092954,Memphis,-102,1.98039216,1.98,50/51,1.5,Memphis,Team,True,-1499,"['ProgressiveParlayTeamEligible', 'MainPointLine', 'SGP']","[{'id': '43053', 'name': 'Memphis', 'type': 'Team'}]",Madness Props,Spread
0OU79092954O14750_1,2,3_79092954,Over,-110,1.90909091,1.90,10/11,147.5,,Unknown,True,147500,"['ProgressiveParlayTeamEligible', 'MainPointLine', 'SGP']",Madness Props,Total
0OU79092954U14750_3,2,3_79092954,Under,-110,1.90909091,1.90,10/11,147.5,,Unknown,True,147502,"['ProgressiveParlayTeamEligible', 'MainPointLine', 'SGP']",Madness Props,Total
0ML79092954_3,2,1_79092954,Colorado State,-135,1.74074075,1.74,20/27,Colorado State,Team,True,1279861172,['SGP'],"[{'id': '45374', 'name': 'Colorado State', 'type': 'Team'}]",Madness Props,Moneyline
0ML79092954_1,2,1_79092954,Memphis,+114,2.14,2.14,57/50,Memphis,Team,True,1279863168,['SGP'],"[{'id': '43053', 'name': 'Memphis', 'type': 'Team'}]",Madness Props,Moneyline
0HC79092772P450_3,2,2_79092772,Vanderbilt,-115,1.86956522,1.86,20/23,4.5,Vanderbilt,Team,True,4499,"['ProgressiveParlayTeamEligible', 'MainPointLine', 'SGP']","[{'id': '44513', 'name': 'Vanderbilt', 'type': 'Team'}]",Madness Props,Spread
0HC79092772N450_1,2,2_79092772,Saint Marys,-105,1.95238096,1.95,20/21,-4.5,Saint Marys,Team,True,4501,"['ProgressiveParlayTeamEligible', 'MainPointLine', 'SGP']","[{'id': '41405', 'name': 'Saint Marys', 'type': 'Team'}]",Madness Props,Spread
0OU79092772O13650_1,2,3_79092772,Over,-108,1.92592593,1.92,25/27,136.5,,Unknown,True,136500,"['ProgressiveParlayTeamEligible', 'MainPointLine', 'SGP']",Madness Props,Total
0OU79092772U13650_3,2,3_79092772,Under,-112,1.89285715,1.89,25/28,136.5,,Unknown,True,136502,"['ProgressiveParlayTeamEligible', 'MainPointLine', 'SGP']",Madness Props,Total
0ML79092772_3,2,1_79092772,Vanderbilt,+160,2.6,2.60,8/5,Vanderbilt,Team,True,1279858589,['SGP'],"[{'id': '44513', 'name': 'Vanderbilt', 'type': 'Team'}]",Madness Props,Moneyline
0ML79092772_1,2,1_79092772,Saint Marys,-192,1.52083334,1.52,25/48,Saint Marys,Team,True,1279860585,['SGP'],"[{'id': '41405', 'name': 'Saint Marys', 'type': 'Team'}]",Madness Props,Moneyline
0HC79111741P150_3,2,2_79111741,North Carolina,-110,1.90909091,1.90,10/11,1.5,North Carolina,Team,True,1499,"['ProgressiveParlayTeamEligible', 'MainPointLine', 'SGP']","[{'id': '42450', 'name': 'North Carolina', 'type': 'Team'}]",Madness Props,Spread
0HC79111741N150_1,2,2_79111741,Ole Miss,-110,1.90909091,1.90,10/11,-1.5,Ole Miss,Team,True,1501,"['ProgressiveParlayTeamEligible', 'MainPointLine', 'SGP']","[{'id': '43121', 'name': 'Ole Miss', 'type': 'Team'}]",Madness Props,Spread
0OU79111741O15250_1,2,3_79111741,Over,-110,1.90909091,1.90,10/11,152.5,,Unknown,True,152500,"['ProgressiveParlayTeamEligible', 'MainPointLine', 'SGP']",Madness Props,Total
0OU79111741U15250_3,2,3_79111741,Under,-110,1.90909091,1.90,10/11,152.5,,Unknown,True,152502,"['ProgressiveParlayTeamEligible', 'MainPointLine', 'SGP']",Madness Props,Total
0ML79111741_3,2,1_79111741,North Carolina,+105,2.05,2.05,21/20,North Carolina,Team,True,1280260180,['SGP'],"[{'id': '42450', 'name': 'North Carolina', 'type': 'Team'}]",Madness Props,Moneyline
0ML79111741_1,2,1_79111741,Ole Miss,-125,1.8,1.80,4/5,Ole Miss,Team,True,1280262176,['SGP'],"[{'id': '43121', 'name': 'Ole Miss', 'type': 'Team'}]",Madness Props,Moneyline
0HC79111740P350_3,2,2_79111740,San Diego State,-110,1.90909091,1.90,10/11,3.5,San Diego State,Team,True,3499,"['ProgressiveParlayTeamEligible', 'MainPointLine', 'SGP']","[{'id': '44675', 'name': 'San Diego State', 'type': 'Team'}]",Madness Props,Spread
0HC79111740N350_1,2,2_79111740,Ole Miss,-110,1.90909091,1.90,10/11,-3.5,Ole Miss,Team,True,3501,"['ProgressiveParlayTeamEligible', 'MainPointLine', 'SGP']","[{'id': '43121', 'name': 'Ole Miss', 'type': 'Team'}]",Madness Props,Spread
0OU79111740O13550_1,2,3_79111740,Over,-110,1.90909091,1.90,10/11,135.5,,Unknown,True,135500,"['ProgressiveParlayTeamEligible', 'MainPointLine', 'SGP']",Madness Props,Total
0OU79111740U13550_3,2,3_79111740,Under,-110,1.90909091,1.90,10/11,135.5,,Unknown,True,135502,"['ProgressiveParlayTeamEligible', 'MainPointLine', 'SGP']",Madness Props,Total
0ML79111740_3,2,1_79111740,San Diego State,+150,2.5,2.50,6/4,San Diego State,Team,True,1280260173,['SGP'],"[{'id': '44675', 'name': 'San Diego State', 'type': 'Team'}]",Madness Props,Moneyline
0ML79111740_1,2,1_79111740,Ole Miss,-180,1.55555556,1.55,5/9,Ole Miss,Team,True,1280262169,['SGP'],"[{'id': '43121', 'name': 'Ole Miss', 'type': 'Team'}]",Madness Props,Moneyline
0HC79092960P1050_3,2,2_79092960,Grand Canyon,-115,1.86956522,1.86,20/23,10.5,Grand Canyon,Team,True,10499,"['ProgressiveParlayTeamEligible', 'MainPointLine', 'SGP']","[{'id': '43744', 'name': 'Grand Canyon', 'type': 'Team'}]",Madness Props,Spread
0HC79092960N1050_1,2,2_79092960,Maryland,-105,1.95238096,1.95,20/21,-10.5,Maryland,Team,True,10501,"['ProgressiveParlayTeamEligible', 'MainPointLine', 'SGP']","[{'id': '42635', 'name': 'Maryland', 'type': 'Team'}]",Madness Props,Spread
0OU79092960O15050_1,2,3_79092960,Over,-105,1.95238096,1.95,20/21,150.5,,Unknown,True,150500,"['ProgressiveParlayTeamEligible', 'MainPointLine', 'SGP']",Madness Props,Total
0OU79092960U15050_3,2,3_79092960,Under,-115,1.86956522,1.86,20/23,150.5,,Unknown,True,150502,"['ProgressiveParlayTeamEligible', 'MainPointLine', 'SGP']",Madness Props,Total
0ML79092960_3,2,1_79092960,Grand Canyon,+425,5.25,5.25,17/4,Grand Canyon,Team,True,1279861214,['SGP'],"[{'id': '43744', 'name': 'Grand Canyon', 'type': 'Team'}]",Madness Props,Moneyline
0ML79092960_1,2,1_79092960,Maryland,-575,1.17391305,1.17,4/23,Maryland,Team,True,1279863210,['SGP'],"[{'id': '42635', 'name': 'Maryland', 'type': 'Team'}]",Madness Props,Moneyline
0HC79092952P2850_3,2,2_79092952,Norfolk State,-110,1.90909091,1.90,10/11,28.5,Norfolk State,Team,True,28499,"['ProgressiveParlayTeamEligible', 'MainPointLine', 'SGP']","[{'id': '43965', 'name': 'Norfolk State', 'type': 'Team'}]",Madness Props,Spread
0HC79092952N2850_1,2,2_79092952,Florida,-110,1.90909091,1.90,10/11,-28.5,Florida,Team,True,28501,"['ProgressiveParlayTeamEligible', 'MainPointLine', 'SGP']","[{'id': '44135', 'name': 'Florida', 'type': 'Team'}]",Madness Props,Spread
0OU79092952O15350_1,2,3_79092952,Over,-115,1.86956522,1.86,20/23,153.5,,Unknown,True,153500,"['ProgressiveParlayTeamEligible', 'MainPointLine', 'SGP']",Madness Props,Total
0OU79092952U15350_3,2,3_79092952,Under,-105,1.95238096,1.95,20/21,153.5,,Unknown,True,153502,"['ProgressiveParlayTeamEligible', 'MainPointLine', 'SGP']",Madness Props,Total
0ML79092952_3,2,1_79092952,Norfolk State,+2500,26,26.00,25/1,Norfolk State,Team,True,1279861158,['SGP'],"[{'id': '43965', 'name': 'Norfolk State', 'type': 'Team'}]",Madness Props,Moneyline
0ML79092952_1,2,1_79092952,Florida,-9000,1.01111112,1.01,1/90,Florida,Team,True,1279863154,['SGP'],"[{'id': '44135', 'name': 'Florida', 'type': 'Team'}]",Madness Props,Moneyline
0HC79092941P1150_3,2,2_79092941,Troy,-115,1.86956522,1.86,20/23,11.5,Troy,Team,True,11499,"['ProgressiveParlayTeamEligible', 'MainPointLine', 'SGP']","[{'id': '43481', 'name': 'Troy', 'type': 'Team'}]",Madness Props,Spread
0HC79092941N1150_1,2,2_79092941,Kentucky,-105,1.95238096,1.95,20/21,-11.5,Kentucky,Team,True,11501,"['ProgressiveParlayTeamEligible', 'MainPointLine', 'SGP']","[{'id': '44542', 'name': 'Kentucky', 'type': 'Team'}]",Madness Props,Spread
0OU79092941O15250_1,2,3_79092941,Over,-105,1.95238096,1.95,20/21,152.5,,Unknown,True,152500,"['ProgressiveParlayTeamEligible', 'MainPointLine', 'SGP']",Madness Props,Total
0OU79092941U15250_3,2,3_79092941,Under,-115,1.86956522,1.86,20/23,152.5,,Unknown,True,152502,"['ProgressiveParlayTeamEligible', 'MainPointLine', 'SGP']",Madness Props,Total
0ML79092941_3,2,1_79092941,Troy,+550,6.5,6.50,11/2,Troy,Team,True,1279861081,['SGP'],"[{'id': '43481', 'name': 'Troy', 'type': 'Team'}]",Madness Props,Moneyline
0ML79092941_1,2,1_79092941,Kentucky,-800,1.125,1.12,1/8,Kentucky,Team,True,1279863077,['SGP'],"[{'id': '44542', 'name': 'Kentucky', 'type': 'Team'}]",Madness Props,Moneyline
0HC79092502P350_3,2,2_79092502,New Mexico,-105,1.95238096,1.95,20/21,3.5,New Mexico,Team,True,3499,"['ProgressiveParlayTeamEligible', 'MainPointLine', 'SGP']","[{'id': '44215', 'name': 'New Mexico', 'type': 'Team'}]",Madness Props,Spread
0HC79092502N350_1,2,2_79092502,Marquette,-115,1.86956522,1.86,20/23,-3.5,Marquette,Team,True,3501,"['ProgressiveParlayTeamEligible', 'MainPointLine', 'SGP']","[{'id': '44018', 'name': 'Marquette', 'type': 'Team'}]",Madness Props,Spread
0OU79092502O15350_1,2,3_79092502,Over,-108,1.92592593,1.92,25/27,153.5,,Unknown,True,153500,"['ProgressiveParlayTeamEligible', 'MainPointLine', 'SGP']",Madness Props,Total
0OU79092502U15350_3,2,3_79092502,Under,-112,1.89285715,1.89,25/28,153.5,,Unknown,True,153502,"['ProgressiveParlayTeamEligible', 'MainPointLine', 'SGP']",Madness Props,Total
0ML79092502_3,2,1_79092502,New Mexico,+145,2.45,2.45,29/20,New Mexico,Team,True,1279852583,['SGP'],"[{'id': '44215', 'name': 'New Mexico', 'type': 'Team'}]",Madness Props,Moneyline
0ML79092502_1,2,1_79092502,Marquette,-175,1.57142858,1.57,4/7,Marquette,Team,True,1279854579,['SGP'],"[{'id': '44018', 'name': 'Marquette', 'type': 'Team'}]",Madness Props,Moneyline
0HC79092765P1350_3,2,2_79092765,Akron,-102,1.98039216,1.98,50/51,13.5,Akron,Team,True,13499,"['ProgressiveParlayTeamEligible', 'MainPointLine', 'SGP']","[{'id': '41425', 'name': 'Akron', 'type': 'Team'}]",Madness Props,Spread
0HC79092765N1350_1,2,2_79092765,Arizona,-118,1.84745763,1.84,50/59,-13.5,Arizona,Team,True,13501,"['ProgressiveParlayTeamEligible', 'MainPointLine', 'SGP']","[{'id': '45351', 'name': 'Arizona', 'type': 'Team'}]",Madness Props,Spread
0OU79092765O16650_1,2,3_79092765,Over,-115,1.86956522,1.86,20/23,166.5,,Unknown,True,166500,"['ProgressiveParlayTeamEligible', 'MainPointLine', 'SGP']",Madness Props,Total
0OU79092765U16650_3,2,3_79092765,Under,-105,1.95238096,1.95,20/21,166.5,,Unknown,True,166502,"['ProgressiveParlayTeamEligible', 'MainPointLine', 'SGP']",Madness Props,Total
0ML79092765_3,2,1_79092765,Akron,+750,8.5,8.50,15/2,Akron,Team,True,1279858442,['SGP'],"[{'id': '41425', 'name': 'Akron', 'type': 'Team'}]",Madness Props,Moneyline
0ML79092765_1,2,1_79092765,Arizona,-1200,1.08333334,1.08,1/12,Arizona,Team,True,1279860438,['SGP'],"[{'id': '45351', 'name': 'Arizona', 'type': 'Team'}]",Madness Props,Moneyline
0HC79092953P550_3,2,2_79092953,Oklahoma,-110,1.90909091,1.90,10/11,5.5,Oklahoma,Team,True,5499,"['ProgressiveParlayTeamEligible', 'MainPointLine', 'SGP']","[{'id': '42537', 'name': 'Oklahoma', 'type': 'Team'}]",Madness Props,Spread
0HC79092953N550_1,2,2_79092953,UConn,-110,1.90909091,1.90,10/11,-5.5,UConn,Team,True,5501,"['ProgressiveParlayTeamEligible', 'MainPointLine', 'SGP']","[{'id': '41421', 'name': 'UConn', 'type': 'Team'}]",Madness Props,Spread
0OU79092953O14750_1,2,3_79092953,Over,-112,1.89285715,1.89,25/28,147.5,,Unknown,True,147500,"['ProgressiveParlayTeamEligible', 'MainPointLine', 'SGP']",Madness Props,Total
0OU79092953U14750_3,2,3_79092953,Under,-108,1.92592593,1.92,25/27,147.5,,Unknown,True,147502,"['ProgressiveParlayTeamEligible', 'MainPointLine', 'SGP']",Madness Props,Total
0ML79092953_3,2,1_79092953,Oklahoma,+190,2.9,2.90,19/10,Oklahoma,Team,True,1279861165,['SGP'],"[{'id': '42537', 'name': 'Oklahoma', 'type': 'Team'}]",Madness Props,Moneyline
0ML79092953_1,2,1_79092953,UConn,-230,1.43478261,1.43,10/23,UConn,Team,True,1279863161,['SGP'],"[{'id': '41421', 'name': 'UConn', 'type': 'Team'}]",Madness Props,Moneyline
0HC79092553P1750_3,2,2_79092553,Bryant,-115,1.86956522,1.86,20/23,17.5,Bryant,Team,True,17499,"['ProgressiveParlayTeamEligible', 'MainPointLine', 'SGP']","[{'id': '42187', 'name': 'Bryant', 'type': 'Team'}]",Madness Props,Spread
0HC79092553N1750_1,2,2_79092553,Michigan State,-105,1.95238096,1.95,20/21,-17.5,Michigan State,Team,True,17501,"['ProgressiveParlayTeamEligible', 'MainPointLine', 'SGP']","[{'id': '41925', 'name': 'Michigan State', 'type': 'Team'}]",Madness Props,Spread
0OU79092553O15250_1,2,3_79092553,Over,-110,1.90909091,1.90,10/11,152.5,,Unknown,True,152500,"['ProgressiveParlayTeamEligible', 'MainPointLine', 'SGP']",Madness Props,Total
0OU79092553U15250_3,2,3_79092553,Under,-110,1.90909091,1.90,10/11,152.5,,Unknown,True,152502,"['ProgressiveParlayTeamEligible', 'MainPointLine', 'SGP']",Madness Props,Total
0ML79092553_3,2,1_79092553,Bryant,+1200,13,13.00,12/1,Bryant,Team,True,1279853801,['SGP'],"[{'id': '42187', 'name': 'Bryant', 'type': 'Team'}]",Madness Props,Moneyline
0ML79092553_1,2,1_79092553,Michigan State,-2400,1.04166667,1.04,1/24,Michigan State,Team,True,1279855797,['SGP'],"[{'id': '41925', 'name': 'Michigan State', 'type': 'Team'}]",Madness Props,Moneyline
0HC79092744P750_3,2,2_79092744,Liberty,-115,1.86956522,1.86,20/23,7.5,Liberty,Team,True,7499,"['ProgressiveParlayTeamEligible', 'MainPointLine', 'SGP']","[{'id': '41459', 'name': 'Liberty', 'type': 'Team'}]",Madness Props,Spread
0HC79092744N750_1,2,2_79092744,Oregon,-105,1.95238096,1.95,20/21,-7.5,Oregon,Team,True,7501,"['ProgressiveParlayTeamEligible', 'MainPointLine', 'SGP']","[{'id': '44430', 'name': 'Oregon', 'type': 'Team'}]",Madness Props,Spread
0OU79092744O13950_1,2,3_79092744,Over,-108,1.92592593,1.92,25/27,139.5,,Unknown,True,139500,"['ProgressiveParlayTeamEligible', 'MainPointLine', 'SGP']",Madness Props,Total
0OU79092744U13950_3,2,3_79092744,Under,-112,1.89285715,1.89,25/28,139.5,,Unknown,True,139502,"['ProgressiveParlayTeamEligible', 'MainPointLine', 'SGP']",Madness Props,Total
0ML79092744_3,2,1_79092744,Liberty,+260,3.6,3.60,13/5,Liberty,Team,True,1279858001,['SGP'],"[{'id': '41459', 'name': 'Liberty', 'type': 'Team'}]",Madness Props,Moneyline
0ML79092744_1,2,1_79092744,Oregon,-325,1.30769231,1.30,4/13,Oregon,Team,True,1279859997,['SGP'],"[{'id': '44430', 'name': 'Oregon', 'type': 'Team'}]",Madness Props,Moneyline
0HC79110487N350_3,2,2_79110487,Saint Francis PA,-115,1.86956522,1.86,20/23,-3.5,Saint Francis PA,Team,True,-3501,"['MainPointLine', 'SGP']","[{'id': '41332', 'name': 'Saint Francis PA', 'type': 'Team'}]",Madness Props,Spread
0HC79110487P350_1,2,2_79110487,Alabama State,-115,1.86956522,1.86,20/23,3.5,Alabama State,Team,True,-3499,"['MainPointLine', 'SGP']","[{'id': '42969', 'name': 'Alabama State', 'type': 'Team'}]",Madness Props,Spread
0OU79110487O14650_1,2,3_79110487,Over,-110,1.90909091,1.90,10/11,146.5,,Unknown,True,146500,"['MainPointLine', 'SGP']",Madness Props,Total
0OU79110487U14650_3,2,3_79110487,Under,-120,1.83333334,1.83,5/6,146.5,,Unknown,True,146502,"['MainPointLine', 'SGP']",Madness Props,Total
0ML79110487_3,2,1_79110487,Saint Francis PA,-200,1.5,1.50,1/2,Saint Francis PA,Team,True,1280230384,['SGP'],"[{'id': '41332', 'name': 'Saint Francis PA', 'type': 'Team'}]",Madness Props,Moneyline
0ML79110487_1,2,1_79110487,Alabama State,+154,2.54,2.54,77/50,Alabama State,Team,True,1280232377,['SGP'],"[{'id': '42969', 'name': 'Alabama State', 'type': 'Team'}]",Madness Props,Moneyline
0HC79110488P550_3,2,2_79110488,Kent State,-115,1.86956522,1.86,20/23,5.5,Kent State,Team,True,5499,"['MainPointLine', 'SGP']","[{'id': '43444', 'name': 'Kent State', 'type': 'Team'}]",Madness Props,Spread
0HC79110488N550_1,2,2_79110488,Saint Bonaventure,-115,1.86956522,1.86,20/23,-5.5,Saint Bonaventure,Team,True,5501,"['MainPointLine', 'SGP']","[{'id': '44786', 'name': 'Saint Bonaventure', 'type': 'Team'}]",Madness Props,Spread
0OU79110488O13450_1,2,3_79110488,Over,-115,1.86956522,1.86,20/23,134.5,,Unknown,True,134500,"['MainPointLine', 'SGP']",Madness Props,Total
0OU79110488U13450_3,2,3_79110488,Under,-115,1.86956522,1.86,20/23,134.5,,Unknown,True,134502,"['MainPointLine', 'SGP']",Madness Props,Total
0ML79110488_3,2,1_79110488,Kent State,+210,3.1,3.10,21/10,Kent State,Team,True,1280230388,['SGP'],"[{'id': '43444', 'name': 'Kent State', 'type': 'Team'}]",Madness Props,Moneyline
0ML79110488_1,2,1_79110488,Saint Bonaventure,-280,1.35714286,1.35,5/14,Saint Bonaventure,Team,True,1280232378,['SGP'],"[{'id': '44786', 'name': 'Saint Bonaventure', 'type': 'Team'}]",Madness Props,Moneyline
0HC79110490P250_3,2,2_79110490,Jacksonville State,-115,1.86956522,1.86,20/23,2.5,Jacksonville State,Team,True,2499,"['MainPointLine', 'SGP']","[{'id': '42218', 'name': 'Jacksonville State', 'type': 'Team'}]",Madness Props,Spread
0HC79110490N250_1,2,2_79110490,Georgia Tech,-115,1.86956522,1.86,20/23,-2.5,Georgia Tech,Team,True,2501,"['MainPointLine', 'SGP']","[{'id': '42150', 'name': 'Georgia Tech', 'type': 'Team'}]",Madness Props,Spread
0OU79110490O14950_1,2,3_79110490,Over,-110,1.90909091,1.90,10/11,149.5,,Unknown,True,149500,"['MainPointLine', 'SGP']",Madness Props,Total
0OU79110490U14950_3,2,3_79110490,Under,-120,1.83333334,1.83,5/6,149.5,,Unknown,True,149502,"['MainPointLine', 'SGP']",Madness Props,Total
0ML79110490_3,2,1_79110490,Jacksonville State,+124,2.24,2.24,31/25,Jacksonville State,Team,True,1280230402,['SGP'],"[{'id': '42218', 'name': 'Jacksonville State', 'type': 'Team'}]",Madness Props,Moneyline
0ML79110490_1,2,1_79110490,Georgia Tech,-160,1.625,1.62,5/8,Georgia Tech,Team,True,1280232398,['SGP'],"[{'id': '42150', 'name': 'Georgia Tech', 'type': 'Team'}]",Madness Props,Moneyline
0HC79100355P150_3,2,2_79100355,Chattanooga,-110,1.90909091,1.90,10/11,1.5,Chattanooga,Team,True,1499,"['ProgressiveParlayTeamEligible', 'MainPointLine', 'SGP']","[{'id': '41974', 'name': 'Chattanooga', 'type': 'Team'}]",Madness Props,Spread
0HC79100355N150_1,2,2_79100355,Middle Tennessee,-110,1.90909091,1.90,10/11,-1.5,Middle Tennessee,Team,True,1501,"['ProgressiveParlayTeamEligible', 'MainPointLine', 'SGP']","[{'id': '42683', 'name': 'Middle Tennessee', 'type': 'Team'}]",Madness Props,Spread
0OU79100355O15250_1,2,3_79100355,Over,-115,1.86956522,1.86,20/23,152.5,,Unknown,True,152500,"['ProgressiveParlayTeamEligible', 'MainPointLine', 'SGP']",Madness Props,Total
0OU79100355U15250_3,2,3_79100355,Under,-105,1.95238096,1.95,20/21,152.5,,Unknown,True,152502,"['ProgressiveParlayTeamEligible', 'MainPointLine', 'SGP']",Madness Props,Total
0ML79100355_3,2,1_79100355,Chattanooga,+105,2.05,2.05,21/20,Chattanooga,Team,True,1280025918,['SGP'],"[{'id': '41974', 'name': 'Chattanooga', 'type': 'Team'}]",Madness Props,Moneyline
0ML79100355_1,2,1_79100355,Middle Tennessee,-125,1.8,1.80,4/5,Middle Tennessee,Team,True,1280027914,['SGP'],"[{'id': '42683', 'name': 'Middle Tennessee', 'type': 'Team'}]",Madness Props,Moneyline
0HC79100357P650_3,2,2_79100357,Wichita State,-112,1.89285715,1.89,25/28,6.5,Wichita State,Team,True,6499,"['ProgressiveParlayTeamEligible', 'MainPointLine', 'SGP']","[{'id': '43593', 'name': 'Wichita State', 'type': 'Team'}]",Madness Props,Spread
0HC79100357N650_1,2,2_79100357,Oklahoma State,-108,1.92592593,1.92,25/27,-6.5,Oklahoma State,Team,True,6501,"['ProgressiveParlayTeamEligible', 'MainPointLine', 'SGP']","[{'id': '43141', 'name': 'Oklahoma State', 'type': 'Team'}]",Madness Props,Spread
0OU79100357O15450_1,2,3_79100357,Over,-105,1.95238096,1.95,20/21,154.5,,Unknown,True,154500,"['ProgressiveParlayTeamEligible', 'MainPointLine', 'SGP']",Madness Props,Total
0OU79100357U15450_3,2,3_79100357,Under,-115,1.86956522,1.86,20/23,154.5,,Unknown,True,154502,"['ProgressiveParlayTeamEligible', 'MainPointLine', 'SGP']",Madness Props,Total
0ML79100357_3,2,1_79100357,Wichita State,+230,3.3,3.30,23/10,Wichita State,Team,True,1280025932,['SGP'],"[{'id': '43593', 'name': 'Wichita State', 'type': 'Team'}]",Madness Props,Moneyline
0ML79100357_1,2,1_79100357,Oklahoma State,-285,1.3508772,1.35,20/57,Oklahoma State,Team,True,1280027928,['SGP'],"[{'id': '43141', 'name': 'Oklahoma State', 'type': 'Team'}]",Madness Props,Moneyline
0HC79100359P550_3,2,2_79100359,Saint Louis,-108,1.92592593,1.92,25/27,5.5,Saint Louis,Team,True,5499,"['ProgressiveParlayTeamEligible', 'MainPointLine', 'SGP']","[{'id': '43370', 'name': 'Saint Louis', 'type': 'Team'}]",Madness Props,Spread
0HC79100359N550_1,2,2_79100359,Arkansas State,-112,1.89285715,1.89,25/28,-5.5,Arkansas State,Team,True,5501,"['ProgressiveParlayTeamEligible', 'MainPointLine', 'SGP']","[{'id': '42673', 'name': 'Arkansas State', 'type': 'Team'}]",Madness Props,Spread
0OU79100359O15450_1,2,3_79100359,Over,-105,1.95238096,1.95,20/21,154.5,,Unknown,True,154500,"['ProgressiveParlayTeamEligible', 'MainPointLine', 'SGP']",Madness Props,Total
0OU79100359U15450_3,2,3_79100359,Under,-115,1.86956522,1.86,20/23,154.5,,Unknown,True,154502,"['ProgressiveParlayTeamEligible', 'MainPointLine', 'SGP']",Madness Props,Total
0ML79100359_3,2,1_79100359,Saint Louis,+200,3,3.00,2/1,Saint Louis,Team,True,1280025946,['SGP'],"[{'id': '43370', 'name': 'Saint Louis', 'type': 'Team'}]",Madness Props,Moneyline
0ML79100359_1,2,1_79100359,Arkansas State,-245,1.40816327,1.40,20/49,Arkansas State,Team,True,1280027942,['SGP'],"[{'id': '42673', 'name': 'Arkansas State', 'type': 'Team'}]",Madness Props,Moneyline
0HC79092473N450_3,2,2_79092473,North Carolina,-112,1.89285715,1.89,25/28,-4.5,North Carolina,Team,True,-4501,"['ProgressiveParlayTeamEligible', 'MainPointLine', 'SGP']","[{'id': '42450', 'name': 'North Carolina', 'type': 'Team'}]",Madness Props,Spread
0HC79092473P450_1,2,2_79092473,San Diego State,-108,1.92592593,1.92,25/27,4.5,San Diego State,Team,True,-4499,"['ProgressiveParlayTeamEligible', 'MainPointLine', 'SGP']","[{'id': '44675', 'name': 'San Diego State', 'type': 'Team'}]",Madness Props,Spread
0OU79092473O14150_1,2,3_79092473,Over,-112,1.89285715,1.89,25/28,141.5,,Unknown,True,141500,"['ProgressiveParlayTeamEligible', 'MainPointLine', 'SGP']",Madness Props,Total
0OU79092473U14150_3,2,3_79092473,Under,-108,1.92592593,1.92,25/27,141.5,,Unknown,True,141502,"['ProgressiveParlayTeamEligible', 'MainPointLine', 'SGP']",Madness Props,Total
0ML79092473_3,2,1_79092473,North Carolina,-218,1.4587156,1.45,50/109,North Carolina,Team,True,1279852086,['SGP'],"[{'id': '42450', 'name': 'North Carolina', 'type': 'Team'}]",Madness Props,Moneyline
0ML79092473_1,2,1_79092473,San Diego State,+180,2.8,2.80,9/5,San Diego State,Team,True,1279854082,['SGP'],"[{'id': '44675', 'name': 'San Diego State', 'type': 'Team'}]",Madness Props,Moneyline
0HC79100356P650_3,2,2_79100356,CSUN,-108,1.92592593,1.92,25/27,6.5,CSUN,Team,True,6499,"['ProgressiveParlayTeamEligible', 'MainPointLine', 'SGP']","[{'id': '44653', 'name': 'CSUN', 'type': 'Team'}]",Madness Props,Spread
0HC79100356N650_1,2,2_79100356,Stanford,-112,1.89285715,1.89,25/28,-6.5,Stanford,Team,True,6501,"['ProgressiveParlayTeamEligible', 'MainPointLine', 'SGP']","[{'id': '44739', 'name': 'Stanford', 'type': 'Team'}]",Madness Props,Spread
0OU79100356O15650_1,2,3_79100356,Over,-108,1.92592593,1.92,25/27,156.5,,Unknown,True,156500,"['ProgressiveParlayTeamEligible', 'MainPointLine', 'SGP']",Madness Props,Total
0OU79100356U15650_3,2,3_79100356,Under,-112,1.89285715,1.89,25/28,156.5,,Unknown,True,156502,"['ProgressiveParlayTeamEligible', 'MainPointLine', 'SGP']",Madness Props,Total
0ML79100356_3,2,1_79100356,CSUN,+230,3.3,3.30,23/10,CSUN,Team,True,1280025925,['SGP'],"[{'id': '44653', 'name': 'CSUN', 'type': 'Team'}]",Madness Props,Moneyline
0ML79100356_1,2,1_79100356,Stanford,-285,1.3508772,1.35,20/57,Stanford,Team,True,1280027921,['SGP'],"[{'id': '44739', 'name': 'Stanford', 'type': 'Team'}]",Madness Props,Moneyline
0HC79100358P1050_3,2,2_79100358,UC Riverside,-118,1.84745763,1.84,50/59,10.5,UC Riverside,Team,True,10499,"['ProgressiveParlayTeamEligible', 'MainPointLine', 'SGP']","[{'id': '44279', 'name': 'UC Riverside', 'type': 'Team'}]",Madness Props,Spread
0HC79100358N1050_1,2,2_79100358,Santa Clara,-102,1.98039216,1.98,50/51,-10.5,Santa Clara,Team,True,10501,"['ProgressiveParlayTeamEligible', 'MainPointLine', 'SGP']","[{'id': '42757', 'name': 'Santa Clara', 'type': 'Team'}]",Madness Props,Spread
0OU79100358O15650_1,2,3_79100358,Over,-110,1.90909091,1.90,10/11,156.5,,Unknown,True,156500,"['ProgressiveParlayTeamEligible', 'MainPointLine', 'SGP']",Madness Props,Total
0OU79100358U15650_3,2,3_79100358,Under,-110,1.90909091,1.90,10/11,156.5,,Unknown,True,156502,"['ProgressiveParlayTeamEligible', 'MainPointLine', 'SGP']",Madness Props,Total
0ML79100358_3,2,1_79100358,UC Riverside,+440,5.4,5.40,22/5,UC Riverside,Team,True,1280025939,['SGP'],"[{'id': '44279', 'name': 'UC Riverside', 'type': 'Team'}]",Madness Props,Moneyline
0ML79100358_1,2,1_79100358,Santa Clara,-600,1.16666667,1.16,1/6,Santa Clara,Team,True,1280027935,['SGP'],"[{'id': '42757', 'name': 'Santa Clara', 'type': 'Team'}]",Madness Props,Moneyline
0HC79092702P250_3,2,2_79092702,Mount Saint Marys,-112,1.89285715,1.89,25/28,2.5,Mount Saint Marys,Team,True,2499,"['ProgressiveParlayTeamEligible', 'MainPointLine', 'SGP']","[{'id': '42025', 'name': 'Mount Saint Marys', 'type': 'Team'}]",Madness Props,Spread
0HC79092702N250_1,2,2_79092702,American,-108,1.92592593,1.92,25/27,-2.5,American,Team,True,2501,"['ProgressiveParlayTeamEligible', 'MainPointLine', 'SGP']","[{'id': '41874', 'name': 'American', 'type': 'Team'}]",Madness Props,Spread
0OU79092702O12950_1,2,3_79092702,Over,-105,1.95238096,1.95,20/21,129.5,,Unknown,True,129500,"['ProgressiveParlayTeamEligible', 'MainPointLine', 'SGP']",Madness Props,Total
0OU79092702U12950_3,2,3_79092702,Under,-115,1.86956522,1.86,20/23,129.5,,Unknown,True,129502,"['ProgressiveParlayTeamEligible', 'MainPointLine', 'SGP']",Madness Props,Total
0ML79092702_3,2,1_79092702,Mount Saint Marys,+120,2.2,2.20,6/5,Mount Saint Marys,Team,True,1279857119,['SGP'],"[{'id': '42025', 'name': 'Mount Saint Marys', 'type': 'Team'}]",Madness Props,Moneyline
0ML79092702_1,2,1_79092702,American,-142,1.70422536,1.70,50/71,American,Team,True,1279859115,['SGP'],"[{'id': '41874', 'name': 'American', 'type': 'Team'}]",Madness Props,Moneyline
0HC79100363P750_3,2,2_79100363,Samford,-110,1.90909091,1.90,10/11,7.5,Samford,Team,True,7499,"['ProgressiveParlayTeamEligible', 'MainPointLine', 'SGP']","[{'id': '42759', 'name': 'Samford', 'type': 'Team'}]",Madness Props,Spread
0HC79100363N750_1,2,2_79100363,George Mason,-110,1.90909091,1.90,10/11,-7.5,George Mason,Team,True,7501,"['ProgressiveParlayTeamEligible', 'MainPointLine', 'SGP']","[{'id': '41752', 'name': 'George Mason', 'type': 'Team'}]",Madness Props,Spread
0OU79100363O14750_1,2,3_79100363,Over,-110,1.90909091,1.90,10/11,147.5,,Unknown,True,147500,"['ProgressiveParlayTeamEligible', 'MainPointLine', 'SGP']",Madness Props,Total
0OU79100363U14750_3,2,3_79100363,Under,-110,1.90909091,1.90,10/11,147.5,,Unknown,True,147502,"['ProgressiveParlayTeamEligible', 'MainPointLine', 'SGP']",Madness Props,Total
0ML79100363_3,2,1_79100363,Samford,+270,3.7,3.70,27/10,Samford,Team,True,1280025967,['SGP'],"[{'id': '42759', 'name': 'Samford', 'type': 'Team'}]",Madness Props,Moneyline
0ML79100363_1,2,1_79100363,George Mason,-340,1.29411765,1.29,5/17,George Mason,Team,True,1280027963,['SGP'],"[{'id': '41752', 'name': 'George Mason', 'type': 'Team'}]",Madness Props,Moneyline
0HC79100365P550_3,2,2_79100365,UAB,-115,1.86956522,1.86,20/23,5.5,UAB,Team,True,5499,"['ProgressiveParlayTeamEligible', 'MainPointLine', 'SGP']","[{'id': '42938', 'name': 'UAB', 'type': 'Team'}]",Madness Props,Spread
0HC79100365N550_1,2,2_79100365,Saint Josephs,-105,1.95238096,1.95,20/21,-5.5,Saint Josephs,Team,True,5501,"['ProgressiveParlayTeamEligible', 'MainPointLine', 'SGP']","[{'id': '42231', 'name': 'Saint Josephs', 'type': 'Team'}]",Madness Props,Spread
0OU79100365O15550_1,2,3_79100365,Over,-110,1.90909091,1.90,10/11,155.5,,Unknown,True,155500,"['ProgressiveParlayTeamEligible', 'MainPointLine', 'SGP']",Madness Props,Total
0OU79100365U15550_3,2,3_79100365,Under,-110,1.90909091,1.90,10/11,155.5,,Unknown,True,155502,"['ProgressiveParlayTeamEligible', 'MainPointLine', 'SGP']",Madness Props,Total
0ML79100365_3,2,1_79100365,UAB,+195,2.95,2.95,39/20,UAB,Team,True,1280025981,['SGP'],"[{'id': '42938', 'name': 'UAB', 'type': 'Team'}]",Madness Props,Moneyline
0ML79100365_1,2,1_79100365,Saint Josephs,-238,1.42016807,1.42,50/119,Saint Josephs,Team,True,1280027977,['SGP'],"[{'id': '42231', 'name': 'Saint Josephs', 'type': 'Team'}]",Madness Props,Moneyline
0HC79100362P100_3,2,2_79100362,Florida Atlantic,-115,1.86956522,1.86,20/23,1,Florida Atlantic,Team,True,999,"['ProgressiveParlayTeamEligible', 'MainPointLine', 'SGP']","[{'id': '44945', 'name': 'Florida Atlantic', 'type': 'Team'}]",Madness Props,Spread
0HC79100362N100_1,2,2_79100362,Dayton,-105,1.95238096,1.95,20/21,-1,Dayton,Team,True,1001,"['ProgressiveParlayTeamEligible', 'MainPointLine', 'SGP']","[{'id': '44880', 'name': 'Dayton', 'type': 'Team'}]",Madness Props,Spread
0OU79100362O15050_1,2,3_79100362,Over,-115,1.86956522,1.86,20/23,150.5,,Unknown,True,150500,"['ProgressiveParlayTeamEligible', 'MainPointLine', 'SGP']",Madness Props,Total
0OU79100362U15050_3,2,3_79100362,Under,-105,1.95238096,1.95,20/21,150.5,,Unknown,True,150502,"['ProgressiveParlayTeamEligible', 'MainPointLine', 'SGP']",Madness Props,Total
0ML79100362_3,2,1_79100362,Florida Atlantic,-102,1.98039216,1.98,50/51,Florida Atlantic,Team,True,1280025960,['SGP'],"[{'id': '44945', 'name': 'Florida Atlantic', 'type': 'Team'}]",Madness Props,Moneyline
0ML79100362_1,2,1_79100362,Dayton,-118,1.84745763,1.84,50/59,Dayton,Team,True,1280027956,['SGP'],"[{'id': '44880', 'name': 'Dayton', 'type': 'Team'}]",Madness Props,Moneyline
0HC79100364P850_3,2,2_79100364,Furman,-112,1.89285715,1.89,25/28,8.5,Furman,Team,True,8499,"['ProgressiveParlayTeamEligible', 'MainPointLine', 'SGP']","[{'id': '41709', 'name': 'Furman', 'type': 'Team'}]",Madness Props,Spread
0HC79100364N850_1,2,2_79100364,North Texas,-108,1.92592593,1.92,25/27,-8.5,North Texas,Team,True,8501,"['ProgressiveParlayTeamEligible', 'MainPointLine', 'SGP']","[{'id': '43192', 'name': 'North Texas', 'type': 'Team'}]",Madness Props,Spread
0OU79100364O13050_1,2,3_79100364,Over,-110,1.90909091,1.90,10/11,130.5,,Unknown,True,130500,"['ProgressiveParlayTeamEligible', 'MainPointLine', 'SGP']",Madness Props,Total
0OU79100364U13050_3,2,3_79100364,Under,-110,1.90909091,1.90,10/11,130.5,,Unknown,True,130502,"['ProgressiveParlayTeamEligible', 'MainPointLine', 'SGP']",Madness Props,Total
0ML79100364_3,2,1_79100364,Furman,+295,3.95,3.95,59/20,Furman,Team,True,1280025988,['SGP'],"[{'id': '41709', 'name': 'Furman', 'type': 'Team'}]",Madness Props,Moneyline
0ML79100364_1,2,1_79100364,North Texas,-375,1.26666667,1.26,4/15,North Texas,Team,True,1280027984,['SGP'],"[{'id': '43192', 'name': 'North Texas', 'type': 'Team'}]",Madness Props,Moneyline
0HC79100361P250_3,2,2_79100361,North Alabama,-108,1.92592593,1.92,25/27,2.5,North Alabama,Team,True,2499,"['ProgressiveParlayTeamEligible', 'MainPointLine', 'SGP']","[{'id': '42768', 'name': 'North Alabama', 'type': 'Team'}]",Madness Props,Spread
0HC79100361N250_1,2,2_79100361,Bradley,-112,1.89285715,1.89,25/28,-2.5,Bradley,Team,True,2501,"['ProgressiveParlayTeamEligible', 'MainPointLine', 'SGP']","[{'id': '45258', 'name': 'Bradley', 'type': 'Team'}]",Madness Props,Spread
0OU79100361O14550_1,2,3_79100361,Over,-108,1.92592593,1.92,25/27,145.5,,Unknown,True,145500,"['ProgressiveParlayTeamEligible', 'MainPointLine', 'SGP']",Madness Props,Total
0OU79100361U14550_3,2,3_79100361,Under,-112,1.89285715,1.89,25/28,145.5,,Unknown,True,145502,"['ProgressiveParlayTeamEligible', 'MainPointLine', 'SGP']",Madness Props,Total
0ML79100361_3,2,1_79100361,North Alabama,+124,2.24,2.24,31/25,North Alabama,Team,True,1280025974,['SGP'],"[{'id': '42768', 'name': 'North Alabama', 'type': 'Team'}]",Madness Props,Moneyline
0ML79100361_1,2,1_79100361,Bradley,-148,1.67567568,1.67,25/37,Bradley,Team,True,1280027970,['SGP'],"[{'id': '45258', 'name': 'Bradley', 'type': 'Team'}]",Madness Props,Moneyline
0HC79100368P1050_3,2,2_79100368,Northern Iowa,-115,1.86956522,1.86,20/23,10.5,Northern Iowa,Team,True,10499,"['ProgressiveParlayTeamEligible', 'MainPointLine', 'SGP']","[{'id': '43276', 'name': 'Northern Iowa', 'type': 'Team'}]",Madness Props,Spread
0HC79100368N1050_1,2,2_79100368,SMU,-105,1.95238096,1.95,20/21,-10.5,SMU,Team,True,10501,"['ProgressiveParlayTeamEligible', 'MainPointLine', 'SGP']","[{'id': '41637', 'name': 'SMU', 'type': 'Team'}]",Madness Props,Spread
0OU79100368O14550_1,2,3_79100368,Over,-115,1.86956522,1.86,20/23,145.5,,Unknown,True,145500,"['ProgressiveParlayTeamEligible', 'MainPointLine', 'SGP']",Madness Props,Total
0OU79100368U14550_3,2,3_79100368,Under,-105,1.95238096,1.95,20/21,145.5,,Unknown,True,145502,"['ProgressiveParlayTeamEligible', 'MainPointLine', 'SGP']",Madness Props,Total
0ML79100368_3,2,1_79100368,Northern Iowa,+440,5.4,5.40,22/5,Northern Iowa,Team,True,1280026016,['SGP'],"[{'id': '43276', 'name': 'Northern Iowa', 'type': 'Team'}]",Madness Props,Moneyline
0ML79100368_1,2,1_79100368,SMU,-600,1.16666667,1.16,1/6,SMU,Team,True,1280028006,['SGP'],"[{'id': '41637', 'name': 'SMU', 'type': 'Team'}]",Madness Props,Moneyline
0HC79092938N250_3,2,2_79092938,Xavier,-120,1.83333334,1.83,5/6,-2.5,Xavier,Team,True,-2501,"['ProgressiveParlayTeamEligible', 'MainPointLine', 'SGP']","[{'id': '44042', 'name': 'Xavier', 'type': 'Team'}]",Madness Props,Spread
0HC79092938P250_1,2,2_79092938,Texas,+100,2,2.00,1/1,2.5,Texas,Team,True,-2499,"['ProgressiveParlayTeamEligible', 'MainPointLine', 'SGP']","[{'id': '43429', 'name': 'Texas', 'type': 'Team'}]",Madness Props,Spread
0OU79092938O15150_1,2,3_79092938,Over,-110,1.90909091,1.90,10/11,151.5,,Unknown,True,151500,"['ProgressiveParlayTeamEligible', 'MainPointLine', 'SGP']",Madness Props,Total
0OU79092938U15150_3,2,3_79092938,Under,-110,1.90909091,1.90,10/11,151.5,,Unknown,True,151502,"['ProgressiveParlayTeamEligible', 'MainPointLine', 'SGP']",Madness Props,Total
0ML79092938_3,2,1_79092938,Xavier,-166,1.60240964,1.60,50/83,Xavier,Team,True,1279861060,['SGP'],"[{'id': '44042', 'name': 'Xavier', 'type': 'Team'}]",Madness Props,Moneyline
0ML79092938_1,2,1_79092938,Texas,+140,2.4,2.40,7/5,Texas,Team,True,1279863056,['SGP'],"[{'id': '43429', 'name': 'Texas', 'type': 'Team'}]",Madness Props,Moneyline
0HC79100367P750_3,2,2_79100367,Northern Colorado,-112,1.89285715,1.89,25/28,7.5,Northern Colorado,Team,True,7499,"['ProgressiveParlayTeamEligible', 'MainPointLine', 'SGP']","[{'id': '42600', 'name': 'Northern Colorado', 'type': 'Team'}]",Madness Props,Spread
0HC79100367N750_1,2,2_79100367,UC Irvine,-108,1.92592593,1.92,25/27,-7.5,UC Irvine,Team,True,7501,"['ProgressiveParlayTeamEligible', 'MainPointLine', 'SGP']","[{'id': '44593', 'name': 'UC Irvine', 'type': 'Team'}]",Madness Props,Spread
0OU79100367O15150_1,2,3_79100367,Over,-105,1.95238096,1.95,20/21,151.5,,Unknown,True,151500,"['ProgressiveParlayTeamEligible', 'MainPointLine', 'SGP']",Madness Props,Total
0OU79100367U15150_3,2,3_79100367,Under,-115,1.86956522,1.86,20/23,151.5,,Unknown,True,151502,"['ProgressiveParlayTeamEligible', 'MainPointLine', 'SGP']",Madness Props,Total
0ML79100367_3,2,1_79100367,Northern Colorado,+270,3.7,3.70,27/10,Northern Colorado,Team,True,1280026002,['SGP'],"[{'id': '42600', 'name': 'Northern Colorado', 'type': 'Team'}]",Madness Props,Moneyline
0ML79100367_1,2,1_79100367,UC Irvine,-340,1.29411765,1.29,5/17,UC Irvine,Team,True,1280027998,['SGP'],"[{'id': '44593', 'name': 'UC Irvine', 'type': 'Team'}]",Madness Props,Moneyline
0HC79100369P750_3,2,2_79100369,Utah Valley,-108,1.92592593,1.92,25/27,7.5,Utah Valley,Team,True,7499,"['ProgressiveParlayTeamEligible', 'MainPointLine', 'SGP']","[{'id': '44362', 'name': 'Utah Valley', 'type': 'Team'}]",Madness Props,Spread
0HC79100369N750_1,2,2_79100369,San Francisco,-112,1.89285715,1.89,25/28,-7.5,San Francisco,Team,True,7501,"['ProgressiveParlayTeamEligible', 'MainPointLine', 'SGP']","[{'id': '44575', 'name': 'San Francisco', 'type': 'Team'}]",Madness Props,Spread
0OU79100369O14650_1,2,3_79100369,Over,-105,1.95238096,1.95,20/21,146.5,,Unknown,True,146500,"['ProgressiveParlayTeamEligible', 'MainPointLine', 'SGP']",Madness Props,Total
0OU79100369U14650_3,2,3_79100369,Under,-115,1.86956522,1.86,20/23,146.5,,Unknown,True,146502,"['ProgressiveParlayTeamEligible', 'MainPointLine', 'SGP']",Madness Props,Total
0ML79100369_3,2,1_79100369,Utah Valley,+275,3.75,3.75,11/4,Utah Valley,Team,True,1280026011,['SGP'],"[{'id': '44362', 'name': 'Utah Valley', 'type': 'Team'}]",Madness Props,Moneyline
0ML79100369_1,2,1_79100369,San Francisco,-345,1.28985508,1.28,20/69,San Francisco,Team,True,1280028005,['SGP'],"[{'id': '44575', 'name': 'San Francisco', 'type': 'Team'}]",Madness Props,Moneyline
0HC79100366N250_3,2,2_79100366,Loyola Chicago,-118,1.84745763,1.84,50/59,-2.5,Loyola Chicago,Team,True,-2501,"['ProgressiveParlayTeamEligible', 'MainPointLine', 'SGP']","[{'id': '43985', 'name': 'Loyola Chicago', 'type': 'Team'}]",Madness Props,Spread
0HC79100366P250_1,2,2_79100366,San Jose State,-102,1.98039216,1.98,50/51,2.5,San Jose State,Team,True,-2499,"['ProgressiveParlayTeamEligible', 'MainPointLine', 'SGP']","[{'id': '41391', 'name': 'San Jose State', 'type': 'Team'}]",Madness Props,Spread
0OU79100366O14050_1,2,3_79100366,Over,-115,1.86956522,1.86,20/23,140.5,,Unknown,True,140500,"['ProgressiveParlayTeamEligible', 'MainPointLine', 'SGP']",Madness Props,Total
0OU79100366U14050_3,2,3_79100366,Under,-105,1.95238096,1.95,20/21,140.5,,Unknown,True,140502,"['ProgressiveParlayTeamEligible', 'MainPointLine', 'SGP']",Madness Props,Total
0ML79100366_3,2,1_79100366,Loyola Chicago,-142,1.70422536,1.70,50/71,Loyola Chicago,Team,True,1280025995,['SGP'],"[{'id': '43985', 'name': 'Loyola Chicago', 'type': 'Team'}]",Madness Props,Moneyline
0ML79100366_1,2,1_79100366,San Jose State,+120,2.2,2.20,6/5,San Jose State,Team,True,1280027991,['SGP'],"[{'id': '41391', 'name': 'San Jose State', 'type': 'Team'}]",Madness Props,Moneyline
0HC79092456P250_3,2,2_79092456,Creighton,-110,1.90909091,1.90,10/11,2.5,Creighton,Team,True,2499,"['ProgressiveParlayTeamEligible', 'MainPointLine', 'SGP']","[{'id': '43875', 'name': 'Creighton', 'type': 'Team'}]",Madness Props,Spread
0HC79092456N250_1,2,2_79092456,Louisville,-110,1.90909091,1.90,10/11,-2.5,Louisville,Team,True,2501,"['ProgressiveParlayTeamEligible', 'MainPointLine', 'SGP']","[{'id': '41477', 'name': 'Louisville', 'type': 'Team'}]",Madness Props,Spread
0OU79092456O14450_1,2,3_79092456,Over,-110,1.90909091,1.90,10/11,144.5,,Unknown,True,144500,"['ProgressiveParlayTeamEligible', 'MainPointLine', 'SGP']",Madness Props,Total
0OU79092456U14450_3,2,3_79092456,Under,-110,1.90909091,1.90,10/11,144.5,,Unknown,True,144502,"['ProgressiveParlayTeamEligible', 'MainPointLine', 'SGP']",Madness Props,Total
0ML79092456_3,2,1_79092456,Creighton,+120,2.2,2.20,6/5,Creighton,Team,True,1279851890,['SGP'],"[{'id': '43875', 'name': 'Creighton', 'type': 'Team'}]",Madness Props,Moneyline
0ML79092456_1,2,1_79092456,Louisville,-142,1.70422536,1.70,50/71,Louisville,Team,True,1279853886,['SGP'],"[{'id': '41477', 'name': 'Louisville', 'type': 'Team'}]",Madness Props,Moneyline
0HC79092925P750_3,2,2_79092925,High Point,-102,1.98039216,1.98,50/51,7.5,High Point,Team,True,7499,"['ProgressiveParlayTeamEligible', 'MainPointLine', 'SGP']","[{'id': '45137', 'name': 'High Point', 'type': 'Team'}]",Madness Props,Spread
0HC79092925N750_1,2,2_79092925,Purdue,-118,1.84745763,1.84,50/59,-7.5,Purdue,Team,True,7501,"['ProgressiveParlayTeamEligible', 'MainPointLine', 'SGP']","[{'id': '42127', 'name': 'Purdue', 'type': 'Team'}]",Madness Props,Spread
0OU79092925O15350_1,2,3_79092925,Over,-105,1.95238096,1.95,20/21,153.5,,Unknown,True,153500,"['ProgressiveParlayTeamEligible', 'MainPointLine', 'SGP']",Madness Props,Total
0OU79092925U15350_3,2,3_79092925,Under,-115,1.86956522,1.86,20/23,153.5,,Unknown,True,153502,"['ProgressiveParlayTeamEligible', 'MainPointLine', 'SGP']",Madness Props,Total
0ML79092925_3,2,1_79092925,High Point,+295,3.95,3.95,59/20,High Point,Team,True,1279860143,['SGP'],"[{'id': '45137', 'name': 'High Point', 'type': 'Team'}]",Madness Props,Moneyline
0ML79092925_1,2,1_79092925,Purdue,-375,1.26666667,1.26,4/15,Purdue,Team,True,1279862139,['SGP'],"[{'id': '42127', 'name': 'Purdue', 'type': 'Team'}]",Madness Props,Moneyline
0HC79092767P1750_3,2,2_79092767,Montana,-115,1.86956522,1.86,20/23,17.5,Montana,Team,True,17499,"['ProgressiveParlayTeamEligible', 'MainPointLine', 'SGP']","[{'id': '42575', 'name': 'Montana', 'type': 'Team'}]",Madness Props,Spread
0HC79092767N1750_1,2,2_79092767,Wisconsin,-105,1.95238096,1.95,20/21,-17.5,Wisconsin,Team,True,17501,"['ProgressiveParlayTeamEligible', 'MainPointLine', 'SGP']","[{'id': '43620', 'name': 'Wisconsin', 'type': 'Team'}]",Madness Props,Spread
0OU79092767O15250_1,2,3_79092767,Over,-105,1.95238096,1.95,20/21,152.5,,Unknown,True,152500,"['ProgressiveParlayTeamEligible', 'MainPointLine']",Madness Props,Total
0OU79092767U15250_3,2,3_79092767,Under,-115,1.86956522,1.86,20/23,152.5,,Unknown,True,152502,"['ProgressiveParlayTeamEligible', 'MainPointLine', 'SGP']",Madness Props,Total
0ML79092767_3,2,1_79092767,Montana,+1200,13,13.00,12/1,Montana,Team,True,1279858456,['SGP'],"[{'id': '42575', 'name': 'Montana', 'type': 'Team'}]",Madness Props,Moneyline
0ML79092767_1,2,1_79092767,Wisconsin,-2400,1.04166667,1.04,1/24,Wisconsin,Team,True,1279860452,['SGP'],"[{'id': '43620', 'name': 'Wisconsin', 'type': 'Team'}]",Madness Props,Moneyline
0HC79092890P2950_3,2,2_79092890,SIU Edwardsville,-115,1.86956522,1.86,20/23,29.5,SIU Edwardsville,Team,True,29499,"['ProgressiveParlayTeamEligible', 'MainPointLine', 'SGP']","[{'id': '43647', 'name': 'SIU Edwardsville', 'type': 'Team'}]",Madness Props,Spread
0HC79092890N2950_1,2,2_79092890,Houston,-105,1.95238096,1.95,20/21,-29.5,Houston,Team,True,29501,"['ProgressiveParlayTeamEligible', 'MainPointLine', 'SGP']","[{'id': '43043', 'name': 'Houston', 'type': 'Team'}]",Madness Props,Spread
0OU79092890O12650_1,2,3_79092890,Over,-108,1.92592593,1.92,25/27,126.5,,Unknown,True,126500,"['ProgressiveParlayTeamEligible', 'MainPointLine', 'SGP']",Madness Props,Total
0OU79092890U12650_3,2,3_79092890,Under,-112,1.89285715,1.89,25/28,126.5,,Unknown,True,126502,"['ProgressiveParlayTeamEligible', 'MainPointLine', 'SGP']",Madness Props,Total
0HC79092912P750_3,2,2_79092912,McNeese,-110,1.90909091,1.90,10/11,7.5,McNeese,Team,True,7499,"['ProgressiveParlayTeamEligible', 'MainPointLine', 'SGP']","[{'id': '41412', 'name': 'McNeese', 'type': 'Team'}]",Madness Props,Spread
0HC79092912N750_1,2,2_79092912,Clemson,-110,1.90909091,1.90,10/11,-7.5,Clemson,Team,True,7501,"['ProgressiveParlayTeamEligible', 'MainPointLine', 'SGP']","[{'id': '41619', 'name': 'Clemson', 'type': 'Team'}]",Madness Props,Spread
0OU79092912O13450_1,2,3_79092912,Over,-105,1.95238096,1.95,20/21,134.5,,Unknown,True,134500,"['ProgressiveParlayTeamEligible', 'MainPointLine', 'SGP']",Madness Props,Total
0OU79092912U13450_3,2,3_79092912,Under,-115,1.86956522,1.86,20/23,134.5,,Unknown,True,134502,"['ProgressiveParlayTeamEligible', 'MainPointLine', 'SGP']",Madness Props,Total
0ML79092912_3,2,1_79092912,McNeese,+275,3.75,3.75,11/4,McNeese,Team,True,1279860136,['SGP'],"[{'id': '41412', 'name': 'McNeese', 'type': 'Team'}]",Madness Props,Moneyline
0ML79092912_1,2,1_79092912,Clemson,-345,1.28985508,1.28,20/69,Clemson,Team,True,1279862132,['SGP'],"[{'id': '41619', 'name': 'Clemson', 'type': 'Team'}]",Madness Props,Moneyline
0HC79092766P250_3,2,2_79092766,VCU,-102,1.98039216,1.98,50/51,2.5,VCU,Team,True,2499,"['ProgressiveParlayTeamEligible', 'MainPointLine', 'SGP']","[{'id': '42328', 'name': 'VCU', 'type': 'Team'}]",Madness Props,Spread
0HC79092766N250_1,2,2_79092766,BYU,-118,1.84745763,1.84,50/59,-2.5,BYU,Team,True,2501,"['ProgressiveParlayTeamEligible', 'MainPointLine', 'SGP']","[{'id': '44811', 'name': 'BYU', 'type': 'Team'}]",Madness Props,Spread
0OU79092766O14650_1,2,3_79092766,Over,-105,1.95238096,1.95,20/21,146.5,,Unknown,True,146500,"['ProgressiveParlayTeamEligible', 'MainPointLine', 'SGP']",Madness Props,Total
0OU79092766U14650_3,2,3_79092766,Under,-115,1.86956522,1.86,20/23,146.5,,Unknown,True,146502,"['ProgressiveParlayTeamEligible', 'MainPointLine', 'SGP']",Madness Props,Total
0ML79092766_3,2,1_79092766,VCU,+130,2.3,2.30,13/10,VCU,Team,True,1279858449,['SGP'],"[{'id': '42328', 'name': 'VCU', 'type': 'Team'}]",Madness Props,Moneyline
0ML79092766_1,2,1_79092766,BYU,-155,1.6451613,1.64,20/31,BYU,Team,True,1279860445,['SGP'],"[{'id': '44811', 'name': 'BYU', 'type': 'Team'}]",Madness Props,Moneyline
0HC79093078P550_3,2,2_79093078,Georgia,-102,1.98039216,1.98,50/51,5.5,Georgia Bulldogs,Team,True,5499,"['ProgressiveParlayTeamEligible', 'MainPointLine', 'SGP']","[{'id': '42478', 'name': 'Georgia Bulldogs', 'type': 'Team'}]",Madness Props,Spread
0HC79093078N550_1,2,2_79093078,Gonzaga,-118,1.84745763,1.84,50/59,-5.5,Gonzaga,Team,True,5501,"['ProgressiveParlayTeamEligible', 'MainPointLine', 'SGP']","[{'id': '44154', 'name': 'Gonzaga', 'type': 'Team'}]",Madness Props,Spread
0OU79093078O15050_1,2,3_79093078,Over,-112,1.89285715,1.89,25/28,150.5,,Unknown,True,150500,"['ProgressiveParlayTeamEligible', 'MainPointLine', 'SGP']",Madness Props,Total
0OU79093078U15050_3,2,3_79093078,Under,-108,1.92592593,1.92,25/27,150.5,,Unknown,True,150502,"['ProgressiveParlayTeamEligible', 'MainPointLine', 'SGP']",Madness Props,Total
0ML79093078_3,2,1_79093078,Georgia,+215,3.15,3.15,43/20,Georgia Bulldogs,Team,True,1279863188,['SGP'],"[{'id': '42478', 'name': 'Georgia Bulldogs', 'type': 'Team'}]",Madness Props,Moneyline
0ML79093078_1,2,1_79093078,Gonzaga,-265,1.3773585,1.37,20/53,Gonzaga,Team,True,1279865184,['SGP'],"[{'id': '44154', 'name': 'Gonzaga', 'type': 'Team'}]",Madness Props,Moneyline
0HC79092949P1850_3,2,2_79092949,Wofford,-108,1.92592593,1.92,25/27,18.5,Wofford,Team,True,18499,"['ProgressiveParlayTeamEligible', 'MainPointLine', 'SGP']","[{'id': '42442', 'name': 'Wofford', 'type': 'Team'}]",Madness Props,Spread
0HC79092949N1850_1,2,2_79092949,Tennessee,-112,1.89285715,1.89,25/28,-18.5,Tennessee,Team,True,18501,"['ProgressiveParlayTeamEligible', 'MainPointLine', 'SGP']","[{'id': '42305', 'name': 'Tennessee', 'type': 'Team'}]",Madness Props,Spread
0OU79092949O13250_1,2,3_79092949,Over,-115,1.86956522,1.86,20/23,132.5,,Unknown,True,132500,"['ProgressiveParlayTeamEligible', 'MainPointLine', 'SGP']",Madness Props,Total
0OU79092949U13250_3,2,3_79092949,Under,-105,1.95238096,1.95,20/21,132.5,,Unknown,True,132502,"['ProgressiveParlayTeamEligible', 'MainPointLine', 'SGP']",Madness Props,Total
0ML79092949_3,2,1_79092949,Wofford,+1500,16,16.00,15/1,Wofford,Team,True,1279861137,['SGP'],"[{'id': '42442', 'name': 'Wofford', 'type': 'Team'}]",Madness Props,Moneyline
0ML79092949_1,2,1_79092949,Tennessee,-3600,1.02777778,1.02,1/36,Tennessee,Team,True,1279863133,['SGP'],"[{'id': '42305', 'name': 'Tennessee', 'type': 'Team'}]",Madness Props,Moneyline
0HC79092964P450_3,2,2_79092964,Arkansas,-110,1.90909091,1.90,10/11,4.5,Arkansas,Team,True,4499,"['ProgressiveParlayTeamEligible', 'MainPointLine', 'SGP']","[{'id': '42107', 'name': 'Arkansas', 'type': 'Team'}]",Madness Props,Spread
0HC79092964N450_1,2,2_79092964,Kansas,-110,1.90909091,1.90,10/11,-4.5,Kansas,Team,True,4501,"['ProgressiveParlayTeamEligible', 'MainPointLine', 'SGP']","[{'id': '41920', 'name': 'Kansas', 'type': 'Team'}]",Madness Props,Spread
0OU79092964O14550_1,2,3_79092964,Over,-115,1.86956522,1.86,20/23,145.5,,Unknown,True,145500,"['ProgressiveParlayTeamEligible', 'MainPointLine', 'SGP']",Madness Props,Total
0OU79092964U14550_3,2,3_79092964,Under,-105,1.95238096,1.95,20/21,145.5,,Unknown,True,145502,"['ProgressiveParlayTeamEligible', 'MainPointLine', 'SGP']",Madness Props,Total
0ML79092964_3,2,1_79092964,Arkansas,+164,2.64,2.64,41/25,Arkansas,Team,True,1279861242,['SGP'],"[{'id': '42107', 'name': 'Arkansas', 'type': 'Team'}]",Madness Props,Moneyline
0ML79092964_1,2,1_79092964,Kansas,-198,1.50505051,1.50,50/99,Kansas,Team,True,1279863238,['SGP'],"[{'id': '41920', 'name': 'Kansas', 'type': 'Team'}]",Madness Props,Moneyline
0HC79092474P750_3,2,2_79092474,Yale,-115,1.86956522,1.86,20/23,7.5,Yale,Team,True,7499,"['ProgressiveParlayTeamEligible', 'MainPointLine', 'SGP']","[{'id': '42873', 'name': 'Yale', 'type': 'Team'}]",Madness Props,Spread
0HC79092474N750_1,2,2_79092474,Texas A&M,-105,1.95238096,1.95,20/21,-7.5,Texas A&M,Team,True,7501,"['ProgressiveParlayTeamEligible', 'MainPointLine', 'SGP']","[{'id': '44866', 'name': 'Texas A&M', 'type': 'Team'}]",Madness Props,Spread
0OU79092474O13950_1,2,3_79092474,Over,-115,1.86956522,1.86,20/23,139.5,,Unknown,True,139500,"['ProgressiveParlayTeamEligible', 'MainPointLine', 'SGP']",Madness Props,Total
0OU79092474U13950_3,2,3_79092474,Under,-105,1.95238096,1.95,20/21,139.5,,Unknown,True,139502,"['ProgressiveParlayTeamEligible', 'MainPointLine', 'SGP']",Madness Props,Total
0ML79092474_3,2,1_79092474,Yale,+260,3.6,3.60,13/5,Yale,Team,True,1279852093,['SGP'],"[{'id': '42873', 'name': 'Yale', 'type': 'Team'}]",Madness Props,Moneyline
0ML79092474_1,2,1_79092474,Texas A&M,-325,1.30769231,1.30,4/13,Texas A&M,Team,True,1279854089,['SGP'],"[{'id': '44866', 'name': 'Texas A&M', 'type': 'Team'}]",Madness Props,Moneyline
0HC79092959P650_3,2,2_79092959,Drake,-112,1.89285715,1.89,25/28,6.5,Drake,Team,True,6499,"['ProgressiveParlayTeamEligible', 'MainPointLine', 'SGP']","[{'id': '41573', 'name': 'Drake', 'type': 'Team'}]",Madness Props,Spread
0HC79092959N650_1,2,2_79092959,Missouri,-108,1.92592593,1.92,25/27,-6.5,Missouri,Team,True,6501,"['ProgressiveParlayTeamEligible', 'MainPointLine', 'SGP']","[{'id': '43114', 'name': 'Missouri', 'type': 'Team'}]",Madness Props,Spread
0OU79092959O13250_1,2,3_79092959,Over,-108,1.92592593,1.92,25/27,132.5,,Unknown,True,132500,"['ProgressiveParlayTeamEligible', 'MainPointLine', 'SGP']",Madness Props,Total
0OU79092959U13250_3,2,3_79092959,Under,-112,1.89285715,1.89,25/28,132.5,,Unknown,True,132502,"['ProgressiveParlayTeamEligible', 'MainPointLine', 'SGP']",Madness Props,Total
0ML79092959_3,2,1_79092959,Drake,+220,3.2,3.20,11/5,Drake,Team,True,1279861207,['SGP'],"[{'id': '41573', 'name': 'Drake', 'type': 'Team'}]",Madness Props,Moneyline
0ML79092959_1,2,1_79092959,Missouri,-270,1.37037038,1.37,10/27,Missouri,Team,True,1279863203,['SGP'],"[{'id': '43114', 'name': 'Missouri', 'type': 'Team'}]",Madness Props,Moneyline
0HC79092948P550_3,2,2_79092948,Utah State,-112,1.89285715,1.89,25/28,5.5,Utah State,Team,True,5499,"['ProgressiveParlayTeamEligible', 'MainPointLine', 'SGP']","[{'id': '44224', 'name': 'Utah State', 'type': 'Team'}]",Madness Props,Spread
0HC79092948N550_1,2,2_79092948,UCLA,-108,1.92592593,1.92,25/27,-5.5,UCLA,Team,True,5501,"['ProgressiveParlayTeamEligible', 'MainPointLine', 'SGP']","[{'id': '44331', 'name': 'UCLA', 'type': 'Team'}]",Madness Props,Spread
0OU79092948O14350_1,2,3_79092948,Over,-115,1.86956522,1.86,20/23,143.5,,Unknown,True,143500,"['ProgressiveParlayTeamEligible', 'MainPointLine', 'SGP']",Madness Props,Total
0OU79092948U14350_3,2,3_79092948,Under,-105,1.95238096,1.95,20/21,143.5,,Unknown,True,143502,"['ProgressiveParlayTeamEligible', 'MainPointLine', 'SGP']",Madness Props,Total
0ML79092948_3,2,1_79092948,Utah State,+190,2.9,2.90,19/10,Utah State,Team,True,1279861130,['SGP'],"[{'id': '44224', 'name': 'Utah State', 'type': 'Team'}]",Madness Props,Moneyline
0ML79092948_1,2,1_79092948,UCLA,-230,1.43478261,1.43,10/23,UCLA,Team,True,1279863126,['SGP'],"[{'id': '44331', 'name': 'UCLA', 'type': 'Team'}]",Madness Props,Moneyline
0HC79092965P1850_3,2,2_79092965,Omaha,-108,1.92592593,1.92,25/27,18.5,Omaha,Team,True,18499,"['ProgressiveParlayTeamEligible', 'MainPointLine', 'SGP']","[{'id': '43093', 'name': 'Omaha', 'type': 'Team'}]",Madness Props,Spread
0HC79092965N1850_1,2,2_79092965,St. Johns,-112,1.89285715,1.89,25/28,-18.5,St. Johns,Team,True,18501,"['ProgressiveParlayTeamEligible', 'MainPointLine', 'SGP']","[{'id': '41392', 'name': 'St. Johns', 'type': 'Team'}]",Madness Props,Spread
0OU79092965O14750_1,2,3_79092965,Over,-115,1.86956522,1.86,20/23,147.5,,Unknown,True,147500,"['ProgressiveParlayTeamEligible', 'MainPointLine', 'SGP']",Madness Props,Total
0OU79092965U14750_3,2,3_79092965,Under,-105,1.95238096,1.95,20/21,147.5,,Unknown,True,147502,"['ProgressiveParlayTeamEligible', 'MainPointLine', 'SGP']",Madness Props,Total
0ML79092965_3,2,1_79092965,Omaha,+1500,16,16.00,15/1,Omaha,Team,True,1279861249,['SGP'],"[{'id': '43093', 'name': 'Omaha', 'type': 'Team'}]",Madness Props,Moneyline
0ML79092965_1,2,1_79092965,St. Johns,-3600,1.02777778,1.02,1/36,St. Johns,Team,True,1279863245,['SGP'],"[{'id': '41392', 'name': 'St. Johns', 'type': 'Team'}]",Madness Props,Moneyline
0HC79092459P250_3,2,2_79092459,UC San Diego,-108,1.92592593,1.92,25/27,2.5,UC San Diego,Team,True,2499,"['ProgressiveParlayTeamEligible', 'MainPointLine', 'SGP']","[{'id': '302038', 'name': 'UC San Diego', 'type': 'Team'}]",Madness Props,Spread
0HC79092459N250_1,2,2_79092459,Michigan,-112,1.89285715,1.89,25/28,-2.5,Michigan,Team,True,2501,"['ProgressiveParlayTeamEligible', 'MainPointLine', 'SGP']","[{'id': '43956', 'name': 'Michigan', 'type': 'Team'}]",Madness Props,Spread
0OU79092459O14250_1,2,3_79092459,Over,-108,1.92592593,1.92,25/27,142.5,,Unknown,True,142500,"['ProgressiveParlayTeamEligible', 'MainPointLine', 'SGP']",Madness Props,Total
0OU79092459U14250_3,2,3_79092459,Under,-112,1.89285715,1.89,25/28,142.5,,Unknown,True,142502,"['ProgressiveParlayTeamEligible', 'MainPointLine', 'SGP']",Madness Props,Total
0ML79092459_3,2,1_79092459,UC San Diego,+124,2.24,2.24,31/25,UC San Diego,Team,True,1279851932,['SGP'],"[{'id': '302038', 'name': 'UC San Diego', 'type': 'Team'}]",Madness Props,Moneyline
0ML79092459_1,2,1_79092459,Michigan,-148,1.67567568,1.67,25/37,Michigan,Team,True,1279853928,['SGP'],"[{'id': '43956', 'name': 'Michigan', 'type': 'Team'}]",Madness Props,Moneyline
0HC79092963P1550_3,2,2_79092963,UNC Wilmington,-108,1.92592593,1.92,25/27,15.5,UNC Wilmington,Team,True,15499,"['ProgressiveParlayTeamEligible', 'MainPointLine', 'SGP']","[{'id': '42593', 'name': 'UNC Wilmington', 'type': 'Team'}]",Madness Props,Spread
0HC79092963N1550_1,2,2_79092963,Texas Tech,-112,1.89285715,1.89,25/28,-15.5,Texas Tech,Team,True,15501,"['ProgressiveParlayTeamEligible', 'MainPointLine', 'SGP']","[{'id': '42835', 'name': 'Texas Tech', 'type': 'Team'}]",Madness Props,Spread
0OU79092963O14350_1,2,3_79092963,Over,-112,1.89285715,1.89,25/28,143.5,,Unknown,True,143500,"['ProgressiveParlayTeamEligible', 'MainPointLine', 'SGP']",Madness Props,Total
0OU79092963U14350_3,2,3_79092963,Under,-108,1.92592593,1.92,25/27,143.5,,Unknown,True,143502,"['ProgressiveParlayTeamEligible', 'MainPointLine', 'SGP']",Madness Props,Total
0ML79092963_3,2,1_79092963,UNC Wilmington,+1000,11,11.00,10/1,UNC Wilmington,Team,True,1279861235,['SGP'],"[{'id': '42593', 'name': 'UNC Wilmington', 'type': 'Team'}]",Madness Props,Moneyline
0ML79092963_1,2,1_79092963,Texas Tech,-1800,1.05555556,1.05,1/18,Texas Tech,Team,True,1279863231,['SGP'],"[{'id': '42835', 'name': 'Texas Tech', 'type': 'Team'}]",Madness Props,Moneyline
0HC79092703P100_3,2,2_79092703,Baylor,-108,1.92592593,1.92,25/27,1,Baylor,Team,True,999,"['ProgressiveParlayTeamEligible', 'MainPointLine', 'SGP']","[{'id': '44466', 'name': 'Baylor', 'type': 'Team'}]",Madness Props,Spread
0HC79092703N100_1,2,2_79092703,Mississippi State,-112,1.89285715,1.89,25/28,-1,Mississippi State,Team,True,1001,"['ProgressiveParlayTeamEligible', 'MainPointLine', 'SGP']","[{'id': '42185', 'name': 'Mississippi State', 'type': 'Team'}]",Madness Props,Spread
0OU79092703O14450_1,2,3_79092703,Over,-110,1.90909091,1.90,10/11,144.5,,Unknown,True,144500,"['ProgressiveParlayTeamEligible', 'MainPointLine', 'SGP']",Madness Props,Total
0OU79092703U14450_3,2,3_79092703,Under,-110,1.90909091,1.90,10/11,144.5,,Unknown,True,144502,"['ProgressiveParlayTeamEligible', 'MainPointLine', 'SGP']",Madness Props,Total
0ML79092703_3,2,1_79092703,Baylor,+100,2,2.00,1/1,Baylor,Team,True,1279857126,['SGP'],"[{'id': '44466', 'name': 'Baylor', 'type': 'Team'}]",Madness Props,Moneyline
0ML79092703_1,2,1_79092703,Mississippi State,-120,1.83333334,1.83,5/6,Mississippi State,Team,True,1279859122,['SGP'],"[{'id': '42185', 'name': 'Mississippi State', 'type': 'Team'}]",Madness Props,Moneyline
0HC79092773P2350_3,2,2_79092773,Robert Morris,-115,1.86956522,1.86,20/23,23.5,Robert Morris,Team,True,23499,"['ProgressiveParlayTeamEligible', 'MainPointLine', 'SGP']","[{'id': '44588', 'name': 'Robert Morris', 'type': 'Team'}]",Madness Props,Spread
0HC79092773N2350_1,2,2_79092773,Alabama,-105,1.95238096,1.95,20/21,-23.5,Alabama,Team,True,23501,"['ProgressiveParlayTeamEligible', 'MainPointLine', 'SGP']","[{'id': '42858', 'name': 'Alabama', 'type': 'Team'}]",Madness Props,Spread
0OU79092773O16550_1,2,3_79092773,Over,-108,1.92592593,1.92,25/27,165.5,,Unknown,True,165500,"['ProgressiveParlayTeamEligible', 'MainPointLine', 'SGP']",Madness Props,Total
0OU79092773U16550_3,2,3_79092773,Under,-112,1.89285715,1.89,25/28,165.5,,Unknown,True,165502,"['ProgressiveParlayTeamEligible', 'MainPointLine', 'SGP']",Madness Props,Total
0ML79092773_3,2,1_79092773,Robert Morris,+1800,19,19.00,18/1,Robert Morris,Team,True,1279858596,['SGP'],"[{'id': '44588', 'name': 'Robert Morris', 'type': 'Team'}]",Madness Props,Moneyline
0ML79092773_1,2,1_79092773,Alabama,-5000,1.02,1.02,1/50,Alabama,Team,True,1279860592,['SGP'],"[{'id': '42858', 'name': 'Alabama', 'type': 'Team'}]",Madness Props,Moneyline
0HC79092479P1450_3,2,2_79092479,Lipscomb,-102,1.98039216,1.98,50/51,14.5,Lipscomb,Team,True,14499,"['ProgressiveParlayTeamEligible', 'MainPointLine', 'SGP']","[{'id': '43785', 'name': 'Lipscomb', 'type': 'Team'}]",Madness Props,Spread
0HC79092479N1450_1,2,2_79092479,Iowa State,-118,1.84745763,1.84,50/59,-14.5,Iowa State,Team,True,14501,"['ProgressiveParlayTeamEligible', 'MainPointLine', 'SGP']","[{'id': '42961', 'name': 'Iowa State', 'type': 'Team'}]",Madness Props,Spread
0OU79092479O14350_1,2,3_79092479,Over,-105,1.95238096,1.95,20/21,143.5,,Unknown,True,143500,"['ProgressiveParlayTeamEligible', 'MainPointLine', 'SGP']",Madness Props,Total
0OU79092479U14350_3,2,3_79092479,Under,-115,1.86956522,1.86,20/23,143.5,,Unknown,True,143502,"['ProgressiveParlayTeamEligible', 'MainPointLine', 'SGP']",Madness Props,Total
0ML79092479_3,2,1_79092479,Lipscomb,+900,10,10.00,9/1,Lipscomb,Team,True,1279852128,['SGP'],"[{'id': '43785', 'name': 'Lipscomb', 'type': 'Team'}]",Madness Props,Moneyline
0ML79092479_1,2,1_79092479,Iowa State,-1600,1.0625,1.06,1/16,Iowa State,Team,True,1279854124,['SGP'],"[{'id': '42961', 'name': 'Iowa State', 'type': 'Team'}]",Madness Props,Moneyline
0HC79092954N150_3,2,2_79092954,Colorado State,-118,1.84745763,1.84,50/59,-1.5,Colorado State,Team,True,-1501,"['ProgressiveParlayTeamEligible', 'MainPointLine', 'SGP']","[{'id': '45374', 'name': 'Colorado State', 'type': 'Team'}]",Madness Props,Spread
0HC79092954P150_1,2,2_79092954,Memphis,-102,1.98039216,1.98,50/51,1.5,Memphis,Team,True,-1499,"['ProgressiveParlayTeamEligible', 'MainPointLine', 'SGP']","[{'id': '43053', 'name': 'Memphis', 'type': 'Team'}]",Madness Props,Spread
0OU79092954O14750_1,2,3_79092954,Over,-110,1.90909091,1.90,10/11,147.5,,Unknown,True,147500,"['ProgressiveParlayTeamEligible', 'MainPointLine', 'SGP']",Madness Props,Total
0OU79092954U14750_3,2,3_79092954,Under,-110,1.90909091,1.90,10/11,147.5,,Unknown,True,147502,"['ProgressiveParlayTeamEligible', 'MainPointLine', 'SGP']",Madness Props,Total
0ML79092954_3,2,1_79092954,Colorado State,-135,1.74074075,1.74,20/27,Colorado State,Team,True,1279861172,['SGP'],"[{'id': '45374', 'name': 'Colorado State', 'type': 'Team'}]",Madness Props,Moneyline
0ML79092954_1,2,1_79092954,Memphis,+114,2.14,2.14,57/50,Memphis,Team,True,1279863168,['SGP'],"[{'id': '43053', 'name': 'Memphis', 'type': 'Team'}]",Madness Props,Moneyline
0HC79092772P450_3,2,2_79092772,Vanderbilt,-115,1.86956522,1.86,20/23,4.5,Vanderbilt,Team,True,4499,"['ProgressiveParlayTeamEligible', 'MainPointLine', 'SGP']","[{'id': '44513', 'name': 'Vanderbilt', 'type': 'Team'}]",Madness Props,Spread
0HC79092772N450_1,2,2_79092772,Saint Marys,-105,1.95238096,1.95,20/21,-4.5,Saint Marys,Team,True,4501,"['ProgressiveParlayTeamEligible', 'MainPointLine', 'SGP']","[{'id': '41405', 'name': 'Saint Marys', 'type': 'Team'}]",Madness Props,Spread
0OU79092772O13650_1,2,3_79092772,Over,-108,1.92592593,1.92,25/27,136.5,,Unknown,True,136500,"['ProgressiveParlayTeamEligible', 'MainPointLine', 'SGP']",Madness Props,Total
0OU79092772U13650_3,2,3_79092772,Under,-112,1.89285715,1.89,25/28,136.5,,Unknown,True,136502,"['ProgressiveParlayTeamEligible', 'MainPointLine', 'SGP']",Madness Props,Total
0ML79092772_3,2,1_79092772,Vanderbilt,+160,2.6,2.60,8/5,Vanderbilt,Team,True,1279858589,['SGP'],"[{'id': '44513', 'name': 'Vanderbilt', 'type': 'Team'}]",Madness Props,Moneyline
0ML79092772_1,2,1_79092772,Saint Marys,-192,1.52083334,1.52,25/48,Saint Marys,Team,True,1279860585,['SGP'],"[{'id': '41405', 'name': 'Saint Marys', 'type': 'Team'}]",Madness Props,Moneyline
0HC79111741P150_3,2,2_79111741,North Carolina,-110,1.90909091,1.90,10/11,1.5,North Carolina,Team,True,1499,"['ProgressiveParlayTeamEligible', 'MainPointLine', 'SGP']","[{'id': '42450', 'name': 'North Carolina', 'type': 'Team'}]",Madness Props,Spread
0HC79111741N150_1,2,2_79111741,Ole Miss,-110,1.90909091,1.90,10/11,-1.5,Ole Miss,Team,True,1501,"['ProgressiveParlayTeamEligible', 'MainPointLine', 'SGP']","[{'id': '43121', 'name': 'Ole Miss', 'type': 'Team'}]",Madness Props,Spread
0OU79111741O15250_1,2,3_79111741,Over,-110,1.90909091,1.90,10/11,152.5,,Unknown,True,152500,"['ProgressiveParlayTeamEligible', 'MainPointLine', 'SGP']",Madness Props,Total
0OU79111741U15250_3,2,3_79111741,Under,-110,1.90909091,1.90,10/11,152.5,,Unknown,True,152502,"['ProgressiveParlayTeamEligible', 'MainPointLine', 'SGP']",Madness Props,Total
0ML79111741_3,2,1_79111741,North Carolina,+105,2.05,2.05,21/20,North Carolina,Team,True,1280260180,['SGP'],"[{'id': '42450', 'name': 'North Carolina', 'type': 'Team'}]",Madness Props,Moneyline
0ML79111741_1,2,1_79111741,Ole Miss,-125,1.8,1.80,4/5,Ole Miss,Team,True,1280262176,['SGP'],"[{'id': '43121', 'name': 'Ole Miss', 'type': 'Team'}]",Madness Props,Moneyline
0HC79111740P350_3,2,2_79111740,San Diego State,-110,1.90909091,1.90,10/11,3.5,San Diego State,Team,True,3499,"['ProgressiveParlayTeamEligible', 'MainPointLine', 'SGP']","[{'id': '44675', 'name': 'San Diego State', 'type': 'Team'}]",Madness Props,Spread
0HC79111740N350_1,2,2_79111740,Ole Miss,-110,1.90909091,1.90,10/11,-3.5,Ole Miss,Team,True,3501,"['ProgressiveParlayTeamEligible', 'MainPointLine', 'SGP']","[{'id': '43121', 'name': 'Ole Miss', 'type': 'Team'}]",Madness Props,Spread
0OU79111740O13550_1,2,3_79111740,Over,-110,1.90909091,1.90,10/11,135.5,,Unknown,True,135500,"['ProgressiveParlayTeamEligible', 'MainPointLine', 'SGP']",Madness Props,Total
0OU79111740U13550_3,2,3_79111740,Under,-110,1.90909091,1.90,10/11,135.5,,Unknown,True,135502,"['ProgressiveParlayTeamEligible', 'MainPointLine', 'SGP']",Madness Props,Total
0ML79111740_3,2,1_79111740,San Diego State,+150,2.5,2.50,6/4,San Diego State,Team,True,1280260173,['SGP'],"[{'id': '44675', 'name': 'San Diego State', 'type': 'Team'}]",Madness Props,Moneyline
0ML79111740_1,2,1_79111740,Ole Miss,-180,1.55555556,1.55,5/9,Ole Miss,Team,True,1280262169,['SGP'],"[{'id': '43121', 'name': 'Ole Miss', 'type': 'Team'}]",Madness Props,Moneyline
0HC79092960P1050_3,2,2_79092960,Grand Canyon,-115,1.86956522,1.86,20/23,10.5,Grand Canyon,Team,True,10499,"['ProgressiveParlayTeamEligible', 'MainPointLine', 'SGP']","[{'id': '43744', 'name': 'Grand Canyon', 'type': 'Team'}]",Madness Props,Spread
0HC79092960N1050_1,2,2_79092960,Maryland,-105,1.95238096,1.95,20/21,-10.5,Maryland,Team,True,10501,"['ProgressiveParlayTeamEligible', 'MainPointLine', 'SGP']","[{'id': '42635', 'name': 'Maryland', 'type': 'Team'}]",Madness Props,Spread
0OU79092960O15050_1,2,3_79092960,Over,-105,1.95238096,1.95,20/21,150.5,,Unknown,True,150500,"['ProgressiveParlayTeamEligible', 'MainPointLine', 'SGP']",Madness Props,Total
0OU79092960U15050_3,2,3_79092960,Under,-115,1.86956522,1.86,20/23,150.5,,Unknown,True,150502,"['ProgressiveParlayTeamEligible', 'MainPointLine', 'SGP']",Madness Props,Total
0ML79092960_3,2,1_79092960,Grand Canyon,+425,5.25,5.25,17/4,Grand Canyon,Team,True,1279861214,['SGP'],"[{'id': '43744', 'name': 'Grand Canyon', 'type': 'Team'}]",Madness Props,Moneyline
0ML79092960_1,2,1_79092960,Maryland,-575,1.17391305,1.17,4/23,Maryland,Team,True,1279863210,['SGP'],"[{'id': '42635', 'name': 'Maryland', 'type': 'Team'}]",Madness Props,Moneyline
0HC79092952P2850_3,2,2_79092952,Norfolk State,-110,1.90909091,1.90,10/11,28.5,Norfolk State,Team,True,28499,"['ProgressiveParlayTeamEligible', 'MainPointLine', 'SGP']","[{'id': '43965', 'name': 'Norfolk State', 'type': 'Team'}]",Madness Props,Spread
0HC79092952N2850_1,2,2_79092952,Florida,-110,1.90909091,1.90,10/11,-28.5,Florida,Team,True,28501,"['ProgressiveParlayTeamEligible', 'MainPointLine', 'SGP']","[{'id': '44135', 'name': 'Florida', 'type': 'Team'}]",Madness Props,Spread
0OU79092952O15350_1,2,3_79092952,Over,-115,1.86956522,1.86,20/23,153.5,,Unknown,True,153500,"['ProgressiveParlayTeamEligible', 'MainPointLine', 'SGP']",Madness Props,Total
0OU79092952U15350_3,2,3_79092952,Under,-105,1.95238096,1.95,20/21,153.5,,Unknown,True,153502,"['ProgressiveParlayTeamEligible', 'MainPointLine', 'SGP']",Madness Props,Total
0ML79092952_3,2,1_79092952,Norfolk State,+2500,26,26.00,25/1,Norfolk State,Team,True,1279861158,['SGP'],"[{'id': '43965', 'name': 'Norfolk State', 'type': 'Team'}]",Madness Props,Moneyline
0ML79092952_1,2,1_79092952,Florida,-9000,1.01111112,1.01,1/90,Florida,Team,True,1279863154,['SGP'],"[{'id': '44135', 'name': 'Florida', 'type': 'Team'}]",Madness Props,Moneyline
0HC79092941P1150_3,2,2_79092941,Troy,-115,1.86956522,1.86,20/23,11.5,Troy,Team,True,11499,"['ProgressiveParlayTeamEligible', 'MainPointLine', 'SGP']","[{'id': '43481', 'name': 'Troy', 'type': 'Team'}]",Madness Props,Spread
0HC79092941N1150_1,2,2_79092941,Kentucky,-105,1.95238096,1.95,20/21,-11.5,Kentucky,Team,True,11501,"['ProgressiveParlayTeamEligible', 'MainPointLine', 'SGP']","[{'id': '44542', 'name': 'Kentucky', 'type': 'Team'}]",Madness Props,Spread
0OU79092941O15250_1,2,3_79092941,Over,-105,1.95238096,1.95,20/21,152.5,,Unknown,True,152500,"['ProgressiveParlayTeamEligible', 'MainPointLine', 'SGP']",Madness Props,Total
0OU79092941U15250_3,2,3_79092941,Under,-115,1.86956522,1.86,20/23,152.5,,Unknown,True,152502,"['ProgressiveParlayTeamEligible', 'MainPointLine', 'SGP']",Madness Props,Total
0ML79092941_3,2,1_79092941,Troy,+550,6.5,6.50,11/2,Troy,Team,True,1279861081,['SGP'],"[{'id': '43481', 'name': 'Troy', 'type': 'Team'}]",Madness Props,Moneyline
0ML79092941_1,2,1_79092941,Kentucky,-800,1.125,1.12,1/8,Kentucky,Team,True,1279863077,['SGP'],"[{'id': '44542', 'name': 'Kentucky', 'type': 'Team'}]",Madness Props,Moneyline
0HC79092502P350_3,2,2_79092502,New Mexico,-105,1.95238096,1.95,20/21,3.5,New Mexico,Team,True,3499,"['ProgressiveParlayTeamEligible', 'MainPointLine', 'SGP']","[{'id': '44215', 'name': 'New Mexico', 'type': 'Team'}]",Madness Props,Spread
0HC79092502N350_1,2,2_79092502,Marquette,-115,1.86956522,1.86,20/23,-3.5,Marquette,Team,True,3501,"['ProgressiveParlayTeamEligible', 'MainPointLine', 'SGP']","[{'id': '44018', 'name': 'Marquette', 'type': 'Team'}]",Madness Props,Spread
0OU79092502O15350_1,2,3_79092502,Over,-108,1.92592593,1.92,25/27,153.5,,Unknown,True,153500,"['ProgressiveParlayTeamEligible', 'MainPointLine', 'SGP']",Madness Props,Total
0OU79092502U15350_3,2,3_79092502,Under,-112,1.89285715,1.89,25/28,153.5,,Unknown,True,153502,"['ProgressiveParlayTeamEligible', 'MainPointLine', 'SGP']",Madness Props,Total
0ML79092502_3,2,1_79092502,New Mexico,+145,2.45,2.45,29/20,New Mexico,Team,True,1279852583,['SGP'],"[{'id': '44215', 'name': 'New Mexico', 'type': 'Team'}]",Madness Props,Moneyline
0ML79092502_1,2,1_79092502,Marquette,-175,1.57142858,1.57,4/7,Marquette,Team,True,1279854579,['SGP'],"[{'id': '44018', 'name': 'Marquette', 'type': 'Team'}]",Madness Props,Moneyline
0HC79092765P1350_3,2,2_79092765,Akron,-102,1.98039216,1.98,50/51,13.5,Akron,Team,True,13499,"['ProgressiveParlayTeamEligible', 'MainPointLine', 'SGP']","[{'id': '41425', 'name': 'Akron', 'type': 'Team'}]",Madness Props,Spread
0HC79092765N1350_1,2,2_79092765,Arizona,-118,1.84745763,1.84,50/59,-13.5,Arizona,Team,True,13501,"['ProgressiveParlayTeamEligible', 'MainPointLine', 'SGP']","[{'id': '45351', 'name': 'Arizona', 'type': 'Team'}]",Madness Props,Spread
0OU79092765O16650_1,2,3_79092765,Over,-115,1.86956522,1.86,20/23,166.5,,Unknown,True,166500,"['ProgressiveParlayTeamEligible', 'MainPointLine', 'SGP']",Madness Props,Total
0OU79092765U16650_3,2,3_79092765,Under,-105,1.95238096,1.95,20/21,166.5,,Unknown,True,166502,"['ProgressiveParlayTeamEligible', 'MainPointLine', 'SGP']",Madness Props,Total
0ML79092765_3,2,1_79092765,Akron,+750,8.5,8.50,15/2,Akron,Team,True,1279858442,['SGP'],"[{'id': '41425', 'name': 'Akron', 'type': 'Team'}]",Madness Props,Moneyline
0ML79092765_1,2,1_79092765,Arizona,-1200,1.08333334,1.08,1/12,Arizona,Team,True,1279860438,['SGP'],"[{'id': '45351', 'name': 'Arizona', 'type': 'Team'}]",Madness Props,Moneyline
0HC79092953P550_3,2,2_79092953,Oklahoma,-110,1.90909091,1.90,10/11,5.5,Oklahoma,Team,True,5499,"['ProgressiveParlayTeamEligible', 'MainPointLine', 'SGP']","[{'id': '42537', 'name': 'Oklahoma', 'type': 'Team'}]",Madness Props,Spread
0HC79092953N550_1,2,2_79092953,UConn,-110,1.90909091,1.90,10/11,-5.5,UConn,Team,True,5501,"['ProgressiveParlayTeamEligible', 'MainPointLine', 'SGP']","[{'id': '41421', 'name': 'UConn', 'type': 'Team'}]",Madness Props,Spread
0OU79092953O14750_1,2,3_79092953,Over,-112,1.89285715,1.89,25/28,147.5,,Unknown,True,147500,"['ProgressiveParlayTeamEligible', 'MainPointLine', 'SGP']",Madness Props,Total
0OU79092953U14750_3,2,3_79092953,Under,-108,1.92592593,1.92,25/27,147.5,,Unknown,True,147502,"['ProgressiveParlayTeamEligible', 'MainPointLine', 'SGP']",Madness Props,Total
0ML79092953_3,2,1_79092953,Oklahoma,+190,2.9,2.90,19/10,Oklahoma,Team,True,1279861165,['SGP'],"[{'id': '42537', 'name': 'Oklahoma', 'type': 'Team'}]",Madness Props,Moneyline
0ML79092953_1,2,1_79092953,UConn,-230,1.43478261,1.43,10/23,UConn,Team,True,1279863161,['SGP'],"[{'id': '41421', 'name': 'UConn', 'type': 'Team'}]",Madness Props,Moneyline
0HC79092553P1750_3,2,2_79092553,Bryant,-115,1.86956522,1.86,20/23,17.5,Bryant,Team,True,17499,"['ProgressiveParlayTeamEligible', 'MainPointLine', 'SGP']","[{'id': '42187', 'name': 'Bryant', 'type': 'Team'}]",Madness Props,Spread
0HC79092553N1750_1,2,2_79092553,Michigan State,-105,1.95238096,1.95,20/21,-17.5,Michigan State,Team,True,17501,"['ProgressiveParlayTeamEligible', 'MainPointLine', 'SGP']","[{'id': '41925', 'name': 'Michigan State', 'type': 'Team'}]",Madness Props,Spread
0OU79092553O15250_1,2,3_79092553,Over,-110,1.90909091,1.90,10/11,152.5,,Unknown,True,152500,"['ProgressiveParlayTeamEligible', 'MainPointLine', 'SGP']",Madness Props,Total
0OU79092553U15250_3,2,3_79092553,Under,-110,1.90909091,1.90,10/11,152.5,,Unknown,True,152502,"['ProgressiveParlayTeamEligible', 'MainPointLine', 'SGP']",Madness Props,Total
0ML79092553_3,2,1_79092553,Bryant,+1200,13,13.00,12/1,Bryant,Team,True,1279853801,['SGP'],"[{'id': '42187', 'name': 'Bryant', 'type': 'Team'}]",Madness Props,Moneyline
0ML79092553_1,2,1_79092553,Michigan State,-2400,1.04166667,1.04,1/24,Michigan State,Team,True,1279855797,['SGP'],"[{'id': '41925', 'name': 'Michigan State', 'type': 'Team'}]",Madness Props,Moneyline
0HC79092744P750_3,2,2_79092744,Liberty,-115,1.86956522,1.86,20/23,7.5,Liberty,Team,True,7499,"['ProgressiveParlayTeamEligible', 'MainPointLine', 'SGP']","[{'id': '41459', 'name': 'Liberty', 'type': 'Team'}]",Madness Props,Spread
0HC79092744N750_1,2,2_79092744,Oregon,-105,1.95238096,1.95,20/21,-7.5,Oregon,Team,True,7501,"['ProgressiveParlayTeamEligible', 'MainPointLine', 'SGP']","[{'id': '44430', 'name': 'Oregon', 'type': 'Team'}]",Madness Props,Spread
0OU79092744O13950_1,2,3_79092744,Over,-108,1.92592593,1.92,25/27,139.5,,Unknown,True,139500,"['ProgressiveParlayTeamEligible', 'MainPointLine', 'SGP']",Madness Props,Total
0OU79092744U13950_3,2,3_79092744,Under,-112,1.89285715,1.89,25/28,139.5,,Unknown,True,139502,"['ProgressiveParlayTeamEligible', 'MainPointLine', 'SGP']",Madness Props,Total
0ML79092744_3,2,1_79092744,Liberty,+260,3.6,3.60,13/5,Liberty,Team,True,1279858001,['SGP'],"[{'id': '41459', 'name': 'Liberty', 'type': 'Team'}]",Madness Props,Moneyline
0ML79092744_1,2,1_79092744,Oregon,-325,1.30769231,1.30,4/13,Oregon,Team,True,1279859997,['SGP'],"[{'id': '44430', 'name': 'Oregon', 'type': 'Team'}]",Madness Props,Moneyline
0HC79110487N350_3,2,2_79110487,Saint Francis PA,-115,1.86956522,1.86,20/23,-3.5,Saint Francis PA,Team,True,-3501,"['MainPointLine', 'SGP']","[{'id': '41332', 'name': 'Saint Francis PA', 'type': 'Team'}]",Madness Props,Spread
0HC79110487P350_1,2,2_79110487,Alabama State,-115,1.86956522,1.86,20/23,3.5,Alabama State,Team,True,-3499,"['MainPointLine', 'SGP']","[{'id': '42969', 'name': 'Alabama State', 'type': 'Team'}]",Madness Props,Spread
0OU79110487O14650_1,2,3_79110487,Over,-110,1.90909091,1.90,10/11,146.5,,Unknown,True,146500,"['MainPointLine', 'SGP']",Madness Props,Total
0OU79110487U14650_3,2,3_79110487,Under,-120,1.83333334,1.83,5/6,146.5,,Unknown,True,146502,"['MainPointLine', 'SGP']",Madness Props,Total
0ML79110487_3,2,1_79110487,Saint Francis PA,-200,1.5,1.50,1/2,Saint Francis PA,Team,True,1280230384,['SGP'],"[{'id': '41332', 'name': 'Saint Francis PA', 'type': 'Team'}]",Madness Props,Moneyline
0ML79110487_1,2,1_79110487,Alabama State,+154,2.54,2.54,77/50,Alabama State,Team,True,1280232377,['SGP'],"[{'id': '42969', 'name': 'Alabama State', 'type': 'Team'}]",Madness Props,Moneyline
0HC79110488P550_3,2,2_79110488,Kent State,-115,1.86956522,1.86,20/23,5.5,Kent State,Team,True,5499,"['MainPointLine', 'SGP']","[{'id': '43444', 'name': 'Kent State', 'type': 'Team'}]",Madness Props,Spread
0HC79110488N550_1,2,2_79110488,Saint Bonaventure,-115,1.86956522,1.86,20/23,-5.5,Saint Bonaventure,Team,True,5501,"['MainPointLine', 'SGP']","[{'id': '44786', 'name': 'Saint Bonaventure', 'type': 'Team'}]",Madness Props,Spread
0OU79110488O13450_1,2,3_79110488,Over,-115,1.86956522,1.86,20/23,134.5,,Unknown,True,134500,"['MainPointLine', 'SGP']",Madness Props,Total
0OU79110488U13450_3,2,3_79110488,Under,-115,1.86956522,1.86,20/23,134.5,,Unknown,True,134502,"['MainPointLine', 'SGP']",Madness Props,Total
0ML79110488_3,2,1_79110488,Kent State,+210,3.1,3.10,21/10,Kent State,Team,True,1280230388,['SGP'],"[{'id': '43444', 'name': 'Kent State', 'type': 'Team'}]",Madness Props,Moneyline
0ML79110488_1,2,1_79110488,Saint Bonaventure,-280,1.35714286,1.35,5/14,Saint Bonaventure,Team,True,1280232378,['SGP'],"[{'id': '44786', 'name': 'Saint Bonaventure', 'type': 'Team'}]",Madness Props,Moneyline
0HC79110490P250_3,2,2_79110490,Jacksonville State,-115,1.86956522,1.86,20/23,2.5,Jacksonville State,Team,True,2499,"['MainPointLine', 'SGP']","[{'id': '42218', 'name': 'Jacksonville State', 'type': 'Team'}]",Madness Props,Spread
0HC79110490N250_1,2,2_79110490,Georgia Tech,-115,1.86956522,1.86,20/23,-2.5,Georgia Tech,Team,True,2501,"['MainPointLine', 'SGP']","[{'id': '42150', 'name': 'Georgia Tech', 'type': 'Team'}]",Madness Props,Spread
0OU79110490O14950_1,2,3_79110490,Over,-110,1.90909091,1.90,10/11,149.5,,Unknown,True,149500,"['MainPointLine', 'SGP']",Madness Props,Total
0OU79110490U14950_3,2,3_79110490,Under,-120,1.83333334,1.83,5/6,149.5,,Unknown,True,149502,"['MainPointLine', 'SGP']",Madness Props,Total
0ML79110490_3,2,1_79110490,Jacksonville State,+124,2.24,2.24,31/25,Jacksonville State,Team,True,1280230402,['SGP'],"[{'id': '42218', 'name': 'Jacksonville State', 'type': 'Team'}]",Madness Props,Moneyline
0ML79110490_1,2,1_79110490,Georgia Tech,-160,1.625,1.62,5/8,Georgia Tech,Team,True,1280232398,['SGP'],"[{'id': '42150', 'name': 'Georgia Tech', 'type': 'Team'}]",Madness Props,Moneyline
0HC79100355P150_3,2,2_79100355,Chattanooga,-110,1.90909091,1.90,10/11,1.5,Chattanooga,Team,True,1499,"['ProgressiveParlayTeamEligible', 'MainPointLine', 'SGP']","[{'id': '41974', 'name': 'Chattanooga', 'type': 'Team'}]",Madness Props,Spread
0HC79100355N150_1,2,2_79100355,Middle Tennessee,-110,1.90909091,1.90,10/11,-1.5,Middle Tennessee,Team,True,1501,"['ProgressiveParlayTeamEligible', 'MainPointLine', 'SGP']","[{'id': '42683', 'name': 'Middle Tennessee', 'type': 'Team'}]",Madness Props,Spread
0OU79100355O15250_1,2,3_79100355,Over,-115,1.86956522,1.86,20/23,152.5,,Unknown,True,152500,"['ProgressiveParlayTeamEligible', 'MainPointLine', 'SGP']",Madness Props,Total
0OU79100355U15250_3,2,3_79100355,Under,-105,1.95238096,1.95,20/21,152.5,,Unknown,True,152502,"['ProgressiveParlayTeamEligible', 'MainPointLine', 'SGP']",Madness Props,Total
0ML79100355_3,2,1_79100355,Chattanooga,+105,2.05,2.05,21/20,Chattanooga,Team,True,1280025918,['SGP'],"[{'id': '41974', 'name': 'Chattanooga', 'type': 'Team'}]",Madness Props,Moneyline
0ML79100355_1,2,1_79100355,Middle Tennessee,-125,1.8,1.80,4/5,Middle Tennessee,Team,True,1280027914,['SGP'],"[{'id': '42683', 'name': 'Middle Tennessee', 'type': 'Team'}]",Madness Props,Moneyline
0HC79100357P650_3,2,2_79100357,Wichita State,-112,1.89285715,1.89,25/28,6.5,Wichita State,Team,True,6499,"['ProgressiveParlayTeamEligible', 'MainPointLine', 'SGP']","[{'id': '43593', 'name': 'Wichita State', 'type': 'Team'}]",Madness Props,Spread
0HC79100357N650_1,2,2_79100357,Oklahoma State,-108,1.92592593,1.92,25/27,-6.5,Oklahoma State,Team,True,6501,"['ProgressiveParlayTeamEligible', 'MainPointLine', 'SGP']","[{'id': '43141', 'name': 'Oklahoma State', 'type': 'Team'}]",Madness Props,Spread
0OU79100357O15450_1,2,3_79100357,Over,-105,1.95238096,1.95,20/21,154.5,,Unknown,True,154500,"['ProgressiveParlayTeamEligible', 'MainPointLine', 'SGP']",Madness Props,Total
0OU79100357U15450_3,2,3_79100357,Under,-115,1.86956522,1.86,20/23,154.5,,Unknown,True,154502,"['ProgressiveParlayTeamEligible', 'MainPointLine', 'SGP']",Madness Props,Total
0ML79100357_3,2,1_79100357,Wichita State,+230,3.3,3.30,23/10,Wichita State,Team,True,1280025932,['SGP'],"[{'id': '43593', 'name': 'Wichita State', 'type': 'Team'}]",Madness Props,Moneyline
0ML79100357_1,2,1_79100357,Oklahoma State,-285,1.3508772,1.35,20/57,Oklahoma State,Team,True,1280027928,['SGP'],"[{'id': '43141', 'name': 'Oklahoma State', 'type': 'Team'}]",Madness Props,Moneyline
0HC79100359P550_3,2,2_79100359,Saint Louis,-108,1.92592593,1.92,25/27,5.5,Saint Louis,Team,True,5499,"['ProgressiveParlayTeamEligible', 'MainPointLine', 'SGP']","[{'id': '43370', 'name': 'Saint Louis', 'type': 'Team'}]",Madness Props,Spread
0HC79100359N550_1,2,2_79100359,Arkansas State,-112,1.89285715,1.89,25/28,-5.5,Arkansas State,Team,True,5501,"['ProgressiveParlayTeamEligible', 'MainPointLine', 'SGP']","[{'id': '42673', 'name': 'Arkansas State', 'type': 'Team'}]",Madness Props,Spread
0OU79100359O15450_1,2,3_79100359,Over,-105,1.95238096,1.95,20/21,154.5,,Unknown,True,154500,"['ProgressiveParlayTeamEligible', 'MainPointLine', 'SGP']",Madness Props,Total
0OU79100359U15450_3,2,3_79100359,Under,-115,1.86956522,1.86,20/23,154.5,,Unknown,True,154502,"['ProgressiveParlayTeamEligible', 'MainPointLine', 'SGP']",Madness Props,Total
0ML79100359_3,2,1_79100359,Saint Louis,+200,3,3.00,2/1,Saint Louis,Team,True,1280025946,['SGP'],"[{'id': '43370', 'name': 'Saint Louis', 'type': 'Team'}]",Madness Props,Moneyline
0ML79100359_1,2,1_79100359,Arkansas State,-245,1.40816327,1.40,20/49,Arkansas State,Team,True,1280027942,['SGP'],"[{'id': '42673', 'name': 'Arkansas State', 'type': 'Team'}]",Madness Props,Moneyline
0HC79092473N450_3,2,2_79092473,North Carolina,-112,1.89285715,1.89,25/28,-4.5,North Carolina,Team,True,-4501,"['ProgressiveParlayTeamEligible', 'MainPointLine', 'SGP']","[{'id': '42450', 'name': 'North Carolina', 'type': 'Team'}]",Madness Props,Spread
0HC79092473P450_1,2,2_79092473,San Diego State,-108,1.92592593,1.92,25/27,4.5,San Diego State,Team,True,-4499,"['ProgressiveParlayTeamEligible', 'MainPointLine', 'SGP']","[{'id': '44675', 'name': 'San Diego State', 'type': 'Team'}]",Madness Props,Spread
0OU79092473O14150_1,2,3_79092473,Over,-112,1.89285715,1.89,25/28,141.5,,Unknown,True,141500,"['ProgressiveParlayTeamEligible', 'MainPointLine', 'SGP']",Madness Props,Total
0OU79092473U14150_3,2,3_79092473,Under,-108,1.92592593,1.92,25/27,141.5,,Unknown,True,141502,"['ProgressiveParlayTeamEligible', 'MainPointLine', 'SGP']",Madness Props,Total
0ML79092473_3,2,1_79092473,North Carolina,-218,1.4587156,1.45,50/109,North Carolina,Team,True,1279852086,['SGP'],"[{'id': '42450', 'name': 'North Carolina', 'type': 'Team'}]",Madness Props,Moneyline
0ML79092473_1,2,1_79092473,San Diego State,+180,2.8,2.80,9/5,San Diego State,Team,True,1279854082,['SGP'],"[{'id': '44675', 'name': 'San Diego State', 'type': 'Team'}]",Madness Props,Moneyline
0HC79100356P650_3,2,2_79100356,CSUN,-108,1.92592593,1.92,25/27,6.5,CSUN,Team,True,6499,"['ProgressiveParlayTeamEligible', 'MainPointLine', 'SGP']","[{'id': '44653', 'name': 'CSUN', 'type': 'Team'}]",Madness Props,Spread
0HC79100356N650_1,2,2_79100356,Stanford,-112,1.89285715,1.89,25/28,-6.5,Stanford,Team,True,6501,"['ProgressiveParlayTeamEligible', 'MainPointLine', 'SGP']","[{'id': '44739', 'name': 'Stanford', 'type': 'Team'}]",Madness Props,Spread
0OU79100356O15650_1,2,3_79100356,Over,-108,1.92592593,1.92,25/27,156.5,,Unknown,True,156500,"['ProgressiveParlayTeamEligible', 'MainPointLine', 'SGP']",Madness Props,Total
0OU79100356U15650_3,2,3_79100356,Under,-112,1.89285715,1.89,25/28,156.5,,Unknown,True,156502,"['ProgressiveParlayTeamEligible', 'MainPointLine', 'SGP']",Madness Props,Total
0ML79100356_3,2,1_79100356,CSUN,+230,3.3,3.30,23/10,CSUN,Team,True,1280025925,['SGP'],"[{'id': '44653', 'name': 'CSUN', 'type': 'Team'}]",Madness Props,Moneyline
0ML79100356_1,2,1_79100356,Stanford,-285,1.3508772,1.35,20/57,Stanford,Team,True,1280027921,['SGP'],"[{'id': '44739', 'name': 'Stanford', 'type': 'Team'}]",Madness Props,Moneyline
0HC79100358P1050_3,2,2_79100358,UC Riverside,-118,1.84745763,1.84,50/59,10.5,UC Riverside,Team,True,10499,"['ProgressiveParlayTeamEligible', 'MainPointLine', 'SGP']","[{'id': '44279', 'name': 'UC Riverside', 'type': 'Team'}]",Madness Props,Spread
0HC79100358N1050_1,2,2_79100358,Santa Clara,-102,1.98039216,1.98,50/51,-10.5,Santa Clara,Team,True,10501,"['ProgressiveParlayTeamEligible', 'MainPointLine', 'SGP']","[{'id': '42757', 'name': 'Santa Clara', 'type': 'Team'}]",Madness Props,Spread
0OU79100358O15650_1,2,3_79100358,Over,-110,1.90909091,1.90,10/11,156.5,,Unknown,True,156500,"['ProgressiveParlayTeamEligible', 'MainPointLine', 'SGP']",Madness Props,Total
0OU79100358U15650_3,2,3_79100358,Under,-110,1.90909091,1.90,10/11,156.5,,Unknown,True,156502,"['ProgressiveParlayTeamEligible', 'MainPointLine', 'SGP']",Madness Props,Total
0ML79100358_3,2,1_79100358,UC Riverside,+440,5.4,5.40,22/5,UC Riverside,Team,True,1280025939,['SGP'],"[{'id': '44279', 'name': 'UC Riverside', 'type': 'Team'}]",Madness Props,Moneyline
0ML79100358_1,2,1_79100358,Santa Clara,-600,1.16666667,1.16,1/6,Santa Clara,Team,True,1280027935,['SGP'],"[{'id': '42757', 'name': 'Santa Clara', 'type': 'Team'}]",Madness Props,Moneyline
0HC79092702P250_3,2,2_79092702,Mount Saint Marys,-112,1.89285715,1.89,25/28,2.5,Mount Saint Marys,Team,True,2499,"['ProgressiveParlayTeamEligible', 'MainPointLine', 'SGP']","[{'id': '42025', 'name': 'Mount Saint Marys', 'type': 'Team'}]",Madness Props,Spread
0HC79092702N250_1,2,2_79092702,American,-108,1.92592593,1.92,25/27,-2.5,American,Team,True,2501,"['ProgressiveParlayTeamEligible', 'MainPointLine', 'SGP']","[{'id': '41874', 'name': 'American', 'type': 'Team'}]",Madness Props,Spread
0OU79092702O12950_1,2,3_79092702,Over,-105,1.95238096,1.95,20/21,129.5,,Unknown,True,129500,"['ProgressiveParlayTeamEligible', 'MainPointLine', 'SGP']",Madness Props,Total
0OU79092702U12950_3,2,3_79092702,Under,-115,1.86956522,1.86,20/23,129.5,,Unknown,True,129502,"['ProgressiveParlayTeamEligible', 'MainPointLine', 'SGP']",Madness Props,Total
0ML79092702_3,2,1_79092702,Mount Saint Marys,+120,2.2,2.20,6/5,Mount Saint Marys,Team,True,1279857119,['SGP'],"[{'id': '42025', 'name': 'Mount Saint Marys', 'type': 'Team'}]",Madness Props,Moneyline
0ML79092702_1,2,1_79092702,American,-142,1.70422536,1.70,50/71,American,Team,True,1279859115,['SGP'],"[{'id': '41874', 'name': 'American', 'type': 'Team'}]",Madness Props,Moneyline
0HC79100363P750_3,2,2_79100363,Samford,-110,1.90909091,1.90,10/11,7.5,Samford,Team,True,7499,"['ProgressiveParlayTeamEligible', 'MainPointLine', 'SGP']","[{'id': '42759', 'name': 'Samford', 'type': 'Team'}]",Madness Props,Spread
0HC79100363N750_1,2,2_79100363,George Mason,-110,1.90909091,1.90,10/11,-7.5,George Mason,Team,True,7501,"['ProgressiveParlayTeamEligible', 'MainPointLine', 'SGP']","[{'id': '41752', 'name': 'George Mason', 'type': 'Team'}]",Madness Props,Spread
0OU79100363O14750_1,2,3_79100363,Over,-110,1.90909091,1.90,10/11,147.5,,Unknown,True,147500,"['ProgressiveParlayTeamEligible', 'MainPointLine', 'SGP']",Madness Props,Total
0OU79100363U14750_3,2,3_79100363,Under,-110,1.90909091,1.90,10/11,147.5,,Unknown,True,147502,"['ProgressiveParlayTeamEligible', 'MainPointLine', 'SGP']",Madness Props,Total
0ML79100363_3,2,1_79100363,Samford,+270,3.7,3.70,27/10,Samford,Team,True,1280025967,['SGP'],"[{'id': '42759', 'name': 'Samford', 'type': 'Team'}]",Madness Props,Moneyline
0ML79100363_1,2,1_79100363,George Mason,-340,1.29411765,1.29,5/17,George Mason,Team,True,1280027963,['SGP'],"[{'id': '41752', 'name': 'George Mason', 'type': 'Team'}]",Madness Props,Moneyline
0HC79100365P550_3,2,2_79100365,UAB,-115,1.86956522,1.86,20/23,5.5,UAB,Team,True,5499,"['ProgressiveParlayTeamEligible', 'MainPointLine', 'SGP']","[{'id': '42938', 'name': 'UAB', 'type': 'Team'}]",Madness Props,Spread
0HC79100365N550_1,2,2_79100365,Saint Josephs,-105,1.95238096,1.95,20/21,-5.5,Saint Josephs,Team,True,5501,"['ProgressiveParlayTeamEligible', 'MainPointLine', 'SGP']","[{'id': '42231', 'name': 'Saint Josephs', 'type': 'Team'}]",Madness Props,Spread
0OU79100365O15550_1,2,3_79100365,Over,-110,1.90909091,1.90,10/11,155.5,,Unknown,True,155500,"['ProgressiveParlayTeamEligible', 'MainPointLine', 'SGP']",Madness Props,Total
0OU79100365U15550_3,2,3_79100365,Under,-110,1.90909091,1.90,10/11,155.5,,Unknown,True,155502,"['ProgressiveParlayTeamEligible', 'MainPointLine', 'SGP']",Madness Props,Total
0ML79100365_3,2,1_79100365,UAB,+195,2.95,2.95,39/20,UAB,Team,True,1280025981,['SGP'],"[{'id': '42938', 'name': 'UAB', 'type': 'Team'}]",Madness Props,Moneyline
0ML79100365_1,2,1_79100365,Saint Josephs,-238,1.42016807,1.42,50/119,Saint Josephs,Team,True,1280027977,['SGP'],"[{'id': '42231', 'name': 'Saint Josephs', 'type': 'Team'}]",Madness Props,Moneyline
0HC79100362P100_3,2,2_79100362,Florida Atlantic,-115,1.86956522,1.86,20/23,1,Florida Atlantic,Team,True,999,"['ProgressiveParlayTeamEligible', 'MainPointLine', 'SGP']","[{'id': '44945', 'name': 'Florida Atlantic', 'type': 'Team'}]",Madness Props,Spread
0HC79100362N100_1,2,2_79100362,Dayton,-105,1.95238096,1.95,20/21,-1,Dayton,Team,True,1001,"['ProgressiveParlayTeamEligible', 'MainPointLine', 'SGP']","[{'id': '44880', 'name': 'Dayton', 'type': 'Team'}]",Madness Props,Spread
0OU79100362O15050_1,2,3_79100362,Over,-115,1.86956522,1.86,20/23,150.5,,Unknown,True,150500,"['ProgressiveParlayTeamEligible', 'MainPointLine', 'SGP']",Madness Props,Total
0OU79100362U15050_3,2,3_79100362,Under,-105,1.95238096,1.95,20/21,150.5,,Unknown,True,150502,"['ProgressiveParlayTeamEligible', 'MainPointLine', 'SGP']",Madness Props,Total
0ML79100362_3,2,1_79100362,Florida Atlantic,-102,1.98039216,1.98,50/51,Florida Atlantic,Team,True,1280025960,['SGP'],"[{'id': '44945', 'name': 'Florida Atlantic', 'type': 'Team'}]",Madness Props,Moneyline
0ML79100362_1,2,1_79100362,Dayton,-118,1.84745763,1.84,50/59,Dayton,Team,True,1280027956,['SGP'],"[{'id': '44880', 'name': 'Dayton', 'type': 'Team'}]",Madness Props,Moneyline
0HC79100364P850_3,2,2_79100364,Furman,-112,1.89285715,1.89,25/28,8.5,Furman,Team,True,8499,"['ProgressiveParlayTeamEligible', 'MainPointLine', 'SGP']","[{'id': '41709', 'name': 'Furman', 'type': 'Team'}]",Madness Props,Spread
0HC79100364N850_1,2,2_79100364,North Texas,-108,1.92592593,1.92,25/27,-8.5,North Texas,Team,True,8501,"['ProgressiveParlayTeamEligible', 'MainPointLine', 'SGP']","[{'id': '43192', 'name': 'North Texas', 'type': 'Team'}]",Madness Props,Spread
0OU79100364O13050_1,2,3_79100364,Over,-110,1.90909091,1.90,10/11,130.5,,Unknown,True,130500,"['ProgressiveParlayTeamEligible', 'MainPointLine', 'SGP']",Madness Props,Total
0OU79100364U13050_3,2,3_79100364,Under,-110,1.90909091,1.90,10/11,130.5,,Unknown,True,130502,"['ProgressiveParlayTeamEligible', 'MainPointLine', 'SGP']",Madness Props,Total
0ML79100364_3,2,1_79100364,Furman,+295,3.95,3.95,59/20,Furman,Team,True,1280025988,['SGP'],"[{'id': '41709', 'name': 'Furman', 'type': 'Team'}]",Madness Props,Moneyline
0ML79100364_1,2,1_79100364,North Texas,-375,1.26666667,1.26,4/15,North Texas,Team,True,1280027984,['SGP'],"[{'id': '43192', 'name': 'North Texas', 'type': 'Team'}]",Madness Props,Moneyline
0HC79100361P250_3,2,2_79100361,North Alabama,-108,1.92592593,1.92,25/27,2.5,North Alabama,Team,True,2499,"['ProgressiveParlayTeamEligible', 'MainPointLine', 'SGP']","[{'id': '42768', 'name': 'North Alabama', 'type': 'Team'}]",Madness Props,Spread
0HC79100361N250_1,2,2_79100361,Bradley,-112,1.89285715,1.89,25/28,-2.5,Bradley,Team,True,2501,"['ProgressiveParlayTeamEligible', 'MainPointLine', 'SGP']","[{'id': '45258', 'name': 'Bradley', 'type': 'Team'}]",Madness Props,Spread
0OU79100361O14550_1,2,3_79100361,Over,-108,1.92592593,1.92,25/27,145.5,,Unknown,True,145500,"['ProgressiveParlayTeamEligible', 'MainPointLine', 'SGP']",Madness Props,Total
0OU79100361U14550_3,2,3_79100361,Under,-112,1.89285715,1.89,25/28,145.5,,Unknown,True,145502,"['ProgressiveParlayTeamEligible', 'MainPointLine', 'SGP']",Madness Props,Total
0ML79100361_3,2,1_79100361,North Alabama,+124,2.24,2.24,31/25,North Alabama,Team,True,1280025974,['SGP'],"[{'id': '42768', 'name': 'North Alabama', 'type': 'Team'}]",Madness Props,Moneyline
0ML79100361_1,2,1_79100361,Bradley,-148,1.67567568,1.67,25/37,Bradley,Team,True,1280027970,['SGP'],"[{'id': '45258', 'name': 'Bradley', 'type': 'Team'}]",Madness Props,Moneyline
0HC79100368P1050_3,2,2_79100368,Northern Iowa,-115,1.86956522,1.86,20/23,10.5,Northern Iowa,Team,True,10499,"['ProgressiveParlayTeamEligible', 'MainPointLine', 'SGP']","[{'id': '43276', 'name': 'Northern Iowa', 'type': 'Team'}]",Madness Props,Spread
0HC79100368N1050_1,2,2_79100368,SMU,-105,1.95238096,1.95,20/21,-10.5,SMU,Team,True,10501,"['ProgressiveParlayTeamEligible', 'MainPointLine', 'SGP']","[{'id': '41637', 'name': 'SMU', 'type': 'Team'}]",Madness Props,Spread
0OU79100368O14550_1,2,3_79100368,Over,-115,1.86956522,1.86,20/23,145.5,,Unknown,True,145500,"['ProgressiveParlayTeamEligible', 'MainPointLine', 'SGP']",Madness Props,Total
0OU79100368U14550_3,2,3_79100368,Under,-105,1.95238096,1.95,20/21,145.5,,Unknown,True,145502,"['ProgressiveParlayTeamEligible', 'MainPointLine', 'SGP']",Madness Props,Total
0ML79100368_3,2,1_79100368,Northern Iowa,+440,5.4,5.40,22/5,Northern Iowa,Team,True,1280026016,['SGP'],"[{'id': '43276', 'name': 'Northern Iowa', 'type': 'Team'}]",Madness Props,Moneyline
0ML79100368_1,2,1_79100368,SMU,-600,1.16666667,1.16,1/6,SMU,Team,True,1280028006,['SGP'],"[{'id': '41637', 'name': 'SMU', 'type': 'Team'}]",Madness Props,Moneyline
0HC79092938N250_3,2,2_79092938,Xavier,-120,1.83333334,1.83,5/6,-2.5,Xavier,Team,True,-2501,"['ProgressiveParlayTeamEligible', 'MainPointLine', 'SGP']","[{'id': '44042', 'name': 'Xavier', 'type': 'Team'}]",Madness Props,Spread
0HC79092938P250_1,2,2_79092938,Texas,+100,2,2.00,1/1,2.5,Texas,Team,True,-2499,"['ProgressiveParlayTeamEligible', 'MainPointLine', 'SGP']","[{'id': '43429', 'name': 'Texas', 'type': 'Team'}]",Madness Props,Spread
0OU79092938O15150_1,2,3_79092938,Over,-110,1.90909091,1.90,10/11,151.5,,Unknown,True,151500,"['ProgressiveParlayTeamEligible', 'MainPointLine', 'SGP']",Madness Props,Total
0OU79092938U15150_3,2,3_79092938,Under,-110,1.90909091,1.90,10/11,151.5,,Unknown,True,151502,"['ProgressiveParlayTeamEligible', 'MainPointLine', 'SGP']",Madness Props,Total
0ML79092938_3,2,1_79092938,Xavier,-166,1.60240964,1.60,50/83,Xavier,Team,True,1279861060,['SGP'],"[{'id': '44042', 'name': 'Xavier', 'type': 'Team'}]",Madness Props,Moneyline
0ML79092938_1,2,1_79092938,Texas,+140,2.4,2.40,7/5,Texas,Team,True,1279863056,['SGP'],"[{'id': '43429', 'name': 'Texas', 'type': 'Team'}]",Madness Props,Moneyline
0HC79100367P750_3,2,2_79100367,Northern Colorado,-112,1.89285715,1.89,25/28,7.5,Northern Colorado,Team,True,7499,"['ProgressiveParlayTeamEligible', 'MainPointLine', 'SGP']","[{'id': '42600', 'name': 'Northern Colorado', 'type': 'Team'}]",Madness Props,Spread
0HC79100367N750_1,2,2_79100367,UC Irvine,-108,1.92592593,1.92,25/27,-7.5,UC Irvine,Team,True,7501,"['ProgressiveParlayTeamEligible', 'MainPointLine', 'SGP']","[{'id': '44593', 'name': 'UC Irvine', 'type': 'Team'}]",Madness Props,Spread
0OU79100367O15150_1,2,3_79100367,Over,-105,1.95238096,1.95,20/21,151.5,,Unknown,True,151500,"['ProgressiveParlayTeamEligible', 'MainPointLine', 'SGP']",Madness Props,Total
0OU79100367U15150_3,2,3_79100367,Under,-115,1.86956522,1.86,20/23,151.5,,Unknown,True,151502,"['ProgressiveParlayTeamEligible', 'MainPointLine', 'SGP']",Madness Props,Total
0ML79100367_3,2,1_79100367,Northern Colorado,+270,3.7,3.70,27/10,Northern Colorado,Team,True,1280026002,['SGP'],"[{'id': '42600', 'name': 'Northern Colorado', 'type': 'Team'}]",Madness Props,Moneyline
0ML79100367_1,2,1_79100367,UC Irvine,-340,1.29411765,1.29,5/17,UC Irvine,Team,True,1280027998,['SGP'],"[{'id': '44593', 'name': 'UC Irvine', 'type': 'Team'}]",Madness Props,Moneyline
0HC79100369P750_3,2,2_79100369,Utah Valley,-108,1.92592593,1.92,25/27,7.5,Utah Valley,Team,True,7499,"['ProgressiveParlayTeamEligible', 'MainPointLine', 'SGP']","[{'id': '44362', 'name': 'Utah Valley', 'type': 'Team'}]",Madness Props,Spread
0HC79100369N750_1,2,2_79100369,San Francisco,-112,1.89285715,1.89,25/28,-7.5,San Francisco,Team,True,7501,"['ProgressiveParlayTeamEligible', 'MainPointLine', 'SGP']","[{'id': '44575', 'name': 'San Francisco', 'type': 'Team'}]",Madness Props,Spread
0OU79100369O14650_1,2,3_79100369,Over,-105,1.95238096,1.95,20/21,146.5,,Unknown,True,146500,"['ProgressiveParlayTeamEligible', 'MainPointLine', 'SGP']",Madness Props,Total
0OU79100369U14650_3,2,3_79100369,Under,-115,1.86956522,1.86,20/23,146.5,,Unknown,True,146502,"['ProgressiveParlayTeamEligible', 'MainPointLine', 'SGP']",Madness Props,Total
0ML79100369_3,2,1_79100369,Utah Valley,+275,3.75,3.75,11/4,Utah Valley,Team,True,1280026011,['SGP'],"[{'id': '44362', 'name': 'Utah Valley', 'type': 'Team'}]",Madness Props,Moneyline
0ML79100369_1,2,1_79100369,San Francisco,-345,1.28985508,1.28,20/69,San Francisco,Team,True,1280028005,['SGP'],"[{'id': '44575', 'name': 'San Francisco', 'type': 'Team'}]",Madness Props,Moneyline
0HC79100366N250_3,2,2_79100366,Loyola Chicago,-118,1.84745763,1.84,50/59,-2.5,Loyola Chicago,Team,True,-2501,"['ProgressiveParlayTeamEligible', 'MainPointLine', 'SGP']","[{'id': '43985', 'name': 'Loyola Chicago', 'type': 'Team'}]",Madness Props,Spread
0HC79100366P250_1,2,2_79100366,San Jose State,-102,1.98039216,1.98,50/51,2.5,San Jose State,Team,True,-2499,"['ProgressiveParlayTeamEligible', 'MainPointLine', 'SGP']","[{'id': '41391', 'name': 'San Jose State', 'type': 'Team'}]",Madness Props,Spread
0OU79100366O14050_1,2,3_79100366,Over,-115,1.86956522,1.86,20/23,140.5,,Unknown,True,140500,"['ProgressiveParlayTeamEligible', 'MainPointLine', 'SGP']",Madness Props,Total
0OU79100366U14050_3,2,3_79100366,Under,-105,1.95238096,1.95,20/21,140.5,,Unknown,True,140502,"['ProgressiveParlayTeamEligible', 'MainPointLine', 'SGP']",Madness Props,Total
0ML79100366_3,2,1_79100366,Loyola Chicago,-142,1.70422536,1.70,50/71,Loyola Chicago,Team,True,1280025995,['SGP'],"[{'id': '43985', 'name': 'Loyola Chicago', 'type': 'Team'}]",Madness Props,Moneyline
0ML79100366_1,2,1_79100366,San Jose State,+120,2.2,2.20,6/5,San Jose State,Team,True,1280027991,['SGP'],"[{'id': '41391', 'name': 'San Jose State', 'type': 'Team'}]",Madness Props,Moneyline
0HC79092456P250_3,2,2_79092456,Creighton,-110,1.90909091,1.90,10/11,2.5,Creighton,Team,True,2499,"['ProgressiveParlayTeamEligible', 'MainPointLine', 'SGP']","[{'id': '43875', 'name': 'Creighton', 'type': 'Team'}]",Madness Props,Spread
0HC79092456N250_1,2,2_79092456,Louisville,-110,1.90909091,1.90,10/11,-2.5,Louisville,Team,True,2501,"['ProgressiveParlayTeamEligible', 'MainPointLine', 'SGP']","[{'id': '41477', 'name': 'Louisville', 'type': 'Team'}]",Madness Props,Spread
0OU79092456O14450_1,2,3_79092456,Over,-110,1.90909091,1.90,10/11,144.5,,Unknown,True,144500,"['ProgressiveParlayTeamEligible', 'MainPointLine', 'SGP']",Madness Props,Total
0OU79092456U14450_3,2,3_79092456,Under,-110,1.90909091,1.90,10/11,144.5,,Unknown,True,144502,"['ProgressiveParlayTeamEligible', 'MainPointLine', 'SGP']",Madness Props,Total
0ML79092456_3,2,1_79092456,Creighton,+120,2.2,2.20,6/5,Creighton,Team,True,1279851890,['SGP'],"[{'id': '43875', 'name': 'Creighton', 'type': 'Team'}]",Madness Props,Moneyline
0ML79092456_1,2,1_79092456,Louisville,-142,1.70422536,1.70,50/71,Louisville,Team,True,1279853886,['SGP'],"[{'id': '41477', 'name': 'Louisville', 'type': 'Team'}]",Madness Props,Moneyline
0HC79092925P750_3,2,2_79092925,High Point,-102,1.98039216,1.98,50/51,7.5,High Point,Team,True,7499,"['ProgressiveParlayTeamEligible', 'MainPointLine', 'SGP']","[{'id': '45137', 'name': 'High Point', 'type': 'Team'}]",Madness Props,Spread
0HC79092925N750_1,2,2_79092925,Purdue,-118,1.84745763,1.84,50/59,-7.5,Purdue,Team,True,7501,"['ProgressiveParlayTeamEligible', 'MainPointLine', 'SGP']","[{'id': '42127', 'name': 'Purdue', 'type': 'Team'}]",Madness Props,Spread
0OU79092925O15350_1,2,3_79092925,Over,-105,1.95238096,1.95,20/21,153.5,,Unknown,True,153500,"['ProgressiveParlayTeamEligible', 'MainPointLine', 'SGP']",Madness Props,Total
0OU79092925U15350_3,2,3_79092925,Under,-115,1.86956522,1.86,20/23,153.5,,Unknown,True,153502,"['ProgressiveParlayTeamEligible', 'MainPointLine', 'SGP']",Madness Props,Total
0ML79092925_3,2,1_79092925,High Point,+295,3.95,3.95,59/20,High Point,Team,True,1279860143,['SGP'],"[{'id': '45137', 'name': 'High Point', 'type': 'Team'}]",Madness Props,Moneyline
0ML79092925_1,2,1_79092925,Purdue,-375,1.26666667,1.26,4/15,Purdue,Team,True,1279862139,['SGP'],"[{'id': '42127', 'name': 'Purdue', 'type': 'Team'}]",Madness Props,Moneyline
0HC79092767P1750_3,2,2_79092767,Montana,-115,1.86956522,1.86,20/23,17.5,Montana,Team,True,17499,"['ProgressiveParlayTeamEligible', 'MainPointLine', 'SGP']","[{'id': '42575', 'name': 'Montana', 'type': 'Team'}]",Madness Props,Spread
0HC79092767N1750_1,2,2_79092767,Wisconsin,-105,1.95238096,1.95,20/21,-17.5,Wisconsin,Team,True,17501,"['ProgressiveParlayTeamEligible', 'MainPointLine', 'SGP']","[{'id': '43620', 'name': 'Wisconsin', 'type': 'Team'}]",Madness Props,Spread
0OU79092767O15250_1,2,3_79092767,Over,-105,1.95238096,1.95,20/21,152.5,,Unknown,True,152500,"['ProgressiveParlayTeamEligible', 'MainPointLine']",Madness Props,Total
0OU79092767U15250_3,2,3_79092767,Under,-115,1.86956522,1.86,20/23,152.5,,Unknown,True,152502,"['ProgressiveParlayTeamEligible', 'MainPointLine', 'SGP']",Madness Props,Total
0ML79092767_3,2,1_79092767,Montana,+1200,13,13.00,12/1,Montana,Team,True,1279858456,['SGP'],"[{'id': '42575', 'name': 'Montana', 'type': 'Team'}]",Madness Props,Moneyline
0ML79092767_1,2,1_79092767,Wisconsin,-2400,1.04166667,1.04,1/24,Wisconsin,Team,True,1279860452,['SGP'],"[{'id': '43620', 'name': 'Wisconsin', 'type': 'Team'}]",Madness Props,Moneyline
0HC79092890P2950_3,2,2_79092890,SIU Edwardsville,-115,1.86956522,1.86,20/23,29.5,SIU Edwardsville,Team,True,29499,"['ProgressiveParlayTeamEligible', 'MainPointLine', 'SGP']","[{'id': '43647', 'name': 'SIU Edwardsville', 'type': 'Team'}]",Madness Props,Spread
0HC79092890N2950_1,2,2_79092890,Houston,-105,1.95238096,1.95,20/21,-29.5,Houston,Team,True,29501,"['ProgressiveParlayTeamEligible', 'MainPointLine', 'SGP']","[{'id': '43043', 'name': 'Houston', 'type': 'Team'}]",Madness Props,Spread
0OU79092890O12650_1,2,3_79092890,Over,-108,1.92592593,1.92,25/27,126.5,,Unknown,True,126500,"['ProgressiveParlayTeamEligible', 'MainPointLine', 'SGP']",Madness Props,Total
0OU79092890U12650_3,2,3_79092890,Under,-112,1.89285715,1.89,25/28,126.5,,Unknown,True,126502,"['ProgressiveParlayTeamEligible', 'MainPointLine', 'SGP']",Madness Props,Total
0HC79092912P750_3,2,2_79092912,McNeese,-110,1.90909091,1.90,10/11,7.5,McNeese,Team,True,7499,"['ProgressiveParlayTeamEligible', 'MainPointLine', 'SGP']","[{'id': '41412', 'name': 'McNeese', 'type': 'Team'}]",Madness Props,Spread
0HC79092912N750_1,2,2_79092912,Clemson,-110,1.90909091,1.90,10/11,-7.5,Clemson,Team,True,7501,"['ProgressiveParlayTeamEligible', 'MainPointLine', 'SGP']","[{'id': '41619', 'name': 'Clemson', 'type': 'Team'}]",Madness Props,Spread
0OU79092912O13450_1,2,3_79092912,Over,-105,1.95238096,1.95,20/21,134.5,,Unknown,True,134500,"['ProgressiveParlayTeamEligible', 'MainPointLine', 'SGP']",Madness Props,Total
0OU79092912U13450_3,2,3_79092912,Under,-115,1.86956522,1.86,20/23,134.5,,Unknown,True,134502,"['ProgressiveParlayTeamEligible', 'MainPointLine', 'SGP']",Madness Props,Total
0ML79092912_3,2,1_79092912,McNeese,+275,3.75,3.75,11/4,McNeese,Team,True,1279860136,['SGP'],"[{'id': '41412', 'name': 'McNeese', 'type': 'Team'}]",Madness Props,Moneyline
0ML79092912_1,2,1_79092912,Clemson,-345,1.28985508,1.28,20/69,Clemson,Team,True,1279862132,['SGP'],"[{'id': '41619', 'name': 'Clemson', 'type': 'Team'}]",Madness Props,Moneyline
0HC79092766P250_3,2,2_79092766,VCU,-102,1.98039216,1.98,50/51,2.5,VCU,Team,True,2499,"['ProgressiveParlayTeamEligible', 'MainPointLine', 'SGP']","[{'id': '42328', 'name': 'VCU', 'type': 'Team'}]",Madness Props,Spread
0HC79092766N250_1,2,2_79092766,BYU,-118,1.84745763,1.84,50/59,-2.5,BYU,Team,True,2501,"['ProgressiveParlayTeamEligible', 'MainPointLine', 'SGP']","[{'id': '44811', 'name': 'BYU', 'type': 'Team'}]",Madness Props,Spread
0OU79092766O14650_1,2,3_79092766,Over,-105,1.95238096,1.95,20/21,146.5,,Unknown,True,146500,"['ProgressiveParlayTeamEligible', 'MainPointLine', 'SGP']",Madness Props,Total
0OU79092766U14650_3,2,3_79092766,Under,-115,1.86956522,1.86,20/23,146.5,,Unknown,True,146502,"['ProgressiveParlayTeamEligible', 'MainPointLine', 'SGP']",Madness Props,Total
0ML79092766_3,2,1_79092766,VCU,+130,2.3,2.30,13/10,VCU,Team,True,1279858449,['SGP'],"[{'id': '42328', 'name': 'VCU', 'type': 'Team'}]",Madness Props,Moneyline
0ML79092766_1,2,1_79092766,BYU,-155,1.6451613,1.64,20/31,BYU,Team,True,1279860445,['SGP'],"[{'id': '44811', 'name': 'BYU', 'type': 'Team'}]",Madness Props,Moneyline
0HC79093078P550_3,2,2_79093078,Georgia,-102,1.98039216,1.98,50/51,5.5,Georgia Bulldogs,Team,True,5499,"['ProgressiveParlayTeamEligible', 'MainPointLine', 'SGP']","[{'id': '42478', 'name': 'Georgia Bulldogs', 'type': 'Team'}]",Madness Props,Spread
0HC79093078N550_1,2,2_79093078,Gonzaga,-118,1.84745763,1.84,50/59,-5.5,Gonzaga,Team,True,5501,"['ProgressiveParlayTeamEligible', 'MainPointLine', 'SGP']","[{'id': '44154', 'name': 'Gonzaga', 'type': 'Team'}]",Madness Props,Spread
0OU79093078O15050_1,2,3_79093078,Over,-112,1.89285715,1.89,25/28,150.5,,Unknown,True,150500,"['ProgressiveParlayTeamEligible', 'MainPointLine', 'SGP']",Madness Props,Total
0OU79093078U15050_3,2,3_79093078,Under,-108,1.92592593,1.92,25/27,150.5,,Unknown,True,150502,"['ProgressiveParlayTeamEligible', 'MainPointLine', 'SGP']",Madness Props,Total
0ML79093078_3,2,1_79093078,Georgia,+215,3.15,3.15,43/20,Georgia Bulldogs,Team,True,1279863188,['SGP'],"[{'id': '42478', 'name': 'Georgia Bulldogs', 'type': 'Team'}]",Madness Props,Moneyline
0ML79093078_1,2,1_79093078,Gonzaga,-265,1.3773585,1.37,20/53,Gonzaga,Team,True,1279865184,['SGP'],"[{'id': '44154', 'name': 'Gonzaga', 'type': 'Team'}]",Madness Props,Moneyline
0HC79092949P1850_3,2,2_79092949,Wofford,-108,1.92592593,1.92,25/27,18.5,Wofford,Team,True,18499,"['ProgressiveParlayTeamEligible', 'MainPointLine', 'SGP']","[{'id': '42442', 'name': 'Wofford', 'type': 'Team'}]",Madness Props,Spread
0HC79092949N1850_1,2,2_79092949,Tennessee,-112,1.89285715,1.89,25/28,-18.5,Tennessee,Team,True,18501,"['ProgressiveParlayTeamEligible', 'MainPointLine', 'SGP']","[{'id': '42305', 'name': 'Tennessee', 'type': 'Team'}]",Madness Props,Spread
0OU79092949O13250_1,2,3_79092949,Over,-115,1.86956522,1.86,20/23,132.5,,Unknown,True,132500,"['ProgressiveParlayTeamEligible', 'MainPointLine', 'SGP']",Madness Props,Total
0OU79092949U13250_3,2,3_79092949,Under,-105,1.95238096,1.95,20/21,132.5,,Unknown,True,132502,"['ProgressiveParlayTeamEligible', 'MainPointLine', 'SGP']",Madness Props,Total
0ML79092949_3,2,1_79092949,Wofford,+1500,16,16.00,15/1,Wofford,Team,True,1279861137,['SGP'],"[{'id': '42442', 'name': 'Wofford', 'type': 'Team'}]",Madness Props,Moneyline
0ML79092949_1,2,1_79092949,Tennessee,-3600,1.02777778,1.02,1/36,Tennessee,Team,True,1279863133,['SGP'],"[{'id': '42305', 'name': 'Tennessee', 'type': 'Team'}]",Madness Props,Moneyline
0HC79092964P450_3,2,2_79092964,Arkansas,-110,1.90909091,1.90,10/11,4.5,Arkansas,Team,True,4499,"['ProgressiveParlayTeamEligible', 'MainPointLine', 'SGP']","[{'id': '42107', 'name': 'Arkansas', 'type': 'Team'}]",Madness Props,Spread
0HC79092964N450_1,2,2_79092964,Kansas,-110,1.90909091,1.90,10/11,-4.5,Kansas,Team,True,4501,"['ProgressiveParlayTeamEligible', 'MainPointLine', 'SGP']","[{'id': '41920', 'name': 'Kansas', 'type': 'Team'}]",Madness Props,Spread
0OU79092964O14550_1,2,3_79092964,Over,-115,1.86956522,1.86,20/23,145.5,,Unknown,True,145500,"['ProgressiveParlayTeamEligible', 'MainPointLine', 'SGP']",Madness Props,Total
0OU79092964U14550_3,2,3_79092964,Under,-105,1.95238096,1.95,20/21,145.5,,Unknown,True,145502,"['ProgressiveParlayTeamEligible', 'MainPointLine', 'SGP']",Madness Props,Total
0ML79092964_3,2,1_79092964,Arkansas,+164,2.64,2.64,41/25,Arkansas,Team,True,1279861242,['SGP'],"[{'id': '42107', 'name': 'Arkansas', 'type': 'Team'}]",Madness Props,Moneyline
0ML79092964_1,2,1_79092964,Kansas,-198,1.50505051,1.50,50/99,Kansas,Team,True,1279863238,['SGP'],"[{'id': '41920', 'name': 'Kansas', 'type': 'Team'}]",Madness Props,Moneyline
0HC79092474P750_3,2,2_79092474,Yale,-115,1.86956522,1.86,20/23,7.5,Yale,Team,True,7499,"['ProgressiveParlayTeamEligible', 'MainPointLine', 'SGP']","[{'id': '42873', 'name': 'Yale', 'type': 'Team'}]",Madness Props,Spread
0HC79092474N750_1,2,2_79092474,Texas A&M,-105,1.95238096,1.95,20/21,-7.5,Texas A&M,Team,True,7501,"['ProgressiveParlayTeamEligible', 'MainPointLine', 'SGP']","[{'id': '44866', 'name': 'Texas A&M', 'type': 'Team'}]",Madness Props,Spread
0OU79092474O13950_1,2,3_79092474,Over,-115,1.86956522,1.86,20/23,139.5,,Unknown,True,139500,"['ProgressiveParlayTeamEligible', 'MainPointLine', 'SGP']",Madness Props,Total
0OU79092474U13950_3,2,3_79092474,Under,-105,1.95238096,1.95,20/21,139.5,,Unknown,True,139502,"['ProgressiveParlayTeamEligible', 'MainPointLine', 'SGP']",Madness Props,Total
0ML79092474_3,2,1_79092474,Yale,+260,3.6,3.60,13/5,Yale,Team,True,1279852093,['SGP'],"[{'id': '42873', 'name': 'Yale', 'type': 'Team'}]",Madness Props,Moneyline
0ML79092474_1,2,1_79092474,Texas A&M,-325,1.30769231,1.30,4/13,Texas A&M,Team,True,1279854089,['SGP'],"[{'id': '44866', 'name': 'Texas A&M', 'type': 'Team'}]",Madness Props,Moneyline
0HC79092959P650_3,2,2_79092959,Drake,-112,1.89285715,1.89,25/28,6.5,Drake,Team,True,6499,"['ProgressiveParlayTeamEligible', 'MainPointLine', 'SGP']","[{'id': '41573', 'name': 'Drake', 'type': 'Team'}]",Madness Props,Spread
0HC79092959N650_1,2,2_79092959,Missouri,-108,1.92592593,1.92,25/27,-6.5,Missouri,Team,True,6501,"['ProgressiveParlayTeamEligible', 'MainPointLine', 'SGP']","[{'id': '43114', 'name': 'Missouri', 'type': 'Team'}]",Madness Props,Spread
0OU79092959O13250_1,2,3_79092959,Over,-108,1.92592593,1.92,25/27,132.5,,Unknown,True,132500,"['ProgressiveParlayTeamEligible', 'MainPointLine', 'SGP']",Madness Props,Total
0OU79092959U13250_3,2,3_79092959,Under,-112,1.89285715,1.89,25/28,132.5,,Unknown,True,132502,"['ProgressiveParlayTeamEligible', 'MainPointLine', 'SGP']",Madness Props,Total
0ML79092959_3,2,1_79092959,Drake,+220,3.2,3.20,11/5,Drake,Team,True,1279861207,['SGP'],"[{'id': '41573', 'name': 'Drake', 'type': 'Team'}]",Madness Props,Moneyline
0ML79092959_1,2,1_79092959,Missouri,-270,1.37037038,1.37,10/27,Missouri,Team,True,1279863203,['SGP'],"[{'id': '43114', 'name': 'Missouri', 'type': 'Team'}]",Madness Props,Moneyline
0HC79092948P550_3,2,2_79092948,Utah State,-112,1.89285715,1.89,25/28,5.5,Utah State,Team,True,5499,"['ProgressiveParlayTeamEligible', 'MainPointLine', 'SGP']","[{'id': '44224', 'name': 'Utah State', 'type': 'Team'}]",Madness Props,Spread
0HC79092948N550_1,2,2_79092948,UCLA,-108,1.92592593,1.92,25/27,-5.5,UCLA,Team,True,5501,"['ProgressiveParlayTeamEligible', 'MainPointLine', 'SGP']","[{'id': '44331', 'name': 'UCLA', 'type': 'Team'}]",Madness Props,Spread
0OU79092948O14350_1,2,3_79092948,Over,-115,1.86956522,1.86,20/23,143.5,,Unknown,True,143500,"['ProgressiveParlayTeamEligible', 'MainPointLine', 'SGP']",Madness Props,Total
0OU79092948U14350_3,2,3_79092948,Under,-105,1.95238096,1.95,20/21,143.5,,Unknown,True,143502,"['ProgressiveParlayTeamEligible', 'MainPointLine', 'SGP']",Madness Props,Total
0ML79092948_3,2,1_79092948,Utah State,+190,2.9,2.90,19/10,Utah State,Team,True,1279861130,['SGP'],"[{'id': '44224', 'name': 'Utah State', 'type': 'Team'}]",Madness Props,Moneyline
0ML79092948_1,2,1_79092948,UCLA,-230,1.43478261,1.43,10/23,UCLA,Team,True,1279863126,['SGP'],"[{'id': '44331', 'name': 'UCLA', 'type': 'Team'}]",Madness Props,Moneyline
0HC79092965P1850_3,2,2_79092965,Omaha,-108,1.92592593,1.92,25/27,18.5,Omaha,Team,True,18499,"['ProgressiveParlayTeamEligible', 'MainPointLine', 'SGP']","[{'id': '43093', 'name': 'Omaha', 'type': 'Team'}]",Madness Props,Spread
0HC79092965N1850_1,2,2_79092965,St. Johns,-112,1.89285715,1.89,25/28,-18.5,St. Johns,Team,True,18501,"['ProgressiveParlayTeamEligible', 'MainPointLine', 'SGP']","[{'id': '41392', 'name': 'St. Johns', 'type': 'Team'}]",Madness Props,Spread
0OU79092965O14750_1,2,3_79092965,Over,-115,1.86956522,1.86,20/23,147.5,,Unknown,True,147500,"['ProgressiveParlayTeamEligible', 'MainPointLine', 'SGP']",Madness Props,Total
0OU79092965U14750_3,2,3_79092965,Under,-105,1.95238096,1.95,20/21,147.5,,Unknown,True,147502,"['ProgressiveParlayTeamEligible', 'MainPointLine', 'SGP']",Madness Props,Total
0ML79092965_3,2,1_79092965,Omaha,+1500,16,16.00,15/1,Omaha,Team,True,1279861249,['SGP'],"[{'id': '43093', 'name': 'Omaha', 'type': 'Team'}]",Madness Props,Moneyline
0ML79092965_1,2,1_79092965,St. Johns,-3600,1.02777778,1.02,1/36,St. Johns,Team,True,1279863245,['SGP'],"[{'id': '41392', 'name': 'St. Johns', 'type': 'Team'}]",Madness Props,Moneyline
0HC79092459P250_3,2,2_79092459,UC San Diego,-108,1.92592593,1.92,25/27,2.5,UC San Diego,Team,True,2499,"['ProgressiveParlayTeamEligible', 'MainPointLine', 'SGP']","[{'id': '302038', 'name': 'UC San Diego', 'type': 'Team'}]",Madness Props,Spread
0HC79092459N250_1,2,2_79092459,Michigan,-112,1.89285715,1.89,25/28,-2.5,Michigan,Team,True,2501,"['ProgressiveParlayTeamEligible', 'MainPointLine', 'SGP']","[{'id': '43956', 'name': 'Michigan', 'type': 'Team'}]",Madness Props,Spread
0OU79092459O14250_1,2,3_79092459,Over,-108,1.92592593,1.92,25/27,142.5,,Unknown,True,142500,"['ProgressiveParlayTeamEligible', 'MainPointLine', 'SGP']",Madness Props,Total
0OU79092459U14250_3,2,3_79092459,Under,-112,1.89285715,1.89,25/28,142.5,,Unknown,True,142502,"['ProgressiveParlayTeamEligible', 'MainPointLine', 'SGP']",Madness Props,Total
0ML79092459_3,2,1_79092459,UC San Diego,+124,2.24,2.24,31/25,UC San Diego,Team,True,1279851932,['SGP'],"[{'id': '302038', 'name': 'UC San Diego', 'type': 'Team'}]",Madness Props,Moneyline
0ML79092459_1,2,1_79092459,Michigan,-148,1.67567568,1.67,25/37,Michigan,Team,True,1279853928,['SGP'],"[{'id': '43956', 'name': 'Michigan', 'type': 'Team'}]",Madness Props,Moneyline
0HC79092963P1550_3,2,2_79092963,UNC Wilmington,-108,1.92592593,1.92,25/27,15.5,UNC Wilmington,Team,True,15499,"['ProgressiveParlayTeamEligible', 'MainPointLine', 'SGP']","[{'id': '42593', 'name': 'UNC Wilmington', 'type': 'Team'}]",Madness Props,Spread
0HC79092963N1550_1,2,2_79092963,Texas Tech,-112,1.89285715,1.89,25/28,-15.5,Texas Tech,Team,True,15501,"['ProgressiveParlayTeamEligible', 'MainPointLine', 'SGP']","[{'id': '42835', 'name': 'Texas Tech', 'type': 'Team'}]",Madness Props,Spread
0OU79092963O14350_1,2,3_79092963,Over,-112,1.89285715,1.89,25/28,143.5,,Unknown,True,143500,"['ProgressiveParlayTeamEligible', 'MainPointLine', 'SGP']",Madness Props,Total
0OU79092963U14350_3,2,3_79092963,Under,-108,1.92592593,1.92,25/27,143.5,,Unknown,True,143502,"['ProgressiveParlayTeamEligible', 'MainPointLine', 'SGP']",Madness Props,Total
0ML79092963_3,2,1_79092963,UNC Wilmington,+1000,11,11.00,10/1,UNC Wilmington,Team,True,1279861235,['SGP'],"[{'id': '42593', 'name': 'UNC Wilmington', 'type': 'Team'}]",Madness Props,Moneyline
0ML79092963_1,2,1_79092963,Texas Tech,-1800,1.05555556,1.05,1/18,Texas Tech,Team,True,1279863231,['SGP'],"[{'id': '42835', 'name': 'Texas Tech', 'type': 'Team'}]",Madness Props,Moneyline
0HC79092703P100_3,2,2_79092703,Baylor,-108,1.92592593,1.92,25/27,1,Baylor,Team,True,999,"['ProgressiveParlayTeamEligible', 'MainPointLine', 'SGP']","[{'id': '44466', 'name': 'Baylor', 'type': 'Team'}]",Madness Props,Spread
0HC79092703N100_1,2,2_79092703,Mississippi State,-112,1.89285715,1.89,25/28,-1,Mississippi State,Team,True,1001,"['ProgressiveParlayTeamEligible', 'MainPointLine', 'SGP']","[{'id': '42185', 'name': 'Mississippi State', 'type': 'Team'}]",Madness Props,Spread
0OU79092703O14450_1,2,3_79092703,Over,-110,1.90909091,1.90,10/11,144.5,,Unknown,True,144500,"['ProgressiveParlayTeamEligible', 'MainPointLine', 'SGP']",Madness Props,Total
0OU79092703U14450_3,2,3_79092703,Under,-110,1.90909091,1.90,10/11,144.5,,Unknown,True,144502,"['ProgressiveParlayTeamEligible', 'MainPointLine', 'SGP']",Madness Props,Total
0ML79092703_3,2,1_79092703,Baylor,+100,2,2.00,1/1,Baylor,Team,True,1279857126,['SGP'],"[{'id': '44466', 'name': 'Baylor', 'type': 'Team'}]",Madness Props,Moneyline
0ML79092703_1,2,1_79092703,Mississippi State,-120,1.83333334,1.83,5/6,Mississippi State,Team,True,1279859122,['SGP'],"[{'id': '42185', 'name': 'Mississippi State', 'type': 'Team'}]",Madness Props,Moneyline
0HC79092773P2350_3,2,2_79092773,Robert Morris,-115,1.86956522,1.86,20/23,23.5,Robert Morris,Team,True,23499,"['ProgressiveParlayTeamEligible', 'MainPointLine', 'SGP']","[{'id': '44588', 'name': 'Robert Morris', 'type': 'Team'}]",Madness Props,Spread
0HC79092773N2350_1,2,2_79092773,Alabama,-105,1.95238096,1.95,20/21,-23.5,Alabama,Team,True,23501,"['ProgressiveParlayTeamEligible', 'MainPointLine', 'SGP']","[{'id': '42858', 'name': 'Alabama', 'type': 'Team'}]",Madness Props,Spread
0OU79092773O16550_1,2,3_79092773,Over,-108,1.92592593,1.92,25/27,165.5,,Unknown,True,165500,"['ProgressiveParlayTeamEligible', 'MainPointLine', 'SGP']",Madness Props,Total
0OU79092773U16550_3,2,3_79092773,Under,-112,1.89285715,1.89,25/28,165.5,,Unknown,True,165502,"['ProgressiveParlayTeamEligible', 'MainPointLine', 'SGP']",Madness Props,Total
0ML79092773_3,2,1_79092773,Robert Morris,+1800,19,19.00,18/1,Robert Morris,Team,True,1279858596,['SGP'],"[{'id': '44588', 'name': 'Robert Morris', 'type': 'Team'}]",Madness Props,Moneyline
0ML79092773_1,2,1_79092773,Alabama,-5000,1.02,1.02,1/50,Alabama,Team,True,1279860592,['SGP'],"[{'id': '42858', 'name': 'Alabama', 'type': 'Team'}]",Madness Props,Moneyline
0HC79092479P1450_3,2,2_79092479,Lipscomb,-102,1.98039216,1.98,50/51,14.5,Lipscomb,Team,True,14499,"['ProgressiveParlayTeamEligible', 'MainPointLine', 'SGP']","[{'id': '43785', 'name': 'Lipscomb', 'type': 'Team'}]",Madness Props,Spread
0HC79092479N1450_1,2,2_79092479,Iowa State,-118,1.84745763,1.84,50/59,-14.5,Iowa State,Team,True,14501,"['ProgressiveParlayTeamEligible', 'MainPointLine', 'SGP']","[{'id': '42961', 'name': 'Iowa State', 'type': 'Team'}]",Madness Props,Spread
0OU79092479O14350_1,2,3_79092479,Over,-105,1.95238096,1.95,20/21,143.5,,Unknown,True,143500,"['ProgressiveParlayTeamEligible', 'MainPointLine', 'SGP']",Madness Props,Total
0OU79092479U14350_3,2,3_79092479,Under,-115,1.86956522,1.86,20/23,143.5,,Unknown,True,143502,"['ProgressiveParlayTeamEligible', 'MainPointLine', 'SGP']",Madness Props,Total
0ML79092479_3,2,1_79092479,Lipscomb,+900,10,10.00,9/1,Lipscomb,Team,True,1279852128,['SGP'],"[{'id': '43785', 'name': 'Lipscomb', 'type': 'Team'}]",Madness Props,Moneyline
0ML79092479_1,2,1_79092479,Iowa State,-1600,1.0625,1.06,1/16,Iowa State,Team,True,1279854124,['SGP'],"[{'id': '42961', 'name': 'Iowa State', 'type': 'Team'}]",Madness Props,Moneyline
0HC79092954N150_3,2,2_79092954,Colorado State,-118,1.84745763,1.84,50/59,-1.5,Colorado State,Team,True,-1501,"['ProgressiveParlayTeamEligible', 'MainPointLine', 'SGP']","[{'id': '45374', 'name': 'Colorado State', 'type': 'Team'}]",Madness Props,Spread
0HC79092954P150_1,2,2_79092954,Memphis,-102,1.98039216,1.98,50/51,1.5,Memphis,Team,True,-1499,"['ProgressiveParlayTeamEligible', 'MainPointLine', 'SGP']","[{'id': '43053', 'name': 'Memphis', 'type': 'Team'}]",Madness Props,Spread
0OU79092954O14750_1,2,3_79092954,Over,-110,1.90909091,1.90,10/11,147.5,,Unknown,True,147500,"['ProgressiveParlayTeamEligible', 'MainPointLine', 'SGP']",Madness Props,Total
0OU79092954U14750_3,2,3_79092954,Under,-110,1.90909091,1.90,10/11,147.5,,Unknown,True,147502,"['ProgressiveParlayTeamEligible', 'MainPointLine', 'SGP']",Madness Props,Total
0ML79092954_3,2,1_79092954,Colorado State,-135,1.74074075,1.74,20/27,Colorado State,Team,True,1279861172,['SGP'],"[{'id': '45374', 'name': 'Colorado State', 'type': 'Team'}]",Madness Props,Moneyline
0ML79092954_1,2,1_79092954,Memphis,+114,2.14,2.14,57/50,Memphis,Team,True,1279863168,['SGP'],"[{'id': '43053', 'name': 'Memphis', 'type': 'Team'}]",Madness Props,Moneyline
0HC79092772P450_3,2,2_79092772,Vanderbilt,-115,1.86956522,1.86,20/23,4.5,Vanderbilt,Team,True,4499,"['ProgressiveParlayTeamEligible', 'MainPointLine', 'SGP']","[{'id': '44513', 'name': 'Vanderbilt', 'type': 'Team'}]",Madness Props,Spread
0HC79092772N450_1,2,2_79092772,Saint Marys,-105,1.95238096,1.95,20/21,-4.5,Saint Marys,Team,True,4501,"['ProgressiveParlayTeamEligible', 'MainPointLine', 'SGP']","[{'id': '41405', 'name': 'Saint Marys', 'type': 'Team'}]",Madness Props,Spread
0OU79092772O13650_1,2,3_79092772,Over,-108,1.92592593,1.92,25/27,136.5,,Unknown,True,136500,"['ProgressiveParlayTeamEligible', 'MainPointLine', 'SGP']",Madness Props,Total
0OU79092772U13650_3,2,3_79092772,Under,-112,1.89285715,1.89,25/28,136.5,,Unknown,True,136502,"['ProgressiveParlayTeamEligible', 'MainPointLine', 'SGP']",Madness Props,Total
0ML79092772_3,2,1_79092772,Vanderbilt,+160,2.6,2.60,8/5,Vanderbilt,Team,True,1279858589,['SGP'],"[{'id': '44513', 'name': 'Vanderbilt', 'type': 'Team'}]",Madness Props,Moneyline
0ML79092772_1,2,1_79092772,Saint Marys,-192,1.52083334,1.52,25/48,Saint Marys,Team,True,1279860585,['SGP'],"[{'id': '41405', 'name': 'Saint Marys', 'type': 'Team'}]",Madness Props,Moneyline
0HC79111741P150_3,2,2_79111741,North Carolina,-110,1.90909091,1.90,10/11,1.5,North Carolina,Team,True,1499,"['ProgressiveParlayTeamEligible', 'MainPointLine', 'SGP']","[{'id': '42450', 'name': 'North Carolina', 'type': 'Team'}]",Madness Props,Spread
0HC79111741N150_1,2,2_79111741,Ole Miss,-110,1.90909091,1.90,10/11,-1.5,Ole Miss,Team,True,1501,"['ProgressiveParlayTeamEligible', 'MainPointLine', 'SGP']","[{'id': '43121', 'name': 'Ole Miss', 'type': 'Team'}]",Madness Props,Spread
0OU79111741O15250_1,2,3_79111741,Over,-110,1.90909091,1.90,10/11,152.5,,Unknown,True,152500,"['ProgressiveParlayTeamEligible', 'MainPointLine', 'SGP']",Madness Props,Total
0OU79111741U15250_3,2,3_79111741,Under,-110,1.90909091,1.90,10/11,152.5,,Unknown,True,152502,"['ProgressiveParlayTeamEligible', 'MainPointLine', 'SGP']",Madness Props,Total
0ML79111741_3,2,1_79111741,North Carolina,+105,2.05,2.05,21/20,North Carolina,Team,True,1280260180,['SGP'],"[{'id': '42450', 'name': 'North Carolina', 'type': 'Team'}]",Madness Props,Moneyline
0ML79111741_1,2,1_79111741,Ole Miss,-125,1.8,1.80,4/5,Ole Miss,Team,True,1280262176,['SGP'],"[{'id': '43121', 'name': 'Ole Miss', 'type': 'Team'}]",Madness Props,Moneyline
0HC79111740P350_3,2,2_79111740,San Diego State,-110,1.90909091,1.90,10/11,3.5,San Diego State,Team,True,3499,"['ProgressiveParlayTeamEligible', 'MainPointLine', 'SGP']","[{'id': '44675', 'name': 'San Diego State', 'type': 'Team'}]",Madness Props,Spread
0HC79111740N350_1,2,2_79111740,Ole Miss,-110,1.90909091,1.90,10/11,-3.5,Ole Miss,Team,True,3501,"['ProgressiveParlayTeamEligible', 'MainPointLine', 'SGP']","[{'id': '43121', 'name': 'Ole Miss', 'type': 'Team'}]",Madness Props,Spread
0OU79111740O13550_1,2,3_79111740,Over,-110,1.90909091,1.90,10/11,135.5,,Unknown,True,135500,"['ProgressiveParlayTeamEligible', 'MainPointLine', 'SGP']",Madness Props,Total
0OU79111740U13550_3,2,3_79111740,Under,-110,1.90909091,1.90,10/11,135.5,,Unknown,True,135502,"['ProgressiveParlayTeamEligible', 'MainPointLine', 'SGP']",Madness Props,Total
0ML79111740_3,2,1_79111740,San Diego State,+150,2.5,2.50,6/4,San Diego State,Team,True,1280260173,['SGP'],"[{'id': '44675', 'name': 'San Diego State', 'type': 'Team'}]",Madness Props,Moneyline
0ML79111740_1,2,1_79111740,Ole Miss,-180,1.55555556,1.55,5/9,Ole Miss,Team,True,1280262169,['SGP'],"[{'id': '43121', 'name': 'Ole Miss', 'type': 'Team'}]",Madness Props,Moneyline
0HC79092960P1050_3,2,2_79092960,Grand Canyon,-115,1.86956522,1.86,20/23,10.5,Grand Canyon,Team,True,10499,"['ProgressiveParlayTeamEligible', 'MainPointLine', 'SGP']","[{'id': '43744', 'name': 'Grand Canyon', 'type': 'Team'}]",Madness Props,Spread
0HC79092960N1050_1,2,2_79092960,Maryland,-105,1.95238096,1.95,20/21,-10.5,Maryland,Team,True,10501,"['ProgressiveParlayTeamEligible', 'MainPointLine', 'SGP']","[{'id': '42635', 'name': 'Maryland', 'type': 'Team'}]",Madness Props,Spread
0OU79092960O15050_1,2,3_79092960,Over,-105,1.95238096,1.95,20/21,150.5,,Unknown,True,150500,"['ProgressiveParlayTeamEligible', 'MainPointLine', 'SGP']",Madness Props,Total
0OU79092960U15050_3,2,3_79092960,Under,-115,1.86956522,1.86,20/23,150.5,,Unknown,True,150502,"['ProgressiveParlayTeamEligible', 'MainPointLine', 'SGP']",Madness Props,Total
0ML79092960_3,2,1_79092960,Grand Canyon,+425,5.25,5.25,17/4,Grand Canyon,Team,True,1279861214,['SGP'],"[{'id': '43744', 'name': 'Grand Canyon', 'type': 'Team'}]",Madness Props,Moneyline
0ML79092960_1,2,1_79092960,Maryland,-575,1.17391305,1.17,4/23,Maryland,Team,True,1279863210,['SGP'],"[{'id': '42635', 'name': 'Maryland', 'type': 'Team'}]",Madness Props,Moneyline
0HC79092952P2850_3,2,2_79092952,Norfolk State,-110,1.90909091,1.90,10/11,28.5,Norfolk State,Team,True,28499,"['ProgressiveParlayTeamEligible', 'MainPointLine', 'SGP']","[{'id': '43965', 'name': 'Norfolk State', 'type': 'Team'}]",Madness Props,Spread
0HC79092952N2850_1,2,2_79092952,Florida,-110,1.90909091,1.90,10/11,-28.5,Florida,Team,True,28501,"['ProgressiveParlayTeamEligible', 'MainPointLine', 'SGP']","[{'id': '44135', 'name': 'Florida', 'type': 'Team'}]",Madness Props,Spread
0OU79092952O15350_1,2,3_79092952,Over,-115,1.86956522,1.86,20/23,153.5,,Unknown,True,153500,"['ProgressiveParlayTeamEligible', 'MainPointLine', 'SGP']",Madness Props,Total
0OU79092952U15350_3,2,3_79092952,Under,-105,1.95238096,1.95,20/21,153.5,,Unknown,True,153502,"['ProgressiveParlayTeamEligible', 'MainPointLine', 'SGP']",Madness Props,Total
0ML79092952_3,2,1_79092952,Norfolk State,+2500,26,26.00,25/1,Norfolk State,Team,True,1279861158,['SGP'],"[{'id': '43965', 'name': 'Norfolk State', 'type': 'Team'}]",Madness Props,Moneyline
0ML79092952_1,2,1_79092952,Florida,-9000,1.01111112,1.01,1/90,Florida,Team,True,1279863154,['SGP'],"[{'id': '44135', 'name': 'Florida', 'type': 'Team'}]",Madness Props,Moneyline
0HC79092941P1150_3,2,2_79092941,Troy,-115,1.86956522,1.86,20/23,11.5,Troy,Team,True,11499,"['ProgressiveParlayTeamEligible', 'MainPointLine', 'SGP']","[{'id': '43481', 'name': 'Troy', 'type': 'Team'}]",Madness Props,Spread
0HC79092941N1150_1,2,2_79092941,Kentucky,-105,1.95238096,1.95,20/21,-11.5,Kentucky,Team,True,11501,"['ProgressiveParlayTeamEligible', 'MainPointLine', 'SGP']","[{'id': '44542', 'name': 'Kentucky', 'type': 'Team'}]",Madness Props,Spread
0OU79092941O15250_1,2,3_79092941,Over,-105,1.95238096,1.95,20/21,152.5,,Unknown,True,152500,"['ProgressiveParlayTeamEligible', 'MainPointLine', 'SGP']",Madness Props,Total
0OU79092941U15250_3,2,3_79092941,Under,-115,1.86956522,1.86,20/23,152.5,,Unknown,True,152502,"['ProgressiveParlayTeamEligible', 'MainPointLine', 'SGP']",Madness Props,Total
0ML79092941_3,2,1_79092941,Troy,+550,6.5,6.50,11/2,Troy,Team,True,1279861081,['SGP'],"[{'id': '43481', 'name': 'Troy', 'type': 'Team'}]",Madness Props,Moneyline
0ML79092941_1,2,1_79092941,Kentucky,-800,1.125,1.12,1/8,Kentucky,Team,True,1279863077,['SGP'],"[{'id': '44542', 'name': 'Kentucky', 'type': 'Team'}]",Madness Props,Moneyline
0HC79092502P350_3,2,2_79092502,New Mexico,-105,1.95238096,1.95,20/21,3.5,New Mexico,Team,True,3499,"['ProgressiveParlayTeamEligible', 'MainPointLine', 'SGP']","[{'id': '44215', 'name': 'New Mexico', 'type': 'Team'}]",Madness Props,Spread
0HC79092502N350_1,2,2_79092502,Marquette,-115,1.86956522,1.86,20/23,-3.5,Marquette,Team,True,3501,"['ProgressiveParlayTeamEligible', 'MainPointLine', 'SGP']","[{'id': '44018', 'name': 'Marquette', 'type': 'Team'}]",Madness Props,Spread
0OU79092502O15350_1,2,3_79092502,Over,-108,1.92592593,1.92,25/27,153.5,,Unknown,True,153500,"['ProgressiveParlayTeamEligible', 'MainPointLine', 'SGP']",Madness Props,Total
0OU79092502U15350_3,2,3_79092502,Under,-112,1.89285715,1.89,25/28,153.5,,Unknown,True,153502,"['ProgressiveParlayTeamEligible', 'MainPointLine', 'SGP']",Madness Props,Total
0ML79092502_3,2,1_79092502,New Mexico,+145,2.45,2.45,29/20,New Mexico,Team,True,1279852583,['SGP'],"[{'id': '44215', 'name': 'New Mexico', 'type': 'Team'}]",Madness Props,Moneyline
0ML79092502_1,2,1_79092502,Marquette,-175,1.57142858,1.57,4/7,Marquette,Team,True,1279854579,['SGP'],"[{'id': '44018', 'name': 'Marquette', 'type': 'Team'}]",Madness Props,Moneyline
0HC79092765P1350_3,2,2_79092765,Akron,-102,1.98039216,1.98,50/51,13.5,Akron,Team,True,13499,"['ProgressiveParlayTeamEligible', 'MainPointLine', 'SGP']","[{'id': '41425', 'name': 'Akron', 'type': 'Team'}]",Madness Props,Spread
0HC79092765N1350_1,2,2_79092765,Arizona,-118,1.84745763,1.84,50/59,-13.5,Arizona,Team,True,13501,"['ProgressiveParlayTeamEligible', 'MainPointLine', 'SGP']","[{'id': '45351', 'name': 'Arizona', 'type': 'Team'}]",Madness Props,Spread
0OU79092765O16650_1,2,3_79092765,Over,-115,1.86956522,1.86,20/23,166.5,,Unknown,True,166500,"['ProgressiveParlayTeamEligible', 'MainPointLine', 'SGP']",Madness Props,Total
0OU79092765U16650_3,2,3_79092765,Under,-105,1.95238096,1.95,20/21,166.5,,Unknown,True,166502,"['ProgressiveParlayTeamEligible', 'MainPointLine', 'SGP']",Madness Props,Total
0ML79092765_3,2,1_79092765,Akron,+750,8.5,8.50,15/2,Akron,Team,True,1279858442,['SGP'],"[{'id': '41425', 'name': 'Akron', 'type': 'Team'}]",Madness Props,Moneyline
0ML79092765_1,2,1_79092765,Arizona,-1200,1.08333334,1.08,1/12,Arizona,Team,True,1279860438,['SGP'],"[{'id': '45351', 'name': 'Arizona', 'type': 'Team'}]",Madness Props,Moneyline
0HC79092953P550_3,2,2_79092953,Oklahoma,-110,1.90909091,1.90,10/11,5.5,Oklahoma,Team,True,5499,"['ProgressiveParlayTeamEligible', 'MainPointLine', 'SGP']","[{'id': '42537', 'name': 'Oklahoma', 'type': 'Team'}]",Madness Props,Spread
0HC79092953N550_1,2,2_79092953,UConn,-110,1.90909091,1.90,10/11,-5.5,UConn,Team,True,5501,"['ProgressiveParlayTeamEligible', 'MainPointLine', 'SGP']","[{'id': '41421', 'name': 'UConn', 'type': 'Team'}]",Madness Props,Spread
0OU79092953O14750_1,2,3_79092953,Over,-112,1.89285715,1.89,25/28,147.5,,Unknown,True,147500,"['ProgressiveParlayTeamEligible', 'MainPointLine', 'SGP']",Madness Props,Total
0OU79092953U14750_3,2,3_79092953,Under,-108,1.92592593,1.92,25/27,147.5,,Unknown,True,147502,"['ProgressiveParlayTeamEligible', 'MainPointLine', 'SGP']",Madness Props,Total
0ML79092953_3,2,1_79092953,Oklahoma,+190,2.9,2.90,19/10,Oklahoma,Team,True,1279861165,['SGP'],"[{'id': '42537', 'name': 'Oklahoma', 'type': 'Team'}]",Madness Props,Moneyline
0ML79092953_1,2,1_79092953,UConn,-230,1.43478261,1.43,10/23,UConn,Team,True,1279863161,['SGP'],"[{'id': '41421', 'name': 'UConn', 'type': 'Team'}]",Madness Props,Moneyline
0HC79092553P1750_3,2,2_79092553,Bryant,-115,1.86956522,1.86,20/23,17.5,Bryant,Team,True,17499,"['ProgressiveParlayTeamEligible', 'MainPointLine', 'SGP']","[{'id': '42187', 'name': 'Bryant', 'type': 'Team'}]",Madness Props,Spread
0HC79092553N1750_1,2,2_79092553,Michigan State,-105,1.95238096,1.95,20/21,-17.5,Michigan State,Team,True,17501,"['ProgressiveParlayTeamEligible', 'MainPointLine', 'SGP']","[{'id': '41925', 'name': 'Michigan State', 'type': 'Team'}]",Madness Props,Spread
0OU79092553O15250_1,2,3_79092553,Over,-110,1.90909091,1.90,10/11,152.5,,Unknown,True,152500,"['ProgressiveParlayTeamEligible', 'MainPointLine', 'SGP']",Madness Props,Total
0OU79092553U15250_3,2,3_79092553,Under,-110,1.90909091,1.90,10/11,152.5,,Unknown,True,152502,"['ProgressiveParlayTeamEligible', 'MainPointLine', 'SGP']",Madness Props,Total
0ML79092553_3,2,1_79092553,Bryant,+1200,13,13.00,12/1,Bryant,Team,True,1279853801,['SGP'],"[{'id': '42187', 'name': 'Bryant', 'type': 'Team'}]",Madness Props,Moneyline
0ML79092553_1,2,1_79092553,Michigan State,-2400,1.04166667,1.04,1/24,Michigan State,Team,True,1279855797,['SGP'],"[{'id': '41925', 'name': 'Michigan State', 'type': 'Team'}]",Madness Props,Moneyline
0HC79092744P750_3,2,2_79092744,Liberty,-115,1.86956522,1.86,20/23,7.5,Liberty,Team,True,7499,"['ProgressiveParlayTeamEligible', 'MainPointLine', 'SGP']","[{'id': '41459', 'name': 'Liberty', 'type': 'Team'}]",Madness Props,Spread
0HC79092744N750_1,2,2_79092744,Oregon,-105,1.95238096,1.95,20/21,-7.5,Oregon,Team,True,7501,"['ProgressiveParlayTeamEligible', 'MainPointLine', 'SGP']","[{'id': '44430', 'name': 'Oregon', 'type': 'Team'}]",Madness Props,Spread
0OU79092744O13950_1,2,3_79092744,Over,-108,1.92592593,1.92,25/27,139.5,,Unknown,True,139500,"['ProgressiveParlayTeamEligible', 'MainPointLine', 'SGP']",Madness Props,Total
0OU79092744U13950_3,2,3_79092744,Under,-112,1.89285715,1.89,25/28,139.5,,Unknown,True,139502,"['ProgressiveParlayTeamEligible', 'MainPointLine', 'SGP']",Madness Props,Total
0ML79092744_3,2,1_79092744,Liberty,+260,3.6,3.60,13/5,Liberty,Team,True,1279858001,['SGP'],"[{'id': '41459', 'name': 'Liberty', 'type': 'Team'}]",Madness Props,Moneyline
0ML79092744_1,2,1_79092744,Oregon,-325,1.30769231,1.30,4/13,Oregon,Team,True,1279859997,['SGP'],"[{'id': '44430', 'name': 'Oregon', 'type': 'Team'}]",Madness Props,Moneyline
0HC79110487N350_3,2,2_79110487,Saint Francis PA,-115,1.86956522,1.86,20/23,-3.5,Saint Francis PA,Team,True,-3501,"['MainPointLine', 'SGP']","[{'id': '41332', 'name': 'Saint Francis PA', 'type': 'Team'}]",Madness Props,Spread
0HC79110487P350_1,2,2_79110487,Alabama State,-115,1.86956522,1.86,20/23,3.5,Alabama State,Team,True,-3499,"['MainPointLine', 'SGP']","[{'id': '42969', 'name': 'Alabama State', 'type': 'Team'}]",Madness Props,Spread
0OU79110487O14650_1,2,3_79110487,Over,-110,1.90909091,1.90,10/11,146.5,,Unknown,True,146500,"['MainPointLine', 'SGP']",Madness Props,Total
0OU79110487U14650_3,2,3_79110487,Under,-120,1.83333334,1.83,5/6,146.5,,Unknown,True,146502,"['MainPointLine', 'SGP']",Madness Props,Total
0ML79110487_3,2,1_79110487,Saint Francis PA,-200,1.5,1.50,1/2,Saint Francis PA,Team,True,1280230384,['SGP'],"[{'id': '41332', 'name': 'Saint Francis PA', 'type': 'Team'}]",Madness Props,Moneyline
0ML79110487_1,2,1_79110487,Alabama State,+154,2.54,2.54,77/50,Alabama State,Team,True,1280232377,['SGP'],"[{'id': '42969', 'name': 'Alabama State', 'type': 'Team'}]",Madness Props,Moneyline
0HC79110488P550_3,2,2_79110488,Kent State,-115,1.86956522,1.86,20/23,5.5,Kent State,Team,True,5499,"['MainPointLine', 'SGP']","[{'id': '43444', 'name': 'Kent State', 'type': 'Team'}]",Madness Props,Spread
0HC79110488N550_1,2,2_79110488,Saint Bonaventure,-115,1.86956522,1.86,20/23,-5.5,Saint Bonaventure,Team,True,5501,"['MainPointLine', 'SGP']","[{'id': '44786', 'name': 'Saint Bonaventure', 'type': 'Team'}]",Madness Props,Spread
0OU79110488O13450_1,2,3_79110488,Over,-115,1.86956522,1.86,20/23,134.5,,Unknown,True,134500,"['MainPointLine', 'SGP']",Madness Props,Total
0OU79110488U13450_3,2,3_79110488,Under,-115,1.86956522,1.86,20/23,134.5,,Unknown,True,134502,"['MainPointLine', 'SGP']",Madness Props,Total
0ML79110488_3,2,1_79110488,Kent State,+210,3.1,3.10,21/10,Kent State,Team,True,1280230388,['SGP'],"[{'id': '43444', 'name': 'Kent State', 'type': 'Team'}]",Madness Props,Moneyline
0ML79110488_1,2,1_79110488,Saint Bonaventure,-280,1.35714286,1.35,5/14,Saint Bonaventure,Team,True,1280232378,['SGP'],"[{'id': '44786', 'name': 'Saint Bonaventure', 'type': 'Team'}]",Madness Props,Moneyline
0HC79110490P250_3,2,2_79110490,Jacksonville State,-115,1.86956522,1.86,20/23,2.5,Jacksonville State,Team,True,2499,"['MainPointLine', 'SGP']","[{'id': '42218', 'name': 'Jacksonville State', 'type': 'Team'}]",Madness Props,Spread
0HC79110490N250_1,2,2_79110490,Georgia Tech,-115,1.86956522,1.86,20/23,-2.5,Georgia Tech,Team,True,2501,"['MainPointLine', 'SGP']","[{'id': '42150', 'name': 'Georgia Tech', 'type': 'Team'}]",Madness Props,Spread
0OU79110490O14950_1,2,3_79110490,Over,-110,1.90909091,1.90,10/11,149.5,,Unknown,True,149500,"['MainPointLine', 'SGP']",Madness Props,Total
0OU79110490U14950_3,2,3_79110490,Under,-120,1.83333334,1.83,5/6,149.5,,Unknown,True,149502,"['MainPointLine', 'SGP']",Madness Props,Total
0ML79110490_3,2,1_79110490,Jacksonville State,+124,2.24,2.24,31/25,Jacksonville State,Team,True,1280230402,['SGP'],"[{'id': '42218', 'name': 'Jacksonville State', 'type': 'Team'}]",Madness Props,Moneyline
0ML79110490_1,2,1_79110490,Georgia Tech,-160,1.625,1.62,5/8,Georgia Tech,Team,True,1280232398,['SGP'],"[{'id': '42150', 'name': 'Georgia Tech', 'type': 'Team'}]",Madness Props,Moneyline
0HC79100355P150_3,2,2_79100355,Chattanooga,-110,1.90909091,1.90,10/11,1.5,Chattanooga,Team,True,1499,"['ProgressiveParlayTeamEligible', 'MainPointLine', 'SGP']","[{'id': '41974', 'name': 'Chattanooga', 'type': 'Team'}]",Madness Props,Spread
0HC79100355N150_1,2,2_79100355,Middle Tennessee,-110,1.90909091,1.90,10/11,-1.5,Middle Tennessee,Team,True,1501,"['ProgressiveParlayTeamEligible', 'MainPointLine', 'SGP']","[{'id': '42683', 'name': 'Middle Tennessee', 'type': 'Team'}]",Madness Props,Spread
0OU79100355O15250_1,2,3_79100355,Over,-115,1.86956522,1.86,20/23,152.5,,Unknown,True,152500,"['ProgressiveParlayTeamEligible', 'MainPointLine', 'SGP']",Madness Props,Total
0OU79100355U15250_3,2,3_79100355,Under,-105,1.95238096,1.95,20/21,152.5,,Unknown,True,152502,"['ProgressiveParlayTeamEligible', 'MainPointLine', 'SGP']",Madness Props,Total
0ML79100355_3,2,1_79100355,Chattanooga,+105,2.05,2.05,21/20,Chattanooga,Team,True,1280025918,['SGP'],"[{'id': '41974', 'name': 'Chattanooga', 'type': 'Team'}]",Madness Props,Moneyline
0ML79100355_1,2,1_79100355,Middle Tennessee,-125,1.8,1.80,4/5,Middle Tennessee,Team,True,1280027914,['SGP'],"[{'id': '42683', 'name': 'Middle Tennessee', 'type': 'Team'}]",Madness Props,Moneyline
0HC79100357P650_3,2,2_79100357,Wichita State,-112,1.89285715,1.89,25/28,6.5,Wichita State,Team,True,6499,"['ProgressiveParlayTeamEligible', 'MainPointLine', 'SGP']","[{'id': '43593', 'name': 'Wichita State', 'type': 'Team'}]",Madness Props,Spread
0HC79100357N650_1,2,2_79100357,Oklahoma State,-108,1.92592593,1.92,25/27,-6.5,Oklahoma State,Team,True,6501,"['ProgressiveParlayTeamEligible', 'MainPointLine', 'SGP']","[{'id': '43141', 'name': 'Oklahoma State', 'type': 'Team'}]",Madness Props,Spread
0OU79100357O15450_1,2,3_79100357,Over,-105,1.95238096,1.95,20/21,154.5,,Unknown,True,154500,"['ProgressiveParlayTeamEligible', 'MainPointLine', 'SGP']",Madness Props,Total
0OU79100357U15450_3,2,3_79100357,Under,-115,1.86956522,1.86,20/23,154.5,,Unknown,True,154502,"['ProgressiveParlayTeamEligible', 'MainPointLine', 'SGP']",Madness Props,Total
0ML79100357_3,2,1_79100357,Wichita State,+230,3.3,3.30,23/10,Wichita State,Team,True,1280025932,['SGP'],"[{'id': '43593', 'name': 'Wichita State', 'type': 'Team'}]",Madness Props,Moneyline
0ML79100357_1,2,1_79100357,Oklahoma State,-285,1.3508772,1.35,20/57,Oklahoma State,Team,True,1280027928,['SGP'],"[{'id': '43141', 'name': 'Oklahoma State', 'type': 'Team'}]",Madness Props,Moneyline
0HC79100359P550_3,2,2_79100359,Saint Louis,-108,1.92592593,1.92,25/27,5.5,Saint Louis,Team,True,5499,"['ProgressiveParlayTeamEligible', 'MainPointLine', 'SGP']","[{'id': '43370', 'name': 'Saint Louis', 'type': 'Team'}]",Madness Props,Spread
0HC79100359N550_1,2,2_79100359,Arkansas State,-112,1.89285715,1.89,25/28,-5.5,Arkansas State,Team,True,5501,"['ProgressiveParlayTeamEligible', 'MainPointLine', 'SGP']","[{'id': '42673', 'name': 'Arkansas State', 'type': 'Team'}]",Madness Props,Spread
0OU79100359O15450_1,2,3_79100359,Over,-105,1.95238096,1.95,20/21,154.5,,Unknown,True,154500,"['ProgressiveParlayTeamEligible', 'MainPointLine', 'SGP']",Madness Props,Total
0OU79100359U15450_3,2,3_79100359,Under,-115,1.86956522,1.86,20/23,154.5,,Unknown,True,154502,"['ProgressiveParlayTeamEligible', 'MainPointLine', 'SGP']",Madness Props,Total
0ML79100359_3,2,1_79100359,Saint Louis,+200,3,3.00,2/1,Saint Louis,Team,True,1280025946,['SGP'],"[{'id': '43370', 'name': 'Saint Louis', 'type': 'Team'}]",Madness Props,Moneyline
0ML79100359_1,2,1_79100359,Arkansas State,-245,1.40816327,1.40,20/49,Arkansas State,Team,True,1280027942,['SGP'],"[{'id': '42673', 'name': 'Arkansas State', 'type': 'Team'}]",Madness Props,Moneyline
0HC79092473N450_3,2,2_79092473,North Carolina,-112,1.89285715,1.89,25/28,-4.5,North Carolina,Team,True,-4501,"['ProgressiveParlayTeamEligible', 'MainPointLine', 'SGP']","[{'id': '42450', 'name': 'North Carolina', 'type': 'Team'}]",Madness Props,Spread
0HC79092473P450_1,2,2_79092473,San Diego State,-108,1.92592593,1.92,25/27,4.5,San Diego State,Team,True,-4499,"['ProgressiveParlayTeamEligible', 'MainPointLine', 'SGP']","[{'id': '44675', 'name': 'San Diego State', 'type': 'Team'}]",Madness Props,Spread
0OU79092473O14150_1,2,3_79092473,Over,-112,1.89285715,1.89,25/28,141.5,,Unknown,True,141500,"['ProgressiveParlayTeamEligible', 'MainPointLine', 'SGP']",Madness Props,Total
0OU79092473U14150_3,2,3_79092473,Under,-108,1.92592593,1.92,25/27,141.5,,Unknown,True,141502,"['ProgressiveParlayTeamEligible', 'MainPointLine', 'SGP']",Madness Props,Total
0ML79092473_3,2,1_79092473,North Carolina,-218,1.4587156,1.45,50/109,North Carolina,Team,True,1279852086,['SGP'],"[{'id': '42450', 'name': 'North Carolina', 'type': 'Team'}]",Madness Props,Moneyline
0ML79092473_1,2,1_79092473,San Diego State,+180,2.8,2.80,9/5,San Diego State,Team,True,1279854082,['SGP'],"[{'id': '44675', 'name': 'San Diego State', 'type': 'Team'}]",Madness Props,Moneyline
0HC79100356P650_3,2,2_79100356,CSUN,-108,1.92592593,1.92,25/27,6.5,CSUN,Team,True,6499,"['ProgressiveParlayTeamEligible', 'MainPointLine', 'SGP']","[{'id': '44653', 'name': 'CSUN', 'type': 'Team'}]",Madness Props,Spread
0HC79100356N650_1,2,2_79100356,Stanford,-112,1.89285715,1.89,25/28,-6.5,Stanford,Team,True,6501,"['ProgressiveParlayTeamEligible', 'MainPointLine', 'SGP']","[{'id': '44739', 'name': 'Stanford', 'type': 'Team'}]",Madness Props,Spread
0OU79100356O15650_1,2,3_79100356,Over,-108,1.92592593,1.92,25/27,156.5,,Unknown,True,156500,"['ProgressiveParlayTeamEligible', 'MainPointLine', 'SGP']",Madness Props,Total
0OU79100356U15650_3,2,3_79100356,Under,-112,1.89285715,1.89,25/28,156.5,,Unknown,True,156502,"['ProgressiveParlayTeamEligible', 'MainPointLine', 'SGP']",Madness Props,Total
0ML79100356_3,2,1_79100356,CSUN,+230,3.3,3.30,23/10,CSUN,Team,True,1280025925,['SGP'],"[{'id': '44653', 'name': 'CSUN', 'type': 'Team'}]",Madness Props,Moneyline
0ML79100356_1,2,1_79100356,Stanford,-285,1.3508772,1.35,20/57,Stanford,Team,True,1280027921,['SGP'],"[{'id': '44739', 'name': 'Stanford', 'type': 'Team'}]",Madness Props,Moneyline
0HC79100358P1050_3,2,2_79100358,UC Riverside,-118,1.84745763,1.84,50/59,10.5,UC Riverside,Team,True,10499,"['ProgressiveParlayTeamEligible', 'MainPointLine', 'SGP']","[{'id': '44279', 'name': 'UC Riverside', 'type': 'Team'}]",Madness Props,Spread
0HC79100358N1050_1,2,2_79100358,Santa Clara,-102,1.98039216,1.98,50/51,-10.5,Santa Clara,Team,True,10501,"['ProgressiveParlayTeamEligible', 'MainPointLine', 'SGP']","[{'id': '42757', 'name': 'Santa Clara', 'type': 'Team'}]",Madness Props,Spread
0OU79100358O15650_1,2,3_79100358,Over,-110,1.90909091,1.90,10/11,156.5,,Unknown,True,156500,"['ProgressiveParlayTeamEligible', 'MainPointLine', 'SGP']",Madness Props,Total
0OU79100358U15650_3,2,3_79100358,Under,-110,1.90909091,1.90,10/11,156.5,,Unknown,True,156502,"['ProgressiveParlayTeamEligible', 'MainPointLine', 'SGP']",Madness Props,Total
0ML79100358_3,2,1_79100358,UC Riverside,+440,5.4,5.40,22/5,UC Riverside,Team,True,1280025939,['SGP'],"[{'id': '44279', 'name': 'UC Riverside', 'type': 'Team'}]",Madness Props,Moneyline
0ML79100358_1,2,1_79100358,Santa Clara,-600,1.16666667,1.16,1/6,Santa Clara,Team,True,1280027935,['SGP'],"[{'id': '42757', 'name': 'Santa Clara', 'type': 'Team'}]",Madness Props,Moneyline
0HC79092702P250_3,2,2_79092702,Mount Saint Marys,-112,1.89285715,1.89,25/28,2.5,Mount Saint Marys,Team,True,2499,"['ProgressiveParlayTeamEligible', 'MainPointLine', 'SGP']","[{'id': '42025', 'name': 'Mount Saint Marys', 'type': 'Team'}]",Madness Props,Spread
0HC79092702N250_1,2,2_79092702,American,-108,1.92592593,1.92,25/27,-2.5,American,Team,True,2501,"['ProgressiveParlayTeamEligible', 'MainPointLine', 'SGP']","[{'id': '41874', 'name': 'American', 'type': 'Team'}]",Madness Props,Spread
0OU79092702O12950_1,2,3_79092702,Over,-105,1.95238096,1.95,20/21,129.5,,Unknown,True,129500,"['ProgressiveParlayTeamEligible', 'MainPointLine', 'SGP']",Madness Props,Total
0OU79092702U12950_3,2,3_79092702,Under,-115,1.86956522,1.86,20/23,129.5,,Unknown,True,129502,"['ProgressiveParlayTeamEligible', 'MainPointLine', 'SGP']",Madness Props,Total
0ML79092702_3,2,1_79092702,Mount Saint Marys,+120,2.2,2.20,6/5,Mount Saint Marys,Team,True,1279857119,['SGP'],"[{'id': '42025', 'name': 'Mount Saint Marys', 'type': 'Team'}]",Madness Props,Moneyline
0ML79092702_1,2,1_79092702,American,-142,1.70422536,1.70,50/71,American,Team,True,1279859115,['SGP'],"[{'id': '41874', 'name': 'American', 'type': 'Team'}]",Madness Props,Moneyline
0HC79100363P750_3,2,2_79100363,Samford,-110,1.90909091,1.90,10/11,7.5,Samford,Team,True,7499,"['ProgressiveParlayTeamEligible', 'MainPointLine', 'SGP']","[{'id': '42759', 'name': 'Samford', 'type': 'Team'}]",Madness Props,Spread
0HC79100363N750_1,2,2_79100363,George Mason,-110,1.90909091,1.90,10/11,-7.5,George Mason,Team,True,7501,"['ProgressiveParlayTeamEligible', 'MainPointLine', 'SGP']","[{'id': '41752', 'name': 'George Mason', 'type': 'Team'}]",Madness Props,Spread
0OU79100363O14750_1,2,3_79100363,Over,-110,1.90909091,1.90,10/11,147.5,,Unknown,True,147500,"['ProgressiveParlayTeamEligible', 'MainPointLine', 'SGP']",Madness Props,Total
0OU79100363U14750_3,2,3_79100363,Under,-110,1.90909091,1.90,10/11,147.5,,Unknown,True,147502,"['ProgressiveParlayTeamEligible', 'MainPointLine', 'SGP']",Madness Props,Total
0ML79100363_3,2,1_79100363,Samford,+270,3.7,3.70,27/10,Samford,Team,True,1280025967,['SGP'],"[{'id': '42759', 'name': 'Samford', 'type': 'Team'}]",Madness Props,Moneyline
0ML79100363_1,2,1_79100363,George Mason,-340,1.29411765,1.29,5/17,George Mason,Team,True,1280027963,['SGP'],"[{'id': '41752', 'name': 'George Mason', 'type': 'Team'}]",Madness Props,Moneyline
0HC79100365P550_3,2,2_79100365,UAB,-115,1.86956522,1.86,20/23,5.5,UAB,Team,True,5499,"['ProgressiveParlayTeamEligible', 'MainPointLine', 'SGP']","[{'id': '42938', 'name': 'UAB', 'type': 'Team'}]",Madness Props,Spread
0HC79100365N550_1,2,2_79100365,Saint Josephs,-105,1.95238096,1.95,20/21,-5.5,Saint Josephs,Team,True,5501,"['ProgressiveParlayTeamEligible', 'MainPointLine', 'SGP']","[{'id': '42231', 'name': 'Saint Josephs', 'type': 'Team'}]",Madness Props,Spread
0OU79100365O15550_1,2,3_79100365,Over,-110,1.90909091,1.90,10/11,155.5,,Unknown,True,155500,"['ProgressiveParlayTeamEligible', 'MainPointLine', 'SGP']",Madness Props,Total
0OU79100365U15550_3,2,3_79100365,Under,-110,1.90909091,1.90,10/11,155.5,,Unknown,True,155502,"['ProgressiveParlayTeamEligible', 'MainPointLine', 'SGP']",Madness Props,Total
0ML79100365_3,2,1_79100365,UAB,+195,2.95,2.95,39/20,UAB,Team,True,1280025981,['SGP'],"[{'id': '42938', 'name': 'UAB', 'type': 'Team'}]",Madness Props,Moneyline
0ML79100365_1,2,1_79100365,Saint Josephs,-238,1.42016807,1.42,50/119,Saint Josephs,Team,True,1280027977,['SGP'],"[{'id': '42231', 'name': 'Saint Josephs', 'type': 'Team'}]",Madness Props,Moneyline
0HC79100362P100_3,2,2_79100362,Florida Atlantic,-115,1.86956522,1.86,20/23,1,Florida Atlantic,Team,True,999,"['ProgressiveParlayTeamEligible', 'MainPointLine', 'SGP']","[{'id': '44945', 'name': 'Florida Atlantic', 'type': 'Team'}]",Madness Props,Spread
0HC79100362N100_1,2,2_79100362,Dayton,-105,1.95238096,1.95,20/21,-1,Dayton,Team,True,1001,"['ProgressiveParlayTeamEligible', 'MainPointLine', 'SGP']","[{'id': '44880', 'name': 'Dayton', 'type': 'Team'}]",Madness Props,Spread
0OU79100362O15050_1,2,3_79100362,Over,-115,1.86956522,1.86,20/23,150.5,,Unknown,True,150500,"['ProgressiveParlayTeamEligible', 'MainPointLine', 'SGP']",Madness Props,Total
0OU79100362U15050_3,2,3_79100362,Under,-105,1.95238096,1.95,20/21,150.5,,Unknown,True,150502,"['ProgressiveParlayTeamEligible', 'MainPointLine', 'SGP']",Madness Props,Total
0ML79100362_3,2,1_79100362,Florida Atlantic,-102,1.98039216,1.98,50/51,Florida Atlantic,Team,True,1280025960,['SGP'],"[{'id': '44945', 'name': 'Florida Atlantic', 'type': 'Team'}]",Madness Props,Moneyline
0ML79100362_1,2,1_79100362,Dayton,-118,1.84745763,1.84,50/59,Dayton,Team,True,1280027956,['SGP'],"[{'id': '44880', 'name': 'Dayton', 'type': 'Team'}]",Madness Props,Moneyline
0HC79100364P850_3,2,2_79100364,Furman,-112,1.89285715,1.89,25/28,8.5,Furman,Team,True,8499,"['ProgressiveParlayTeamEligible', 'MainPointLine', 'SGP']","[{'id': '41709', 'name': 'Furman', 'type': 'Team'}]",Madness Props,Spread
0HC79100364N850_1,2,2_79100364,North Texas,-108,1.92592593,1.92,25/27,-8.5,North Texas,Team,True,8501,"['ProgressiveParlayTeamEligible', 'MainPointLine', 'SGP']","[{'id': '43192', 'name': 'North Texas', 'type': 'Team'}]",Madness Props,Spread
0OU79100364O13050_1,2,3_79100364,Over,-110,1.90909091,1.90,10/11,130.5,,Unknown,True,130500,"['ProgressiveParlayTeamEligible', 'MainPointLine', 'SGP']",Madness Props,Total
0OU79100364U13050_3,2,3_79100364,Under,-110,1.90909091,1.90,10/11,130.5,,Unknown,True,130502,"['ProgressiveParlayTeamEligible', 'MainPointLine', 'SGP']",Madness Props,Total
0ML79100364_3,2,1_79100364,Furman,+295,3.95,3.95,59/20,Furman,Team,True,1280025988,['SGP'],"[{'id': '41709', 'name': 'Furman', 'type': 'Team'}]",Madness Props,Moneyline
0ML79100364_1,2,1_79100364,North Texas,-375,1.26666667,1.26,4/15,North Texas,Team,True,1280027984,['SGP'],"[{'id': '43192', 'name': 'North Texas', 'type': 'Team'}]",Madness Props,Moneyline
0HC79100361P250_3,2,2_79100361,North Alabama,-108,1.92592593,1.92,25/27,2.5,North Alabama,Team,True,2499,"['ProgressiveParlayTeamEligible', 'MainPointLine', 'SGP']","[{'id': '42768', 'name': 'North Alabama', 'type': 'Team'}]",Madness Props,Spread
0HC79100361N250_1,2,2_79100361,Bradley,-112,1.89285715,1.89,25/28,-2.5,Bradley,Team,True,2501,"['ProgressiveParlayTeamEligible', 'MainPointLine', 'SGP']","[{'id': '45258', 'name': 'Bradley', 'type': 'Team'}]",Madness Props,Spread
0OU79100361O14550_1,2,3_79100361,Over,-108,1.92592593,1.92,25/27,145.5,,Unknown,True,145500,"['ProgressiveParlayTeamEligible', 'MainPointLine', 'SGP']",Madness Props,Total
0OU79100361U14550_3,2,3_79100361,Under,-112,1.89285715,1.89,25/28,145.5,,Unknown,True,145502,"['ProgressiveParlayTeamEligible', 'MainPointLine', 'SGP']",Madness Props,Total
0ML79100361_3,2,1_79100361,North Alabama,+124,2.24,2.24,31/25,North Alabama,Team,True,1280025974,['SGP'],"[{'id': '42768', 'name': 'North Alabama', 'type': 'Team'}]",Madness Props,Moneyline
0ML79100361_1,2,1_79100361,Bradley,-148,1.67567568,1.67,25/37,Bradley,Team,True,1280027970,['SGP'],"[{'id': '45258', 'name': 'Bradley', 'type': 'Team'}]",Madness Props,Moneyline
0HC79100368P1050_3,2,2_79100368,Northern Iowa,-115,1.86956522,1.86,20/23,10.5,Northern Iowa,Team,True,10499,"['ProgressiveParlayTeamEligible', 'MainPointLine', 'SGP']","[{'id': '43276', 'name': 'Northern Iowa', 'type': 'Team'}]",Madness Props,Spread
0HC79100368N1050_1,2,2_79100368,SMU,-105,1.95238096,1.95,20/21,-10.5,SMU,Team,True,10501,"['ProgressiveParlayTeamEligible', 'MainPointLine', 'SGP']","[{'id': '41637', 'name': 'SMU', 'type': 'Team'}]",Madness Props,Spread
0OU79100368O14550_1,2,3_79100368,Over,-115,1.86956522,1.86,20/23,145.5,,Unknown,True,145500,"['ProgressiveParlayTeamEligible', 'MainPointLine', 'SGP']",Madness Props,Total
0OU79100368U14550_3,2,3_79100368,Under,-105,1.95238096,1.95,20/21,145.5,,Unknown,True,145502,"['ProgressiveParlayTeamEligible', 'MainPointLine', 'SGP']",Madness Props,Total
0ML79100368_3,2,1_79100368,Northern Iowa,+440,5.4,5.40,22/5,Northern Iowa,Team,True,1280026016,['SGP'],"[{'id': '43276', 'name': 'Northern Iowa', 'type': 'Team'}]",Madness Props,Moneyline
0ML79100368_1,2,1_79100368,SMU,-600,1.16666667,1.16,1/6,SMU,Team,True,1280028006,['SGP'],"[{'id': '41637', 'name': 'SMU', 'type': 'Team'}]",Madness Props,Moneyline
0HC79092938N250_3,2,2_79092938,Xavier,-120,1.83333334,1.83,5/6,-2.5,Xavier,Team,True,-2501,"['ProgressiveParlayTeamEligible', 'MainPointLine', 'SGP']","[{'id': '44042', 'name': 'Xavier', 'type': 'Team'}]",Madness Props,Spread
0HC79092938P250_1,2,2_79092938,Texas,+100,2,2.00,1/1,2.5,Texas,Team,True,-2499,"['ProgressiveParlayTeamEligible', 'MainPointLine', 'SGP']","[{'id': '43429', 'name': 'Texas', 'type': 'Team'}]",Madness Props,Spread
0OU79092938O15150_1,2,3_79092938,Over,-110,1.90909091,1.90,10/11,151.5,,Unknown,True,151500,"['ProgressiveParlayTeamEligible', 'MainPointLine', 'SGP']",Madness Props,Total
0OU79092938U15150_3,2,3_79092938,Under,-110,1.90909091,1.90,10/11,151.5,,Unknown,True,151502,"['ProgressiveParlayTeamEligible', 'MainPointLine', 'SGP']",Madness Props,Total
0ML79092938_3,2,1_79092938,Xavier,-166,1.60240964,1.60,50/83,Xavier,Team,True,1279861060,['SGP'],"[{'id': '44042', 'name': 'Xavier', 'type': 'Team'}]",Madness Props,Moneyline
0ML79092938_1,2,1_79092938,Texas,+140,2.4,2.40,7/5,Texas,Team,True,1279863056,['SGP'],"[{'id': '43429', 'name': 'Texas', 'type': 'Team'}]",Madness Props,Moneyline
0HC79100367P750_3,2,2_79100367,Northern Colorado,-112,1.89285715,1.89,25/28,7.5,Northern Colorado,Team,True,7499,"['ProgressiveParlayTeamEligible', 'MainPointLine', 'SGP']","[{'id': '42600', 'name': 'Northern Colorado', 'type': 'Team'}]",Madness Props,Spread
0HC79100367N750_1,2,2_79100367,UC Irvine,-108,1.92592593,1.92,25/27,-7.5,UC Irvine,Team,True,7501,"['ProgressiveParlayTeamEligible', 'MainPointLine', 'SGP']","[{'id': '44593', 'name': 'UC Irvine', 'type': 'Team'}]",Madness Props,Spread
0OU79100367O15150_1,2,3_79100367,Over,-105,1.95238096,1.95,20/21,151.5,,Unknown,True,151500,"['ProgressiveParlayTeamEligible', 'MainPointLine', 'SGP']",Madness Props,Total
0OU79100367U15150_3,2,3_79100367,Under,-115,1.86956522,1.86,20/23,151.5,,Unknown,True,151502,"['ProgressiveParlayTeamEligible', 'MainPointLine', 'SGP']",Madness Props,Total
0ML79100367_3,2,1_79100367,Northern Colorado,+270,3.7,3.70,27/10,Northern Colorado,Team,True,1280026002,['SGP'],"[{'id': '42600', 'name': 'Northern Colorado', 'type': 'Team'}]",Madness Props,Moneyline
0ML79100367_1,2,1_79100367,UC Irvine,-340,1.29411765,1.29,5/17,UC Irvine,Team,True,1280027998,['SGP'],"[{'id': '44593', 'name': 'UC Irvine', 'type': 'Team'}]",Madness Props,Moneyline
0HC79100369P750_3,2,2_79100369,Utah Valley,-108,1.92592593,1.92,25/27,7.5,Utah Valley,Team,True,7499,"['ProgressiveParlayTeamEligible', 'MainPointLine', 'SGP']","[{'id': '44362', 'name': 'Utah Valley', 'type': 'Team'}]",Madness Props,Spread
0HC79100369N750_1,2,2_79100369,San Francisco,-112,1.89285715,1.89,25/28,-7.5,San Francisco,Team,True,7501,"['ProgressiveParlayTeamEligible', 'MainPointLine', 'SGP']","[{'id': '44575', 'name': 'San Francisco', 'type': 'Team'}]",Madness Props,Spread
0OU79100369O14650_1,2,3_79100369,Over,-105,1.95238096,1.95,20/21,146.5,,Unknown,True,146500,"['ProgressiveParlayTeamEligible', 'MainPointLine', 'SGP']",Madness Props,Total
0OU79100369U14650_3,2,3_79100369,Under,-115,1.86956522,1.86,20/23,146.5,,Unknown,True,146502,"['ProgressiveParlayTeamEligible', 'MainPointLine', 'SGP']",Madness Props,Total
0ML79100369_3,2,1_79100369,Utah Valley,+275,3.75,3.75,11/4,Utah Valley,Team,True,1280026011,['SGP'],"[{'id': '44362', 'name': 'Utah Valley', 'type': 'Team'}]",Madness Props,Moneyline
0ML79100369_1,2,1_79100369,San Francisco,-345,1.28985508,1.28,20/69,San Francisco,Team,True,1280028005,['SGP'],"[{'id': '44575', 'name': 'San Francisco', 'type': 'Team'}]",Madness Props,Moneyline
0HC79100366N250_3,2,2_79100366,Loyola Chicago,-118,1.84745763,1.84,50/59,-2.5,Loyola Chicago,Team,True,-2501,"['ProgressiveParlayTeamEligible', 'MainPointLine', 'SGP']","[{'id': '43985', 'name': 'Loyola Chicago', 'type': 'Team'}]",Madness Props,Spread
0HC79100366P250_1,2,2_79100366,San Jose State,-102,1.98039216,1.98,50/51,2.5,San Jose State,Team,True,-2499,"['ProgressiveParlayTeamEligible', 'MainPointLine', 'SGP']","[{'id': '41391', 'name': 'San Jose State', 'type': 'Team'}]",Madness Props,Spread
0OU79100366O14050_1,2,3_79100366,Over,-115,1.86956522,1.86,20/23,140.5,,Unknown,True,140500,"['ProgressiveParlayTeamEligible', 'MainPointLine', 'SGP']",Madness Props,Total
0OU79100366U14050_3,2,3_79100366,Under,-105,1.95238096,1.95,20/21,140.5,,Unknown,True,140502,"['ProgressiveParlayTeamEligible', 'MainPointLine', 'SGP']",Madness Props,Total
0ML79100366_3,2,1_79100366,Loyola Chicago,-142,1.70422536,1.70,50/71,Loyola Chicago,Team,True,1280025995,['SGP'],"[{'id': '43985', 'name': 'Loyola Chicago', 'type': 'Team'}]",Madness Props,Moneyline
0ML79100366_1,2,1_79100366,San Jose State,+120,2.2,2.20,6/5,San Jose State,Team,True,1280027991,['SGP'],"[{'id': '41391', 'name': 'San Jose State', 'type': 'Team'}]",Madness Props,Moneyline
0HC79092456P250_3,2,2_79092456,Creighton,-110,1.90909091,1.90,10/11,2.5,Creighton,Team,True,2499,"['ProgressiveParlayTeamEligible', 'MainPointLine', 'SGP']","[{'id': '43875', 'name': 'Creighton', 'type': 'Team'}]",Madness Props,Spread
0HC79092456N250_1,2,2_79092456,Louisville,-110,1.90909091,1.90,10/11,-2.5,Louisville,Team,True,2501,"['ProgressiveParlayTeamEligible', 'MainPointLine', 'SGP']","[{'id': '41477', 'name': 'Louisville', 'type': 'Team'}]",Madness Props,Spread
0OU79092456O14450_1,2,3_79092456,Over,-110,1.90909091,1.90,10/11,144.5,,Unknown,True,144500,"['ProgressiveParlayTeamEligible', 'MainPointLine', 'SGP']",Madness Props,Total
0OU79092456U14450_3,2,3_79092456,Under,-110,1.90909091,1.90,10/11,144.5,,Unknown,True,144502,"['ProgressiveParlayTeamEligible', 'MainPointLine', 'SGP']",Madness Props,Total
0ML79092456_3,2,1_79092456,Creighton,+120,2.2,2.20,6/5,Creighton,Team,True,1279851890,['SGP'],"[{'id': '43875', 'name': 'Creighton', 'type': 'Team'}]",Madness Props,Moneyline
0ML79092456_1,2,1_79092456,Louisville,-142,1.70422536,1.70,50/71,Louisville,Team,True,1279853886,['SGP'],"[{'id': '41477', 'name': 'Louisville', 'type': 'Team'}]",Madness Props,Moneyline
0HC79092925P750_3,2,2_79092925,High Point,-102,1.98039216,1.98,50/51,7.5,High Point,Team,True,7499,"['ProgressiveParlayTeamEligible', 'MainPointLine', 'SGP']","[{'id': '45137', 'name': 'High Point', 'type': 'Team'}]",Madness Props,Spread
0HC79092925N750_1,2,2_79092925,Purdue,-118,1.84745763,1.84,50/59,-7.5,Purdue,Team,True,7501,"['ProgressiveParlayTeamEligible', 'MainPointLine', 'SGP']","[{'id': '42127', 'name': 'Purdue', 'type': 'Team'}]",Madness Props,Spread
0OU79092925O15350_1,2,3_79092925,Over,-105,1.95238096,1.95,20/21,153.5,,Unknown,True,153500,"['ProgressiveParlayTeamEligible', 'MainPointLine', 'SGP']",Madness Props,Total
0OU79092925U15350_3,2,3_79092925,Under,-115,1.86956522,1.86,20/23,153.5,,Unknown,True,153502,"['ProgressiveParlayTeamEligible', 'MainPointLine', 'SGP']",Madness Props,Total
0ML79092925_3,2,1_79092925,High Point,+295,3.95,3.95,59/20,High Point,Team,True,1279860143,['SGP'],"[{'id': '45137', 'name': 'High Point', 'type': 'Team'}]",Madness Props,Moneyline
0ML79092925_1,2,1_79092925,Purdue,-375,1.26666667,1.26,4/15,Purdue,Team,True,1279862139,['SGP'],"[{'id': '42127', 'name': 'Purdue', 'type': 'Team'}]",Madness Props,Moneyline
0HC79092767P1750_3,2,2_79092767,Montana,-115,1.86956522,1.86,20/23,17.5,Montana,Team,True,17499,"['ProgressiveParlayTeamEligible', 'MainPointLine', 'SGP']","[{'id': '42575', 'name': 'Montana', 'type': 'Team'}]",Madness Props,Spread
0HC79092767N1750_1,2,2_79092767,Wisconsin,-105,1.95238096,1.95,20/21,-17.5,Wisconsin,Team,True,17501,"['ProgressiveParlayTeamEligible', 'MainPointLine', 'SGP']","[{'id': '43620', 'name': 'Wisconsin', 'type': 'Team'}]",Madness Props,Spread
0OU79092767O15250_1,2,3_79092767,Over,-105,1.95238096,1.95,20/21,152.5,,Unknown,True,152500,"['ProgressiveParlayTeamEligible', 'MainPointLine']",Madness Props,Total
0OU79092767U15250_3,2,3_79092767,Under,-115,1.86956522,1.86,20/23,152.5,,Unknown,True,152502,"['ProgressiveParlayTeamEligible', 'MainPointLine', 'SGP']",Madness Props,Total
0ML79092767_3,2,1_79092767,Montana,+1200,13,13.00,12/1,Montana,Team,True,1279858456,['SGP'],"[{'id': '42575', 'name': 'Montana', 'type': 'Team'}]",Madness Props,Moneyline
0ML79092767_1,2,1_79092767,Wisconsin,-2400,1.04166667,1.04,1/24,Wisconsin,Team,True,1279860452,['SGP'],"[{'id': '43620', 'name': 'Wisconsin', 'type': 'Team'}]",Madness Props,Moneyline
0HC79092890P2950_3,2,2_79092890,SIU Edwardsville,-115,1.86956522,1.86,20/23,29.5,SIU Edwardsville,Team,True,29499,"['ProgressiveParlayTeamEligible', 'MainPointLine', 'SGP']","[{'id': '43647', 'name': 'SIU Edwardsville', 'type': 'Team'}]",Madness Props,Spread
0HC79092890N2950_1,2,2_79092890,Houston,-105,1.95238096,1.95,20/21,-29.5,Houston,Team,True,29501,"['ProgressiveParlayTeamEligible', 'MainPointLine', 'SGP']","[{'id': '43043', 'name': 'Houston', 'type': 'Team'}]",Madness Props,Spread
0OU79092890O12650_1,2,3_79092890,Over,-108,1.92592593,1.92,25/27,126.5,,Unknown,True,126500,"['ProgressiveParlayTeamEligible', 'MainPointLine', 'SGP']",Madness Props,Total
0OU79092890U12650_3,2,3_79092890,Under,-112,1.89285715,1.89,25/28,126.5,,Unknown,True,126502,"['ProgressiveParlayTeamEligible', 'MainPointLine', 'SGP']",Madness Props,Total
0HC79092912P750_3,2,2_79092912,McNeese,-110,1.90909091,1.90,10/11,7.5,McNeese,Team,True,7499,"['ProgressiveParlayTeamEligible', 'MainPointLine', 'SGP']","[{'id': '41412', 'name': 'McNeese', 'type': 'Team'}]",Madness Props,Spread
0HC79092912N750_1,2,2_79092912,Clemson,-110,1.90909091,1.90,10/11,-7.5,Clemson,Team,True,7501,"['ProgressiveParlayTeamEligible', 'MainPointLine', 'SGP']","[{'id': '41619', 'name': 'Clemson', 'type': 'Team'}]",Madness Props,Spread
0OU79092912O13450_1,2,3_79092912,Over,-105,1.95238096,1.95,20/21,134.5,,Unknown,True,134500,"['ProgressiveParlayTeamEligible', 'MainPointLine', 'SGP']",Madness Props,Total
0OU79092912U13450_3,2,3_79092912,Under,-115,1.86956522,1.86,20/23,134.5,,Unknown,True,134502,"['ProgressiveParlayTeamEligible', 'MainPointLine', 'SGP']",Madness Props,Total
0ML79092912_3,2,1_79092912,McNeese,+275,3.75,3.75,11/4,McNeese,Team,True,1279860136,['SGP'],"[{'id': '41412', 'name': 'McNeese', 'type': 'Team'}]",Madness Props,Moneyline
0ML79092912_1,2,1_79092912,Clemson,-345,1.28985508,1.28,20/69,Clemson,Team,True,1279862132,['SGP'],"[{'id': '41619', 'name': 'Clemson', 'type': 'Team'}]",Madness Props,Moneyline
0HC79092766P250_3,2,2_79092766,VCU,-102,1.98039216,1.98,50/51,2.5,VCU,Team,True,2499,"['ProgressiveParlayTeamEligible', 'MainPointLine', 'SGP']","[{'id': '42328', 'name': 'VCU', 'type': 'Team'}]",Madness Props,Spread
0HC79092766N250_1,2,2_79092766,BYU,-118,1.84745763,1.84,50/59,-2.5,BYU,Team,True,2501,"['ProgressiveParlayTeamEligible', 'MainPointLine', 'SGP']","[{'id': '44811', 'name': 'BYU', 'type': 'Team'}]",Madness Props,Spread
0OU79092766O14650_1,2,3_79092766,Over,-105,1.95238096,1.95,20/21,146.5,,Unknown,True,146500,"['ProgressiveParlayTeamEligible', 'MainPointLine', 'SGP']",Madness Props,Total
0OU79092766U14650_3,2,3_79092766,Under,-115,1.86956522,1.86,20/23,146.5,,Unknown,True,146502,"['ProgressiveParlayTeamEligible', 'MainPointLine', 'SGP']",Madness Props,Total
0ML79092766_3,2,1_79092766,VCU,+130,2.3,2.30,13/10,VCU,Team,True,1279858449,['SGP'],"[{'id': '42328', 'name': 'VCU', 'type': 'Team'}]",Madness Props,Moneyline
0ML79092766_1,2,1_79092766,BYU,-155,1.6451613,1.64,20/31,BYU,Team,True,1279860445,['SGP'],"[{'id': '44811', 'name': 'BYU', 'type': 'Team'}]",Madness Props,Moneyline
0HC79093078P550_3,2,2_79093078,Georgia,-102,1.98039216,1.98,50/51,5.5,Georgia Bulldogs,Team,True,5499,"['ProgressiveParlayTeamEligible', 'MainPointLine', 'SGP']","[{'id': '42478', 'name': 'Georgia Bulldogs', 'type': 'Team'}]",Madness Props,Spread
0HC79093078N550_1,2,2_79093078,Gonzaga,-118,1.84745763,1.84,50/59,-5.5,Gonzaga,Team,True,5501,"['ProgressiveParlayTeamEligible', 'MainPointLine', 'SGP']","[{'id': '44154', 'name': 'Gonzaga', 'type': 'Team'}]",Madness Props,Spread
0OU79093078O15050_1,2,3_79093078,Over,-112,1.89285715,1.89,25/28,150.5,,Unknown,True,150500,"['ProgressiveParlayTeamEligible', 'MainPointLine', 'SGP']",Madness Props,Total
0OU79093078U15050_3,2,3_79093078,Under,-108,1.92592593,1.92,25/27,150.5,,Unknown,True,150502,"['ProgressiveParlayTeamEligible', 'MainPointLine', 'SGP']",Madness Props,Total
0ML79093078_3,2,1_79093078,Georgia,+215,3.15,3.15,43/20,Georgia Bulldogs,Team,True,1279863188,['SGP'],"[{'id': '42478', 'name': 'Georgia Bulldogs', 'type': 'Team'}]",Madness Props,Moneyline
0ML79093078_1,2,1_79093078,Gonzaga,-265,1.3773585,1.37,20/53,Gonzaga,Team,True,1279865184,['SGP'],"[{'id': '44154', 'name': 'Gonzaga', 'type': 'Team'}]",Madness Props,Moneyline
0HC79092949P1850_3,2,2_79092949,Wofford,-108,1.92592593,1.92,25/27,18.5,Wofford,Team,True,18499,"['ProgressiveParlayTeamEligible', 'MainPointLine', 'SGP']","[{'id': '42442', 'name': 'Wofford', 'type': 'Team'}]",Madness Props,Spread
0HC79092949N1850_1,2,2_79092949,Tennessee,-112,1.89285715,1.89,25/28,-18.5,Tennessee,Team,True,18501,"['ProgressiveParlayTeamEligible', 'MainPointLine', 'SGP']","[{'id': '42305', 'name': 'Tennessee', 'type': 'Team'}]",Madness Props,Spread
0OU79092949O13250_1,2,3_79092949,Over,-115,1.86956522,1.86,20/23,132.5,,Unknown,True,132500,"['ProgressiveParlayTeamEligible', 'MainPointLine', 'SGP']",Madness Props,Total
0OU79092949U13250_3,2,3_79092949,Under,-105,1.95238096,1.95,20/21,132.5,,Unknown,True,132502,"['ProgressiveParlayTeamEligible', 'MainPointLine', 'SGP']",Madness Props,Total
0ML79092949_3,2,1_79092949,Wofford,+1500,16,16.00,15/1,Wofford,Team,True,1279861137,['SGP'],"[{'id': '42442', 'name': 'Wofford', 'type': 'Team'}]",Madness Props,Moneyline
0ML79092949_1,2,1_79092949,Tennessee,-3600,1.02777778,1.02,1/36,Tennessee,Team,True,1279863133,['SGP'],"[{'id': '42305', 'name': 'Tennessee', 'type': 'Team'}]",Madness Props,Moneyline
0HC79092964P450_3,2,2_79092964,Arkansas,-110,1.90909091,1.90,10/11,4.5,Arkansas,Team,True,4499,"['ProgressiveParlayTeamEligible', 'MainPointLine', 'SGP']","[{'id': '42107', 'name': 'Arkansas', 'type': 'Team'}]",Madness Props,Spread
0HC79092964N450_1,2,2_79092964,Kansas,-110,1.90909091,1.90,10/11,-4.5,Kansas,Team,True,4501,"['ProgressiveParlayTeamEligible', 'MainPointLine', 'SGP']","[{'id': '41920', 'name': 'Kansas', 'type': 'Team'}]",Madness Props,Spread
0OU79092964O14550_1,2,3_79092964,Over,-115,1.86956522,1.86,20/23,145.5,,Unknown,True,145500,"['ProgressiveParlayTeamEligible', 'MainPointLine', 'SGP']",Madness Props,Total
0OU79092964U14550_3,2,3_79092964,Under,-105,1.95238096,1.95,20/21,145.5,,Unknown,True,145502,"['ProgressiveParlayTeamEligible', 'MainPointLine', 'SGP']",Madness Props,Total
0ML79092964_3,2,1_79092964,Arkansas,+164,2.64,2.64,41/25,Arkansas,Team,True,1279861242,['SGP'],"[{'id': '42107', 'name': 'Arkansas', 'type': 'Team'}]",Madness Props,Moneyline
0ML79092964_1,2,1_79092964,Kansas,-198,1.50505051,1.50,50/99,Kansas,Team,True,1279863238,['SGP'],"[{'id': '41920', 'name': 'Kansas', 'type': 'Team'}]",Madness Props,Moneyline
0HC79092474P750_3,2,2_79092474,Yale,-115,1.86956522,1.86,20/23,7.5,Yale,Team,True,7499,"['ProgressiveParlayTeamEligible', 'MainPointLine', 'SGP']","[{'id': '42873', 'name': 'Yale', 'type': 'Team'}]",Madness Props,Spread
0HC79092474N750_1,2,2_79092474,Texas A&M,-105,1.95238096,1.95,20/21,-7.5,Texas A&M,Team,True,7501,"['ProgressiveParlayTeamEligible', 'MainPointLine', 'SGP']","[{'id': '44866', 'name': 'Texas A&M', 'type': 'Team'}]",Madness Props,Spread
0OU79092474O13950_1,2,3_79092474,Over,-115,1.86956522,1.86,20/23,139.5,,Unknown,True,139500,"['ProgressiveParlayTeamEligible', 'MainPointLine', 'SGP']",Madness Props,Total
0OU79092474U13950_3,2,3_79092474,Under,-105,1.95238096,1.95,20/21,139.5,,Unknown,True,139502,"['ProgressiveParlayTeamEligible', 'MainPointLine', 'SGP']",Madness Props,Total
0ML79092474_3,2,1_79092474,Yale,+260,3.6,3.60,13/5,Yale,Team,True,1279852093,['SGP'],"[{'id': '42873', 'name': 'Yale', 'type': 'Team'}]",Madness Props,Moneyline
0ML79092474_1,2,1_79092474,Texas A&M,-325,1.30769231,1.30,4/13,Texas A&M,Team,True,1279854089,['SGP'],"[{'id': '44866', 'name': 'Texas A&M', 'type': 'Team'}]",Madness Props,Moneyline
0HC79092959P650_3,2,2_79092959,Drake,-112,1.89285715,1.89,25/28,6.5,Drake,Team,True,6499,"['ProgressiveParlayTeamEligible', 'MainPointLine', 'SGP']","[{'id': '41573', 'name': 'Drake', 'type': 'Team'}]",Madness Props,Spread
0HC79092959N650_1,2,2_79092959,Missouri,-108,1.92592593,1.92,25/27,-6.5,Missouri,Team,True,6501,"['ProgressiveParlayTeamEligible', 'MainPointLine', 'SGP']","[{'id': '43114', 'name': 'Missouri', 'type': 'Team'}]",Madness Props,Spread
0OU79092959O13250_1,2,3_79092959,Over,-108,1.92592593,1.92,25/27,132.5,,Unknown,True,132500,"['ProgressiveParlayTeamEligible', 'MainPointLine', 'SGP']",Madness Props,Total
0OU79092959U13250_3,2,3_79092959,Under,-112,1.89285715,1.89,25/28,132.5,,Unknown,True,132502,"['ProgressiveParlayTeamEligible', 'MainPointLine', 'SGP']",Madness Props,Total
0ML79092959_3,2,1_79092959,Drake,+220,3.2,3.20,11/5,Drake,Team,True,1279861207,['SGP'],"[{'id': '41573', 'name': 'Drake', 'type': 'Team'}]",Madness Props,Moneyline
0ML79092959_1,2,1_79092959,Missouri,-270,1.37037038,1.37,10/27,Missouri,Team,True,1279863203,['SGP'],"[{'id': '43114', 'name': 'Missouri', 'type': 'Team'}]",Madness Props,Moneyline
0HC79092948P550_3,2,2_79092948,Utah State,-112,1.89285715,1.89,25/28,5.5,Utah State,Team,True,5499,"['ProgressiveParlayTeamEligible', 'MainPointLine', 'SGP']","[{'id': '44224', 'name': 'Utah State', 'type': 'Team'}]",Madness Props,Spread
0HC79092948N550_1,2,2_79092948,UCLA,-108,1.92592593,1.92,25/27,-5.5,UCLA,Team,True,5501,"['ProgressiveParlayTeamEligible', 'MainPointLine', 'SGP']","[{'id': '44331', 'name': 'UCLA', 'type': 'Team'}]",Madness Props,Spread
0OU79092948O14350_1,2,3_79092948,Over,-115,1.86956522,1.86,20/23,143.5,,Unknown,True,143500,"['ProgressiveParlayTeamEligible', 'MainPointLine', 'SGP']",Madness Props,Total
0OU79092948U14350_3,2,3_79092948,Under,-105,1.95238096,1.95,20/21,143.5,,Unknown,True,143502,"['ProgressiveParlayTeamEligible', 'MainPointLine', 'SGP']",Madness Props,Total
0ML79092948_3,2,1_79092948,Utah State,+190,2.9,2.90,19/10,Utah State,Team,True,1279861130,['SGP'],"[{'id': '44224', 'name': 'Utah State', 'type': 'Team'}]",Madness Props,Moneyline
0ML79092948_1,2,1_79092948,UCLA,-230,1.43478261,1.43,10/23,UCLA,Team,True,1279863126,['SGP'],"[{'id': '44331', 'name': 'UCLA', 'type': 'Team'}]",Madness Props,Moneyline
0HC79092965P1850_3,2,2_79092965,Omaha,-108,1.92592593,1.92,25/27,18.5,Omaha,Team,True,18499,"['ProgressiveParlayTeamEligible', 'MainPointLine', 'SGP']","[{'id': '43093', 'name': 'Omaha', 'type': 'Team'}]",Madness Props,Spread
0HC79092965N1850_1,2,2_79092965,St. Johns,-112,1.89285715,1.89,25/28,-18.5,St. Johns,Team,True,18501,"['ProgressiveParlayTeamEligible', 'MainPointLine', 'SGP']","[{'id': '41392', 'name': 'St. Johns', 'type': 'Team'}]",Madness Props,Spread
0OU79092965O14750_1,2,3_79092965,Over,-115,1.86956522,1.86,20/23,147.5,,Unknown,True,147500,"['ProgressiveParlayTeamEligible', 'MainPointLine', 'SGP']",Madness Props,Total
0OU79092965U14750_3,2,3_79092965,Under,-105,1.95238096,1.95,20/21,147.5,,Unknown,True,147502,"['ProgressiveParlayTeamEligible', 'MainPointLine', 'SGP']",Madness Props,Total
0ML79092965_3,2,1_79092965,Omaha,+1500,16,16.00,15/1,Omaha,Team,True,1279861249,['SGP'],"[{'id': '43093', 'name': 'Omaha', 'type': 'Team'}]",Madness Props,Moneyline
0ML79092965_1,2,1_79092965,St. Johns,-3600,1.02777778,1.02,1/36,St. Johns,Team,True,1279863245,['SGP'],"[{'id': '41392', 'name': 'St. Johns', 'type': 'Team'}]",Madness Props,Moneyline
0HC79092459P250_3,2,2_79092459,UC San Diego,-108,1.92592593,1.92,25/27,2.5,UC San Diego,Team,True,2499,"['ProgressiveParlayTeamEligible', 'MainPointLine', 'SGP']","[{'id': '302038', 'name': 'UC San Diego', 'type': 'Team'}]",Madness Props,Spread
0HC79092459N250_1,2,2_79092459,Michigan,-112,1.89285715,1.89,25/28,-2.5,Michigan,Team,True,2501,"['ProgressiveParlayTeamEligible', 'MainPointLine', 'SGP']","[{'id': '43956', 'name': 'Michigan', 'type': 'Team'}]",Madness Props,Spread
0OU79092459O14250_1,2,3_79092459,Over,-108,1.92592593,1.92,25/27,142.5,,Unknown,True,142500,"['ProgressiveParlayTeamEligible', 'MainPointLine', 'SGP']",Madness Props,Total
0OU79092459U14250_3,2,3_79092459,Under,-112,1.89285715,1.89,25/28,142.5,,Unknown,True,142502,"['ProgressiveParlayTeamEligible', 'MainPointLine', 'SGP']",Madness Props,Total
0ML79092459_3,2,1_79092459,UC San Diego,+124,2.24,2.24,31/25,UC San Diego,Team,True,1279851932,['SGP'],"[{'id': '302038', 'name': 'UC San Diego', 'type': 'Team'}]",Madness Props,Moneyline
0ML79092459_1,2,1_79092459,Michigan,-148,1.67567568,1.67,25/37,Michigan,Team,True,1279853928,['SGP'],"[{'id': '43956', 'name': 'Michigan', 'type': 'Team'}]",Madness Props,Moneyline
0HC79092963P1550_3,2,2_79092963,UNC Wilmington,-108,1.92592593,1.92,25/27,15.5,UNC Wilmington,Team,True,15499,"['ProgressiveParlayTeamEligible', 'MainPointLine', 'SGP']","[{'id': '42593', 'name': 'UNC Wilmington', 'type': 'Team'}]",Madness Props,Spread
0HC79092963N1550_1,2,2_79092963,Texas Tech,-112,1.89285715,1.89,25/28,-15.5,Texas Tech,Team,True,15501,"['ProgressiveParlayTeamEligible', 'MainPointLine', 'SGP']","[{'id': '42835', 'name': 'Texas Tech', 'type': 'Team'}]",Madness Props,Spread
0OU79092963O14350_1,2,3_79092963,Over,-112,1.89285715,1.89,25/28,143.5,,Unknown,True,143500,"['ProgressiveParlayTeamEligible', 'MainPointLine', 'SGP']",Madness Props,Total
0OU79092963U14350_3,2,3_79092963,Under,-108,1.92592593,1.92,25/27,143.5,,Unknown,True,143502,"['ProgressiveParlayTeamEligible', 'MainPointLine', 'SGP']",Madness Props,Total
0ML79092963_3,2,1_79092963,UNC Wilmington,+1000,11,11.00,10/1,UNC Wilmington,Team,True,1279861235,['SGP'],"[{'id': '42593', 'name': 'UNC Wilmington', 'type': 'Team'}]",Madness Props,Moneyline
0ML79092963_1,2,1_79092963,Texas Tech,-1800,1.05555556,1.05,1/18,Texas Tech,Team,True,1279863231,['SGP'],"[{'id': '42835', 'name': 'Texas Tech', 'type': 'Team'}]",Madness Props,Moneyline
0HC79092703P100_3,2,2_79092703,Baylor,-108,1.92592593,1.92,25/27,1,Baylor,Team,True,999,"['ProgressiveParlayTeamEligible', 'MainPointLine', 'SGP']","[{'id': '44466', 'name': 'Baylor', 'type': 'Team'}]",Madness Props,Spread
0HC79092703N100_1,2,2_79092703,Mississippi State,-112,1.89285715,1.89,25/28,-1,Mississippi State,Team,True,1001,"['ProgressiveParlayTeamEligible', 'MainPointLine', 'SGP']","[{'id': '42185', 'name': 'Mississippi State', 'type': 'Team'}]",Madness Props,Spread
0OU79092703O14450_1,2,3_79092703,Over,-110,1.90909091,1.90,10/11,144.5,,Unknown,True,144500,"['ProgressiveParlayTeamEligible', 'MainPointLine', 'SGP']",Madness Props,Total
0OU79092703U14450_3,2,3_79092703,Under,-110,1.90909091,1.90,10/11,144.5,,Unknown,True,144502,"['ProgressiveParlayTeamEligible', 'MainPointLine', 'SGP']",Madness Props,Total
0ML79092703_3,2,1_79092703,Baylor,+100,2,2.00,1/1,Baylor,Team,True,1279857126,['SGP'],"[{'id': '44466', 'name': 'Baylor', 'type': 'Team'}]",Madness Props,Moneyline
0ML79092703_1,2,1_79092703,Mississippi State,-120,1.83333334,1.83,5/6,Mississippi State,Team,True,1279859122,['SGP'],"[{'id': '42185', 'name': 'Mississippi State', 'type': 'Team'}]",Madness Props,Moneyline
0HC79092773P2350_3,2,2_79092773,Robert Morris,-115,1.86956522,1.86,20/23,23.5,Robert Morris,Team,True,23499,"['ProgressiveParlayTeamEligible', 'MainPointLine', 'SGP']","[{'id': '44588', 'name': 'Robert Morris', 'type': 'Team'}]",Madness Props,Spread
0HC79092773N2350_1,2,2_79092773,Alabama,-105,1.95238096,1.95,20/21,-23.5,Alabama,Team,True,23501,"['ProgressiveParlayTeamEligible', 'MainPointLine', 'SGP']","[{'id': '42858', 'name': 'Alabama', 'type': 'Team'}]",Madness Props,Spread
0OU79092773O16550_1,2,3_79092773,Over,-108,1.92592593,1.92,25/27,165.5,,Unknown,True,165500,"['ProgressiveParlayTeamEligible', 'MainPointLine', 'SGP']",Madness Props,Total
0OU79092773U16550_3,2,3_79092773,Under,-112,1.89285715,1.89,25/28,165.5,,Unknown,True,165502,"['ProgressiveParlayTeamEligible', 'MainPointLine', 'SGP']",Madness Props,Total
0ML79092773_3,2,1_79092773,Robert Morris,+1800,19,19.00,18/1,Robert Morris,Team,True,1279858596,['SGP'],"[{'id': '44588', 'name': 'Robert Morris', 'type': 'Team'}]",Madness Props,Moneyline
0ML79092773_1,2,1_79092773,Alabama,-5000,1.02,1.02,1/50,Alabama,Team,True,1279860592,['SGP'],"[{'id': '42858', 'name': 'Alabama', 'type': 'Team'}]",Madness Props,Moneyline
0HC79092479P1450_3,2,2_79092479,Lipscomb,-102,1.98039216,1.98,50/51,14.5,Lipscomb,Team,True,14499,"['ProgressiveParlayTeamEligible', 'MainPointLine', 'SGP']","[{'id': '43785', 'name': 'Lipscomb', 'type': 'Team'}]",Madness Props,Spread
0HC79092479N1450_1,2,2_79092479,Iowa State,-118,1.84745763,1.84,50/59,-14.5,Iowa State,Team,True,14501,"['ProgressiveParlayTeamEligible', 'MainPointLine', 'SGP']","[{'id': '42961', 'name': 'Iowa State', 'type': 'Team'}]",Madness Props,Spread
0OU79092479O14350_1,2,3_79092479,Over,-105,1.95238096,1.95,20/21,143.5,,Unknown,True,143500,"['ProgressiveParlayTeamEligible', 'MainPointLine', 'SGP']",Madness Props,Total
0OU79092479U14350_3,2,3_79092479,Under,-115,1.86956522,1.86,20/23,143.5,,Unknown,True,143502,"['ProgressiveParlayTeamEligible', 'MainPointLine', 'SGP']",Madness Props,Total
0ML79092479_3,2,1_79092479,Lipscomb,+900,10,10.00,9/1,Lipscomb,Team,True,1279852128,['SGP'],"[{'id': '43785', 'name': 'Lipscomb', 'type': 'Team'}]",Madness Props,Moneyline
0ML79092479_1,2,1_79092479,Iowa State,-1600,1.0625,1.06,1/16,Iowa State,Team,True,1279854124,['SGP'],"[{'id': '42961', 'name': 'Iowa State', 'type': 'Team'}]",Madness Props,Moneyline
0HC79092954N150_3,2,2_79092954,Colorado State,-118,1.84745763,1.84,50/59,-1.5,Colorado State,Team,True,-1501,"['ProgressiveParlayTeamEligible', 'MainPointLine', 'SGP']","[{'id': '45374', 'name': 'Colorado State', 'type': 'Team'}]",Madness Props,Spread
0HC79092954P150_1,2,2_79092954,Memphis,-102,1.98039216,1.98,50/51,1.5,Memphis,Team,True,-1499,"['ProgressiveParlayTeamEligible', 'MainPointLine', 'SGP']","[{'id': '43053', 'name': 'Memphis', 'type': 'Team'}]",Madness Props,Spread
0OU79092954O14750_1,2,3_79092954,Over,-110,1.90909091,1.90,10/11,147.5,,Unknown,True,147500,"['ProgressiveParlayTeamEligible', 'MainPointLine', 'SGP']",Madness Props,Total
0OU79092954U14750_3,2,3_79092954,Under,-110,1.90909091,1.90,10/11,147.5,,Unknown,True,147502,"['ProgressiveParlayTeamEligible', 'MainPointLine', 'SGP']",Madness Props,Total
0ML79092954_3,2,1_79092954,Colorado State,-135,1.74074075,1.74,20/27,Colorado State,Team,True,1279861172,['SGP'],"[{'id': '45374', 'name': 'Colorado State', 'type': 'Team'}]",Madness Props,Moneyline
0ML79092954_1,2,1_79092954,Memphis,+114,2.14,2.14,57/50,Memphis,Team,True,1279863168,['SGP'],"[{'id': '43053', 'name': 'Memphis', 'type': 'Team'}]",Madness Props,Moneyline
0HC79092772P450_3,2,2_79092772,Vanderbilt,-115,1.86956522,1.86,20/23,4.5,Vanderbilt,Team,True,4499,"['ProgressiveParlayTeamEligible', 'MainPointLine', 'SGP']","[{'id': '44513', 'name': 'Vanderbilt', 'type': 'Team'}]",Madness Props,Spread
0HC79092772N450_1,2,2_79092772,Saint Marys,-105,1.95238096,1.95,20/21,-4.5,Saint Marys,Team,True,4501,"['ProgressiveParlayTeamEligible', 'MainPointLine', 'SGP']","[{'id': '41405', 'name': 'Saint Marys', 'type': 'Team'}]",Madness Props,Spread
0OU79092772O13650_1,2,3_79092772,Over,-108,1.92592593,1.92,25/27,136.5,,Unknown,True,136500,"['ProgressiveParlayTeamEligible', 'MainPointLine', 'SGP']",Madness Props,Total
0OU79092772U13650_3,2,3_79092772,Under,-112,1.89285715,1.89,25/28,136.5,,Unknown,True,136502,"['ProgressiveParlayTeamEligible', 'MainPointLine', 'SGP']",Madness Props,Total
0ML79092772_3,2,1_79092772,Vanderbilt,+160,2.6,2.60,8/5,Vanderbilt,Team,True,1279858589,['SGP'],"[{'id': '44513', 'name': 'Vanderbilt', 'type': 'Team'}]",Madness Props,Moneyline
0ML79092772_1,2,1_79092772,Saint Marys,-192,1.52083334,1.52,25/48,Saint Marys,Team,True,1279860585,['SGP'],"[{'id': '41405', 'name': 'Saint Marys', 'type': 'Team'}]",Madness Props,Moneyline
0HC79111741P150_3,2,2_79111741,North Carolina,-110,1.90909091,1.90,10/11,1.5,North Carolina,Team,True,1499,"['ProgressiveParlayTeamEligible', 'MainPointLine', 'SGP']","[{'id': '42450', 'name': 'North Carolina', 'type': 'Team'}]",Madness Props,Spread
0HC79111741N150_1,2,2_79111741,Ole Miss,-110,1.90909091,1.90,10/11,-1.5,Ole Miss,Team,True,1501,"['ProgressiveParlayTeamEligible', 'MainPointLine', 'SGP']","[{'id': '43121', 'name': 'Ole Miss', 'type': 'Team'}]",Madness Props,Spread
0OU79111741O15250_1,2,3_79111741,Over,-110,1.90909091,1.90,10/11,152.5,,Unknown,True,152500,"['ProgressiveParlayTeamEligible', 'MainPointLine', 'SGP']",Madness Props,Total
0OU79111741U15250_3,2,3_79111741,Under,-110,1.90909091,1.90,10/11,152.5,,Unknown,True,152502,"['ProgressiveParlayTeamEligible', 'MainPointLine', 'SGP']",Madness Props,Total
0ML79111741_3,2,1_79111741,North Carolina,+105,2.05,2.05,21/20,North Carolina,Team,True,1280260180,['SGP'],"[{'id': '42450', 'name': 'North Carolina', 'type': 'Team'}]",Madness Props,Moneyline
0ML79111741_1,2,1_79111741,Ole Miss,-125,1.8,1.80,4/5,Ole Miss,Team,True,1280262176,['SGP'],"[{'id': '43121', 'name': 'Ole Miss', 'type': 'Team'}]",Madness Props,Moneyline
0HC79111740P350_3,2,2_79111740,San Diego State,-110,1.90909091,1.90,10/11,3.5,San Diego State,Team,True,3499,"['ProgressiveParlayTeamEligible', 'MainPointLine', 'SGP']","[{'id': '44675', 'name': 'San Diego State', 'type': 'Team'}]",Madness Props,Spread
0HC79111740N350_1,2,2_79111740,Ole Miss,-110,1.90909091,1.90,10/11,-3.5,Ole Miss,Team,True,3501,"['ProgressiveParlayTeamEligible', 'MainPointLine', 'SGP']","[{'id': '43121', 'name': 'Ole Miss', 'type': 'Team'}]",Madness Props,Spread
0OU79111740O13550_1,2,3_79111740,Over,-110,1.90909091,1.90,10/11,135.5,,Unknown,True,135500,"['ProgressiveParlayTeamEligible', 'MainPointLine', 'SGP']",Madness Props,Total
0OU79111740U13550_3,2,3_79111740,Under,-110,1.90909091,1.90,10/11,135.5,,Unknown,True,135502,"['ProgressiveParlayTeamEligible', 'MainPointLine', 'SGP']",Madness Props,Total
0ML79111740_3,2,1_79111740,San Diego State,+150,2.5,2.50,6/4,San Diego State,Team,True,1280260173,['SGP'],"[{'id': '44675', 'name': 'San Diego State', 'type': 'Team'}]",Madness Props,Moneyline
0ML79111740_1,2,1_79111740,Ole Miss,-180,1.55555556,1.55,5/9,Ole Miss,Team,True,1280262169,['SGP'],"[{'id': '43121', 'name': 'Ole Miss', 'type': 'Team'}]",Madness Props,Moneyline
0HC79092960P1050_3,2,2_79092960,Grand Canyon,-115,1.86956522,1.86,20/23,10.5,Grand Canyon,Team,True,10499,"['ProgressiveParlayTeamEligible', 'MainPointLine', 'SGP']","[{'id': '43744', 'name': 'Grand Canyon', 'type': 'Team'}]",Madness Props,Spread
0HC79092960N1050_1,2,2_79092960,Maryland,-105,1.95238096,1.95,20/21,-10.5,Maryland,Team,True,10501,"['ProgressiveParlayTeamEligible', 'MainPointLine', 'SGP']","[{'id': '42635', 'name': 'Maryland', 'type': 'Team'}]",Madness Props,Spread
0OU79092960O15050_1,2,3_79092960,Over,-105,1.95238096,1.95,20/21,150.5,,Unknown,True,150500,"['ProgressiveParlayTeamEligible', 'MainPointLine', 'SGP']",Madness Props,Total
0OU79092960U15050_3,2,3_79092960,Under,-115,1.86956522,1.86,20/23,150.5,,Unknown,True,150502,"['ProgressiveParlayTeamEligible', 'MainPointLine', 'SGP']",Madness Props,Total
0ML79092960_3,2,1_79092960,Grand Canyon,+425,5.25,5.25,17/4,Grand Canyon,Team,True,1279861214,['SGP'],"[{'id': '43744', 'name': 'Grand Canyon', 'type': 'Team'}]",Madness Props,Moneyline
0ML79092960_1,2,1_79092960,Maryland,-575,1.17391305,1.17,4/23,Maryland,Team,True,1279863210,['SGP'],"[{'id': '42635', 'name': 'Maryland', 'type': 'Team'}]",Madness Props,Moneyline
0HC79092952P2850_3,2,2_79092952,Norfolk State,-110,1.90909091,1.90,10/11,28.5,Norfolk State,Team,True,28499,"['ProgressiveParlayTeamEligible', 'MainPointLine', 'SGP']","[{'id': '43965', 'name': 'Norfolk State', 'type': 'Team'}]",Madness Props,Spread
0HC79092952N2850_1,2,2_79092952,Florida,-110,1.90909091,1.90,10/11,-28.5,Florida,Team,True,28501,"['ProgressiveParlayTeamEligible', 'MainPointLine', 'SGP']","[{'id': '44135', 'name': 'Florida', 'type': 'Team'}]",Madness Props,Spread
0OU79092952O15350_1,2,3_79092952,Over,-115,1.86956522,1.86,20/23,153.5,,Unknown,True,153500,"['ProgressiveParlayTeamEligible', 'MainPointLine', 'SGP']",Madness Props,Total
0OU79092952U15350_3,2,3_79092952,Under,-105,1.95238096,1.95,20/21,153.5,,Unknown,True,153502,"['ProgressiveParlayTeamEligible', 'MainPointLine', 'SGP']",Madness Props,Total
0ML79092952_3,2,1_79092952,Norfolk State,+2500,26,26.00,25/1,Norfolk State,Team,True,1279861158,['SGP'],"[{'id': '43965', 'name': 'Norfolk State', 'type': 'Team'}]",Madness Props,Moneyline
0ML79092952_1,2,1_79092952,Florida,-9000,1.01111112,1.01,1/90,Florida,Team,True,1279863154,['SGP'],"[{'id': '44135', 'name': 'Florida', 'type': 'Team'}]",Madness Props,Moneyline
0HC79092941P1150_3,2,2_79092941,Troy,-115,1.86956522,1.86,20/23,11.5,Troy,Team,True,11499,"['ProgressiveParlayTeamEligible', 'MainPointLine', 'SGP']","[{'id': '43481', 'name': 'Troy', 'type': 'Team'}]",Madness Props,Spread
0HC79092941N1150_1,2,2_79092941,Kentucky,-105,1.95238096,1.95,20/21,-11.5,Kentucky,Team,True,11501,"['ProgressiveParlayTeamEligible', 'MainPointLine', 'SGP']","[{'id': '44542', 'name': 'Kentucky', 'type': 'Team'}]",Madness Props,Spread
0OU79092941O15250_1,2,3_79092941,Over,-105,1.95238096,1.95,20/21,152.5,,Unknown,True,152500,"['ProgressiveParlayTeamEligible', 'MainPointLine', 'SGP']",Madness Props,Total
0OU79092941U15250_3,2,3_79092941,Under,-115,1.86956522,1.86,20/23,152.5,,Unknown,True,152502,"['ProgressiveParlayTeamEligible', 'MainPointLine', 'SGP']",Madness Props,Total
0ML79092941_3,2,1_79092941,Troy,+550,6.5,6.50,11/2,Troy,Team,True,1279861081,['SGP'],"[{'id': '43481', 'name': 'Troy', 'type': 'Team'}]",Madness Props,Moneyline
0ML79092941_1,2,1_79092941,Kentucky,-800,1.125,1.12,1/8,Kentucky,Team,True,1279863077,['SGP'],"[{'id': '44542', 'name': 'Kentucky', 'type': 'Team'}]",Madness Props,Moneyline
0HC79092502P350_3,2,2_79092502,New Mexico,-105,1.95238096,1.95,20/21,3.5,New Mexico,Team,True,3499,"['ProgressiveParlayTeamEligible', 'MainPointLine', 'SGP']","[{'id': '44215', 'name': 'New Mexico', 'type': 'Team'}]",Madness Props,Spread
0HC79092502N350_1,2,2_79092502,Marquette,-115,1.86956522,1.86,20/23,-3.5,Marquette,Team,True,3501,"['ProgressiveParlayTeamEligible', 'MainPointLine', 'SGP']","[{'id': '44018', 'name': 'Marquette', 'type': 'Team'}]",Madness Props,Spread
0OU79092502O15350_1,2,3_79092502,Over,-108,1.92592593,1.92,25/27,153.5,,Unknown,True,153500,"['ProgressiveParlayTeamEligible', 'MainPointLine', 'SGP']",Madness Props,Total
0OU79092502U15350_3,2,3_79092502,Under,-112,1.89285715,1.89,25/28,153.5,,Unknown,True,153502,"['ProgressiveParlayTeamEligible', 'MainPointLine', 'SGP']",Madness Props,Total
0ML79092502_3,2,1_79092502,New Mexico,+145,2.45,2.45,29/20,New Mexico,Team,True,1279852583,['SGP'],"[{'id': '44215', 'name': 'New Mexico', 'type': 'Team'}]",Madness Props,Moneyline
0ML79092502_1,2,1_79092502,Marquette,-175,1.57142858,1.57,4/7,Marquette,Team,True,1279854579,['SGP'],"[{'id': '44018', 'name': 'Marquette', 'type': 'Team'}]",Madness Props,Moneyline
0HC79092765P1350_3,2,2_79092765,Akron,-102,1.98039216,1.98,50/51,13.5,Akron,Team,True,13499,"['ProgressiveParlayTeamEligible', 'MainPointLine', 'SGP']","[{'id': '41425', 'name': 'Akron', 'type': 'Team'}]",Madness Props,Spread
0HC79092765N1350_1,2,2_79092765,Arizona,-118,1.84745763,1.84,50/59,-13.5,Arizona,Team,True,13501,"['ProgressiveParlayTeamEligible', 'MainPointLine', 'SGP']","[{'id': '45351', 'name': 'Arizona', 'type': 'Team'}]",Madness Props,Spread
0OU79092765O16650_1,2,3_79092765,Over,-115,1.86956522,1.86,20/23,166.5,,Unknown,True,166500,"['ProgressiveParlayTeamEligible', 'MainPointLine', 'SGP']",Madness Props,Total
0OU79092765U16650_3,2,3_79092765,Under,-105,1.95238096,1.95,20/21,166.5,,Unknown,True,166502,"['ProgressiveParlayTeamEligible', 'MainPointLine', 'SGP']",Madness Props,Total
0ML79092765_3,2,1_79092765,Akron,+750,8.5,8.50,15/2,Akron,Team,True,1279858442,['SGP'],"[{'id': '41425', 'name': 'Akron', 'type': 'Team'}]",Madness Props,Moneyline
0ML79092765_1,2,1_79092765,Arizona,-1200,1.08333334,1.08,1/12,Arizona,Team,True,1279860438,['SGP'],"[{'id': '45351', 'name': 'Arizona', 'type': 'Team'}]",Madness Props,Moneyline
0HC79092953P550_3,2,2_79092953,Oklahoma,-110,1.90909091,1.90,10/11,5.5,Oklahoma,Team,True,5499,"['ProgressiveParlayTeamEligible', 'MainPointLine', 'SGP']","[{'id': '42537', 'name': 'Oklahoma', 'type': 'Team'}]",Madness Props,Spread
0HC79092953N550_1,2,2_79092953,UConn,-110,1.90909091,1.90,10/11,-5.5,UConn,Team,True,5501,"['ProgressiveParlayTeamEligible', 'MainPointLine', 'SGP']","[{'id': '41421', 'name': 'UConn', 'type': 'Team'}]",Madness Props,Spread
0OU79092953O14750_1,2,3_79092953,Over,-112,1.89285715,1.89,25/28,147.5,,Unknown,True,147500,"['ProgressiveParlayTeamEligible', 'MainPointLine', 'SGP']",Madness Props,Total
0OU79092953U14750_3,2,3_79092953,Under,-108,1.92592593,1.92,25/27,147.5,,Unknown,True,147502,"['ProgressiveParlayTeamEligible', 'MainPointLine', 'SGP']",Madness Props,Total
0ML79092953_3,2,1_79092953,Oklahoma,+190,2.9,2.90,19/10,Oklahoma,Team,True,1279861165,['SGP'],"[{'id': '42537', 'name': 'Oklahoma', 'type': 'Team'}]",Madness Props,Moneyline
0ML79092953_1,2,1_79092953,UConn,-230,1.43478261,1.43,10/23,UConn,Team,True,1279863161,['SGP'],"[{'id': '41421', 'name': 'UConn', 'type': 'Team'}]",Madness Props,Moneyline
0HC79092553P1750_3,2,2_79092553,Bryant,-115,1.86956522,1.86,20/23,17.5,Bryant,Team,True,17499,"['ProgressiveParlayTeamEligible', 'MainPointLine', 'SGP']","[{'id': '42187', 'name': 'Bryant', 'type': 'Team'}]",Madness Props,Spread
0HC79092553N1750_1,2,2_79092553,Michigan State,-105,1.95238096,1.95,20/21,-17.5,Michigan State,Team,True,17501,"['ProgressiveParlayTeamEligible', 'MainPointLine', 'SGP']","[{'id': '41925', 'name': 'Michigan State', 'type': 'Team'}]",Madness Props,Spread
0OU79092553O15250_1,2,3_79092553,Over,-110,1.90909091,1.90,10/11,152.5,,Unknown,True,152500,"['ProgressiveParlayTeamEligible', 'MainPointLine', 'SGP']",Madness Props,Total
0OU79092553U15250_3,2,3_79092553,Under,-110,1.90909091,1.90,10/11,152.5,,Unknown,True,152502,"['ProgressiveParlayTeamEligible', 'MainPointLine', 'SGP']",Madness Props,Total
0ML79092553_3,2,1_79092553,Bryant,+1200,13,13.00,12/1,Bryant,Team,True,1279853801,['SGP'],"[{'id': '42187', 'name': 'Bryant', 'type': 'Team'}]",Madness Props,Moneyline
0ML79092553_1,2,1_79092553,Michigan State,-2400,1.04166667,1.04,1/24,Michigan State,Team,True,1279855797,['SGP'],"[{'id': '41925', 'name': 'Michigan State', 'type': 'Team'}]",Madness Props,Moneyline
0HC79092744P750_3,2,2_79092744,Liberty,-115,1.86956522,1.86,20/23,7.5,Liberty,Team,True,7499,"['ProgressiveParlayTeamEligible', 'MainPointLine', 'SGP']","[{'id': '41459', 'name': 'Liberty', 'type': 'Team'}]",Madness Props,Spread
0HC79092744N750_1,2,2_79092744,Oregon,-105,1.95238096,1.95,20/21,-7.5,Oregon,Team,True,7501,"['ProgressiveParlayTeamEligible', 'MainPointLine', 'SGP']","[{'id': '44430', 'name': 'Oregon', 'type': 'Team'}]",Madness Props,Spread
0OU79092744O13950_1,2,3_79092744,Over,-108,1.92592593,1.92,25/27,139.5,,Unknown,True,139500,"['ProgressiveParlayTeamEligible', 'MainPointLine', 'SGP']",Madness Props,Total
0OU79092744U13950_3,2,3_79092744,Under,-112,1.89285715,1.89,25/28,139.5,,Unknown,True,139502,"['ProgressiveParlayTeamEligible', 'MainPointLine', 'SGP']",Madness Props,Total
0ML79092744_3,2,1_79092744,Liberty,+260,3.6,3.60,13/5,Liberty,Team,True,1279858001,['SGP'],"[{'id': '41459', 'name': 'Liberty', 'type': 'Team'}]",Madness Props,Moneyline
0ML79092744_1,2,1_79092744,Oregon,-325,1.30769231,1.30,4/13,Oregon,Team,True,1279859997,['SGP'],"[{'id': '44430', 'name': 'Oregon', 'type': 'Team'}]",Madness Props,Moneyline
0HC79110487N350_3,2,2_79110487,Saint Francis PA,-115,1.86956522,1.86,20/23,-3.5,Saint Francis PA,Team,True,-3501,"['MainPointLine', 'SGP']","[{'id': '41332', 'name': 'Saint Francis PA', 'type': 'Team'}]",Madness Props,Spread
0HC79110487P350_1,2,2_79110487,Alabama State,-115,1.86956522,1.86,20/23,3.5,Alabama State,Team,True,-3499,"['MainPointLine', 'SGP']","[{'id': '42969', 'name': 'Alabama State', 'type': 'Team'}]",Madness Props,Spread
0OU79110487O14650_1,2,3_79110487,Over,-110,1.90909091,1.90,10/11,146.5,,Unknown,True,146500,"['MainPointLine', 'SGP']",Madness Props,Total
0OU79110487U14650_3,2,3_79110487,Under,-120,1.83333334,1.83,5/6,146.5,,Unknown,True,146502,"['MainPointLine', 'SGP']",Madness Props,Total
0ML79110487_3,2,1_79110487,Saint Francis PA,-200,1.5,1.50,1/2,Saint Francis PA,Team,True,1280230384,['SGP'],"[{'id': '41332', 'name': 'Saint Francis PA', 'type': 'Team'}]",Madness Props,Moneyline
0ML79110487_1,2,1_79110487,Alabama State,+154,2.54,2.54,77/50,Alabama State,Team,True,1280232377,['SGP'],"[{'id': '42969', 'name': 'Alabama State', 'type': 'Team'}]",Madness Props,Moneyline
0HC79110488P550_3,2,2_79110488,Kent State,-115,1.86956522,1.86,20/23,5.5,Kent State,Team,True,5499,"['MainPointLine', 'SGP']","[{'id': '43444', 'name': 'Kent State', 'type': 'Team'}]",Madness Props,Spread
0HC79110488N550_1,2,2_79110488,Saint Bonaventure,-115,1.86956522,1.86,20/23,-5.5,Saint Bonaventure,Team,True,5501,"['MainPointLine', 'SGP']","[{'id': '44786', 'name': 'Saint Bonaventure', 'type': 'Team'}]",Madness Props,Spread
0OU79110488O13450_1,2,3_79110488,Over,-115,1.86956522,1.86,20/23,134.5,,Unknown,True,134500,"['MainPointLine', 'SGP']",Madness Props,Total
0OU79110488U13450_3,2,3_79110488,Under,-115,1.86956522,1.86,20/23,134.5,,Unknown,True,134502,"['MainPointLine', 'SGP']",Madness Props,Total
0ML79110488_3,2,1_79110488,Kent State,+210,3.1,3.10,21/10,Kent State,Team,True,1280230388,['SGP'],"[{'id': '43444', 'name': 'Kent State', 'type': 'Team'}]",Madness Props,Moneyline
0ML79110488_1,2,1_79110488,Saint Bonaventure,-280,1.35714286,1.35,5/14,Saint Bonaventure,Team,True,1280232378,['SGP'],"[{'id': '44786', 'name': 'Saint Bonaventure', 'type': 'Team'}]",Madness Props,Moneyline
0HC79110490P250_3,2,2_79110490,Jacksonville State,-115,1.86956522,1.86,20/23,2.5,Jacksonville State,Team,True,2499,"['MainPointLine', 'SGP']","[{'id': '42218', 'name': 'Jacksonville State', 'type': 'Team'}]",Madness Props,Spread
0HC79110490N250_1,2,2_79110490,Georgia Tech,-115,1.86956522,1.86,20/23,-2.5,Georgia Tech,Team,True,2501,"['MainPointLine', 'SGP']","[{'id': '42150', 'name': 'Georgia Tech', 'type': 'Team'}]",Madness Props,Spread
0OU79110490O14950_1,2,3_79110490,Over,-110,1.90909091,1.90,10/11,149.5,,Unknown,True,149500,"['MainPointLine', 'SGP']",Madness Props,Total
0OU79110490U14950_3,2,3_79110490,Under,-120,1.83333334,1.83,5/6,149.5,,Unknown,True,149502,"['MainPointLine', 'SGP']",Madness Props,Total
0ML79110490_3,2,1_79110490,Jacksonville State,+124,2.24,2.24,31/25,Jacksonville State,Team,True,1280230402,['SGP'],"[{'id': '42218', 'name': 'Jacksonville State', 'type': 'Team'}]",Madness Props,Moneyline
0ML79110490_1,2,1_79110490,Georgia Tech,-160,1.625,1.62,5/8,Georgia Tech,Team,True,1280232398,['SGP'],"[{'id': '42150', 'name': 'Georgia Tech', 'type': 'Team'}]",Madness Props,Moneyline
0HC79100355P150_3,2,2_79100355,Chattanooga,-110,1.90909091,1.90,10/11,1.5,Chattanooga,Team,True,1499,"['ProgressiveParlayTeamEligible', 'MainPointLine', 'SGP']","[{'id': '41974', 'name': 'Chattanooga', 'type': 'Team'}]",Madness Props,Spread
0HC79100355N150_1,2,2_79100355,Middle Tennessee,-110,1.90909091,1.90,10/11,-1.5,Middle Tennessee,Team,True,1501,"['ProgressiveParlayTeamEligible', 'MainPointLine', 'SGP']","[{'id': '42683', 'name': 'Middle Tennessee', 'type': 'Team'}]",Madness Props,Spread
0OU79100355O15250_1,2,3_79100355,Over,-115,1.86956522,1.86,20/23,152.5,,Unknown,True,152500,"['ProgressiveParlayTeamEligible', 'MainPointLine', 'SGP']",Madness Props,Total
0OU79100355U15250_3,2,3_79100355,Under,-105,1.95238096,1.95,20/21,152.5,,Unknown,True,152502,"['ProgressiveParlayTeamEligible', 'MainPointLine', 'SGP']",Madness Props,Total
0ML79100355_3,2,1_79100355,Chattanooga,+105,2.05,2.05,21/20,Chattanooga,Team,True,1280025918,['SGP'],"[{'id': '41974', 'name': 'Chattanooga', 'type': 'Team'}]",Madness Props,Moneyline
0ML79100355_1,2,1_79100355,Middle Tennessee,-125,1.8,1.80,4/5,Middle Tennessee,Team,True,1280027914,['SGP'],"[{'id': '42683', 'name': 'Middle Tennessee', 'type': 'Team'}]",Madness Props,Moneyline
0HC79100357P650_3,2,2_79100357,Wichita State,-112,1.89285715,1.89,25/28,6.5,Wichita State,Team,True,6499,"['ProgressiveParlayTeamEligible', 'MainPointLine', 'SGP']","[{'id': '43593', 'name': 'Wichita State', 'type': 'Team'}]",Madness Props,Spread
0HC79100357N650_1,2,2_79100357,Oklahoma State,-108,1.92592593,1.92,25/27,-6.5,Oklahoma State,Team,True,6501,"['ProgressiveParlayTeamEligible', 'MainPointLine', 'SGP']","[{'id': '43141', 'name': 'Oklahoma State', 'type': 'Team'}]",Madness Props,Spread
0OU79100357O15450_1,2,3_79100357,Over,-105,1.95238096,1.95,20/21,154.5,,Unknown,True,154500,"['ProgressiveParlayTeamEligible', 'MainPointLine', 'SGP']",Madness Props,Total
0OU79100357U15450_3,2,3_79100357,Under,-115,1.86956522,1.86,20/23,154.5,,Unknown,True,154502,"['ProgressiveParlayTeamEligible', 'MainPointLine', 'SGP']",Madness Props,Total
0ML79100357_3,2,1_79100357,Wichita State,+230,3.3,3.30,23/10,Wichita State,Team,True,1280025932,['SGP'],"[{'id': '43593', 'name': 'Wichita State', 'type': 'Team'}]",Madness Props,Moneyline
0ML79100357_1,2,1_79100357,Oklahoma State,-285,1.3508772,1.35,20/57,Oklahoma State,Team,True,1280027928,['SGP'],"[{'id': '43141', 'name': 'Oklahoma State', 'type': 'Team'}]",Madness Props,Moneyline
0HC79100359P550_3,2,2_79100359,Saint Louis,-108,1.92592593,1.92,25/27,5.5,Saint Louis,Team,True,5499,"['ProgressiveParlayTeamEligible', 'MainPointLine', 'SGP']","[{'id': '43370', 'name': 'Saint Louis', 'type': 'Team'}]",Madness Props,Spread
0HC79100359N550_1,2,2_79100359,Arkansas State,-112,1.89285715,1.89,25/28,-5.5,Arkansas State,Team,True,5501,"['ProgressiveParlayTeamEligible', 'MainPointLine', 'SGP']","[{'id': '42673', 'name': 'Arkansas State', 'type': 'Team'}]",Madness Props,Spread
0OU79100359O15450_1,2,3_79100359,Over,-105,1.95238096,1.95,20/21,154.5,,Unknown,True,154500,"['ProgressiveParlayTeamEligible', 'MainPointLine', 'SGP']",Madness Props,Total
0OU79100359U15450_3,2,3_79100359,Under,-115,1.86956522,1.86,20/23,154.5,,Unknown,True,154502,"['ProgressiveParlayTeamEligible', 'MainPointLine', 'SGP']",Madness Props,Total
0ML79100359_3,2,1_79100359,Saint Louis,+200,3,3.00,2/1,Saint Louis,Team,True,1280025946,['SGP'],"[{'id': '43370', 'name': 'Saint Louis', 'type': 'Team'}]",Madness Props,Moneyline
0ML79100359_1,2,1_79100359,Arkansas State,-245,1.40816327,1.40,20/49,Arkansas State,Team,True,1280027942,['SGP'],"[{'id': '42673', 'name': 'Arkansas State', 'type': 'Team'}]",Madness Props,Moneyline
0HC79092473N450_3,2,2_79092473,North Carolina,-112,1.89285715,1.89,25/28,-4.5,North Carolina,Team,True,-4501,"['ProgressiveParlayTeamEligible', 'MainPointLine', 'SGP']","[{'id': '42450', 'name': 'North Carolina', 'type': 'Team'}]",Madness Props,Spread
0HC79092473P450_1,2,2_79092473,San Diego State,-108,1.92592593,1.92,25/27,4.5,San Diego State,Team,True,-4499,"['ProgressiveParlayTeamEligible', 'MainPointLine', 'SGP']","[{'id': '44675', 'name': 'San Diego State', 'type': 'Team'}]",Madness Props,Spread
0OU79092473O14150_1,2,3_79092473,Over,-112,1.89285715,1.89,25/28,141.5,,Unknown,True,141500,"['ProgressiveParlayTeamEligible', 'MainPointLine', 'SGP']",Madness Props,Total
0OU79092473U14150_3,2,3_79092473,Under,-108,1.92592593,1.92,25/27,141.5,,Unknown,True,141502,"['ProgressiveParlayTeamEligible', 'MainPointLine', 'SGP']",Madness Props,Total
0ML79092473_3,2,1_79092473,North Carolina,-218,1.4587156,1.45,50/109,North Carolina,Team,True,1279852086,['SGP'],"[{'id': '42450', 'name': 'North Carolina', 'type': 'Team'}]",Madness Props,Moneyline
0ML79092473_1,2,1_79092473,San Diego State,+180,2.8,2.80,9/5,San Diego State,Team,True,1279854082,['SGP'],"[{'id': '44675', 'name': 'San Diego State', 'type': 'Team'}]",Madness Props,Moneyline
0HC79100356P650_3,2,2_79100356,CSUN,-108,1.92592593,1.92,25/27,6.5,CSUN,Team,True,6499,"['ProgressiveParlayTeamEligible', 'MainPointLine', 'SGP']","[{'id': '44653', 'name': 'CSUN', 'type': 'Team'}]",Madness Props,Spread
0HC79100356N650_1,2,2_79100356,Stanford,-112,1.89285715,1.89,25/28,-6.5,Stanford,Team,True,6501,"['ProgressiveParlayTeamEligible', 'MainPointLine', 'SGP']","[{'id': '44739', 'name': 'Stanford', 'type': 'Team'}]",Madness Props,Spread
0OU79100356O15650_1,2,3_79100356,Over,-108,1.92592593,1.92,25/27,156.5,,Unknown,True,156500,"['ProgressiveParlayTeamEligible', 'MainPointLine', 'SGP']",Madness Props,Total
0OU79100356U15650_3,2,3_79100356,Under,-112,1.89285715,1.89,25/28,156.5,,Unknown,True,156502,"['ProgressiveParlayTeamEligible', 'MainPointLine', 'SGP']",Madness Props,Total
0ML79100356_3,2,1_79100356,CSUN,+230,3.3,3.30,23/10,CSUN,Team,True,1280025925,['SGP'],"[{'id': '44653', 'name': 'CSUN', 'type': 'Team'}]",Madness Props,Moneyline
0ML79100356_1,2,1_79100356,Stanford,-285,1.3508772,1.35,20/57,Stanford,Team,True,1280027921,['SGP'],"[{'id': '44739', 'name': 'Stanford', 'type': 'Team'}]",Madness Props,Moneyline
0HC79100358P1050_3,2,2_79100358,UC Riverside,-118,1.84745763,1.84,50/59,10.5,UC Riverside,Team,True,10499,"['ProgressiveParlayTeamEligible', 'MainPointLine', 'SGP']","[{'id': '44279', 'name': 'UC Riverside', 'type': 'Team'}]",Madness Props,Spread
0HC79100358N1050_1,2,2_79100358,Santa Clara,-102,1.98039216,1.98,50/51,-10.5,Santa Clara,Team,True,10501,"['ProgressiveParlayTeamEligible', 'MainPointLine', 'SGP']","[{'id': '42757', 'name': 'Santa Clara', 'type': 'Team'}]",Madness Props,Spread
0OU79100358O15650_1,2,3_79100358,Over,-110,1.90909091,1.90,10/11,156.5,,Unknown,True,156500,"['ProgressiveParlayTeamEligible', 'MainPointLine', 'SGP']",Madness Props,Total
0OU79100358U15650_3,2,3_79100358,Under,-110,1.90909091,1.90,10/11,156.5,,Unknown,True,156502,"['ProgressiveParlayTeamEligible', 'MainPointLine', 'SGP']",Madness Props,Total
0ML79100358_3,2,1_79100358,UC Riverside,+440,5.4,5.40,22/5,UC Riverside,Team,True,1280025939,['SGP'],"[{'id': '44279', 'name': 'UC Riverside', 'type': 'Team'}]",Madness Props,Moneyline
0ML79100358_1,2,1_79100358,Santa Clara,-600,1.16666667,1.16,1/6,Santa Clara,Team,True,1280027935,['SGP'],"[{'id': '42757', 'name': 'Santa Clara', 'type': 'Team'}]",Madness Props,Moneyline
0HC79092702P250_3,2,2_79092702,Mount Saint Marys,-112,1.89285715,1.89,25/28,2.5,Mount Saint Marys,Team,True,2499,"['ProgressiveParlayTeamEligible', 'MainPointLine', 'SGP']","[{'id': '42025', 'name': 'Mount Saint Marys', 'type': 'Team'}]",Madness Props,Spread
0HC79092702N250_1,2,2_79092702,American,-108,1.92592593,1.92,25/27,-2.5,American,Team,True,2501,"['ProgressiveParlayTeamEligible', 'MainPointLine', 'SGP']","[{'id': '41874', 'name': 'American', 'type': 'Team'}]",Madness Props,Spread
0OU79092702O12950_1,2,3_79092702,Over,-105,1.95238096,1.95,20/21,129.5,,Unknown,True,129500,"['ProgressiveParlayTeamEligible', 'MainPointLine', 'SGP']",Madness Props,Total
0OU79092702U12950_3,2,3_79092702,Under,-115,1.86956522,1.86,20/23,129.5,,Unknown,True,129502,"['ProgressiveParlayTeamEligible', 'MainPointLine', 'SGP']",Madness Props,Total
0ML79092702_3,2,1_79092702,Mount Saint Marys,+120,2.2,2.20,6/5,Mount Saint Marys,Team,True,1279857119,['SGP'],"[{'id': '42025', 'name': 'Mount Saint Marys', 'type': 'Team'}]",Madness Props,Moneyline
0ML79092702_1,2,1_79092702,American,-142,1.70422536,1.70,50/71,American,Team,True,1279859115,['SGP'],"[{'id': '41874', 'name': 'American', 'type': 'Team'}]",Madness Props,Moneyline
0HC79100363P750_3,2,2_79100363,Samford,-110,1.90909091,1.90,10/11,7.5,Samford,Team,True,7499,"['ProgressiveParlayTeamEligible', 'MainPointLine', 'SGP']","[{'id': '42759', 'name': 'Samford', 'type': 'Team'}]",Madness Props,Spread
0HC79100363N750_1,2,2_79100363,George Mason,-110,1.90909091,1.90,10/11,-7.5,George Mason,Team,True,7501,"['ProgressiveParlayTeamEligible', 'MainPointLine', 'SGP']","[{'id': '41752', 'name': 'George Mason', 'type': 'Team'}]",Madness Props,Spread
0OU79100363O14750_1,2,3_79100363,Over,-110,1.90909091,1.90,10/11,147.5,,Unknown,True,147500,"['ProgressiveParlayTeamEligible', 'MainPointLine', 'SGP']",Madness Props,Total
0OU79100363U14750_3,2,3_79100363,Under,-110,1.90909091,1.90,10/11,147.5,,Unknown,True,147502,"['ProgressiveParlayTeamEligible', 'MainPointLine', 'SGP']",Madness Props,Total
0ML79100363_3,2,1_79100363,Samford,+270,3.7,3.70,27/10,Samford,Team,True,1280025967,['SGP'],"[{'id': '42759', 'name': 'Samford', 'type': 'Team'}]",Madness Props,Moneyline
0ML79100363_1,2,1_79100363,George Mason,-340,1.29411765,1.29,5/17,George Mason,Team,True,1280027963,['SGP'],"[{'id': '41752', 'name': 'George Mason', 'type': 'Team'}]",Madness Props,Moneyline
0HC79100365P550_3,2,2_79100365,UAB,-115,1.86956522,1.86,20/23,5.5,UAB,Team,True,5499,"['ProgressiveParlayTeamEligible', 'MainPointLine', 'SGP']","[{'id': '42938', 'name': 'UAB', 'type': 'Team'}]",Madness Props,Spread
0HC79100365N550_1,2,2_79100365,Saint Josephs,-105,1.95238096,1.95,20/21,-5.5,Saint Josephs,Team,True,5501,"['ProgressiveParlayTeamEligible', 'MainPointLine', 'SGP']","[{'id': '42231', 'name': 'Saint Josephs', 'type': 'Team'}]",Madness Props,Spread
0OU79100365O15550_1,2,3_79100365,Over,-110,1.90909091,1.90,10/11,155.5,,Unknown,True,155500,"['ProgressiveParlayTeamEligible', 'MainPointLine', 'SGP']",Madness Props,Total
0OU79100365U15550_3,2,3_79100365,Under,-110,1.90909091,1.90,10/11,155.5,,Unknown,True,155502,"['ProgressiveParlayTeamEligible', 'MainPointLine', 'SGP']",Madness Props,Total
0ML79100365_3,2,1_79100365,UAB,+195,2.95,2.95,39/20,UAB,Team,True,1280025981,['SGP'],"[{'id': '42938', 'name': 'UAB', 'type': 'Team'}]",Madness Props,Moneyline
0ML79100365_1,2,1_79100365,Saint Josephs,-238,1.42016807,1.42,50/119,Saint Josephs,Team,True,1280027977,['SGP'],"[{'id': '42231', 'name': 'Saint Josephs', 'type': 'Team'}]",Madness Props,Moneyline
0HC79100362P100_3,2,2_79100362,Florida Atlantic,-115,1.86956522,1.86,20/23,1,Florida Atlantic,Team,True,999,"['ProgressiveParlayTeamEligible', 'MainPointLine', 'SGP']","[{'id': '44945', 'name': 'Florida Atlantic', 'type': 'Team'}]",Madness Props,Spread
0HC79100362N100_1,2,2_79100362,Dayton,-105,1.95238096,1.95,20/21,-1,Dayton,Team,True,1001,"['ProgressiveParlayTeamEligible', 'MainPointLine', 'SGP']","[{'id': '44880', 'name': 'Dayton', 'type': 'Team'}]",Madness Props,Spread
0OU79100362O15050_1,2,3_79100362,Over,-115,1.86956522,1.86,20/23,150.5,,Unknown,True,150500,"['ProgressiveParlayTeamEligible', 'MainPointLine', 'SGP']",Madness Props,Total
0OU79100362U15050_3,2,3_79100362,Under,-105,1.95238096,1.95,20/21,150.5,,Unknown,True,150502,"['ProgressiveParlayTeamEligible', 'MainPointLine', 'SGP']",Madness Props,Total
0ML79100362_3,2,1_79100362,Florida Atlantic,-102,1.98039216,1.98,50/51,Florida Atlantic,Team,True,1280025960,['SGP'],"[{'id': '44945', 'name': 'Florida Atlantic', 'type': 'Team'}]",Madness Props,Moneyline
0ML79100362_1,2,1_79100362,Dayton,-118,1.84745763,1.84,50/59,Dayton,Team,True,1280027956,['SGP'],"[{'id': '44880', 'name': 'Dayton', 'type': 'Team'}]",Madness Props,Moneyline
0HC79100364P850_3,2,2_79100364,Furman,-112,1.89285715,1.89,25/28,8.5,Furman,Team,True,8499,"['ProgressiveParlayTeamEligible', 'MainPointLine', 'SGP']","[{'id': '41709', 'name': 'Furman', 'type': 'Team'}]",Madness Props,Spread
0HC79100364N850_1,2,2_79100364,North Texas,-108,1.92592593,1.92,25/27,-8.5,North Texas,Team,True,8501,"['ProgressiveParlayTeamEligible', 'MainPointLine', 'SGP']","[{'id': '43192', 'name': 'North Texas', 'type': 'Team'}]",Madness Props,Spread
0OU79100364O13050_1,2,3_79100364,Over,-110,1.90909091,1.90,10/11,130.5,,Unknown,True,130500,"['ProgressiveParlayTeamEligible', 'MainPointLine', 'SGP']",Madness Props,Total
0OU79100364U13050_3,2,3_79100364,Under,-110,1.90909091,1.90,10/11,130.5,,Unknown,True,130502,"['ProgressiveParlayTeamEligible', 'MainPointLine', 'SGP']",Madness Props,Total
0ML79100364_3,2,1_79100364,Furman,+295,3.95,3.95,59/20,Furman,Team,True,1280025988,['SGP'],"[{'id': '41709', 'name': 'Furman', 'type': 'Team'}]",Madness Props,Moneyline
0ML79100364_1,2,1_79100364,North Texas,-375,1.26666667,1.26,4/15,North Texas,Team,True,1280027984,['SGP'],"[{'id': '43192', 'name': 'North Texas', 'type': 'Team'}]",Madness Props,Moneyline
0HC79100361P250_3,2,2_79100361,North Alabama,-108,1.92592593,1.92,25/27,2.5,North Alabama,Team,True,2499,"['ProgressiveParlayTeamEligible', 'MainPointLine', 'SGP']","[{'id': '42768', 'name': 'North Alabama', 'type': 'Team'}]",Madness Props,Spread
0HC79100361N250_1,2,2_79100361,Bradley,-112,1.89285715,1.89,25/28,-2.5,Bradley,Team,True,2501,"['ProgressiveParlayTeamEligible', 'MainPointLine', 'SGP']","[{'id': '45258', 'name': 'Bradley', 'type': 'Team'}]",Madness Props,Spread
0OU79100361O14550_1,2,3_79100361,Over,-108,1.92592593,1.92,25/27,145.5,,Unknown,True,145500,"['ProgressiveParlayTeamEligible', 'MainPointLine', 'SGP']",Madness Props,Total
0OU79100361U14550_3,2,3_79100361,Under,-112,1.89285715,1.89,25/28,145.5,,Unknown,True,145502,"['ProgressiveParlayTeamEligible', 'MainPointLine', 'SGP']",Madness Props,Total
0ML79100361_3,2,1_79100361,North Alabama,+124,2.24,2.24,31/25,North Alabama,Team,True,1280025974,['SGP'],"[{'id': '42768', 'name': 'North Alabama', 'type': 'Team'}]",Madness Props,Moneyline
0ML79100361_1,2,1_79100361,Bradley,-148,1.67567568,1.67,25/37,Bradley,Team,True,1280027970,['SGP'],"[{'id': '45258', 'name': 'Bradley', 'type': 'Team'}]",Madness Props,Moneyline
0HC79100368P1050_3,2,2_79100368,Northern Iowa,-115,1.86956522,1.86,20/23,10.5,Northern Iowa,Team,True,10499,"['ProgressiveParlayTeamEligible', 'MainPointLine', 'SGP']","[{'id': '43276', 'name': 'Northern Iowa', 'type': 'Team'}]",Madness Props,Spread
0HC79100368N1050_1,2,2_79100368,SMU,-105,1.95238096,1.95,20/21,-10.5,SMU,Team,True,10501,"['ProgressiveParlayTeamEligible', 'MainPointLine', 'SGP']","[{'id': '41637', 'name': 'SMU', 'type': 'Team'}]",Madness Props,Spread
0OU79100368O14550_1,2,3_79100368,Over,-115,1.86956522,1.86,20/23,145.5,,Unknown,True,145500,"['ProgressiveParlayTeamEligible', 'MainPointLine', 'SGP']",Madness Props,Total
0OU79100368U14550_3,2,3_79100368,Under,-105,1.95238096,1.95,20/21,145.5,,Unknown,True,145502,"['ProgressiveParlayTeamEligible', 'MainPointLine', 'SGP']",Madness Props,Total
0ML79100368_3,2,1_79100368,Northern Iowa,+440,5.4,5.40,22/5,Northern Iowa,Team,True,1280026016,['SGP'],"[{'id': '43276', 'name': 'Northern Iowa', 'type': 'Team'}]",Madness Props,Moneyline
0ML79100368_1,2,1_79100368,SMU,-600,1.16666667,1.16,1/6,SMU,Team,True,1280028006,['SGP'],"[{'id': '41637', 'name': 'SMU', 'type': 'Team'}]",Madness Props,Moneyline
0HC79092938N250_3,2,2_79092938,Xavier,-120,1.83333334,1.83,5/6,-2.5,Xavier,Team,True,-2501,"['ProgressiveParlayTeamEligible', 'MainPointLine', 'SGP']","[{'id': '44042', 'name': 'Xavier', 'type': 'Team'}]",Madness Props,Spread
0HC79092938P250_1,2,2_79092938,Texas,+100,2,2.00,1/1,2.5,Texas,Team,True,-2499,"['ProgressiveParlayTeamEligible', 'MainPointLine', 'SGP']","[{'id': '43429', 'name': 'Texas', 'type': 'Team'}]",Madness Props,Spread
0OU79092938O15150_1,2,3_79092938,Over,-110,1.90909091,1.90,10/11,151.5,,Unknown,True,151500,"['ProgressiveParlayTeamEligible', 'MainPointLine', 'SGP']",Madness Props,Total
0OU79092938U15150_3,2,3_79092938,Under,-110,1.90909091,1.90,10/11,151.5,,Unknown,True,151502,"['ProgressiveParlayTeamEligible', 'MainPointLine', 'SGP']",Madness Props,Total
0ML79092938_3,2,1_79092938,Xavier,-166,1.60240964,1.60,50/83,Xavier,Team,True,1279861060,['SGP'],"[{'id': '44042', 'name': 'Xavier', 'type': 'Team'}]",Madness Props,Moneyline
0ML79092938_1,2,1_79092938,Texas,+140,2.4,2.40,7/5,Texas,Team,True,1279863056,['SGP'],"[{'id': '43429', 'name': 'Texas', 'type': 'Team'}]",Madness Props,Moneyline
0HC79100367P750_3,2,2_79100367,Northern Colorado,-112,1.89285715,1.89,25/28,7.5,Northern Colorado,Team,True,7499,"['ProgressiveParlayTeamEligible', 'MainPointLine', 'SGP']","[{'id': '42600', 'name': 'Northern Colorado', 'type': 'Team'}]",Madness Props,Spread
0HC79100367N750_1,2,2_79100367,UC Irvine,-108,1.92592593,1.92,25/27,-7.5,UC Irvine,Team,True,7501,"['ProgressiveParlayTeamEligible', 'MainPointLine', 'SGP']","[{'id': '44593', 'name': 'UC Irvine', 'type': 'Team'}]",Madness Props,Spread
0OU79100367O15150_1,2,3_79100367,Over,-105,1.95238096,1.95,20/21,151.5,,Unknown,True,151500,"['ProgressiveParlayTeamEligible', 'MainPointLine', 'SGP']",Madness Props,Total
0OU79100367U15150_3,2,3_79100367,Under,-115,1.86956522,1.86,20/23,151.5,,Unknown,True,151502,"['ProgressiveParlayTeamEligible', 'MainPointLine', 'SGP']",Madness Props,Total
0ML79100367_3,2,1_79100367,Northern Colorado,+270,3.7,3.70,27/10,Northern Colorado,Team,True,1280026002,['SGP'],"[{'id': '42600', 'name': 'Northern Colorado', 'type': 'Team'}]",Madness Props,Moneyline
0ML79100367_1,2,1_79100367,UC Irvine,-340,1.29411765,1.29,5/17,UC Irvine,Team,True,1280027998,['SGP'],"[{'id': '44593', 'name': 'UC Irvine', 'type': 'Team'}]",Madness Props,Moneyline
0HC79100369P750_3,2,2_79100369,Utah Valley,-108,1.92592593,1.92,25/27,7.5,Utah Valley,Team,True,7499,"['ProgressiveParlayTeamEligible', 'MainPointLine', 'SGP']","[{'id': '44362', 'name': 'Utah Valley', 'type': 'Team'}]",Madness Props,Spread
0HC79100369N750_1,2,2_79100369,San Francisco,-112,1.89285715,1.89,25/28,-7.5,San Francisco,Team,True,7501,"['ProgressiveParlayTeamEligible', 'MainPointLine', 'SGP']","[{'id': '44575', 'name': 'San Francisco', 'type': 'Team'}]",Madness Props,Spread
0OU79100369O14650_1,2,3_79100369,Over,-105,1.95238096,1.95,20/21,146.5,,Unknown,True,146500,"['ProgressiveParlayTeamEligible', 'MainPointLine', 'SGP']",Madness Props,Total
0OU79100369U14650_3,2,3_79100369,Under,-115,1.86956522,1.86,20/23,146.5,,Unknown,True,146502,"['ProgressiveParlayTeamEligible', 'MainPointLine', 'SGP']",Madness Props,Total
0ML79100369_3,2,1_79100369,Utah Valley,+275,3.75,3.75,11/4,Utah Valley,Team,True,1280026011,['SGP'],"[{'id': '44362', 'name': 'Utah Valley', 'type': 'Team'}]",Madness Props,Moneyline
0ML79100369_1,2,1_79100369,San Francisco,-345,1.28985508,1.28,20/69,San Francisco,Team,True,1280028005,['SGP'],"[{'id': '44575', 'name': 'San Francisco', 'type': 'Team'}]",Madness Props,Moneyline
0HC79100366N250_3,2,2_79100366,Loyola Chicago,-118,1.84745763,1.84,50/59,-2.5,Loyola Chicago,Team,True,-2501,"['ProgressiveParlayTeamEligible', 'MainPointLine', 'SGP']","[{'id': '43985', 'name': 'Loyola Chicago', 'type': 'Team'}]",Madness Props,Spread
0HC79100366P250_1,2,2_79100366,San Jose State,-102,1.98039216,1.98,50/51,2.5,San Jose State,Team,True,-2499,"['ProgressiveParlayTeamEligible', 'MainPointLine', 'SGP']","[{'id': '41391', 'name': 'San Jose State', 'type': 'Team'}]",Madness Props,Spread
0OU79100366O14050_1,2,3_79100366,Over,-115,1.86956522,1.86,20/23,140.5,,Unknown,True,140500,"['ProgressiveParlayTeamEligible', 'MainPointLine', 'SGP']",Madness Props,Total
0OU79100366U14050_3,2,3_79100366,Under,-105,1.95238096,1.95,20/21,140.5,,Unknown,True,140502,"['ProgressiveParlayTeamEligible', 'MainPointLine', 'SGP']",Madness Props,Total
0ML79100366_3,2,1_79100366,Loyola Chicago,-142,1.70422536,1.70,50/71,Loyola Chicago,Team,True,1280025995,['SGP'],"[{'id': '43985', 'name': 'Loyola Chicago', 'type': 'Team'}]",Madness Props,Moneyline
0ML79100366_1,2,1_79100366,San Jose State,+120,2.2,2.20,6/5,San Jose State,Team,True,1280027991,['SGP'],"[{'id': '41391', 'name': 'San Jose State', 'type': 'Team'}]",Madness Props,Moneyline
0HC79092456P250_3,2,2_79092456,Creighton,-110,1.90909091,1.90,10/11,2.5,Creighton,Team,True,2499,"['ProgressiveParlayTeamEligible', 'MainPointLine', 'SGP']","[{'id': '43875', 'name': 'Creighton', 'type': 'Team'}]",Madness Props,Spread
0HC79092456N250_1,2,2_79092456,Louisville,-110,1.90909091,1.90,10/11,-2.5,Louisville,Team,True,2501,"['ProgressiveParlayTeamEligible', 'MainPointLine', 'SGP']","[{'id': '41477', 'name': 'Louisville', 'type': 'Team'}]",Madness Props,Spread
0OU79092456O14450_1,2,3_79092456,Over,-110,1.90909091,1.90,10/11,144.5,,Unknown,True,144500,"['ProgressiveParlayTeamEligible', 'MainPointLine', 'SGP']",Madness Props,Total
0OU79092456U14450_3,2,3_79092456,Under,-110,1.90909091,1.90,10/11,144.5,,Unknown,True,144502,"['ProgressiveParlayTeamEligible', 'MainPointLine', 'SGP']",Madness Props,Total
0ML79092456_3,2,1_79092456,Creighton,+120,2.2,2.20,6/5,Creighton,Team,True,1279851890,['SGP'],"[{'id': '43875', 'name': 'Creighton', 'type': 'Team'}]",Madness Props,Moneyline
0ML79092456_1,2,1_79092456,Louisville,-142,1.70422536,1.70,50/71,Louisville,Team,True,1279853886,['SGP'],"[{'id': '41477', 'name': 'Louisville', 'type': 'Team'}]",Madness Props,Moneyline
0HC79092925P750_3,2,2_79092925,High Point,-102,1.98039216,1.98,50/51,7.5,High Point,Team,True,7499,"['ProgressiveParlayTeamEligible', 'MainPointLine', 'SGP']","[{'id': '45137', 'name': 'High Point', 'type': 'Team'}]",Madness Props,Spread
0HC79092925N750_1,2,2_79092925,Purdue,-118,1.84745763,1.84,50/59,-7.5,Purdue,Team,True,7501,"['ProgressiveParlayTeamEligible', 'MainPointLine', 'SGP']","[{'id': '42127', 'name': 'Purdue', 'type': 'Team'}]",Madness Props,Spread
0OU79092925O15350_1,2,3_79092925,Over,-105,1.95238096,1.95,20/21,153.5,,Unknown,True,153500,"['ProgressiveParlayTeamEligible', 'MainPointLine', 'SGP']",Madness Props,Total
0OU79092925U15350_3,2,3_79092925,Under,-115,1.86956522,1.86,20/23,153.5,,Unknown,True,153502,"['ProgressiveParlayTeamEligible', 'MainPointLine', 'SGP']",Madness Props,Total
0ML79092925_3,2,1_79092925,High Point,+295,3.95,3.95,59/20,High Point,Team,True,1279860143,['SGP'],"[{'id': '45137', 'name': 'High Point', 'type': 'Team'}]",Madness Props,Moneyline
0ML79092925_1,2,1_79092925,Purdue,-375,1.26666667,1.26,4/15,Purdue,Team,True,1279862139,['SGP'],"[{'id': '42127', 'name': 'Purdue', 'type': 'Team'}]",Madness Props,Moneyline
0HC79092767P1750_3,2,2_79092767,Montana,-115,1.86956522,1.86,20/23,17.5,Montana,Team,True,17499,"['ProgressiveParlayTeamEligible', 'MainPointLine', 'SGP']","[{'id': '42575', 'name': 'Montana', 'type': 'Team'}]",Madness Props,Spread
0HC79092767N1750_1,2,2_79092767,Wisconsin,-105,1.95238096,1.95,20/21,-17.5,Wisconsin,Team,True,17501,"['ProgressiveParlayTeamEligible', 'MainPointLine', 'SGP']","[{'id': '43620', 'name': 'Wisconsin', 'type': 'Team'}]",Madness Props,Spread
0OU79092767O15250_1,2,3_79092767,Over,-105,1.95238096,1.95,20/21,152.5,,Unknown,True,152500,"['ProgressiveParlayTeamEligible', 'MainPointLine']",Madness Props,Total
0OU79092767U15250_3,2,3_79092767,Under,-115,1.86956522,1.86,20/23,152.5,,Unknown,True,152502,"['ProgressiveParlayTeamEligible', 'MainPointLine', 'SGP']",Madness Props,Total
0ML79092767_3,2,1_79092767,Montana,+1200,13,13.00,12/1,Montana,Team,True,1279858456,['SGP'],"[{'id': '42575', 'name': 'Montana', 'type': 'Team'}]",Madness Props,Moneyline
0ML79092767_1,2,1_79092767,Wisconsin,-2400,1.04166667,1.04,1/24,Wisconsin,Team,True,1279860452,['SGP'],"[{'id': '43620', 'name': 'Wisconsin', 'type': 'Team'}]",Madness Props,Moneyline
0HC79092890P2950_3,2,2_79092890,SIU Edwardsville,-115,1.86956522,1.86,20/23,29.5,SIU Edwardsville,Team,True,29499,"['ProgressiveParlayTeamEligible', 'MainPointLine', 'SGP']","[{'id': '43647', 'name': 'SIU Edwardsville', 'type': 'Team'}]",Madness Props,Spread
0HC79092890N2950_1,2,2_79092890,Houston,-105,1.95238096,1.95,20/21,-29.5,Houston,Team,True,29501,"['ProgressiveParlayTeamEligible', 'MainPointLine', 'SGP']","[{'id': '43043', 'name': 'Houston', 'type': 'Team'}]",Madness Props,Spread
0OU79092890O12650_1,2,3_79092890,Over,-108,1.92592593,1.92,25/27,126.5,,Unknown,True,126500,"['ProgressiveParlayTeamEligible', 'MainPointLine', 'SGP']",Madness Props,Total
0OU79092890U12650_3,2,3_79092890,Under,-112,1.89285715,1.89,25/28,126.5,,Unknown,True,126502,"['ProgressiveParlayTeamEligible', 'MainPointLine', 'SGP']",Madness Props,Total
0HC79092912P750_3,2,2_79092912,McNeese,-110,1.90909091,1.90,10/11,7.5,McNeese,Team,True,7499,"['ProgressiveParlayTeamEligible', 'MainPointLine', 'SGP']","[{'id': '41412', 'name': 'McNeese', 'type': 'Team'}]",Madness Props,Spread
0HC79092912N750_1,2,2_79092912,Clemson,-110,1.90909091,1.90,10/11,-7.5,Clemson,Team,True,7501,"['ProgressiveParlayTeamEligible', 'MainPointLine', 'SGP']","[{'id': '41619', 'name': 'Clemson', 'type': 'Team'}]",Madness Props,Spread
0OU79092912O13450_1,2,3_79092912,Over,-105,1.95238096,1.95,20/21,134.5,,Unknown,True,134500,"['ProgressiveParlayTeamEligible', 'MainPointLine', 'SGP']",Madness Props,Total
0OU79092912U13450_3,2,3_79092912,Under,-115,1.86956522,1.86,20/23,134.5,,Unknown,True,134502,"['ProgressiveParlayTeamEligible', 'MainPointLine', 'SGP']",Madness Props,Total
0ML79092912_3,2,1_79092912,McNeese,+275,3.75,3.75,11/4,McNeese,Team,True,1279860136,['SGP'],"[{'id': '41412', 'name': 'McNeese', 'type': 'Team'}]",Madness Props,Moneyline
0ML79092912_1,2,1_79092912,Clemson,-345,1.28985508,1.28,20/69,Clemson,Team,True,1279862132,['SGP'],"[{'id': '41619', 'name': 'Clemson', 'type': 'Team'}]",Madness Props,Moneyline
0HC79092766P250_3,2,2_79092766,VCU,-102,1.98039216,1.98,50/51,2.5,VCU,Team,True,2499,"['ProgressiveParlayTeamEligible', 'MainPointLine', 'SGP']","[{'id': '42328', 'name': 'VCU', 'type': 'Team'}]",Madness Props,Spread
0HC79092766N250_1,2,2_79092766,BYU,-118,1.84745763,1.84,50/59,-2.5,BYU,Team,True,2501,"['ProgressiveParlayTeamEligible', 'MainPointLine', 'SGP']","[{'id': '44811', 'name': 'BYU', 'type': 'Team'}]",Madness Props,Spread
0OU79092766O14650_1,2,3_79092766,Over,-105,1.95238096,1.95,20/21,146.5,,Unknown,True,146500,"['ProgressiveParlayTeamEligible', 'MainPointLine', 'SGP']",Madness Props,Total
0OU79092766U14650_3,2,3_79092766,Under,-115,1.86956522,1.86,20/23,146.5,,Unknown,True,146502,"['ProgressiveParlayTeamEligible', 'MainPointLine', 'SGP']",Madness Props,Total
0ML79092766_3,2,1_79092766,VCU,+130,2.3,2.30,13/10,VCU,Team,True,1279858449,['SGP'],"[{'id': '42328', 'name': 'VCU', 'type': 'Team'}]",Madness Props,Moneyline
0ML79092766_1,2,1_79092766,BYU,-155,1.6451613,1.64,20/31,BYU,Team,True,1279860445,['SGP'],"[{'id': '44811', 'name': 'BYU', 'type': 'Team'}]",Madness Props,Moneyline
0HC79093078P550_3,2,2_79093078,Georgia,-102,1.98039216,1.98,50/51,5.5,Georgia Bulldogs,Team,True,5499,"['ProgressiveParlayTeamEligible', 'MainPointLine', 'SGP']","[{'id': '42478', 'name': 'Georgia Bulldogs', 'type': 'Team'}]",Madness Props,Spread
0HC79093078N550_1,2,2_79093078,Gonzaga,-118,1.84745763,1.84,50/59,-5.5,Gonzaga,Team,True,5501,"['ProgressiveParlayTeamEligible', 'MainPointLine', 'SGP']","[{'id': '44154', 'name': 'Gonzaga', 'type': 'Team'}]",Madness Props,Spread
0OU79093078O15050_1,2,3_79093078,Over,-112,1.89285715,1.89,25/28,150.5,,Unknown,True,150500,"['ProgressiveParlayTeamEligible', 'MainPointLine', 'SGP']",Madness Props,Total
0OU79093078U15050_3,2,3_79093078,Under,-108,1.92592593,1.92,25/27,150.5,,Unknown,True,150502,"['ProgressiveParlayTeamEligible', 'MainPointLine', 'SGP']",Madness Props,Total
0ML79093078_3,2,1_79093078,Georgia,+215,3.15,3.15,43/20,Georgia Bulldogs,Team,True,1279863188,['SGP'],"[{'id': '42478', 'name': 'Georgia Bulldogs', 'type': 'Team'}]",Madness Props,Moneyline
0ML79093078_1,2,1_79093078,Gonzaga,-265,1.3773585,1.37,20/53,Gonzaga,Team,True,1279865184,['SGP'],"[{'id': '44154', 'name': 'Gonzaga', 'type': 'Team'}]",Madness Props,Moneyline
0HC79092949P1850_3,2,2_79092949,Wofford,-108,1.92592593,1.92,25/27,18.5,Wofford,Team,True,18499,"['ProgressiveParlayTeamEligible', 'MainPointLine', 'SGP']","[{'id': '42442', 'name': 'Wofford', 'type': 'Team'}]",Madness Props,Spread
0HC79092949N1850_1,2,2_79092949,Tennessee,-112,1.89285715,1.89,25/28,-18.5,Tennessee,Team,True,18501,"['ProgressiveParlayTeamEligible', 'MainPointLine', 'SGP']","[{'id': '42305', 'name': 'Tennessee', 'type': 'Team'}]",Madness Props,Spread
0OU79092949O13250_1,2,3_79092949,Over,-115,1.86956522,1.86,20/23,132.5,,Unknown,True,132500,"['ProgressiveParlayTeamEligible', 'MainPointLine', 'SGP']",Madness Props,Total
0OU79092949U13250_3,2,3_79092949,Under,-105,1.95238096,1.95,20/21,132.5,,Unknown,True,132502,"['ProgressiveParlayTeamEligible', 'MainPointLine', 'SGP']",Madness Props,Total
0ML79092949_3,2,1_79092949,Wofford,+1500,16,16.00,15/1,Wofford,Team,True,1279861137,['SGP'],"[{'id': '42442', 'name': 'Wofford', 'type': 'Team'}]",Madness Props,Moneyline
0ML79092949_1,2,1_79092949,Tennessee,-3600,1.02777778,1.02,1/36,Tennessee,Team,True,1279863133,['SGP'],"[{'id': '42305', 'name': 'Tennessee', 'type': 'Team'}]",Madness Props,Moneyline
0HC79092964P450_3,2,2_79092964,Arkansas,-110,1.90909091,1.90,10/11,4.5,Arkansas,Team,True,4499,"['ProgressiveParlayTeamEligible', 'MainPointLine', 'SGP']","[{'id': '42107', 'name': 'Arkansas', 'type': 'Team'}]",Madness Props,Spread
0HC79092964N450_1,2,2_79092964,Kansas,-110,1.90909091,1.90,10/11,-4.5,Kansas,Team,True,4501,"['ProgressiveParlayTeamEligible', 'MainPointLine', 'SGP']","[{'id': '41920', 'name': 'Kansas', 'type': 'Team'}]",Madness Props,Spread
0OU79092964O14550_1,2,3_79092964,Over,-115,1.86956522,1.86,20/23,145.5,,Unknown,True,145500,"['ProgressiveParlayTeamEligible', 'MainPointLine', 'SGP']",Madness Props,Total
0OU79092964U14550_3,2,3_79092964,Under,-105,1.95238096,1.95,20/21,145.5,,Unknown,True,145502,"['ProgressiveParlayTeamEligible', 'MainPointLine', 'SGP']",Madness Props,Total
0ML79092964_3,2,1_79092964,Arkansas,+164,2.64,2.64,41/25,Arkansas,Team,True,1279861242,['SGP'],"[{'id': '42107', 'name': 'Arkansas', 'type': 'Team'}]",Madness Props,Moneyline
0ML79092964_1,2,1_79092964,Kansas,-198,1.50505051,1.50,50/99,Kansas,Team,True,1279863238,['SGP'],"[{'id': '41920', 'name': 'Kansas', 'type': 'Team'}]",Madness Props,Moneyline
0HC79092474P750_3,2,2_79092474,Yale,-115,1.86956522,1.86,20/23,7.5,Yale,Team,True,7499,"['ProgressiveParlayTeamEligible', 'MainPointLine', 'SGP']","[{'id': '42873', 'name': 'Yale', 'type': 'Team'}]",Madness Props,Spread
0HC79092474N750_1,2,2_79092474,Texas A&M,-105,1.95238096,1.95,20/21,-7.5,Texas A&M,Team,True,7501,"['ProgressiveParlayTeamEligible', 'MainPointLine', 'SGP']","[{'id': '44866', 'name': 'Texas A&M', 'type': 'Team'}]",Madness Props,Spread
0OU79092474O13950_1,2,3_79092474,Over,-115,1.86956522,1.86,20/23,139.5,,Unknown,True,139500,"['ProgressiveParlayTeamEligible', 'MainPointLine', 'SGP']",Madness Props,Total
0OU79092474U13950_3,2,3_79092474,Under,-105,1.95238096,1.95,20/21,139.5,,Unknown,True,139502,"['ProgressiveParlayTeamEligible', 'MainPointLine', 'SGP']",Madness Props,Total
0ML79092474_3,2,1_79092474,Yale,+260,3.6,3.60,13/5,Yale,Team,True,1279852093,['SGP'],"[{'id': '42873', 'name': 'Yale', 'type': 'Team'}]",Madness Props,Moneyline
0ML79092474_1,2,1_79092474,Texas A&M,-325,1.30769231,1.30,4/13,Texas A&M,Team,True,1279854089,['SGP'],"[{'id': '44866', 'name': 'Texas A&M', 'type': 'Team'}]",Madness Props,Moneyline
0HC79092959P650_3,2,2_79092959,Drake,-112,1.89285715,1.89,25/28,6.5,Drake,Team,True,6499,"['ProgressiveParlayTeamEligible', 'MainPointLine', 'SGP']","[{'id': '41573', 'name': 'Drake', 'type': 'Team'}]",Madness Props,Spread
0HC79092959N650_1,2,2_79092959,Missouri,-108,1.92592593,1.92,25/27,-6.5,Missouri,Team,True,6501,"['ProgressiveParlayTeamEligible', 'MainPointLine', 'SGP']","[{'id': '43114', 'name': 'Missouri', 'type': 'Team'}]",Madness Props,Spread
0OU79092959O13250_1,2,3_79092959,Over,-108,1.92592593,1.92,25/27,132.5,,Unknown,True,132500,"['ProgressiveParlayTeamEligible', 'MainPointLine', 'SGP']",Madness Props,Total
0OU79092959U13250_3,2,3_79092959,Under,-112,1.89285715,1.89,25/28,132.5,,Unknown,True,132502,"['ProgressiveParlayTeamEligible', 'MainPointLine', 'SGP']",Madness Props,Total
0ML79092959_3,2,1_79092959,Drake,+220,3.2,3.20,11/5,Drake,Team,True,1279861207,['SGP'],"[{'id': '41573', 'name': 'Drake', 'type': 'Team'}]",Madness Props,Moneyline
0ML79092959_1,2,1_79092959,Missouri,-270,1.37037038,1.37,10/27,Missouri,Team,True,1279863203,['SGP'],"[{'id': '43114', 'name': 'Missouri', 'type': 'Team'}]",Madness Props,Moneyline
0HC79092948P550_3,2,2_79092948,Utah State,-112,1.89285715,1.89,25/28,5.5,Utah State,Team,True,5499,"['ProgressiveParlayTeamEligible', 'MainPointLine', 'SGP']","[{'id': '44224', 'name': 'Utah State', 'type': 'Team'}]",Madness Props,Spread
0HC79092948N550_1,2,2_79092948,UCLA,-108,1.92592593,1.92,25/27,-5.5,UCLA,Team,True,5501,"['ProgressiveParlayTeamEligible', 'MainPointLine', 'SGP']","[{'id': '44331', 'name': 'UCLA', 'type': 'Team'}]",Madness Props,Spread
0OU79092948O14350_1,2,3_79092948,Over,-115,1.86956522,1.86,20/23,143.5,,Unknown,True,143500,"['ProgressiveParlayTeamEligible', 'MainPointLine', 'SGP']",Madness Props,Total
0OU79092948U14350_3,2,3_79092948,Under,-105,1.95238096,1.95,20/21,143.5,,Unknown,True,143502,"['ProgressiveParlayTeamEligible', 'MainPointLine', 'SGP']",Madness Props,Total
0ML79092948_3,2,1_79092948,Utah State,+190,2.9,2.90,19/10,Utah State,Team,True,1279861130,['SGP'],"[{'id': '44224', 'name': 'Utah State', 'type': 'Team'}]",Madness Props,Moneyline
0ML79092948_1,2,1_79092948,UCLA,-230,1.43478261,1.43,10/23,UCLA,Team,True,1279863126,['SGP'],"[{'id': '44331', 'name': 'UCLA', 'type': 'Team'}]",Madness Props,Moneyline
0HC79092965P1850_3,2,2_79092965,Omaha,-108,1.92592593,1.92,25/27,18.5,Omaha,Team,True,18499,"['ProgressiveParlayTeamEligible', 'MainPointLine', 'SGP']","[{'id': '43093', 'name': 'Omaha', 'type': 'Team'}]",Madness Props,Spread
0HC79092965N1850_1,2,2_79092965,St. Johns,-112,1.89285715,1.89,25/28,-18.5,St. Johns,Team,True,18501,"['ProgressiveParlayTeamEligible', 'MainPointLine', 'SGP']","[{'id': '41392', 'name': 'St. Johns', 'type': 'Team'}]",Madness Props,Spread
0OU79092965O14750_1,2,3_79092965,Over,-115,1.86956522,1.86,20/23,147.5,,Unknown,True,147500,"['ProgressiveParlayTeamEligible', 'MainPointLine', 'SGP']",Madness Props,Total
0OU79092965U14750_3,2,3_79092965,Under,-105,1.95238096,1.95,20/21,147.5,,Unknown,True,147502,"['ProgressiveParlayTeamEligible', 'MainPointLine', 'SGP']",Madness Props,Total
0ML79092965_3,2,1_79092965,Omaha,+1500,16,16.00,15/1,Omaha,Team,True,1279861249,['SGP'],"[{'id': '43093', 'name': 'Omaha', 'type': 'Team'}]",Madness Props,Moneyline
0ML79092965_1,2,1_79092965,St. Johns,-3600,1.02777778,1.02,1/36,St. Johns,Team,True,1279863245,['SGP'],"[{'id': '41392', 'name': 'St. Johns', 'type': 'Team'}]",Madness Props,Moneyline
0HC79092459P250_3,2,2_79092459,UC San Diego,-108,1.92592593,1.92,25/27,2.5,UC San Diego,Team,True,2499,"['ProgressiveParlayTeamEligible', 'MainPointLine', 'SGP']","[{'id': '302038', 'name': 'UC San Diego', 'type': 'Team'}]",Madness Props,Spread
0HC79092459N250_1,2,2_79092459,Michigan,-112,1.89285715,1.89,25/28,-2.5,Michigan,Team,True,2501,"['ProgressiveParlayTeamEligible', 'MainPointLine', 'SGP']","[{'id': '43956', 'name': 'Michigan', 'type': 'Team'}]",Madness Props,Spread
0OU79092459O14250_1,2,3_79092459,Over,-108,1.92592593,1.92,25/27,142.5,,Unknown,True,142500,"['ProgressiveParlayTeamEligible', 'MainPointLine', 'SGP']",Madness Props,Total
0OU79092459U14250_3,2,3_79092459,Under,-112,1.89285715,1.89,25/28,142.5,,Unknown,True,142502,"['ProgressiveParlayTeamEligible', 'MainPointLine', 'SGP']",Madness Props,Total
0ML79092459_3,2,1_79092459,UC San Diego,+124,2.24,2.24,31/25,UC San Diego,Team,True,1279851932,['SGP'],"[{'id': '302038', 'name': 'UC San Diego', 'type': 'Team'}]",Madness Props,Moneyline
0ML79092459_1,2,1_79092459,Michigan,-148,1.67567568,1.67,25/37,Michigan,Team,True,1279853928,['SGP'],"[{'id': '43956', 'name': 'Michigan', 'type': 'Team'}]",Madness Props,Moneyline
0HC79092963P1550_3,2,2_79092963,UNC Wilmington,-108,1.92592593,1.92,25/27,15.5,UNC Wilmington,Team,True,15499,"['ProgressiveParlayTeamEligible', 'MainPointLine', 'SGP']","[{'id': '42593', 'name': 'UNC Wilmington', 'type': 'Team'}]",Madness Props,Spread
0HC79092963N1550_1,2,2_79092963,Texas Tech,-112,1.89285715,1.89,25/28,-15.5,Texas Tech,Team,True,15501,"['ProgressiveParlayTeamEligible', 'MainPointLine', 'SGP']","[{'id': '42835', 'name': 'Texas Tech', 'type': 'Team'}]",Madness Props,Spread
0OU79092963O14350_1,2,3_79092963,Over,-112,1.89285715,1.89,25/28,143.5,,Unknown,True,143500,"['ProgressiveParlayTeamEligible', 'MainPointLine', 'SGP']",Madness Props,Total
0OU79092963U14350_3,2,3_79092963,Under,-108,1.92592593,1.92,25/27,143.5,,Unknown,True,143502,"['ProgressiveParlayTeamEligible', 'MainPointLine', 'SGP']",Madness Props,Total
0ML79092963_3,2,1_79092963,UNC Wilmington,+1000,11,11.00,10/1,UNC Wilmington,Team,True,1279861235,['SGP'],"[{'id': '42593', 'name': 'UNC Wilmington', 'type': 'Team'}]",Madness Props,Moneyline
0ML79092963_1,2,1_79092963,Texas Tech,-1800,1.05555556,1.05,1/18,Texas Tech,Team,True,1279863231,['SGP'],"[{'id': '42835', 'name': 'Texas Tech', 'type': 'Team'}]",Madness Props,Moneyline
0HC79092703P100_3,2,2_79092703,Baylor,-108,1.92592593,1.92,25/27,1,Baylor,Team,True,999,"['ProgressiveParlayTeamEligible', 'MainPointLine', 'SGP']","[{'id': '44466', 'name': 'Baylor', 'type': 'Team'}]",Madness Props,Spread
0HC79092703N100_1,2,2_79092703,Mississippi State,-112,1.89285715,1.89,25/28,-1,Mississippi State,Team,True,1001,"['ProgressiveParlayTeamEligible', 'MainPointLine', 'SGP']","[{'id': '42185', 'name': 'Mississippi State', 'type': 'Team'}]",Madness Props,Spread
0OU79092703O14450_1,2,3_79092703,Over,-110,1.90909091,1.90,10/11,144.5,,Unknown,True,144500,"['ProgressiveParlayTeamEligible', 'MainPointLine', 'SGP']",Madness Props,Total
0OU79092703U14450_3,2,3_79092703,Under,-110,1.90909091,1.90,10/11,144.5,,Unknown,True,144502,"['ProgressiveParlayTeamEligible', 'MainPointLine', 'SGP']",Madness Props,Total
0ML79092703_3,2,1_79092703,Baylor,+100,2,2.00,1/1,Baylor,Team,True,1279857126,['SGP'],"[{'id': '44466', 'name': 'Baylor', 'type': 'Team'}]",Madness Props,Moneyline
0ML79092703_1,2,1_79092703,Mississippi State,-120,1.83333334,1.83,5/6,Mississippi State,Team,True,1279859122,['SGP'],"[{'id': '42185', 'name': 'Mississippi State', 'type': 'Team'}]",Madness Props,Moneyline
0HC79092773P2350_3,2,2_79092773,Robert Morris,-115,1.86956522,1.86,20/23,23.5,Robert Morris,Team,True,23499,"['ProgressiveParlayTeamEligible', 'MainPointLine', 'SGP']","[{'id': '44588', 'name': 'Robert Morris', 'type': 'Team'}]",Madness Props,Spread
0HC79092773N2350_1,2,2_79092773,Alabama,-105,1.95238096,1.95,20/21,-23.5,Alabama,Team,True,23501,"['ProgressiveParlayTeamEligible', 'MainPointLine', 'SGP']","[{'id': '42858', 'name': 'Alabama', 'type': 'Team'}]",Madness Props,Spread
0OU79092773O16550_1,2,3_79092773,Over,-108,1.92592593,1.92,25/27,165.5,,Unknown,True,165500,"['ProgressiveParlayTeamEligible', 'MainPointLine', 'SGP']",Madness Props,Total
0OU79092773U16550_3,2,3_79092773,Under,-112,1.89285715,1.89,25/28,165.5,,Unknown,True,165502,"['ProgressiveParlayTeamEligible', 'MainPointLine', 'SGP']",Madness Props,Total
0ML79092773_3,2,1_79092773,Robert Morris,+1800,19,19.00,18/1,Robert Morris,Team,True,1279858596,['SGP'],"[{'id': '44588', 'name': 'Robert Morris', 'type': 'Team'}]",Madness Props,Moneyline
0ML79092773_1,2,1_79092773,Alabama,-5000,1.02,1.02,1/50,Alabama,Team,True,1279860592,['SGP'],"[{'id': '42858', 'name': 'Alabama', 'type': 'Team'}]",Madness Props,Moneyline
0HC79092479P1450_3,2,2_79092479,Lipscomb,-102,1.98039216,1.98,50/51,14.5,Lipscomb,Team,True,14499,"['ProgressiveParlayTeamEligible', 'MainPointLine', 'SGP']","[{'id': '43785', 'name': 'Lipscomb', 'type': 'Team'}]",Madness Props,Spread
0HC79092479N1450_1,2,2_79092479,Iowa State,-118,1.84745763,1.84,50/59,-14.5,Iowa State,Team,True,14501,"['ProgressiveParlayTeamEligible', 'MainPointLine', 'SGP']","[{'id': '42961', 'name': 'Iowa State', 'type': 'Team'}]",Madness Props,Spread
0OU79092479O14350_1,2,3_79092479,Over,-105,1.95238096,1.95,20/21,143.5,,Unknown,True,143500,"['ProgressiveParlayTeamEligible', 'MainPointLine', 'SGP']",Madness Props,Total
0OU79092479U14350_3,2,3_79092479,Under,-115,1.86956522,1.86,20/23,143.5,,Unknown,True,143502,"['ProgressiveParlayTeamEligible', 'MainPointLine', 'SGP']",Madness Props,Total
0ML79092479_3,2,1_79092479,Lipscomb,+900,10,10.00,9/1,Lipscomb,Team,True,1279852128,['SGP'],"[{'id': '43785', 'name': 'Lipscomb', 'type': 'Team'}]",Madness Props,Moneyline
0ML79092479_1,2,1_79092479,Iowa State,-1600,1.0625,1.06,1/16,Iowa State,Team,True,1279854124,['SGP'],"[{'id': '42961', 'name': 'Iowa State', 'type': 'Team'}]",Madness Props,Moneyline
0HC79092954N150_3,2,2_79092954,Colorado State,-118,1.84745763,1.84,50/59,-1.5,Colorado State,Team,True,-1501,"['ProgressiveParlayTeamEligible', 'MainPointLine', 'SGP']","[{'id': '45374', 'name': 'Colorado State', 'type': 'Team'}]",Madness Props,Spread
0HC79092954P150_1,2,2_79092954,Memphis,-102,1.98039216,1.98,50/51,1.5,Memphis,Team,True,-1499,"['ProgressiveParlayTeamEligible', 'MainPointLine', 'SGP']","[{'id': '43053', 'name': 'Memphis', 'type': 'Team'}]",Madness Props,Spread
0OU79092954O14750_1,2,3_79092954,Over,-110,1.90909091,1.90,10/11,147.5,,Unknown,True,147500,"['ProgressiveParlayTeamEligible', 'MainPointLine', 'SGP']",Madness Props,Total
0OU79092954U14750_3,2,3_79092954,Under,-110,1.90909091,1.90,10/11,147.5,,Unknown,True,147502,"['ProgressiveParlayTeamEligible', 'MainPointLine', 'SGP']",Madness Props,Total
0ML79092954_3,2,1_79092954,Colorado State,-135,1.74074075,1.74,20/27,Colorado State,Team,True,1279861172,['SGP'],"[{'id': '45374', 'name': 'Colorado State', 'type': 'Team'}]",Madness Props,Moneyline
0ML79092954_1,2,1_79092954,Memphis,+114,2.14,2.14,57/50,Memphis,Team,True,1279863168,['SGP'],"[{'id': '43053', 'name': 'Memphis', 'type': 'Team'}]",Madness Props,Moneyline
0HC79092772P450_3,2,2_79092772,Vanderbilt,-115,1.86956522,1.86,20/23,4.5,Vanderbilt,Team,True,4499,"['ProgressiveParlayTeamEligible', 'MainPointLine', 'SGP']","[{'id': '44513', 'name': 'Vanderbilt', 'type': 'Team'}]",Madness Props,Spread
0HC79092772N450_1,2,2_79092772,Saint Marys,-105,1.95238096,1.95,20/21,-4.5,Saint Marys,Team,True,4501,"['ProgressiveParlayTeamEligible', 'MainPointLine', 'SGP']","[{'id': '41405', 'name': 'Saint Marys', 'type': 'Team'}]",Madness Props,Spread
0OU79092772O13650_1,2,3_79092772,Over,-108,1.92592593,1.92,25/27,136.5,,Unknown,True,136500,"['ProgressiveParlayTeamEligible', 'MainPointLine', 'SGP']",Madness Props,Total
0OU79092772U13650_3,2,3_79092772,Under,-112,1.89285715,1.89,25/28,136.5,,Unknown,True,136502,"['ProgressiveParlayTeamEligible', 'MainPointLine', 'SGP']",Madness Props,Total
0ML79092772_3,2,1_79092772,Vanderbilt,+160,2.6,2.60,8/5,Vanderbilt,Team,True,1279858589,['SGP'],"[{'id': '44513', 'name': 'Vanderbilt', 'type': 'Team'}]",Madness Props,Moneyline
0ML79092772_1,2,1_79092772,Saint Marys,-192,1.52083334,1.52,25/48,Saint Marys,Team,True,1279860585,['SGP'],"[{'id': '41405', 'name': 'Saint Marys', 'type': 'Team'}]",Madness Props,Moneyline
0HC79111741P150_3,2,2_79111741,North Carolina,-110,1.90909091,1.90,10/11,1.5,North Carolina,Team,True,1499,"['ProgressiveParlayTeamEligible', 'MainPointLine', 'SGP']","[{'id': '42450', 'name': 'North Carolina', 'type': 'Team'}]",Madness Props,Spread
0HC79111741N150_1,2,2_79111741,Ole Miss,-110,1.90909091,1.90,10/11,-1.5,Ole Miss,Team,True,1501,"['ProgressiveParlayTeamEligible', 'MainPointLine', 'SGP']","[{'id': '43121', 'name': 'Ole Miss', 'type': 'Team'}]",Madness Props,Spread
0OU79111741O15250_1,2,3_79111741,Over,-110,1.90909091,1.90,10/11,152.5,,Unknown,True,152500,"['ProgressiveParlayTeamEligible', 'MainPointLine', 'SGP']",Madness Props,Total
0OU79111741U15250_3,2,3_79111741,Under,-110,1.90909091,1.90,10/11,152.5,,Unknown,True,152502,"['ProgressiveParlayTeamEligible', 'MainPointLine', 'SGP']",Madness Props,Total
0ML79111741_3,2,1_79111741,North Carolina,+105,2.05,2.05,21/20,North Carolina,Team,True,1280260180,['SGP'],"[{'id': '42450', 'name': 'North Carolina', 'type': 'Team'}]",Madness Props,Moneyline
0ML79111741_1,2,1_79111741,Ole Miss,-125,1.8,1.80,4/5,Ole Miss,Team,True,1280262176,['SGP'],"[{'id': '43121', 'name': 'Ole Miss', 'type': 'Team'}]",Madness Props,Moneyline
0HC79111740P350_3,2,2_79111740,San Diego State,-110,1.90909091,1.90,10/11,3.5,San Diego State,Team,True,3499,"['ProgressiveParlayTeamEligible', 'MainPointLine', 'SGP']","[{'id': '44675', 'name': 'San Diego State', 'type': 'Team'}]",Madness Props,Spread
0HC79111740N350_1,2,2_79111740,Ole Miss,-110,1.90909091,1.90,10/11,-3.5,Ole Miss,Team,True,3501,"['ProgressiveParlayTeamEligible', 'MainPointLine', 'SGP']","[{'id': '43121', 'name': 'Ole Miss', 'type': 'Team'}]",Madness Props,Spread
0OU79111740O13550_1,2,3_79111740,Over,-110,1.90909091,1.90,10/11,135.5,,Unknown,True,135500,"['ProgressiveParlayTeamEligible', 'MainPointLine', 'SGP']",Madness Props,Total
0OU79111740U13550_3,2,3_79111740,Under,-110,1.90909091,1.90,10/11,135.5,,Unknown,True,135502,"['ProgressiveParlayTeamEligible', 'MainPointLine', 'SGP']",Madness Props,Total
0ML79111740_3,2,1_79111740,San Diego State,+150,2.5,2.50,6/4,San Diego State,Team,True,1280260173,['SGP'],"[{'id': '44675', 'name': 'San Diego State', 'type': 'Team'}]",Madness Props,Moneyline
0ML79111740_1,2,1_79111740,Ole Miss,-180,1.55555556,1.55,5/9,Ole Miss,Team,True,1280262169,['SGP'],"[{'id': '43121', 'name': 'Ole Miss', 'type': 'Team'}]",Madness Props,Moneyline
0HC79092960P1050_3,2,2_79092960,Grand Canyon,-115,1.86956522,1.86,20/23,10.5,Grand Canyon,Team,True,10499,"['ProgressiveParlayTeamEligible', 'MainPointLine', 'SGP']","[{'id': '43744', 'name': 'Grand Canyon', 'type': 'Team'}]",Madness Props,Spread
0HC79092960N1050_1,2,2_79092960,Maryland,-105,1.95238096,1.95,20/21,-10.5,Maryland,Team,True,10501,"['ProgressiveParlayTeamEligible', 'MainPointLine', 'SGP']","[{'id': '42635', 'name': 'Maryland', 'type': 'Team'}]",Madness Props,Spread
0OU79092960O15050_1,2,3_79092960,Over,-105,1.95238096,1.95,20/21,150.5,,Unknown,True,150500,"['ProgressiveParlayTeamEligible', 'MainPointLine', 'SGP']",Madness Props,Total
0OU79092960U15050_3,2,3_79092960,Under,-115,1.86956522,1.86,20/23,150.5,,Unknown,True,150502,"['ProgressiveParlayTeamEligible', 'MainPointLine', 'SGP']",Madness Props,Total
0ML79092960_3,2,1_79092960,Grand Canyon,+425,5.25,5.25,17/4,Grand Canyon,Team,True,1279861214,['SGP'],"[{'id': '43744', 'name': 'Grand Canyon', 'type': 'Team'}]",Madness Props,Moneyline
0ML79092960_1,2,1_79092960,Maryland,-575,1.17391305,1.17,4/23,Maryland,Team,True,1279863210,['SGP'],"[{'id': '42635', 'name': 'Maryland', 'type': 'Team'}]",Madness Props,Moneyline
0HC79092952P2850_3,2,2_79092952,Norfolk State,-110,1.90909091,1.90,10/11,28.5,Norfolk State,Team,True,28499,"['ProgressiveParlayTeamEligible', 'MainPointLine', 'SGP']","[{'id': '43965', 'name': 'Norfolk State', 'type': 'Team'}]",Madness Props,Spread
0HC79092952N2850_1,2,2_79092952,Florida,-110,1.90909091,1.90,10/11,-28.5,Florida,Team,True,28501,"['ProgressiveParlayTeamEligible', 'MainPointLine', 'SGP']","[{'id': '44135', 'name': 'Florida', 'type': 'Team'}]",Madness Props,Spread
0OU79092952O15350_1,2,3_79092952,Over,-115,1.86956522,1.86,20/23,153.5,,Unknown,True,153500,"['ProgressiveParlayTeamEligible', 'MainPointLine', 'SGP']",Madness Props,Total
0OU79092952U15350_3,2,3_79092952,Under,-105,1.95238096,1.95,20/21,153.5,,Unknown,True,153502,"['ProgressiveParlayTeamEligible', 'MainPointLine', 'SGP']",Madness Props,Total
0ML79092952_3,2,1_79092952,Norfolk State,+2500,26,26.00,25/1,Norfolk State,Team,True,1279861158,['SGP'],"[{'id': '43965', 'name': 'Norfolk State', 'type': 'Team'}]",Madness Props,Moneyline
0ML79092952_1,2,1_79092952,Florida,-9000,1.01111112,1.01,1/90,Florida,Team,True,1279863154,['SGP'],"[{'id': '44135', 'name': 'Florida', 'type': 'Team'}]",Madness Props,Moneyline
0HC79092941P1150_3,2,2_79092941,Troy,-115,1.86956522,1.86,20/23,11.5,Troy,Team,True,11499,"['ProgressiveParlayTeamEligible', 'MainPointLine', 'SGP']","[{'id': '43481', 'name': 'Troy', 'type': 'Team'}]",Madness Props,Spread
0HC79092941N1150_1,2,2_79092941,Kentucky,-105,1.95238096,1.95,20/21,-11.5,Kentucky,Team,True,11501,"['ProgressiveParlayTeamEligible', 'MainPointLine', 'SGP']","[{'id': '44542', 'name': 'Kentucky', 'type': 'Team'}]",Madness Props,Spread
0OU79092941O15250_1,2,3_79092941,Over,-105,1.95238096,1.95,20/21,152.5,,Unknown,True,152500,"['ProgressiveParlayTeamEligible', 'MainPointLine', 'SGP']",Madness Props,Total
0OU79092941U15250_3,2,3_79092941,Under,-115,1.86956522,1.86,20/23,152.5,,Unknown,True,152502,"['ProgressiveParlayTeamEligible', 'MainPointLine', 'SGP']",Madness Props,Total
0ML79092941_3,2,1_79092941,Troy,+550,6.5,6.50,11/2,Troy,Team,True,1279861081,['SGP'],"[{'id': '43481', 'name': 'Troy', 'type': 'Team'}]",Madness Props,Moneyline
0ML79092941_1,2,1_79092941,Kentucky,-800,1.125,1.12,1/8,Kentucky,Team,True,1279863077,['SGP'],"[{'id': '44542', 'name': 'Kentucky', 'type': 'Team'}]",Madness Props,Moneyline
0HC79092502P350_3,2,2_79092502,New Mexico,-105,1.95238096,1.95,20/21,3.5,New Mexico,Team,True,3499,"['ProgressiveParlayTeamEligible', 'MainPointLine', 'SGP']","[{'id': '44215', 'name': 'New Mexico', 'type': 'Team'}]",Madness Props,Spread
0HC79092502N350_1,2,2_79092502,Marquette,-115,1.86956522,1.86,20/23,-3.5,Marquette,Team,True,3501,"['ProgressiveParlayTeamEligible', 'MainPointLine', 'SGP']","[{'id': '44018', 'name': 'Marquette', 'type': 'Team'}]",Madness Props,Spread
0OU79092502O15350_1,2,3_79092502,Over,-108,1.92592593,1.92,25/27,153.5,,Unknown,True,153500,"['ProgressiveParlayTeamEligible', 'MainPointLine', 'SGP']",Madness Props,Total
0OU79092502U15350_3,2,3_79092502,Under,-112,1.89285715,1.89,25/28,153.5,,Unknown,True,153502,"['ProgressiveParlayTeamEligible', 'MainPointLine', 'SGP']",Madness Props,Total
0ML79092502_3,2,1_79092502,New Mexico,+145,2.45,2.45,29/20,New Mexico,Team,True,1279852583,['SGP'],"[{'id': '44215', 'name': 'New Mexico', 'type': 'Team'}]",Madness Props,Moneyline
0ML79092502_1,2,1_79092502,Marquette,-175,1.57142858,1.57,4/7,Marquette,Team,True,1279854579,['SGP'],"[{'id': '44018', 'name': 'Marquette', 'type': 'Team'}]",Madness Props,Moneyline
0HC79092765P1350_3,2,2_79092765,Akron,-102,1.98039216,1.98,50/51,13.5,Akron,Team,True,13499,"['ProgressiveParlayTeamEligible', 'MainPointLine', 'SGP']","[{'id': '41425', 'name': 'Akron', 'type': 'Team'}]",Madness Props,Spread
0HC79092765N1350_1,2,2_79092765,Arizona,-118,1.84745763,1.84,50/59,-13.5,Arizona,Team,True,13501,"['ProgressiveParlayTeamEligible', 'MainPointLine', 'SGP']","[{'id': '45351', 'name': 'Arizona', 'type': 'Team'}]",Madness Props,Spread
0OU79092765O16650_1,2,3_79092765,Over,-115,1.86956522,1.86,20/23,166.5,,Unknown,True,166500,"['ProgressiveParlayTeamEligible', 'MainPointLine', 'SGP']",Madness Props,Total
0OU79092765U16650_3,2,3_79092765,Under,-105,1.95238096,1.95,20/21,166.5,,Unknown,True,166502,"['ProgressiveParlayTeamEligible', 'MainPointLine', 'SGP']",Madness Props,Total
0ML79092765_3,2,1_79092765,Akron,+750,8.5,8.50,15/2,Akron,Team,True,1279858442,['SGP'],"[{'id': '41425', 'name': 'Akron', 'type': 'Team'}]",Madness Props,Moneyline
0ML79092765_1,2,1_79092765,Arizona,-1200,1.08333334,1.08,1/12,Arizona,Team,True,1279860438,['SGP'],"[{'id': '45351', 'name': 'Arizona', 'type': 'Team'}]",Madness Props,Moneyline
0HC79092953P550_3,2,2_79092953,Oklahoma,-110,1.90909091,1.90,10/11,5.5,Oklahoma,Team,True,5499,"['ProgressiveParlayTeamEligible', 'MainPointLine', 'SGP']","[{'id': '42537', 'name': 'Oklahoma', 'type': 'Team'}]",Madness Props,Spread
0HC79092953N550_1,2,2_79092953,UConn,-110,1.90909091,1.90,10/11,-5.5,UConn,Team,True,5501,"['ProgressiveParlayTeamEligible', 'MainPointLine', 'SGP']","[{'id': '41421', 'name': 'UConn', 'type': 'Team'}]",Madness Props,Spread
0OU79092953O14750_1,2,3_79092953,Over,-112,1.89285715,1.89,25/28,147.5,,Unknown,True,147500,"['ProgressiveParlayTeamEligible', 'MainPointLine', 'SGP']",Madness Props,Total
0OU79092953U14750_3,2,3_79092953,Under,-108,1.92592593,1.92,25/27,147.5,,Unknown,True,147502,"['ProgressiveParlayTeamEligible', 'MainPointLine', 'SGP']",Madness Props,Total
0ML79092953_3,2,1_79092953,Oklahoma,+190,2.9,2.90,19/10,Oklahoma,Team,True,1279861165,['SGP'],"[{'id': '42537', 'name': 'Oklahoma', 'type': 'Team'}]",Madness Props,Moneyline
0ML79092953_1,2,1_79092953,UConn,-230,1.43478261,1.43,10/23,UConn,Team,True,1279863161,['SGP'],"[{'id': '41421', 'name': 'UConn', 'type': 'Team'}]",Madness Props,Moneyline
0HC79092553P1750_3,2,2_79092553,Bryant,-115,1.86956522,1.86,20/23,17.5,Bryant,Team,True,17499,"['ProgressiveParlayTeamEligible', 'MainPointLine', 'SGP']","[{'id': '42187', 'name': 'Bryant', 'type': 'Team'}]",Madness Props,Spread
0HC79092553N1750_1,2,2_79092553,Michigan State,-105,1.95238096,1.95,20/21,-17.5,Michigan State,Team,True,17501,"['ProgressiveParlayTeamEligible', 'MainPointLine', 'SGP']","[{'id': '41925', 'name': 'Michigan State', 'type': 'Team'}]",Madness Props,Spread
0OU79092553O15250_1,2,3_79092553,Over,-110,1.90909091,1.90,10/11,152.5,,Unknown,True,152500,"['ProgressiveParlayTeamEligible', 'MainPointLine', 'SGP']",Madness Props,Total
0OU79092553U15250_3,2,3_79092553,Under,-110,1.90909091,1.90,10/11,152.5,,Unknown,True,152502,"['ProgressiveParlayTeamEligible', 'MainPointLine', 'SGP']",Madness Props,Total
0ML79092553_3,2,1_79092553,Bryant,+1200,13,13.00,12/1,Bryant,Team,True,1279853801,['SGP'],"[{'id': '42187', 'name': 'Bryant', 'type': 'Team'}]",Madness Props,Moneyline
0ML79092553_1,2,1_79092553,Michigan State,-2400,1.04166667,1.04,1/24,Michigan State,Team,True,1279855797,['SGP'],"[{'id': '41925', 'name': 'Michigan State', 'type': 'Team'}]",Madness Props,Moneyline
0HC79092744P750_3,2,2_79092744,Liberty,-115,1.86956522,1.86,20/23,7.5,Liberty,Team,True,7499,"['ProgressiveParlayTeamEligible', 'MainPointLine', 'SGP']","[{'id': '41459', 'name': 'Liberty', 'type': 'Team'}]",Madness Props,Spread
0HC79092744N750_1,2,2_79092744,Oregon,-105,1.95238096,1.95,20/21,-7.5,Oregon,Team,True,7501,"['ProgressiveParlayTeamEligible', 'MainPointLine', 'SGP']","[{'id': '44430', 'name': 'Oregon', 'type': 'Team'}]",Madness Props,Spread
0OU79092744O13950_1,2,3_79092744,Over,-108,1.92592593,1.92,25/27,139.5,,Unknown,True,139500,"['ProgressiveParlayTeamEligible', 'MainPointLine', 'SGP']",Madness Props,Total
0OU79092744U13950_3,2,3_79092744,Under,-112,1.89285715,1.89,25/28,139.5,,Unknown,True,139502,"['ProgressiveParlayTeamEligible', 'MainPointLine', 'SGP']",Madness Props,Total
0ML79092744_3,2,1_79092744,Liberty,+260,3.6,3.60,13/5,Liberty,Team,True,1279858001,['SGP'],"[{'id': '41459', 'name': 'Liberty', 'type': 'Team'}]",Madness Props,Moneyline
0ML79092744_1,2,1_79092744,Oregon,-325,1.30769231,1.30,4/13,Oregon,Team,True,1279859997,['SGP'],"[{'id': '44430', 'name': 'Oregon', 'type': 'Team'}]",Madness Props,Moneyline
0HC79110487N350_3,2,2_79110487,Saint Francis PA,-115,1.86956522,1.86,20/23,-3.5,Saint Francis PA,Team,True,-3501,"['MainPointLine', 'SGP']","[{'id': '41332', 'name': 'Saint Francis PA', 'type': 'Team'}]",Madness Props,Spread
0HC79110487P350_1,2,2_79110487,Alabama State,-115,1.86956522,1.86,20/23,3.5,Alabama State,Team,True,-3499,"['MainPointLine', 'SGP']","[{'id': '42969', 'name': 'Alabama State', 'type': 'Team'}]",Madness Props,Spread
0OU79110487O14650_1,2,3_79110487,Over,-110,1.90909091,1.90,10/11,146.5,,Unknown,True,146500,"['MainPointLine', 'SGP']",Madness Props,Total
0OU79110487U14650_3,2,3_79110487,Under,-120,1.83333334,1.83,5/6,146.5,,Unknown,True,146502,"['MainPointLine', 'SGP']",Madness Props,Total
0ML79110487_3,2,1_79110487,Saint Francis PA,-200,1.5,1.50,1/2,Saint Francis PA,Team,True,1280230384,['SGP'],"[{'id': '41332', 'name': 'Saint Francis PA', 'type': 'Team'}]",Madness Props,Moneyline
0ML79110487_1,2,1_79110487,Alabama State,+154,2.54,2.54,77/50,Alabama State,Team,True,1280232377,['SGP'],"[{'id': '42969', 'name': 'Alabama State', 'type': 'Team'}]",Madness Props,Moneyline
0HC79110488P550_3,2,2_79110488,Kent State,-115,1.86956522,1.86,20/23,5.5,Kent State,Team,True,5499,"['MainPointLine', 'SGP']","[{'id': '43444', 'name': 'Kent State', 'type': 'Team'}]",Madness Props,Spread
0HC79110488N550_1,2,2_79110488,Saint Bonaventure,-115,1.86956522,1.86,20/23,-5.5,Saint Bonaventure,Team,True,5501,"['MainPointLine', 'SGP']","[{'id': '44786', 'name': 'Saint Bonaventure', 'type': 'Team'}]",Madness Props,Spread
0OU79110488O13450_1,2,3_79110488,Over,-115,1.86956522,1.86,20/23,134.5,,Unknown,True,134500,"['MainPointLine', 'SGP']",Madness Props,Total
0OU79110488U13450_3,2,3_79110488,Under,-115,1.86956522,1.86,20/23,134.5,,Unknown,True,134502,"['MainPointLine', 'SGP']",Madness Props,Total
0ML79110488_3,2,1_79110488,Kent State,+210,3.1,3.10,21/10,Kent State,Team,True,1280230388,['SGP'],"[{'id': '43444', 'name': 'Kent State', 'type': 'Team'}]",Madness Props,Moneyline
0ML79110488_1,2,1_79110488,Saint Bonaventure,-280,1.35714286,1.35,5/14,Saint Bonaventure,Team,True,1280232378,['SGP'],"[{'id': '44786', 'name': 'Saint Bonaventure', 'type': 'Team'}]",Madness Props,Moneyline
0HC79110490P250_3,2,2_79110490,Jacksonville State,-115,1.86956522,1.86,20/23,2.5,Jacksonville State,Team,True,2499,"['MainPointLine', 'SGP']","[{'id': '42218', 'name': 'Jacksonville State', 'type': 'Team'}]",Madness Props,Spread
0HC79110490N250_1,2,2_79110490,Georgia Tech,-115,1.86956522,1.86,20/23,-2.5,Georgia Tech,Team,True,2501,"['MainPointLine', 'SGP']","[{'id': '42150', 'name': 'Georgia Tech', 'type': 'Team'}]",Madness Props,Spread
0OU79110490O14950_1,2,3_79110490,Over,-110,1.90909091,1.90,10/11,149.5,,Unknown,True,149500,"['MainPointLine', 'SGP']",Madness Props,Total
0OU79110490U14950_3,2,3_79110490,Under,-120,1.83333334,1.83,5/6,149.5,,Unknown,True,149502,"['MainPointLine', 'SGP']",Madness Props,Total
0ML79110490_3,2,1_79110490,Jacksonville State,+124,2.24,2.24,31/25,Jacksonville State,Team,True,1280230402,['SGP'],"[{'id': '42218', 'name': 'Jacksonville State', 'type': 'Team'}]",Madness Props,Moneyline
0ML79110490_1,2,1_79110490,Georgia Tech,-160,1.625,1.62,5/8,Georgia Tech,Team,True,1280232398,['SGP'],"[{'id': '42150', 'name': 'Georgia Tech', 'type': 'Team'}]",Madness Props,Moneyline
0HC79100355P150_3,2,2_79100355,Chattanooga,-110,1.90909091,1.90,10/11,1.5,Chattanooga,Team,True,1499,"['ProgressiveParlayTeamEligible', 'MainPointLine', 'SGP']","[{'id': '41974', 'name': 'Chattanooga', 'type': 'Team'}]",Madness Props,Spread
0HC79100355N150_1,2,2_79100355,Middle Tennessee,-110,1.90909091,1.90,10/11,-1.5,Middle Tennessee,Team,True,1501,"['ProgressiveParlayTeamEligible', 'MainPointLine', 'SGP']","[{'id': '42683', 'name': 'Middle Tennessee', 'type': 'Team'}]",Madness Props,Spread
0OU79100355O15250_1,2,3_79100355,Over,-115,1.86956522,1.86,20/23,152.5,,Unknown,True,152500,"['ProgressiveParlayTeamEligible', 'MainPointLine', 'SGP']",Madness Props,Total
0OU79100355U15250_3,2,3_79100355,Under,-105,1.95238096,1.95,20/21,152.5,,Unknown,True,152502,"['ProgressiveParlayTeamEligible', 'MainPointLine', 'SGP']",Madness Props,Total
0ML79100355_3,2,1_79100355,Chattanooga,+105,2.05,2.05,21/20,Chattanooga,Team,True,1280025918,['SGP'],"[{'id': '41974', 'name': 'Chattanooga', 'type': 'Team'}]",Madness Props,Moneyline
0ML79100355_1,2,1_79100355,Middle Tennessee,-125,1.8,1.80,4/5,Middle Tennessee,Team,True,1280027914,['SGP'],"[{'id': '42683', 'name': 'Middle Tennessee', 'type': 'Team'}]",Madness Props,Moneyline
0HC79100357P650_3,2,2_79100357,Wichita State,-112,1.89285715,1.89,25/28,6.5,Wichita State,Team,True,6499,"['ProgressiveParlayTeamEligible', 'MainPointLine', 'SGP']","[{'id': '43593', 'name': 'Wichita State', 'type': 'Team'}]",Madness Props,Spread
0HC79100357N650_1,2,2_79100357,Oklahoma State,-108,1.92592593,1.92,25/27,-6.5,Oklahoma State,Team,True,6501,"['ProgressiveParlayTeamEligible', 'MainPointLine', 'SGP']","[{'id': '43141', 'name': 'Oklahoma State', 'type': 'Team'}]",Madness Props,Spread
0OU79100357O15450_1,2,3_79100357,Over,-105,1.95238096,1.95,20/21,154.5,,Unknown,True,154500,"['ProgressiveParlayTeamEligible', 'MainPointLine', 'SGP']",Madness Props,Total
0OU79100357U15450_3,2,3_79100357,Under,-115,1.86956522,1.86,20/23,154.5,,Unknown,True,154502,"['ProgressiveParlayTeamEligible', 'MainPointLine', 'SGP']",Madness Props,Total
0ML79100357_3,2,1_79100357,Wichita State,+230,3.3,3.30,23/10,Wichita State,Team,True,1280025932,['SGP'],"[{'id': '43593', 'name': 'Wichita State', 'type': 'Team'}]",Madness Props,Moneyline
0ML79100357_1,2,1_79100357,Oklahoma State,-285,1.3508772,1.35,20/57,Oklahoma State,Team,True,1280027928,['SGP'],"[{'id': '43141', 'name': 'Oklahoma State', 'type': 'Team'}]",Madness Props,Moneyline
0HC79100359P550_3,2,2_79100359,Saint Louis,-108,1.92592593,1.92,25/27,5.5,Saint Louis,Team,True,5499,"['ProgressiveParlayTeamEligible', 'MainPointLine', 'SGP']","[{'id': '43370', 'name': 'Saint Louis', 'type': 'Team'}]",Madness Props,Spread
0HC79100359N550_1,2,2_79100359,Arkansas State,-112,1.89285715,1.89,25/28,-5.5,Arkansas State,Team,True,5501,"['ProgressiveParlayTeamEligible', 'MainPointLine', 'SGP']","[{'id': '42673', 'name': 'Arkansas State', 'type': 'Team'}]",Madness Props,Spread
0OU79100359O15450_1,2,3_79100359,Over,-105,1.95238096,1.95,20/21,154.5,,Unknown,True,154500,"['ProgressiveParlayTeamEligible', 'MainPointLine', 'SGP']",Madness Props,Total
0OU79100359U15450_3,2,3_79100359,Under,-115,1.86956522,1.86,20/23,154.5,,Unknown,True,154502,"['ProgressiveParlayTeamEligible', 'MainPointLine', 'SGP']",Madness Props,Total
0ML79100359_3,2,1_79100359,Saint Louis,+200,3,3.00,2/1,Saint Louis,Team,True,1280025946,['SGP'],"[{'id': '43370', 'name': 'Saint Louis', 'type': 'Team'}]",Madness Props,Moneyline
0ML79100359_1,2,1_79100359,Arkansas State,-245,1.40816327,1.40,20/49,Arkansas State,Team,True,1280027942,['SGP'],"[{'id': '42673', 'name': 'Arkansas State', 'type': 'Team'}]",Madness Props,Moneyline
0HC79092473N450_3,2,2_79092473,North Carolina,-112,1.89285715,1.89,25/28,-4.5,North Carolina,Team,True,-4501,"['ProgressiveParlayTeamEligible', 'MainPointLine', 'SGP']","[{'id': '42450', 'name': 'North Carolina', 'type': 'Team'}]",Madness Props,Spread
0HC79092473P450_1,2,2_79092473,San Diego State,-108,1.92592593,1.92,25/27,4.5,San Diego State,Team,True,-4499,"['ProgressiveParlayTeamEligible', 'MainPointLine', 'SGP']","[{'id': '44675', 'name': 'San Diego State', 'type': 'Team'}]",Madness Props,Spread
0OU79092473O14150_1,2,3_79092473,Over,-112,1.89285715,1.89,25/28,141.5,,Unknown,True,141500,"['ProgressiveParlayTeamEligible', 'MainPointLine', 'SGP']",Madness Props,Total
0OU79092473U14150_3,2,3_79092473,Under,-108,1.92592593,1.92,25/27,141.5,,Unknown,True,141502,"['ProgressiveParlayTeamEligible', 'MainPointLine', 'SGP']",Madness Props,Total
0ML79092473_3,2,1_79092473,North Carolina,-218,1.4587156,1.45,50/109,North Carolina,Team,True,1279852086,['SGP'],"[{'id': '42450', 'name': 'North Carolina', 'type': 'Team'}]",Madness Props,Moneyline
0ML79092473_1,2,1_79092473,San Diego State,+180,2.8,2.80,9/5,San Diego State,Team,True,1279854082,['SGP'],"[{'id': '44675', 'name': 'San Diego State', 'type': 'Team'}]",Madness Props,Moneyline
0HC79100356P650_3,2,2_79100356,CSUN,-108,1.92592593,1.92,25/27,6.5,CSUN,Team,True,6499,"['ProgressiveParlayTeamEligible', 'MainPointLine', 'SGP']","[{'id': '44653', 'name': 'CSUN', 'type': 'Team'}]",Madness Props,Spread
0HC79100356N650_1,2,2_79100356,Stanford,-112,1.89285715,1.89,25/28,-6.5,Stanford,Team,True,6501,"['ProgressiveParlayTeamEligible', 'MainPointLine', 'SGP']","[{'id': '44739', 'name': 'Stanford', 'type': 'Team'}]",Madness Props,Spread
0OU79100356O15650_1,2,3_79100356,Over,-108,1.92592593,1.92,25/27,156.5,,Unknown,True,156500,"['ProgressiveParlayTeamEligible', 'MainPointLine', 'SGP']",Madness Props,Total
0OU79100356U15650_3,2,3_79100356,Under,-112,1.89285715,1.89,25/28,156.5,,Unknown,True,156502,"['ProgressiveParlayTeamEligible', 'MainPointLine', 'SGP']",Madness Props,Total
0ML79100356_3,2,1_79100356,CSUN,+230,3.3,3.30,23/10,CSUN,Team,True,1280025925,['SGP'],"[{'id': '44653', 'name': 'CSUN', 'type': 'Team'}]",Madness Props,Moneyline
0ML79100356_1,2,1_79100356,Stanford,-285,1.3508772,1.35,20/57,Stanford,Team,True,1280027921,['SGP'],"[{'id': '44739', 'name': 'Stanford', 'type': 'Team'}]",Madness Props,Moneyline
0HC79100358P1050_3,2,2_79100358,UC Riverside,-118,1.84745763,1.84,50/59,10.5,UC Riverside,Team,True,10499,"['ProgressiveParlayTeamEligible', 'MainPointLine', 'SGP']","[{'id': '44279', 'name': 'UC Riverside', 'type': 'Team'}]",Madness Props,Spread
0HC79100358N1050_1,2,2_79100358,Santa Clara,-102,1.98039216,1.98,50/51,-10.5,Santa Clara,Team,True,10501,"['ProgressiveParlayTeamEligible', 'MainPointLine', 'SGP']","[{'id': '42757', 'name': 'Santa Clara', 'type': 'Team'}]",Madness Props,Spread
0OU79100358O15650_1,2,3_79100358,Over,-110,1.90909091,1.90,10/11,156.5,,Unknown,True,156500,"['ProgressiveParlayTeamEligible', 'MainPointLine', 'SGP']",Madness Props,Total
0OU79100358U15650_3,2,3_79100358,Under,-110,1.90909091,1.90,10/11,156.5,,Unknown,True,156502,"['ProgressiveParlayTeamEligible', 'MainPointLine', 'SGP']",Madness Props,Total
0ML79100358_3,2,1_79100358,UC Riverside,+440,5.4,5.40,22/5,UC Riverside,Team,True,1280025939,['SGP'],"[{'id': '44279', 'name': 'UC Riverside', 'type': 'Team'}]",Madness Props,Moneyline
0ML79100358_1,2,1_79100358,Santa Clara,-600,1.16666667,1.16,1/6,Santa Clara,Team,True,1280027935,['SGP'],"[{'id': '42757', 'name': 'Santa Clara', 'type': 'Team'}]",Madness Props,Moneyline
0HC79092702P250_3,2,2_79092702,Mount Saint Marys,-112,1.89285715,1.89,25/28,2.5,Mount Saint Marys,Team,True,2499,"['ProgressiveParlayTeamEligible', 'MainPointLine', 'SGP']","[{'id': '42025', 'name': 'Mount Saint Marys', 'type': 'Team'}]",Madness Props,Spread
0HC79092702N250_1,2,2_79092702,American,-108,1.92592593,1.92,25/27,-2.5,American,Team,True,2501,"['ProgressiveParlayTeamEligible', 'MainPointLine', 'SGP']","[{'id': '41874', 'name': 'American', 'type': 'Team'}]",Madness Props,Spread
0OU79092702O12950_1,2,3_79092702,Over,-105,1.95238096,1.95,20/21,129.5,,Unknown,True,129500,"['ProgressiveParlayTeamEligible', 'MainPointLine', 'SGP']",Madness Props,Total
0OU79092702U12950_3,2,3_79092702,Under,-115,1.86956522,1.86,20/23,129.5,,Unknown,True,129502,"['ProgressiveParlayTeamEligible', 'MainPointLine', 'SGP']",Madness Props,Total
0ML79092702_3,2,1_79092702,Mount Saint Marys,+120,2.2,2.20,6/5,Mount Saint Marys,Team,True,1279857119,['SGP'],"[{'id': '42025', 'name': 'Mount Saint Marys', 'type': 'Team'}]",Madness Props,Moneyline
0ML79092702_1,2,1_79092702,American,-142,1.70422536,1.70,50/71,American,Team,True,1279859115,['SGP'],"[{'id': '41874', 'name': 'American', 'type': 'Team'}]",Madness Props,Moneyline
0HC79100363P750_3,2,2_79100363,Samford,-110,1.90909091,1.90,10/11,7.5,Samford,Team,True,7499,"['ProgressiveParlayTeamEligible', 'MainPointLine', 'SGP']","[{'id': '42759', 'name': 'Samford', 'type': 'Team'}]",Madness Props,Spread
0HC79100363N750_1,2,2_79100363,George Mason,-110,1.90909091,1.90,10/11,-7.5,George Mason,Team,True,7501,"['ProgressiveParlayTeamEligible', 'MainPointLine', 'SGP']","[{'id': '41752', 'name': 'George Mason', 'type': 'Team'}]",Madness Props,Spread
0OU79100363O14750_1,2,3_79100363,Over,-110,1.90909091,1.90,10/11,147.5,,Unknown,True,147500,"['ProgressiveParlayTeamEligible', 'MainPointLine', 'SGP']",Madness Props,Total
0OU79100363U14750_3,2,3_79100363,Under,-110,1.90909091,1.90,10/11,147.5,,Unknown,True,147502,"['ProgressiveParlayTeamEligible', 'MainPointLine', 'SGP']",Madness Props,Total
0ML79100363_3,2,1_79100363,Samford,+270,3.7,3.70,27/10,Samford,Team,True,1280025967,['SGP'],"[{'id': '42759', 'name': 'Samford', 'type': 'Team'}]",Madness Props,Moneyline
0ML79100363_1,2,1_79100363,George Mason,-340,1.29411765,1.29,5/17,George Mason,Team,True,1280027963,['SGP'],"[{'id': '41752', 'name': 'George Mason', 'type': 'Team'}]",Madness Props,Moneyline
0HC79100365P550_3,2,2_79100365,UAB,-115,1.86956522,1.86,20/23,5.5,UAB,Team,True,5499,"['ProgressiveParlayTeamEligible', 'MainPointLine', 'SGP']","[{'id': '42938', 'name': 'UAB', 'type': 'Team'}]",Madness Props,Spread
0HC79100365N550_1,2,2_79100365,Saint Josephs,-105,1.95238096,1.95,20/21,-5.5,Saint Josephs,Team,True,5501,"['ProgressiveParlayTeamEligible', 'MainPointLine', 'SGP']","[{'id': '42231', 'name': 'Saint Josephs', 'type': 'Team'}]",Madness Props,Spread
0OU79100365O15550_1,2,3_79100365,Over,-110,1.90909091,1.90,10/11,155.5,,Unknown,True,155500,"['ProgressiveParlayTeamEligible', 'MainPointLine', 'SGP']",Madness Props,Total
0OU79100365U15550_3,2,3_79100365,Under,-110,1.90909091,1.90,10/11,155.5,,Unknown,True,155502,"['ProgressiveParlayTeamEligible', 'MainPointLine', 'SGP']",Madness Props,Total
0ML79100365_3,2,1_79100365,UAB,+195,2.95,2.95,39/20,UAB,Team,True,1280025981,['SGP'],"[{'id': '42938', 'name': 'UAB', 'type': 'Team'}]",Madness Props,Moneyline
0ML79100365_1,2,1_79100365,Saint Josephs,-238,1.42016807,1.42,50/119,Saint Josephs,Team,True,1280027977,['SGP'],"[{'id': '42231', 'name': 'Saint Josephs', 'type': 'Team'}]",Madness Props,Moneyline
0HC79100362P100_3,2,2_79100362,Florida Atlantic,-115,1.86956522,1.86,20/23,1,Florida Atlantic,Team,True,999,"['ProgressiveParlayTeamEligible', 'MainPointLine', 'SGP']","[{'id': '44945', 'name': 'Florida Atlantic', 'type': 'Team'}]",Madness Props,Spread
0HC79100362N100_1,2,2_79100362,Dayton,-105,1.95238096,1.95,20/21,-1,Dayton,Team,True,1001,"['ProgressiveParlayTeamEligible', 'MainPointLine', 'SGP']","[{'id': '44880', 'name': 'Dayton', 'type': 'Team'}]",Madness Props,Spread
0OU79100362O15050_1,2,3_79100362,Over,-115,1.86956522,1.86,20/23,150.5,,Unknown,True,150500,"['ProgressiveParlayTeamEligible', 'MainPointLine', 'SGP']",Madness Props,Total
0OU79100362U15050_3,2,3_79100362,Under,-105,1.95238096,1.95,20/21,150.5,,Unknown,True,150502,"['ProgressiveParlayTeamEligible', 'MainPointLine', 'SGP']",Madness Props,Total
0ML79100362_3,2,1_79100362,Florida Atlantic,-102,1.98039216,1.98,50/51,Florida Atlantic,Team,True,1280025960,['SGP'],"[{'id': '44945', 'name': 'Florida Atlantic', 'type': 'Team'}]",Madness Props,Moneyline
0ML79100362_1,2,1_79100362,Dayton,-118,1.84745763,1.84,50/59,Dayton,Team,True,1280027956,['SGP'],"[{'id': '44880', 'name': 'Dayton', 'type': 'Team'}]",Madness Props,Moneyline
0HC79100364P850_3,2,2_79100364,Furman,-112,1.89285715,1.89,25/28,8.5,Furman,Team,True,8499,"['ProgressiveParlayTeamEligible', 'MainPointLine', 'SGP']","[{'id': '41709', 'name': 'Furman', 'type': 'Team'}]",Madness Props,Spread
0HC79100364N850_1,2,2_79100364,North Texas,-108,1.92592593,1.92,25/27,-8.5,North Texas,Team,True,8501,"['ProgressiveParlayTeamEligible', 'MainPointLine', 'SGP']","[{'id': '43192', 'name': 'North Texas', 'type': 'Team'}]",Madness Props,Spread
0OU79100364O13050_1,2,3_79100364,Over,-110,1.90909091,1.90,10/11,130.5,,Unknown,True,130500,"['ProgressiveParlayTeamEligible', 'MainPointLine', 'SGP']",Madness Props,Total
0OU79100364U13050_3,2,3_79100364,Under,-110,1.90909091,1.90,10/11,130.5,,Unknown,True,130502,"['ProgressiveParlayTeamEligible', 'MainPointLine', 'SGP']",Madness Props,Total
0ML79100364_3,2,1_79100364,Furman,+295,3.95,3.95,59/20,Furman,Team,True,1280025988,['SGP'],"[{'id': '41709', 'name': 'Furman', 'type': 'Team'}]",Madness Props,Moneyline
0ML79100364_1,2,1_79100364,North Texas,-375,1.26666667,1.26,4/15,North Texas,Team,True,1280027984,['SGP'],"[{'id': '43192', 'name': 'North Texas', 'type': 'Team'}]",Madness Props,Moneyline
0HC79100361P250_3,2,2_79100361,North Alabama,-108,1.92592593,1.92,25/27,2.5,North Alabama,Team,True,2499,"['ProgressiveParlayTeamEligible', 'MainPointLine', 'SGP']","[{'id': '42768', 'name': 'North Alabama', 'type': 'Team'}]",Madness Props,Spread
0HC79100361N250_1,2,2_79100361,Bradley,-112,1.89285715,1.89,25/28,-2.5,Bradley,Team,True,2501,"['ProgressiveParlayTeamEligible', 'MainPointLine', 'SGP']","[{'id': '45258', 'name': 'Bradley', 'type': 'Team'}]",Madness Props,Spread
0OU79100361O14550_1,2,3_79100361,Over,-108,1.92592593,1.92,25/27,145.5,,Unknown,True,145500,"['ProgressiveParlayTeamEligible', 'MainPointLine', 'SGP']",Madness Props,Total
0OU79100361U14550_3,2,3_79100361,Under,-112,1.89285715,1.89,25/28,145.5,,Unknown,True,145502,"['ProgressiveParlayTeamEligible', 'MainPointLine', 'SGP']",Madness Props,Total
0ML79100361_3,2,1_79100361,North Alabama,+124,2.24,2.24,31/25,North Alabama,Team,True,1280025974,['SGP'],"[{'id': '42768', 'name': 'North Alabama', 'type': 'Team'}]",Madness Props,Moneyline
0ML79100361_1,2,1_79100361,Bradley,-148,1.67567568,1.67,25/37,Bradley,Team,True,1280027970,['SGP'],"[{'id': '45258', 'name': 'Bradley', 'type': 'Team'}]",Madness Props,Moneyline
0HC79100368P1050_3,2,2_79100368,Northern Iowa,-115,1.86956522,1.86,20/23,10.5,Northern Iowa,Team,True,10499,"['ProgressiveParlayTeamEligible', 'MainPointLine', 'SGP']","[{'id': '43276', 'name': 'Northern Iowa', 'type': 'Team'}]",Madness Props,Spread
0HC79100368N1050_1,2,2_79100368,SMU,-105,1.95238096,1.95,20/21,-10.5,SMU,Team,True,10501,"['ProgressiveParlayTeamEligible', 'MainPointLine', 'SGP']","[{'id': '41637', 'name': 'SMU', 'type': 'Team'}]",Madness Props,Spread
0OU79100368O14550_1,2,3_79100368,Over,-115,1.86956522,1.86,20/23,145.5,,Unknown,True,145500,"['ProgressiveParlayTeamEligible', 'MainPointLine', 'SGP']",Madness Props,Total
0OU79100368U14550_3,2,3_79100368,Under,-105,1.95238096,1.95,20/21,145.5,,Unknown,True,145502,"['ProgressiveParlayTeamEligible', 'MainPointLine', 'SGP']",Madness Props,Total
0ML79100368_3,2,1_79100368,Northern Iowa,+440,5.4,5.40,22/5,Northern Iowa,Team,True,1280026016,['SGP'],"[{'id': '43276', 'name': 'Northern Iowa', 'type': 'Team'}]",Madness Props,Moneyline
0ML79100368_1,2,1_79100368,SMU,-600,1.16666667,1.16,1/6,SMU,Team,True,1280028006,['SGP'],"[{'id': '41637', 'name': 'SMU', 'type': 'Team'}]",Madness Props,Moneyline
0HC79092938N250_3,2,2_79092938,Xavier,-120,1.83333334,1.83,5/6,-2.5,Xavier,Team,True,-2501,"['ProgressiveParlayTeamEligible', 'MainPointLine', 'SGP']","[{'id': '44042', 'name': 'Xavier', 'type': 'Team'}]",Madness Props,Spread
0HC79092938P250_1,2,2_79092938,Texas,+100,2,2.00,1/1,2.5,Texas,Team,True,-2499,"['ProgressiveParlayTeamEligible', 'MainPointLine', 'SGP']","[{'id': '43429', 'name': 'Texas', 'type': 'Team'}]",Madness Props,Spread
0OU79092938O15150_1,2,3_79092938,Over,-110,1.90909091,1.90,10/11,151.5,,Unknown,True,151500,"['ProgressiveParlayTeamEligible', 'MainPointLine', 'SGP']",Madness Props,Total
0OU79092938U15150_3,2,3_79092938,Under,-110,1.90909091,1.90,10/11,151.5,,Unknown,True,151502,"['ProgressiveParlayTeamEligible', 'MainPointLine', 'SGP']",Madness Props,Total
0ML79092938_3,2,1_79092938,Xavier,-166,1.60240964,1.60,50/83,Xavier,Team,True,1279861060,['SGP'],"[{'id': '44042', 'name': 'Xavier', 'type': 'Team'}]",Madness Props,Moneyline
0ML79092938_1,2,1_79092938,Texas,+140,2.4,2.40,7/5,Texas,Team,True,1279863056,['SGP'],"[{'id': '43429', 'name': 'Texas', 'type': 'Team'}]",Madness Props,Moneyline
0HC79100367P750_3,2,2_79100367,Northern Colorado,-112,1.89285715,1.89,25/28,7.5,Northern Colorado,Team,True,7499,"['ProgressiveParlayTeamEligible', 'MainPointLine', 'SGP']","[{'id': '42600', 'name': 'Northern Colorado', 'type': 'Team'}]",Madness Props,Spread
0HC79100367N750_1,2,2_79100367,UC Irvine,-108,1.92592593,1.92,25/27,-7.5,UC Irvine,Team,True,7501,"['ProgressiveParlayTeamEligible', 'MainPointLine', 'SGP']","[{'id': '44593', 'name': 'UC Irvine', 'type': 'Team'}]",Madness Props,Spread
0OU79100367O15150_1,2,3_79100367,Over,-105,1.95238096,1.95,20/21,151.5,,Unknown,True,151500,"['ProgressiveParlayTeamEligible', 'MainPointLine', 'SGP']",Madness Props,Total
0OU79100367U15150_3,2,3_79100367,Under,-115,1.86956522,1.86,20/23,151.5,,Unknown,True,151502,"['ProgressiveParlayTeamEligible', 'MainPointLine', 'SGP']",Madness Props,Total
0ML79100367_3,2,1_79100367,Northern Colorado,+270,3.7,3.70,27/10,Northern Colorado,Team,True,1280026002,['SGP'],"[{'id': '42600', 'name': 'Northern Colorado', 'type': 'Team'}]",Madness Props,Moneyline
0ML79100367_1,2,1_79100367,UC Irvine,-340,1.29411765,1.29,5/17,UC Irvine,Team,True,1280027998,['SGP'],"[{'id': '44593', 'name': 'UC Irvine', 'type': 'Team'}]",Madness Props,Moneyline
0HC79100369P750_3,2,2_79100369,Utah Valley,-108,1.92592593,1.92,25/27,7.5,Utah Valley,Team,True,7499,"['ProgressiveParlayTeamEligible', 'MainPointLine', 'SGP']","[{'id': '44362', 'name': 'Utah Valley', 'type': 'Team'}]",Madness Props,Spread
0HC79100369N750_1,2,2_79100369,San Francisco,-112,1.89285715,1.89,25/28,-7.5,San Francisco,Team,True,7501,"['ProgressiveParlayTeamEligible', 'MainPointLine', 'SGP']","[{'id': '44575', 'name': 'San Francisco', 'type': 'Team'}]",Madness Props,Spread
0OU79100369O14650_1,2,3_79100369,Over,-105,1.95238096,1.95,20/21,146.5,,Unknown,True,146500,"['ProgressiveParlayTeamEligible', 'MainPointLine', 'SGP']",Madness Props,Total
0OU79100369U14650_3,2,3_79100369,Under,-115,1.86956522,1.86,20/23,146.5,,Unknown,True,146502,"['ProgressiveParlayTeamEligible', 'MainPointLine', 'SGP']",Madness Props,Total
0ML79100369_3,2,1_79100369,Utah Valley,+275,3.75,3.75,11/4,Utah Valley,Team,True,1280026011,['SGP'],"[{'id': '44362', 'name': 'Utah Valley', 'type': 'Team'}]",Madness Props,Moneyline
0ML79100369_1,2,1_79100369,San Francisco,-345,1.28985508,1.28,20/69,San Francisco,Team,True,1280028005,['SGP'],"[{'id': '44575', 'name': 'San Francisco', 'type': 'Team'}]",Madness Props,Moneyline
0HC79100366N250_3,2,2_79100366,Loyola Chicago,-118,1.84745763,1.84,50/59,-2.5,Loyola Chicago,Team,True,-2501,"['ProgressiveParlayTeamEligible', 'MainPointLine', 'SGP']","[{'id': '43985', 'name': 'Loyola Chicago', 'type': 'Team'}]",Madness Props,Spread
0HC79100366P250_1,2,2_79100366,San Jose State,-102,1.98039216,1.98,50/51,2.5,San Jose State,Team,True,-2499,"['ProgressiveParlayTeamEligible', 'MainPointLine', 'SGP']","[{'id': '41391', 'name': 'San Jose State', 'type': 'Team'}]",Madness Props,Spread
0OU79100366O14050_1,2,3_79100366,Over,-115,1.86956522,1.86,20/23,140.5,,Unknown,True,140500,"['ProgressiveParlayTeamEligible', 'MainPointLine', 'SGP']",Madness Props,Total
0OU79100366U14050_3,2,3_79100366,Under,-105,1.95238096,1.95,20/21,140.5,,Unknown,True,140502,"['ProgressiveParlayTeamEligible', 'MainPointLine', 'SGP']",Madness Props,Total
0ML79100366_3,2,1_79100366,Loyola Chicago,-142,1.70422536,1.70,50/71,Loyola Chicago,Team,True,1280025995,['SGP'],"[{'id': '43985', 'name': 'Loyola Chicago', 'type': 'Team'}]",Madness Props,Moneyline
0ML79100366_1,2,1_79100366,San Jose State,+120,2.2,2.20,6/5,San Jose State,Team,True,1280027991,['SGP'],"[{'id': '41391', 'name': 'San Jose State', 'type': 'Team'}]",Madness Props,Moneyline
0HC79092456P250_3,2,2_79092456,Creighton,-110,1.90909091,1.90,10/11,2.5,Creighton,Team,True,2499,"['ProgressiveParlayTeamEligible', 'MainPointLine', 'SGP']","[{'id': '43875', 'name': 'Creighton', 'type': 'Team'}]",Madness Props,Spread
0HC79092456N250_1,2,2_79092456,Louisville,-110,1.90909091,1.90,10/11,-2.5,Louisville,Team,True,2501,"['ProgressiveParlayTeamEligible', 'MainPointLine', 'SGP']","[{'id': '41477', 'name': 'Louisville', 'type': 'Team'}]",Madness Props,Spread
0OU79092456O14450_1,2,3_79092456,Over,-110,1.90909091,1.90,10/11,144.5,,Unknown,True,144500,"['ProgressiveParlayTeamEligible', 'MainPointLine', 'SGP']",Madness Props,Total
0OU79092456U14450_3,2,3_79092456,Under,-110,1.90909091,1.90,10/11,144.5,,Unknown,True,144502,"['ProgressiveParlayTeamEligible', 'MainPointLine', 'SGP']",Madness Props,Total
0ML79092456_3,2,1_79092456,Creighton,+120,2.2,2.20,6/5,Creighton,Team,True,1279851890,['SGP'],"[{'id': '43875', 'name': 'Creighton', 'type': 'Team'}]",Madness Props,Moneyline
0ML79092456_1,2,1_79092456,Louisville,-142,1.70422536,1.70,50/71,Louisville,Team,True,1279853886,['SGP'],"[{'id': '41477', 'name': 'Louisville', 'type': 'Team'}]",Madness Props,Moneyline
0HC79092925P750_3,2,2_79092925,High Point,-102,1.98039216,1.98,50/51,7.5,High Point,Team,True,7499,"['ProgressiveParlayTeamEligible', 'MainPointLine', 'SGP']","[{'id': '45137', 'name': 'High Point', 'type': 'Team'}]",Madness Props,Spread
0HC79092925N750_1,2,2_79092925,Purdue,-118,1.84745763,1.84,50/59,-7.5,Purdue,Team,True,7501,"['ProgressiveParlayTeamEligible', 'MainPointLine', 'SGP']","[{'id': '42127', 'name': 'Purdue', 'type': 'Team'}]",Madness Props,Spread
0OU79092925O15350_1,2,3_79092925,Over,-105,1.95238096,1.95,20/21,153.5,,Unknown,True,153500,"['ProgressiveParlayTeamEligible', 'MainPointLine', 'SGP']",Madness Props,Total
0OU79092925U15350_3,2,3_79092925,Under,-115,1.86956522,1.86,20/23,153.5,,Unknown,True,153502,"['ProgressiveParlayTeamEligible', 'MainPointLine', 'SGP']",Madness Props,Total
0ML79092925_3,2,1_79092925,High Point,+295,3.95,3.95,59/20,High Point,Team,True,1279860143,['SGP'],"[{'id': '45137', 'name': 'High Point', 'type': 'Team'}]",Madness Props,Moneyline
0ML79092925_1,2,1_79092925,Purdue,-375,1.26666667,1.26,4/15,Purdue,Team,True,1279862139,['SGP'],"[{'id': '42127', 'name': 'Purdue', 'type': 'Team'}]",Madness Props,Moneyline
0HC79092767P1750_3,2,2_79092767,Montana,-115,1.86956522,1.86,20/23,17.5,Montana,Team,True,17499,"['ProgressiveParlayTeamEligible', 'MainPointLine', 'SGP']","[{'id': '42575', 'name': 'Montana', 'type': 'Team'}]",Madness Props,Spread
0HC79092767N1750_1,2,2_79092767,Wisconsin,-105,1.95238096,1.95,20/21,-17.5,Wisconsin,Team,True,17501,"['ProgressiveParlayTeamEligible', 'MainPointLine', 'SGP']","[{'id': '43620', 'name': 'Wisconsin', 'type': 'Team'}]",Madness Props,Spread
0OU79092767O15250_1,2,3_79092767,Over,-105,1.95238096,1.95,20/21,152.5,,Unknown,True,152500,"['ProgressiveParlayTeamEligible', 'MainPointLine']",Madness Props,Total
0OU79092767U15250_3,2,3_79092767,Under,-115,1.86956522,1.86,20/23,152.5,,Unknown,True,152502,"['ProgressiveParlayTeamEligible', 'MainPointLine', 'SGP']",Madness Props,Total
0ML79092767_3,2,1_79092767,Montana,+1200,13,13.00,12/1,Montana,Team,True,1279858456,['SGP'],"[{'id': '42575', 'name': 'Montana', 'type': 'Team'}]",Madness Props,Moneyline
0ML79092767_1,2,1_79092767,Wisconsin,-2400,1.04166667,1.04,1/24,Wisconsin,Team,True,1279860452,['SGP'],"[{'id': '43620', 'name': 'Wisconsin', 'type': 'Team'}]",Madness Props,Moneyline
0HC79092890P2950_3,2,2_79092890,SIU Edwardsville,-115,1.86956522,1.86,20/23,29.5,SIU Edwardsville,Team,True,29499,"['ProgressiveParlayTeamEligible', 'MainPointLine', 'SGP']","[{'id': '43647', 'name': 'SIU Edwardsville', 'type': 'Team'}]",Madness Props,Spread
0HC79092890N2950_1,2,2_79092890,Houston,-105,1.95238096,1.95,20/21,-29.5,Houston,Team,True,29501,"['ProgressiveParlayTeamEligible', 'MainPointLine', 'SGP']","[{'id': '43043', 'name': 'Houston', 'type': 'Team'}]",Madness Props,Spread
0OU79092890O12650_1,2,3_79092890,Over,-108,1.92592593,1.92,25/27,126.5,,Unknown,True,126500,"['ProgressiveParlayTeamEligible', 'MainPointLine', 'SGP']",Madness Props,Total
0OU79092890U12650_3,2,3_79092890,Under,-112,1.89285715,1.89,25/28,126.5,,Unknown,True,126502,"['ProgressiveParlayTeamEligible', 'MainPointLine', 'SGP']",Madness Props,Total
0HC79092912P750_3,2,2_79092912,McNeese,-110,1.90909091,1.90,10/11,7.5,McNeese,Team,True,7499,"['ProgressiveParlayTeamEligible', 'MainPointLine', 'SGP']","[{'id': '41412', 'name': 'McNeese', 'type': 'Team'}]",Madness Props,Spread
0HC79092912N750_1,2,2_79092912,Clemson,-110,1.90909091,1.90,10/11,-7.5,Clemson,Team,True,7501,"['ProgressiveParlayTeamEligible', 'MainPointLine', 'SGP']","[{'id': '41619', 'name': 'Clemson', 'type': 'Team'}]",Madness Props,Spread
0OU79092912O13450_1,2,3_79092912,Over,-105,1.95238096,1.95,20/21,134.5,,Unknown,True,134500,"['ProgressiveParlayTeamEligible', 'MainPointLine', 'SGP']",Madness Props,Total
0OU79092912U13450_3,2,3_79092912,Under,-115,1.86956522,1.86,20/23,134.5,,Unknown,True,134502,"['ProgressiveParlayTeamEligible', 'MainPointLine', 'SGP']",Madness Props,Total
0ML79092912_3,2,1_79092912,McNeese,+275,3.75,3.75,11/4,McNeese,Team,True,1279860136,['SGP'],"[{'id': '41412', 'name': 'McNeese', 'type': 'Team'}]",Madness Props,Moneyline
0ML79092912_1,2,1_79092912,Clemson,-345,1.28985508,1.28,20/69,Clemson,Team,True,1279862132,['SGP'],"[{'id': '41619', 'name': 'Clemson', 'type': 'Team'}]",Madness Props,Moneyline
0HC79092766P250_3,2,2_79092766,VCU,-102,1.98039216,1.98,50/51,2.5,VCU,Team,True,2499,"['ProgressiveParlayTeamEligible', 'MainPointLine', 'SGP']","[{'id': '42328', 'name': 'VCU', 'type': 'Team'}]",Madness Props,Spread
0HC79092766N250_1,2,2_79092766,BYU,-118,1.84745763,1.84,50/59,-2.5,BYU,Team,True,2501,"['ProgressiveParlayTeamEligible', 'MainPointLine', 'SGP']","[{'id': '44811', 'name': 'BYU', 'type': 'Team'}]",Madness Props,Spread
0OU79092766O14650_1,2,3_79092766,Over,-105,1.95238096,1.95,20/21,146.5,,Unknown,True,146500,"['ProgressiveParlayTeamEligible', 'MainPointLine', 'SGP']",Madness Props,Total
0OU79092766U14650_3,2,3_79092766,Under,-115,1.86956522,1.86,20/23,146.5,,Unknown,True,146502,"['ProgressiveParlayTeamEligible', 'MainPointLine', 'SGP']",Madness Props,Total
0ML79092766_3,2,1_79092766,VCU,+130,2.3,2.30,13/10,VCU,Team,True,1279858449,['SGP'],"[{'id': '42328', 'name': 'VCU', 'type': 'Team'}]",Madness Props,Moneyline
0ML79092766_1,2,1_79092766,BYU,-155,1.6451613,1.64,20/31,BYU,Team,True,1279860445,['SGP'],"[{'id': '44811', 'name': 'BYU', 'type': 'Team'}]",Madness Props,Moneyline
0HC79093078P550_3,2,2_79093078,Georgia,-102,1.98039216,1.98,50/51,5.5,Georgia Bulldogs,Team,True,5499,"['ProgressiveParlayTeamEligible', 'MainPointLine', 'SGP']","[{'id': '42478', 'name': 'Georgia Bulldogs', 'type': 'Team'}]",Madness Props,Spread
0HC79093078N550_1,2,2_79093078,Gonzaga,-118,1.84745763,1.84,50/59,-5.5,Gonzaga,Team,True,5501,"['ProgressiveParlayTeamEligible', 'MainPointLine', 'SGP']","[{'id': '44154', 'name': 'Gonzaga', 'type': 'Team'}]",Madness Props,Spread
0OU79093078O15050_1,2,3_79093078,Over,-112,1.89285715,1.89,25/28,150.5,,Unknown,True,150500,"['ProgressiveParlayTeamEligible', 'MainPointLine', 'SGP']",Madness Props,Total
0OU79093078U15050_3,2,3_79093078,Under,-108,1.92592593,1.92,25/27,150.5,,Unknown,True,150502,"['ProgressiveParlayTeamEligible', 'MainPointLine', 'SGP']",Madness Props,Total
0ML79093078_3,2,1_79093078,Georgia,+215,3.15,3.15,43/20,Georgia Bulldogs,Team,True,1279863188,['SGP'],"[{'id': '42478', 'name': 'Georgia Bulldogs', 'type': 'Team'}]",Madness Props,Moneyline
0ML79093078_1,2,1_79093078,Gonzaga,-265,1.3773585,1.37,20/53,Gonzaga,Team,True,1279865184,['SGP'],"[{'id': '44154', 'name': 'Gonzaga', 'type': 'Team'}]",Madness Props,Moneyline
0HC79092949P1850_3,2,2_79092949,Wofford,-108,1.92592593,1.92,25/27,18.5,Wofford,Team,True,18499,"['ProgressiveParlayTeamEligible', 'MainPointLine', 'SGP']","[{'id': '42442', 'name': 'Wofford', 'type': 'Team'}]",Madness Props,Spread
0HC79092949N1850_1,2,2_79092949,Tennessee,-112,1.89285715,1.89,25/28,-18.5,Tennessee,Team,True,18501,"['ProgressiveParlayTeamEligible', 'MainPointLine', 'SGP']","[{'id': '42305', 'name': 'Tennessee', 'type': 'Team'}]",Madness Props,Spread
0OU79092949O13250_1,2,3_79092949,Over,-115,1.86956522,1.86,20/23,132.5,,Unknown,True,132500,"['ProgressiveParlayTeamEligible', 'MainPointLine', 'SGP']",Madness Props,Total
0OU79092949U13250_3,2,3_79092949,Under,-105,1.95238096,1.95,20/21,132.5,,Unknown,True,132502,"['ProgressiveParlayTeamEligible', 'MainPointLine', 'SGP']",Madness Props,Total
0ML79092949_3,2,1_79092949,Wofford,+1500,16,16.00,15/1,Wofford,Team,True,1279861137,['SGP'],"[{'id': '42442', 'name': 'Wofford', 'type': 'Team'}]",Madness Props,Moneyline
0ML79092949_1,2,1_79092949,Tennessee,-3600,1.02777778,1.02,1/36,Tennessee,Team,True,1279863133,['SGP'],"[{'id': '42305', 'name': 'Tennessee', 'type': 'Team'}]",Madness Props,Moneyline
0HC79092964P450_3,2,2_79092964,Arkansas,-110,1.90909091,1.90,10/11,4.5,Arkansas,Team,True,4499,"['ProgressiveParlayTeamEligible', 'MainPointLine', 'SGP']","[{'id': '42107', 'name': 'Arkansas', 'type': 'Team'}]",Madness Props,Spread
0HC79092964N450_1,2,2_79092964,Kansas,-110,1.90909091,1.90,10/11,-4.5,Kansas,Team,True,4501,"['ProgressiveParlayTeamEligible', 'MainPointLine', 'SGP']","[{'id': '41920', 'name': 'Kansas', 'type': 'Team'}]",Madness Props,Spread
0OU79092964O14550_1,2,3_79092964,Over,-115,1.86956522,1.86,20/23,145.5,,Unknown,True,145500,"['ProgressiveParlayTeamEligible', 'MainPointLine', 'SGP']",Madness Props,Total
0OU79092964U14550_3,2,3_79092964,Under,-105,1.95238096,1.95,20/21,145.5,,Unknown,True,145502,"['ProgressiveParlayTeamEligible', 'MainPointLine', 'SGP']",Madness Props,Total
0ML79092964_3,2,1_79092964,Arkansas,+164,2.64,2.64,41/25,Arkansas,Team,True,1279861242,['SGP'],"[{'id': '42107', 'name': 'Arkansas', 'type': 'Team'}]",Madness Props,Moneyline
0ML79092964_1,2,1_79092964,Kansas,-198,1.50505051,1.50,50/99,Kansas,Team,True,1279863238,['SGP'],"[{'id': '41920', 'name': 'Kansas', 'type': 'Team'}]",Madness Props,Moneyline
0HC79092474P750_3,2,2_79092474,Yale,-115,1.86956522,1.86,20/23,7.5,Yale,Team,True,7499,"['ProgressiveParlayTeamEligible', 'MainPointLine', 'SGP']","[{'id': '42873', 'name': 'Yale', 'type': 'Team'}]",Madness Props,Spread
0HC79092474N750_1,2,2_79092474,Texas A&M,-105,1.95238096,1.95,20/21,-7.5,Texas A&M,Team,True,7501,"['ProgressiveParlayTeamEligible', 'MainPointLine', 'SGP']","[{'id': '44866', 'name': 'Texas A&M', 'type': 'Team'}]",Madness Props,Spread
0OU79092474O13950_1,2,3_79092474,Over,-115,1.86956522,1.86,20/23,139.5,,Unknown,True,139500,"['ProgressiveParlayTeamEligible', 'MainPointLine', 'SGP']",Madness Props,Total
0OU79092474U13950_3,2,3_79092474,Under,-105,1.95238096,1.95,20/21,139.5,,Unknown,True,139502,"['ProgressiveParlayTeamEligible', 'MainPointLine', 'SGP']",Madness Props,Total
0ML79092474_3,2,1_79092474,Yale,+260,3.6,3.60,13/5,Yale,Team,True,1279852093,['SGP'],"[{'id': '42873', 'name': 'Yale', 'type': 'Team'}]",Madness Props,Moneyline
0ML79092474_1,2,1_79092474,Texas A&M,-325,1.30769231,1.30,4/13,Texas A&M,Team,True,1279854089,['SGP'],"[{'id': '44866', 'name': 'Texas A&M', 'type': 'Team'}]",Madness Props,Moneyline
0HC79092959P650_3,2,2_79092959,Drake,-112,1.89285715,1.89,25/28,6.5,Drake,Team,True,6499,"['ProgressiveParlayTeamEligible', 'MainPointLine', 'SGP']","[{'id': '41573', 'name': 'Drake', 'type': 'Team'}]",Madness Props,Spread
0HC79092959N650_1,2,2_79092959,Missouri,-108,1.92592593,1.92,25/27,-6.5,Missouri,Team,True,6501,"['ProgressiveParlayTeamEligible', 'MainPointLine', 'SGP']","[{'id': '43114', 'name': 'Missouri', 'type': 'Team'}]",Madness Props,Spread
0OU79092959O13250_1,2,3_79092959,Over,-108,1.92592593,1.92,25/27,132.5,,Unknown,True,132500,"['ProgressiveParlayTeamEligible', 'MainPointLine', 'SGP']",Madness Props,Total
0OU79092959U13250_3,2,3_79092959,Under,-112,1.89285715,1.89,25/28,132.5,,Unknown,True,132502,"['ProgressiveParlayTeamEligible', 'MainPointLine', 'SGP']",Madness Props,Total
0ML79092959_3,2,1_79092959,Drake,+220,3.2,3.20,11/5,Drake,Team,True,1279861207,['SGP'],"[{'id': '41573', 'name': 'Drake', 'type': 'Team'}]",Madness Props,Moneyline
0ML79092959_1,2,1_79092959,Missouri,-270,1.37037038,1.37,10/27,Missouri,Team,True,1279863203,['SGP'],"[{'id': '43114', 'name': 'Missouri', 'type': 'Team'}]",Madness Props,Moneyline
0HC79092948P550_3,2,2_79092948,Utah State,-112,1.89285715,1.89,25/28,5.5,Utah State,Team,True,5499,"['ProgressiveParlayTeamEligible', 'MainPointLine', 'SGP']","[{'id': '44224', 'name': 'Utah State', 'type': 'Team'}]",Madness Props,Spread
0HC79092948N550_1,2,2_79092948,UCLA,-108,1.92592593,1.92,25/27,-5.5,UCLA,Team,True,5501,"['ProgressiveParlayTeamEligible', 'MainPointLine', 'SGP']","[{'id': '44331', 'name': 'UCLA', 'type': 'Team'}]",Madness Props,Spread
0OU79092948O14350_1,2,3_79092948,Over,-115,1.86956522,1.86,20/23,143.5,,Unknown,True,143500,"['ProgressiveParlayTeamEligible', 'MainPointLine', 'SGP']",Madness Props,Total
0OU79092948U14350_3,2,3_79092948,Under,-105,1.95238096,1.95,20/21,143.5,,Unknown,True,143502,"['ProgressiveParlayTeamEligible', 'MainPointLine', 'SGP']",Madness Props,Total
0ML79092948_3,2,1_79092948,Utah State,+190,2.9,2.90,19/10,Utah State,Team,True,1279861130,['SGP'],"[{'id': '44224', 'name': 'Utah State', 'type': 'Team'}]",Madness Props,Moneyline
0ML79092948_1,2,1_79092948,UCLA,-230,1.43478261,1.43,10/23,UCLA,Team,True,1279863126,['SGP'],"[{'id': '44331', 'name': 'UCLA', 'type': 'Team'}]",Madness Props,Moneyline
0HC79092965P1850_3,2,2_79092965,Omaha,-108,1.92592593,1.92,25/27,18.5,Omaha,Team,True,18499,"['ProgressiveParlayTeamEligible', 'MainPointLine', 'SGP']","[{'id': '43093', 'name': 'Omaha', 'type': 'Team'}]",Madness Props,Spread
0HC79092965N1850_1,2,2_79092965,St. Johns,-112,1.89285715,1.89,25/28,-18.5,St. Johns,Team,True,18501,"['ProgressiveParlayTeamEligible', 'MainPointLine', 'SGP']","[{'id': '41392', 'name': 'St. Johns', 'type': 'Team'}]",Madness Props,Spread
0OU79092965O14750_1,2,3_79092965,Over,-115,1.86956522,1.86,20/23,147.5,,Unknown,True,147500,"['ProgressiveParlayTeamEligible', 'MainPointLine', 'SGP']",Madness Props,Total
0OU79092965U14750_3,2,3_79092965,Under,-105,1.95238096,1.95,20/21,147.5,,Unknown,True,147502,"['ProgressiveParlayTeamEligible', 'MainPointLine', 'SGP']",Madness Props,Total
0ML79092965_3,2,1_79092965,Omaha,+1500,16,16.00,15/1,Omaha,Team,True,1279861249,['SGP'],"[{'id': '43093', 'name': 'Omaha', 'type': 'Team'}]",Madness Props,Moneyline
0ML79092965_1,2,1_79092965,St. Johns,-3600,1.02777778,1.02,1/36,St. Johns,Team,True,1279863245,['SGP'],"[{'id': '41392', 'name': 'St. Johns', 'type': 'Team'}]",Madness Props,Moneyline
0HC79092459P250_3,2,2_79092459,UC San Diego,-108,1.92592593,1.92,25/27,2.5,UC San Diego,Team,True,2499,"['ProgressiveParlayTeamEligible', 'MainPointLine', 'SGP']","[{'id': '302038', 'name': 'UC San Diego', 'type': 'Team'}]",Madness Props,Spread
0HC79092459N250_1,2,2_79092459,Michigan,-112,1.89285715,1.89,25/28,-2.5,Michigan,Team,True,2501,"['ProgressiveParlayTeamEligible', 'MainPointLine', 'SGP']","[{'id': '43956', 'name': 'Michigan', 'type': 'Team'}]",Madness Props,Spread
0OU79092459O14250_1,2,3_79092459,Over,-108,1.92592593,1.92,25/27,142.5,,Unknown,True,142500,"['ProgressiveParlayTeamEligible', 'MainPointLine', 'SGP']",Madness Props,Total
0OU79092459U14250_3,2,3_79092459,Under,-112,1.89285715,1.89,25/28,142.5,,Unknown,True,142502,"['ProgressiveParlayTeamEligible', 'MainPointLine', 'SGP']",Madness Props,Total
0ML79092459_3,2,1_79092459,UC San Diego,+124,2.24,2.24,31/25,UC San Diego,Team,True,1279851932,['SGP'],"[{'id': '302038', 'name': 'UC San Diego', 'type': 'Team'}]",Madness Props,Moneyline
0ML79092459_1,2,1_79092459,Michigan,-148,1.67567568,1.67,25/37,Michigan,Team,True,1279853928,['SGP'],"[{'id': '43956', 'name': 'Michigan', 'type': 'Team'}]",Madness Props,Moneyline
0HC79092963P1550_3,2,2_79092963,UNC Wilmington,-108,1.92592593,1.92,25/27,15.5,UNC Wilmington,Team,True,15499,"['ProgressiveParlayTeamEligible', 'MainPointLine', 'SGP']","[{'id': '42593', 'name': 'UNC Wilmington', 'type': 'Team'}]",Madness Props,Spread
0HC79092963N1550_1,2,2_79092963,Texas Tech,-112,1.89285715,1.89,25/28,-15.5,Texas Tech,Team,True,15501,"['ProgressiveParlayTeamEligible', 'MainPointLine', 'SGP']","[{'id': '42835', 'name': 'Texas Tech', 'type': 'Team'}]",Madness Props,Spread
0OU79092963O14350_1,2,3_79092963,Over,-112,1.89285715,1.89,25/28,143.5,,Unknown,True,143500,"['ProgressiveParlayTeamEligible', 'MainPointLine', 'SGP']",Madness Props,Total
0OU79092963U14350_3,2,3_79092963,Under,-108,1.92592593,1.92,25/27,143.5,,Unknown,True,143502,"['ProgressiveParlayTeamEligible', 'MainPointLine', 'SGP']",Madness Props,Total
0ML79092963_3,2,1_79092963,UNC Wilmington,+1000,11,11.00,10/1,UNC Wilmington,Team,True,1279861235,['SGP'],"[{'id': '42593', 'name': 'UNC Wilmington', 'type': 'Team'}]",Madness Props,Moneyline
0ML79092963_1,2,1_79092963,Texas Tech,-1800,1.05555556,1.05,1/18,Texas Tech,Team,True,1279863231,['SGP'],"[{'id': '42835', 'name': 'Texas Tech', 'type': 'Team'}]",Madness Props,Moneyline
0HC79092703P100_3,2,2_79092703,Baylor,-108,1.92592593,1.92,25/27,1,Baylor,Team,True,999,"['ProgressiveParlayTeamEligible', 'MainPointLine', 'SGP']","[{'id': '44466', 'name': 'Baylor', 'type': 'Team'}]",Madness Props,Spread
0HC79092703N100_1,2,2_79092703,Mississippi State,-112,1.89285715,1.89,25/28,-1,Mississippi State,Team,True,1001,"['ProgressiveParlayTeamEligible', 'MainPointLine', 'SGP']","[{'id': '42185', 'name': 'Mississippi State', 'type': 'Team'}]",Madness Props,Spread
0OU79092703O14450_1,2,3_79092703,Over,-110,1.90909091,1.90,10/11,144.5,,Unknown,True,144500,"['ProgressiveParlayTeamEligible', 'MainPointLine', 'SGP']",Madness Props,Total
0OU79092703U14450_3,2,3_79092703,Under,-110,1.90909091,1.90,10/11,144.5,,Unknown,True,144502,"['ProgressiveParlayTeamEligible', 'MainPointLine', 'SGP']",Madness Props,Total
0ML79092703_3,2,1_79092703,Baylor,+100,2,2.00,1/1,Baylor,Team,True,1279857126,['SGP'],"[{'id': '44466', 'name': 'Baylor', 'type': 'Team'}]",Madness Props,Moneyline
0ML79092703_1,2,1_79092703,Mississippi State,-120,1.83333334,1.83,5/6,Mississippi State,Team,True,1279859122,['SGP'],"[{'id': '42185', 'name': 'Mississippi State', 'type': 'Team'}]",Madness Props,Moneyline
0HC79092773P2350_3,2,2_79092773,Robert Morris,-115,1.86956522,1.86,20/23,23.5,Robert Morris,Team,True,23499,"['ProgressiveParlayTeamEligible', 'MainPointLine', 'SGP']","[{'id': '44588', 'name': 'Robert Morris', 'type': 'Team'}]",Madness Props,Spread
0HC79092773N2350_1,2,2_79092773,Alabama,-105,1.95238096,1.95,20/21,-23.5,Alabama,Team,True,23501,"['ProgressiveParlayTeamEligible', 'MainPointLine', 'SGP']","[{'id': '42858', 'name': 'Alabama', 'type': 'Team'}]",Madness Props,Spread
0OU79092773O16550_1,2,3_79092773,Over,-108,1.92592593,1.92,25/27,165.5,,Unknown,True,165500,"['ProgressiveParlayTeamEligible', 'MainPointLine', 'SGP']",Madness Props,Total
0OU79092773U16550_3,2,3_79092773,Under,-112,1.89285715,1.89,25/28,165.5,,Unknown,True,165502,"['ProgressiveParlayTeamEligible', 'MainPointLine', 'SGP']",Madness Props,Total
0ML79092773_3,2,1_79092773,Robert Morris,+1800,19,19.00,18/1,Robert Morris,Team,True,1279858596,['SGP'],"[{'id': '44588', 'name': 'Robert Morris', 'type': 'Team'}]",Madness Props,Moneyline
0ML79092773_1,2,1_79092773,Alabama,-5000,1.02,1.02,1/50,Alabama,Team,True,1279860592,['SGP'],"[{'id': '42858', 'name': 'Alabama', 'type': 'Team'}]",Madness Props,Moneyline
0HC79092479P1450_3,2,2_79092479,Lipscomb,-102,1.98039216,1.98,50/51,14.5,Lipscomb,Team,True,14499,"['ProgressiveParlayTeamEligible', 'MainPointLine', 'SGP']","[{'id': '43785', 'name': 'Lipscomb', 'type': 'Team'}]",Madness Props,Spread
0HC79092479N1450_1,2,2_79092479,Iowa State,-118,1.84745763,1.84,50/59,-14.5,Iowa State,Team,True,14501,"['ProgressiveParlayTeamEligible', 'MainPointLine', 'SGP']","[{'id': '42961', 'name': 'Iowa State', 'type': 'Team'}]",Madness Props,Spread
0OU79092479O14350_1,2,3_79092479,Over,-105,1.95238096,1.95,20/21,143.5,,Unknown,True,143500,"['ProgressiveParlayTeamEligible', 'MainPointLine', 'SGP']",Madness Props,Total
0OU79092479U14350_3,2,3_79092479,Under,-115,1.86956522,1.86,20/23,143.5,,Unknown,True,143502,"['ProgressiveParlayTeamEligible', 'MainPointLine', 'SGP']",Madness Props,Total
0ML79092479_3,2,1_79092479,Lipscomb,+900,10,10.00,9/1,Lipscomb,Team,True,1279852128,['SGP'],"[{'id': '43785', 'name': 'Lipscomb', 'type': 'Team'}]",Madness Props,Moneyline
0ML79092479_1,2,1_79092479,Iowa State,-1600,1.0625,1.06,1/16,Iowa State,Team,True,1279854124,['SGP'],"[{'id': '42961', 'name': 'Iowa State', 'type': 'Team'}]",Madness Props,Moneyline
0HC79092954N150_3,2,2_79092954,Colorado State,-118,1.84745763,1.84,50/59,-1.5,Colorado State,Team,True,-1501,"['ProgressiveParlayTeamEligible', 'MainPointLine', 'SGP']","[{'id': '45374', 'name': 'Colorado State', 'type': 'Team'}]",Madness Props,Spread
0HC79092954P150_1,2,2_79092954,Memphis,-102,1.98039216,1.98,50/51,1.5,Memphis,Team,True,-1499,"['ProgressiveParlayTeamEligible', 'MainPointLine', 'SGP']","[{'id': '43053', 'name': 'Memphis', 'type': 'Team'}]",Madness Props,Spread
0OU79092954O14750_1,2,3_79092954,Over,-110,1.90909091,1.90,10/11,147.5,,Unknown,True,147500,"['ProgressiveParlayTeamEligible', 'MainPointLine', 'SGP']",Madness Props,Total
0OU79092954U14750_3,2,3_79092954,Under,-110,1.90909091,1.90,10/11,147.5,,Unknown,True,147502,"['ProgressiveParlayTeamEligible', 'MainPointLine', 'SGP']",Madness Props,Total
0ML79092954_3,2,1_79092954,Colorado State,-135,1.74074075,1.74,20/27,Colorado State,Team,True,1279861172,['SGP'],"[{'id': '45374', 'name': 'Colorado State', 'type': 'Team'}]",Madness Props,Moneyline
0ML79092954_1,2,1_79092954,Memphis,+114,2.14,2.14,57/50,Memphis,Team,True,1279863168,['SGP'],"[{'id': '43053', 'name': 'Memphis', 'type': 'Team'}]",Madness Props,Moneyline
0HC79092772P450_3,2,2_79092772,Vanderbilt,-115,1.86956522,1.86,20/23,4.5,Vanderbilt,Team,True,4499,"['ProgressiveParlayTeamEligible', 'MainPointLine', 'SGP']","[{'id': '44513', 'name': 'Vanderbilt', 'type': 'Team'}]",Madness Props,Spread
0HC79092772N450_1,2,2_79092772,Saint Marys,-105,1.95238096,1.95,20/21,-4.5,Saint Marys,Team,True,4501,"['ProgressiveParlayTeamEligible', 'MainPointLine', 'SGP']","[{'id': '41405', 'name': 'Saint Marys', 'type': 'Team'}]",Madness Props,Spread
0OU79092772O13650_1,2,3_79092772,Over,-108,1.92592593,1.92,25/27,136.5,,Unknown,True,136500,"['ProgressiveParlayTeamEligible', 'MainPointLine', 'SGP']",Madness Props,Total
0OU79092772U13650_3,2,3_79092772,Under,-112,1.89285715,1.89,25/28,136.5,,Unknown,True,136502,"['ProgressiveParlayTeamEligible', 'MainPointLine', 'SGP']",Madness Props,Total
0ML79092772_3,2,1_79092772,Vanderbilt,+160,2.6,2.60,8/5,Vanderbilt,Team,True,1279858589,['SGP'],"[{'id': '44513', 'name': 'Vanderbilt', 'type': 'Team'}]",Madness Props,Moneyline
0ML79092772_1,2,1_79092772,Saint Marys,-192,1.52083334,1.52,25/48,Saint Marys,Team,True,1279860585,['SGP'],"[{'id': '41405', 'name': 'Saint Marys', 'type': 'Team'}]",Madness Props,Moneyline
0HC79111741P150_3,2,2_79111741,North Carolina,-110,1.90909091,1.90,10/11,1.5,North Carolina,Team,True,1499,"['ProgressiveParlayTeamEligible', 'MainPointLine', 'SGP']","[{'id': '42450', 'name': 'North Carolina', 'type': 'Team'}]",Madness Props,Spread
0HC79111741N150_1,2,2_79111741,Ole Miss,-110,1.90909091,1.90,10/11,-1.5,Ole Miss,Team,True,1501,"['ProgressiveParlayTeamEligible', 'MainPointLine', 'SGP']","[{'id': '43121', 'name': 'Ole Miss', 'type': 'Team'}]",Madness Props,Spread
0OU79111741O15250_1,2,3_79111741,Over,-110,1.90909091,1.90,10/11,152.5,,Unknown,True,152500,"['ProgressiveParlayTeamEligible', 'MainPointLine', 'SGP']",Madness Props,Total
0OU79111741U15250_3,2,3_79111741,Under,-110,1.90909091,1.90,10/11,152.5,,Unknown,True,152502,"['ProgressiveParlayTeamEligible', 'MainPointLine', 'SGP']",Madness Props,Total
0ML79111741_3,2,1_79111741,North Carolina,+105,2.05,2.05,21/20,North Carolina,Team,True,1280260180,['SGP'],"[{'id': '42450', 'name': 'North Carolina', 'type': 'Team'}]",Madness Props,Moneyline
0ML79111741_1,2,1_79111741,Ole Miss,-125,1.8,1.80,4/5,Ole Miss,Team,True,1280262176,['SGP'],"[{'id': '43121', 'name': 'Ole Miss', 'type': 'Team'}]",Madness Props,Moneyline
0HC79111740P350_3,2,2_79111740,San Diego State,-110,1.90909091,1.90,10/11,3.5,San Diego State,Team,True,3499,"['ProgressiveParlayTeamEligible', 'MainPointLine', 'SGP']","[{'id': '44675', 'name': 'San Diego State', 'type': 'Team'}]",Madness Props,Spread
0HC79111740N350_1,2,2_79111740,Ole Miss,-110,1.90909091,1.90,10/11,-3.5,Ole Miss,Team,True,3501,"['ProgressiveParlayTeamEligible', 'MainPointLine', 'SGP']","[{'id': '43121', 'name': 'Ole Miss', 'type': 'Team'}]",Madness Props,Spread
0OU79111740O13550_1,2,3_79111740,Over,-110,1.90909091,1.90,10/11,135.5,,Unknown,True,135500,"['ProgressiveParlayTeamEligible', 'MainPointLine', 'SGP']",Madness Props,Total
0OU79111740U13550_3,2,3_79111740,Under,-110,1.90909091,1.90,10/11,135.5,,Unknown,True,135502,"['ProgressiveParlayTeamEligible', 'MainPointLine', 'SGP']",Madness Props,Total
0ML79111740_3,2,1_79111740,San Diego State,+150,2.5,2.50,6/4,San Diego State,Team,True,1280260173,['SGP'],"[{'id': '44675', 'name': 'San Diego State', 'type': 'Team'}]",Madness Props,Moneyline
0ML79111740_1,2,1_79111740,Ole Miss,-180,1.55555556,1.55,5/9,Ole Miss,Team,True,1280262169,['SGP'],"[{'id': '43121', 'name': 'Ole Miss', 'type': 'Team'}]",Madness Props,Moneyline
0HC79092960P1050_3,2,2_79092960,Grand Canyon,-115,1.86956522,1.86,20/23,10.5,Grand Canyon,Team,True,10499,"['ProgressiveParlayTeamEligible', 'MainPointLine', 'SGP']","[{'id': '43744', 'name': 'Grand Canyon', 'type': 'Team'}]",Madness Props,Spread
0HC79092960N1050_1,2,2_79092960,Maryland,-105,1.95238096,1.95,20/21,-10.5,Maryland,Team,True,10501,"['ProgressiveParlayTeamEligible', 'MainPointLine', 'SGP']","[{'id': '42635', 'name': 'Maryland', 'type': 'Team'}]",Madness Props,Spread
0OU79092960O15050_1,2,3_79092960,Over,-105,1.95238096,1.95,20/21,150.5,,Unknown,True,150500,"['ProgressiveParlayTeamEligible', 'MainPointLine', 'SGP']",Madness Props,Total
0OU79092960U15050_3,2,3_79092960,Under,-115,1.86956522,1.86,20/23,150.5,,Unknown,True,150502,"['ProgressiveParlayTeamEligible', 'MainPointLine', 'SGP']",Madness Props,Total
0ML79092960_3,2,1_79092960,Grand Canyon,+425,5.25,5.25,17/4,Grand Canyon,Team,True,1279861214,['SGP'],"[{'id': '43744', 'name': 'Grand Canyon', 'type': 'Team'}]",Madness Props,Moneyline
0ML79092960_1,2,1_79092960,Maryland,-575,1.17391305,1.17,4/23,Maryland,Team,True,1279863210,['SGP'],"[{'id': '42635', 'name': 'Maryland', 'type': 'Team'}]",Madness Props,Moneyline
0HC79092952P2850_3,2,2_79092952,Norfolk State,-110,1.90909091,1.90,10/11,28.5,Norfolk State,Team,True,28499,"['ProgressiveParlayTeamEligible', 'MainPointLine', 'SGP']","[{'id': '43965', 'name': 'Norfolk State', 'type': 'Team'}]",Madness Props,Spread
0HC79092952N2850_1,2,2_79092952,Florida,-110,1.90909091,1.90,10/11,-28.5,Florida,Team,True,28501,"['ProgressiveParlayTeamEligible', 'MainPointLine', 'SGP']","[{'id': '44135', 'name': 'Florida', 'type': 'Team'}]",Madness Props,Spread
0OU79092952O15350_1,2,3_79092952,Over,-115,1.86956522,1.86,20/23,153.5,,Unknown,True,153500,"['ProgressiveParlayTeamEligible', 'MainPointLine', 'SGP']",Madness Props,Total
0OU79092952U15350_3,2,3_79092952,Under,-105,1.95238096,1.95,20/21,153.5,,Unknown,True,153502,"['ProgressiveParlayTeamEligible', 'MainPointLine', 'SGP']",Madness Props,Total
0ML79092952_3,2,1_79092952,Norfolk State,+2500,26,26.00,25/1,Norfolk State,Team,True,1279861158,['SGP'],"[{'id': '43965', 'name': 'Norfolk State', 'type': 'Team'}]",Madness Props,Moneyline
0ML79092952_1,2,1_79092952,Florida,-9000,1.01111112,1.01,1/90,Florida,Team,True,1279863154,['SGP'],"[{'id': '44135', 'name': 'Florida', 'type': 'Team'}]",Madness Props,Moneyline
0HC79092941P1150_3,2,2_79092941,Troy,-115,1.86956522,1.86,20/23,11.5,Troy,Team,True,11499,"['ProgressiveParlayTeamEligible', 'MainPointLine', 'SGP']","[{'id': '43481', 'name': 'Troy', 'type': 'Team'}]",Madness Props,Spread
0HC79092941N1150_1,2,2_79092941,Kentucky,-105,1.95238096,1.95,20/21,-11.5,Kentucky,Team,True,11501,"['ProgressiveParlayTeamEligible', 'MainPointLine', 'SGP']","[{'id': '44542', 'name': 'Kentucky', 'type': 'Team'}]",Madness Props,Spread
0OU79092941O15250_1,2,3_79092941,Over,-105,1.95238096,1.95,20/21,152.5,,Unknown,True,152500,"['ProgressiveParlayTeamEligible', 'MainPointLine', 'SGP']",Madness Props,Total
0OU79092941U15250_3,2,3_79092941,Under,-115,1.86956522,1.86,20/23,152.5,,Unknown,True,152502,"['ProgressiveParlayTeamEligible', 'MainPointLine', 'SGP']",Madness Props,Total
0ML79092941_3,2,1_79092941,Troy,+550,6.5,6.50,11/2,Troy,Team,True,1279861081,['SGP'],"[{'id': '43481', 'name': 'Troy', 'type': 'Team'}]",Madness Props,Moneyline
0ML79092941_1,2,1_79092941,Kentucky,-800,1.125,1.12,1/8,Kentucky,Team,True,1279863077,['SGP'],"[{'id': '44542', 'name': 'Kentucky', 'type': 'Team'}]",Madness Props,Moneyline
0HC79092502P350_3,2,2_79092502,New Mexico,-105,1.95238096,1.95,20/21,3.5,New Mexico,Team,True,3499,"['ProgressiveParlayTeamEligible', 'MainPointLine', 'SGP']","[{'id': '44215', 'name': 'New Mexico', 'type': 'Team'}]",Madness Props,Spread
0HC79092502N350_1,2,2_79092502,Marquette,-115,1.86956522,1.86,20/23,-3.5,Marquette,Team,True,3501,"['ProgressiveParlayTeamEligible', 'MainPointLine', 'SGP']","[{'id': '44018', 'name': 'Marquette', 'type': 'Team'}]",Madness Props,Spread
0OU79092502O15350_1,2,3_79092502,Over,-108,1.92592593,1.92,25/27,153.5,,Unknown,True,153500,"['ProgressiveParlayTeamEligible', 'MainPointLine', 'SGP']",Madness Props,Total
0OU79092502U15350_3,2,3_79092502,Under,-112,1.89285715,1.89,25/28,153.5,,Unknown,True,153502,"['ProgressiveParlayTeamEligible', 'MainPointLine', 'SGP']",Madness Props,Total
0ML79092502_3,2,1_79092502,New Mexico,+145,2.45,2.45,29/20,New Mexico,Team,True,1279852583,['SGP'],"[{'id': '44215', 'name': 'New Mexico', 'type': 'Team'}]",Madness Props,Moneyline
0ML79092502_1,2,1_79092502,Marquette,-175,1.57142858,1.57,4/7,Marquette,Team,True,1279854579,['SGP'],"[{'id': '44018', 'name': 'Marquette', 'type': 'Team'}]",Madness Props,Moneyline
0HC79092765P1350_3,2,2_79092765,Akron,-102,1.98039216,1.98,50/51,13.5,Akron,Team,True,13499,"['ProgressiveParlayTeamEligible', 'MainPointLine', 'SGP']","[{'id': '41425', 'name': 'Akron', 'type': 'Team'}]",Madness Props,Spread
0HC79092765N1350_1,2,2_79092765,Arizona,-118,1.84745763,1.84,50/59,-13.5,Arizona,Team,True,13501,"['ProgressiveParlayTeamEligible', 'MainPointLine', 'SGP']","[{'id': '45351', 'name': 'Arizona', 'type': 'Team'}]",Madness Props,Spread
0OU79092765O16650_1,2,3_79092765,Over,-115,1.86956522,1.86,20/23,166.5,,Unknown,True,166500,"['ProgressiveParlayTeamEligible', 'MainPointLine', 'SGP']",Madness Props,Total
0OU79092765U16650_3,2,3_79092765,Under,-105,1.95238096,1.95,20/21,166.5,,Unknown,True,166502,"['ProgressiveParlayTeamEligible', 'MainPointLine', 'SGP']",Madness Props,Total
0ML79092765_3,2,1_79092765,Akron,+750,8.5,8.50,15/2,Akron,Team,True,1279858442,['SGP'],"[{'id': '41425', 'name': 'Akron', 'type': 'Team'}]",Madness Props,Moneyline
0ML79092765_1,2,1_79092765,Arizona,-1200,1.08333334,1.08,1/12,Arizona,Team,True,1279860438,['SGP'],"[{'id': '45351', 'name': 'Arizona', 'type': 'Team'}]",Madness Props,Moneyline
0HC79092953P550_3,2,2_79092953,Oklahoma,-110,1.90909091,1.90,10/11,5.5,Oklahoma,Team,True,5499,"['ProgressiveParlayTeamEligible', 'MainPointLine', 'SGP']","[{'id': '42537', 'name': 'Oklahoma', 'type': 'Team'}]",Madness Props,Spread
0HC79092953N550_1,2,2_79092953,UConn,-110,1.90909091,1.90,10/11,-5.5,UConn,Team,True,5501,"['ProgressiveParlayTeamEligible', 'MainPointLine', 'SGP']","[{'id': '41421', 'name': 'UConn', 'type': 'Team'}]",Madness Props,Spread
0OU79092953O14750_1,2,3_79092953,Over,-112,1.89285715,1.89,25/28,147.5,,Unknown,True,147500,"['ProgressiveParlayTeamEligible', 'MainPointLine', 'SGP']",Madness Props,Total
0OU79092953U14750_3,2,3_79092953,Under,-108,1.92592593,1.92,25/27,147.5,,Unknown,True,147502,"['ProgressiveParlayTeamEligible', 'MainPointLine', 'SGP']",Madness Props,Total
0ML79092953_3,2,1_79092953,Oklahoma,+190,2.9,2.90,19/10,Oklahoma,Team,True,1279861165,['SGP'],"[{'id': '42537', 'name': 'Oklahoma', 'type': 'Team'}]",Madness Props,Moneyline
0ML79092953_1,2,1_79092953,UConn,-230,1.43478261,1.43,10/23,UConn,Team,True,1279863161,['SGP'],"[{'id': '41421', 'name': 'UConn', 'type': 'Team'}]",Madness Props,Moneyline
0HC79092553P1750_3,2,2_79092553,Bryant,-115,1.86956522,1.86,20/23,17.5,Bryant,Team,True,17499,"['ProgressiveParlayTeamEligible', 'MainPointLine', 'SGP']","[{'id': '42187', 'name': 'Bryant', 'type': 'Team'}]",Madness Props,Spread
0HC79092553N1750_1,2,2_79092553,Michigan State,-105,1.95238096,1.95,20/21,-17.5,Michigan State,Team,True,17501,"['ProgressiveParlayTeamEligible', 'MainPointLine', 'SGP']","[{'id': '41925', 'name': 'Michigan State', 'type': 'Team'}]",Madness Props,Spread
0OU79092553O15250_1,2,3_79092553,Over,-110,1.90909091,1.90,10/11,152.5,,Unknown,True,152500,"['ProgressiveParlayTeamEligible', 'MainPointLine', 'SGP']",Madness Props,Total
0OU79092553U15250_3,2,3_79092553,Under,-110,1.90909091,1.90,10/11,152.5,,Unknown,True,152502,"['ProgressiveParlayTeamEligible', 'MainPointLine', 'SGP']",Madness Props,Total
0ML79092553_3,2,1_79092553,Bryant,+1200,13,13.00,12/1,Bryant,Team,True,1279853801,['SGP'],"[{'id': '42187', 'name': 'Bryant', 'type': 'Team'}]",Madness Props,Moneyline
0ML79092553_1,2,1_79092553,Michigan State,-2400,1.04166667,1.04,1/24,Michigan State,Team,True,1279855797,['SGP'],"[{'id': '41925', 'name': 'Michigan State', 'type': 'Team'}]",Madness Props,Moneyline
0HC79092744P750_3,2,2_79092744,Liberty,-115,1.86956522,1.86,20/23,7.5,Liberty,Team,True,7499,"['ProgressiveParlayTeamEligible', 'MainPointLine', 'SGP']","[{'id': '41459', 'name': 'Liberty', 'type': 'Team'}]",Madness Props,Spread
0HC79092744N750_1,2,2_79092744,Oregon,-105,1.95238096,1.95,20/21,-7.5,Oregon,Team,True,7501,"['ProgressiveParlayTeamEligible', 'MainPointLine', 'SGP']","[{'id': '44430', 'name': 'Oregon', 'type': 'Team'}]",Madness Props,Spread
0OU79092744O13950_1,2,3_79092744,Over,-108,1.92592593,1.92,25/27,139.5,,Unknown,True,139500,"['ProgressiveParlayTeamEligible', 'MainPointLine', 'SGP']",Madness Props,Total
0OU79092744U13950_3,2,3_79092744,Under,-112,1.89285715,1.89,25/28,139.5,,Unknown,True,139502,"['ProgressiveParlayTeamEligible', 'MainPointLine', 'SGP']",Madness Props,Total
0ML79092744_3,2,1_79092744,Liberty,+260,3.6,3.60,13/5,Liberty,Team,True,1279858001,['SGP'],"[{'id': '41459', 'name': 'Liberty', 'type': 'Team'}]",Madness Props,Moneyline
0ML79092744_1,2,1_79092744,Oregon,-325,1.30769231,1.30,4/13,Oregon,Team,True,1279859997,['SGP'],"[{'id': '44430', 'name': 'Oregon', 'type': 'Team'}]",Madness Props,Moneyline
