providerOutcomeId,providerId,providerOfferId,label,oddsAmerican,oddsDecimal,oddsDecimalDisplay,oddsFractional,line,participant,participantType,main,sortOrder,tags,participants,category,prop_label
0HC78801697N150_3,2,2_78801697,LA Dodgers,+114,2.14,2.14,57/50,-1.5,LA Dodgers,Team,True,-1501,"['MainPointLine', 'SGP']","[{'id': '29931', 'name': 'LA Dodgers', 'type': 'Team'}]",Game Lines,Run Line
0HC78801697P150_1,2,2_78801697,CHI Cubs,-135,1.74074075,1.74,20/27,1.5,CHI Cubs,Team,True,-1499,"['MainPointLine', 'SGP']","[{'id': '29894', 'name': 'CHI Cubs', 'type': 'Team'}]",Game Lines,Run Line
0OU78801697O800_1,2,3_78801697,Over,-112,1.89285715,1.89,25/28,8,,Unknown,True,8000,"['ProgressiveParlayTeamEligible', 'MainPointLine', 'SGP']",None Specified,Game Lines,Total
0OU78801697U800_3,2,3_78801697,Under,-108,1.92592593,1.92,25/27,8,,Unknown,True,8002,"['ProgressiveParlayTeamEligible', 'MainPointLine', 'SGP']",None Specified,Game Lines,Total
0ML78801697_3,2,1_78801697,LA Dodgers,-148,1.67567568,1.67,25/37,None Specified,LA Dodgers,Team,True,1272771467,['SGP'],"[{'id': '29931', 'name': 'LA Dodgers', 'type': 'Team'}]",Game Lines,Moneyline
0ML78801697_1,2,1_78801697,CHI Cubs,+124,2.24,2.24,31/25,None Specified,CHI Cubs,Team,True,1272773463,['SGP'],"[{'id': '29894', 'name': 'CHI Cubs', 'type': 'Team'}]",Game Lines,Moneyline
0QA239088993#187857891_13L84240Q1-446308922Q20,2,239088993,1+,+550,6.5,6.50,11/2,None Specified,Andy Pages,Unknown,True,65091,"['MostBalancedOdds', 'SGP', 'MostBalancedGlobalProbability']","[{'id': '459808', 'name': 'Andy Pages', 'type': 'Player'}]",Batter Props,Andy Pages Home Runs
0QA239088993#187857892_13L84240Q1475630076Q20,2,239088993,2+,+8000,81,81.00,80/1,None Specified,Andy Pages,Unknown,None Specified,810092,['SGP'],"[{'id': '459808', 'name': 'Andy Pages', 'type': 'Player'}]",Batter Props,Andy Pages Home Runs
0QA239088999#187857917_13L84240Q1-446308922Q20,2,239088999,1+,+900,10,10.00,9/1,None Specified,Carson Kelly,Unknown,True,100017,"['MostBalancedOdds', 'SGP', 'MostBalancedGlobalProbability']","[{'id': '32117', 'name': 'Carson Kelly', 'type': 'Player'}]",Batter Props,Carson Kelly Home Runs
0QA239088999#187857918_13L84240Q1475630076Q20,2,239088999,2+,+10000,101,101.00,100/1,None Specified,Carson Kelly,Unknown,None Specified,1010018,['SGP'],"[{'id': '32117', 'name': 'Carson Kelly', 'type': 'Player'}]",Batter Props,Carson Kelly Home Runs
0QA239088978#187857874_13L84240Q1-446308922Q20,2,239088978,1+,+650,7.5,7.50,13/2,None Specified,Dansby Swanson,Unknown,True,75074,"['MostBalancedOdds', 'SGP', 'MostBalancedGlobalProbability']","[{'id': '32252', 'name': 'Dansby Swanson', 'type': 'Player'}]",Batter Props,Dansby Swanson Home Runs
0QA239088978#187857877_13L84240Q1475630076Q20,2,239088978,2+,+7500,76,76.00,75/1,None Specified,Dansby Swanson,Unknown,None Specified,760077,['SGP'],"[{'id': '32252', 'name': 'Dansby Swanson', 'type': 'Player'}]",Batter Props,Dansby Swanson Home Runs
0QA239088998#187857915_13L84240Q1-446308922Q20,2,239088998,1+,+550,6.5,6.50,11/2,None Specified,Freddie Freeman,Unknown,True,65015,"['MostBalancedOdds', 'SGP', 'MostBalancedGlobalProbability']","[{'id': '32190', 'name': 'Freddie Freeman', 'type': 'Player'}]",Batter Props,Freddie Freeman Home Runs
0QA239088998#187857916_13L84240Q1475630076Q20,2,239088998,2+,+6000,61,61.00,60/1,None Specified,Freddie Freeman,Unknown,None Specified,610016,['SGP'],"[{'id': '32190', 'name': 'Freddie Freeman', 'type': 'Player'}]",Batter Props,Freddie Freeman Home Runs
0QA239088994#187857906_13L84240Q1-446308922Q20,2,239088994,1+,+550,6.5,6.50,11/2,None Specified,Ian Happ,Unknown,True,65006,"['MostBalancedOdds', 'SGP', 'MostBalancedGlobalProbability']","[{'id': '32388', 'name': 'Ian Happ', 'type': 'Player'}]",Batter Props,Ian Happ Home Runs
0QA239088994#187857907_13L84240Q1475630076Q20,2,239088994,2+,+5500,56,56.00,55/1,None Specified,Ian Happ,Unknown,None Specified,560007,['SGP'],"[{'id': '32388', 'name': 'Ian Happ', 'type': 'Player'}]",Batter Props,Ian Happ Home Runs
0QA239088971#187857896_13L84240Q1-446308922Q20,2,239088971,1+,+1800,19,19.00,18/1,None Specified,Jon Berti,Unknown,True,190096,"['MostBalancedOdds', 'SGP', 'MostBalancedGlobalProbability']","[{'id': '31467', 'name': 'Jon Berti', 'type': 'Player'}]",Batter Props,Jon Berti Home Runs
0QA239088971#187857897_13L84240Q1475630076Q20,2,239088971,2+,+20000,201,201.00,200/1,None Specified,Jon Berti,Unknown,None Specified,2010097,['SGP'],"[{'id': '31467', 'name': 'Jon Berti', 'type': 'Player'}]",Batter Props,Jon Berti Home Runs
0QA239088991#187857884_13L84240Q1-446308922Q20,2,239088991,1+,+450,5.5,5.50,9/2,None Specified,Kyle Tucker,Unknown,True,55084,"['MostBalancedOdds', 'SGP', 'MostBalancedGlobalProbability']","[{'id': '32010', 'name': 'Kyle Tucker', 'type': 'Player'}]",Batter Props,Kyle Tucker Home Runs
0QA239088991#187857885_13L84240Q1475630076Q20,2,239088991,2+,+4500,46,46.00,45/1,None Specified,Kyle Tucker,Unknown,None Specified,460085,['SGP'],"[{'id': '32010', 'name': 'Kyle Tucker', 'type': 'Player'}]",Batter Props,Kyle Tucker Home Runs
0QA239089010#187857933_13L84240Q1-446308922Q20,2,239089010,1+,+850,9.5,9.50,17/2,None Specified,Matt Shaw,Unknown,True,95033,"['MostBalancedOdds', 'SGP', 'MostBalancedGlobalProbability']","[{'id': '721198', 'name': 'Matt Shaw', 'type': 'Player'}]",Batter Props,Matt Shaw Home Runs
0QA239089010#187857934_13L84240Q1475630076Q20,2,239089010,2+,+10000,101,101.00,100/1,None Specified,Matt Shaw,Unknown,None Specified,1010034,['SGP'],"[{'id': '721198', 'name': 'Matt Shaw', 'type': 'Player'}]",Batter Props,Matt Shaw Home Runs
0QA239088997#187857913_13L84240Q1-446308922Q20,2,239088997,1+,+380,4.8,4.80,19/5,None Specified,Max Muncy,Unknown,True,48013,"['MostBalancedOdds', 'SGP', 'MostBalancedGlobalProbability']","[{'id': '32690', 'name': 'Max Muncy', 'type': 'Player'}]",Batter Props,Max Muncy Home Runs
0QA239088997#187857914_13L84240Q1475630076Q20,2,239088997,2+,+3000,31,31.00,30/1,None Specified,Max Muncy,Unknown,None Specified,310014,['SGP'],"[{'id': '32690', 'name': 'Max Muncy', 'type': 'Player'}]",Batter Props,Max Muncy Home Runs
0QA239089009#187857935_13L84240Q1-446308922Q20,2,239089009,1+,+550,6.5,6.50,11/2,None Specified,Michael Busch,Unknown,True,65035,"['MostBalancedOdds', 'SGP', 'MostBalancedGlobalProbability']","[{'id': '459806', 'name': 'Michael Busch', 'type': 'Player'}]",Batter Props,Michael Busch Home Runs
0QA239089009#187857936_13L84240Q1475630076Q20,2,239089009,2+,+6500,66,66.00,65/1,None Specified,Michael Busch,Unknown,None Specified,660036,['SGP'],"[{'id': '459806', 'name': 'Michael Busch', 'type': 'Player'}]",Batter Props,Michael Busch Home Runs
0QA239214028#188388413_13L84240Q1-446308922Q20,2,239214028,1+,+600,7,7.00,6/1,None Specified,Michael Conforto,Unknown,True,70013,"['MostBalancedOdds', 'SGP', 'MostBalancedGlobalProbability']","[{'id': '31762', 'name': 'Michael Conforto', 'type': 'Player'}]",Batter Props,Michael Conforto Home Runs
0QA239214028#188388414_13L84240Q1475630076Q20,2,239214028,2+,+7000,71,71.00,70/1,None Specified,Michael Conforto,Unknown,None Specified,710014,['SGP'],"[{'id': '31762', 'name': 'Michael Conforto', 'type': 'Player'}]",Batter Props,Michael Conforto Home Runs
0QA239088987#187857838_13L84240Q1-446308922Q20,2,239088987,1+,+1100,12,12.00,11/1,None Specified,Miguel Rojas,Unknown,True,120038,"['MostBalancedOdds', 'SGP', 'MostBalancedGlobalProbability']","[{'id': '32765', 'name': 'Miguel Rojas', 'type': 'Player'}]",Batter Props,Miguel Rojas Home Runs
0QA239088987#187857839_13L84240Q1475630076Q20,2,239088987,2+,+14000,141,141.00,140/1,None Specified,Miguel Rojas,Unknown,None Specified,1410039,['SGP'],"[{'id': '32765', 'name': 'Miguel Rojas', 'type': 'Player'}]",Batter Props,Miguel Rojas Home Runs
0QA239089014#187857952_13L84240Q1-446308922Q20,2,239089014,1+,+850,9.5,9.50,17/2,None Specified,Pete Crow-Armstrong,Unknown,True,95052,"['MostBalancedOdds', 'SGP', 'MostBalancedGlobalProbability']","[{'id': '494682', 'name': 'Pete Crow-Armstrong', 'type': 'Player'}]",Batter Props,Pete Crow-Armstrong Home Runs
0QA239089014#187857953_13L84240Q1475630076Q20,2,239089014,2+,+9000,91,91.00,90/1,None Specified,Pete Crow-Armstrong,Unknown,None Specified,910053,['SGP'],"[{'id': '494682', 'name': 'Pete Crow-Armstrong', 'type': 'Player'}]",Batter Props,Pete Crow-Armstrong Home Runs
0QA239088995#187857908_13L84240Q1-446308922Q20,2,239088995,1+,+500,6,6.00,5/1,None Specified,Seiya Suzuki,Unknown,True,60008,"['MostBalancedOdds', 'SGP', 'MostBalancedGlobalProbability']","[{'id': '112834', 'name': 'Seiya Suzuki', 'type': 'Player'}]",Batter Props,Seiya Suzuki Home Runs
0QA239088995#187857909_13L84240Q1475630076Q20,2,239088995,2+,+5500,56,56.00,55/1,None Specified,Seiya Suzuki,Unknown,None Specified,560009,['SGP'],"[{'id': '112834', 'name': 'Seiya Suzuki', 'type': 'Player'}]",Batter Props,Seiya Suzuki Home Runs
0QA239088979#187857901_13L84240Q1-446308922Q20,2,239088979,1+,+280,3.8,3.80,14/5,None Specified,Shohei Ohtani,Unknown,True,38001,"['MostBalancedOdds', 'SGP', 'MostBalancedGlobalProbability']","[{'id': '32242', 'name': 'Shohei Ohtani', 'type': 'Player'}]",Batter Props,Shohei Ohtani Home Runs
0QA239088979#187857902_13L84240Q1475630076Q20,2,239088979,2+,+2000,21,21.00,20/1,None Specified,Shohei Ohtani,Unknown,None Specified,210002,['SGP'],"[{'id': '32242', 'name': 'Shohei Ohtani', 'type': 'Player'}]",Batter Props,Shohei Ohtani Home Runs
0QA239088970#187857868_13L84240Q1-446308922Q20,2,239088970,1+,+380,4.8,4.80,19/5,None Specified,Teoscar Hernandez,Unknown,True,48068,"['MostBalancedOdds', 'SGP', 'MostBalancedGlobalProbability']","[{'id': '31969', 'name': 'Teoscar Hernandez', 'type': 'Player'}]",Batter Props,Teoscar Hernandez Home Runs
0QA239088970#187857869_13L84240Q1475630076Q20,2,239088970,2+,+3000,31,31.00,30/1,None Specified,Teoscar Hernandez,Unknown,None Specified,310069,['SGP'],"[{'id': '31969', 'name': 'Teoscar Hernandez', 'type': 'Player'}]",Batter Props,Teoscar Hernandez Home Runs
0QA239089022#187857978_13L84240Q1-446308922Q20,2,239089022,1+,+600,7,7.00,6/1,None Specified,Tommy Edman,Unknown,True,70078,"['MostBalancedOdds', 'SGP', 'MostBalancedGlobalProbability']","[{'id': '32461', 'name': 'Tommy Edman', 'type': 'Player'}]",Batter Props,Tommy Edman Home Runs
0QA239089022#187857979_13L84240Q1475630076Q20,2,239089022,2+,+7500,76,76.00,75/1,None Specified,Tommy Edman,Unknown,None Specified,760079,['SGP'],"[{'id': '32461', 'name': 'Tommy Edman', 'type': 'Player'}]",Batter Props,Tommy Edman Home Runs
0QA239088974#187857840_13L84240Q1-446308922Q20,2,239088974,1+,+425,5.25,5.25,17/4,None Specified,Will Smith (LAD),Unknown,True,52540,"['MostBalancedOdds', 'SGP', 'MostBalancedGlobalProbability']","[{'id': '32725', 'name': 'Will Smith (LAD)', 'type': 'Player'}]",Batter Props,Will Smith (LAD) Home Runs
0QA239088974#187857841_13L84240Q1475630076Q20,2,239088974,2+,+4000,41,41.00,40/1,None Specified,Will Smith (LAD),Unknown,None Specified,410041,['SGP'],"[{'id': '32725', 'name': 'Will Smith (LAD)', 'type': 'Player'}]",Batter Props,Will Smith (LAD) Home Runs
0QA239088961#187857842_13L84240Q11617611576Q20,2,239088961,3+,-525,1.1904762,1.19,4/21,None Specified,Justin Steele,Unknown,None Specified,11942,['SGP'],"[{'id': '69408', 'name': 'Justin Steele', 'type': 'Player'}]",Pitcher Props,Justin Steele Strikeouts Thrown
0QA239088961#187857843_13L84240Q1-1854919473Q20,2,239088961,4+,-210,1.47619048,1.47,10/21,None Specified,Justin Steele,Unknown,None Specified,14743,['SGP'],"[{'id': '69408', 'name': 'Justin Steele', 'type': 'Player'}]",Pitcher Props,Justin Steele Strikeouts Thrown
0QA239088961#187857844_13L84240Q11484946226Q20,2,239088961,5+,+105,2.05,2.05,21/20,None Specified,Justin Steele,Unknown,True,20544,"['MostBalancedOdds', 'SGP', 'MostBalancedGlobalProbability']","[{'id': '69408', 'name': 'Justin Steele', 'type': 'Player'}]",Pitcher Props,Justin Steele Strikeouts Thrown
0QA239088961#187857845_13L84240Q11808374608Q20,2,239088961,6+,+215,3.15,3.15,43/20,None Specified,Justin Steele,Unknown,None Specified,31545,['SGP'],"[{'id': '69408', 'name': 'Justin Steele', 'type': 'Player'}]",Pitcher Props,Justin Steele Strikeouts Thrown
0QA239088961#187857846_13L84240Q1456030934Q20,2,239088961,7+,+425,5.25,5.25,17/4,None Specified,Justin Steele,Unknown,None Specified,52546,['SGP'],"[{'id': '69408', 'name': 'Justin Steele', 'type': 'Player'}]",Pitcher Props,Justin Steele Strikeouts Thrown
0QA239139022#188121774_13L84240Q11617611576Q20,2,239139022,3+,-370,1.27027028,1.27,10/37,None Specified,Roki Sasaki,Unknown,None Specified,12774,['SGP'],"[{'id': '494788', 'name': 'Roki Sasaki', 'type': 'Player'}]",Pitcher Props,Roki Sasaki Strikeouts Thrown
0QA239139022#188121775_13L84240Q1-1854919473Q20,2,239139022,4+,-155,1.6451613,1.64,20/31,None Specified,Roki Sasaki,Unknown,None Specified,16475,"['SGP', 'MostBalancedGlobalProbability']","[{'id': '494788', 'name': 'Roki Sasaki', 'type': 'Player'}]",Pitcher Props,Roki Sasaki Strikeouts Thrown
0QA239139022#188121776_13L84240Q11484946226Q20,2,239139022,5+,+135,2.35,2.35,27/20,None Specified,Roki Sasaki,Unknown,True,23576,"['MostBalancedOdds', 'SGP']","[{'id': '494788', 'name': 'Roki Sasaki', 'type': 'Player'}]",Pitcher Props,Roki Sasaki Strikeouts Thrown
0QA239139022#188121777_13L84240Q11808374608Q20,2,239139022,6+,+290,3.9,3.90,29/10,None Specified,Roki Sasaki,Unknown,None Specified,39077,['SGP'],"[{'id': '494788', 'name': 'Roki Sasaki', 'type': 'Player'}]",Pitcher Props,Roki Sasaki Strikeouts Thrown
0QA239139022#188121778_13L84240Q1456030934Q20,2,239139022,7+,+600,7,7.00,6/1,None Specified,Roki Sasaki,Unknown,None Specified,70078,['SGP'],"[{'id': '494788', 'name': 'Roki Sasaki', 'type': 'Player'}]",Pitcher Props,Roki Sasaki Strikeouts Thrown
0QA239212050#188381768_13L84240Q11971696543Q20,2,239212050,In Play Out,+105,2.05,2.05,21/20,None Specified,Freddie Freeman,Unknown,None Specified,188381768,None Specified,"[{'id': '32190', 'name': 'Freddie Freeman', 'type': 'Player'}]",Plate Appearance,Freddie Freeman - 1st Plate Appearance - Exact Result
0QA239212050#188381769_13L84240Q1-1060517930Q20,2,239212050,Strikeout,+320,4.2,4.20,16/5,None Specified,Freddie Freeman,Unknown,None Specified,188381769,None Specified,"[{'id': '32190', 'name': 'Freddie Freeman', 'type': 'Player'}]",Plate Appearance,Freddie Freeman - 1st Plate Appearance - Exact Result
0QA239212050#188381770_13L84240Q1-338591191Q20,2,239212050,Walk/Hit by Pitch,+750,8.5,8.50,15/2,None Specified,Freddie Freeman,Unknown,None Specified,188381770,None Specified,"[{'id': '32190', 'name': 'Freddie Freeman', 'type': 'Player'}]",Plate Appearance,Freddie Freeman - 1st Plate Appearance - Exact Result
0QA239212050#188381771_13L84240Q11044542311Q20,2,239212050,Single,+400,5,5.00,4/1,None Specified,Freddie Freeman,Unknown,None Specified,188381771,None Specified,"[{'id': '32190', 'name': 'Freddie Freeman', 'type': 'Player'}]",Plate Appearance,Freddie Freeman - 1st Plate Appearance - Exact Result
0QA239212050#188381772_13L84240Q1-456797681Q20,2,239212050,Double,+1200,13,13.00,12/1,None Specified,Freddie Freeman,Unknown,None Specified,188381772,None Specified,"[{'id': '32190', 'name': 'Freddie Freeman', 'type': 'Player'}]",Plate Appearance,Freddie Freeman - 1st Plate Appearance - Exact Result
0QA239212050#188381773_13L84240Q1192253848Q20,2,239212050,Triple,+2500,26,26.00,25/1,None Specified,Freddie Freeman,Unknown,None Specified,188381773,None Specified,"[{'id': '32190', 'name': 'Freddie Freeman', 'type': 'Player'}]",Plate Appearance,Freddie Freeman - 1st Plate Appearance - Exact Result
0QA239212050#188381774_13L84240Q1-421461588Q20,2,239212050,Home Run,+1200,13,13.00,12/1,None Specified,Freddie Freeman,Unknown,None Specified,188381774,None Specified,"[{'id': '32190', 'name': 'Freddie Freeman', 'type': 'Player'}]",Plate Appearance,Freddie Freeman - 1st Plate Appearance - Exact Result
0QA239212050#188381776_13L84240Q11143958792Q20,2,239212050,Reach on Error,+2200,23,23.00,22/1,None Specified,Freddie Freeman,Unknown,None Specified,188381776,None Specified,"[{'id': '32190', 'name': 'Freddie Freeman', 'type': 'Player'}]",Plate Appearance,Freddie Freeman - 1st Plate Appearance - Exact Result
0QA239212064#188381786_13L84240Q11971696543Q20,2,239212064,In Play Out,+120,2.2,2.20,6/5,None Specified,Ian Happ,Unknown,None Specified,188381786,None Specified,"[{'id': '32388', 'name': 'Ian Happ', 'type': 'Player'}]",Plate Appearance,Ian Happ - 1st Plate Appearance - Exact Result
0QA239212064#188381787_13L84240Q1-1060517930Q20,2,239212064,Strikeout,+275,3.75,3.75,11/4,None Specified,Ian Happ,Unknown,None Specified,188381787,None Specified,"[{'id': '32388', 'name': 'Ian Happ', 'type': 'Player'}]",Plate Appearance,Ian Happ - 1st Plate Appearance - Exact Result
0QA239212064#188381788_13L84240Q1-338591191Q20,2,239212064,Walk/Hit by Pitch,+500,6,6.00,5/1,None Specified,Ian Happ,Unknown,None Specified,188381788,None Specified,"[{'id': '32388', 'name': 'Ian Happ', 'type': 'Player'}]",Plate Appearance,Ian Happ - 1st Plate Appearance - Exact Result
0QA239212064#188381789_13L84240Q11044542311Q20,2,239212064,Single,+550,6.5,6.50,11/2,None Specified,Ian Happ,Unknown,None Specified,188381789,None Specified,"[{'id': '32388', 'name': 'Ian Happ', 'type': 'Player'}]",Plate Appearance,Ian Happ - 1st Plate Appearance - Exact Result
0QA239212064#188381790_13L84240Q1-456797681Q20,2,239212064,Double,+1100,12,12.00,11/1,None Specified,Ian Happ,Unknown,None Specified,188381790,None Specified,"[{'id': '32388', 'name': 'Ian Happ', 'type': 'Player'}]",Plate Appearance,Ian Happ - 1st Plate Appearance - Exact Result
0QA239212064#188381791_13L84240Q1192253848Q20,2,239212064,Triple,+2500,26,26.00,25/1,None Specified,Ian Happ,Unknown,None Specified,188381791,None Specified,"[{'id': '32388', 'name': 'Ian Happ', 'type': 'Player'}]",Plate Appearance,Ian Happ - 1st Plate Appearance - Exact Result
0QA239212064#188381792_13L84240Q1-421461588Q20,2,239212064,Home Run,+1200,13,13.00,12/1,None Specified,Ian Happ,Unknown,None Specified,188381792,None Specified,"[{'id': '32388', 'name': 'Ian Happ', 'type': 'Player'}]",Plate Appearance,Ian Happ - 1st Plate Appearance - Exact Result
0QA239212064#188381793_13L84240Q11143958792Q20,2,239212064,Reach on Error,+2500,26,26.00,25/1,None Specified,Ian Happ,Unknown,None Specified,188381793,None Specified,"[{'id': '32388', 'name': 'Ian Happ', 'type': 'Player'}]",Plate Appearance,Ian Happ - 1st Plate Appearance - Exact Result
0QA239212063#188381778_13L84240Q11971696543Q20,2,239212063,In Play Out,+120,2.2,2.20,6/5,None Specified,Kyle Tucker,Unknown,None Specified,188381778,None Specified,"[{'id': '32010', 'name': 'Kyle Tucker', 'type': 'Player'}]",Plate Appearance,Kyle Tucker - 1st Plate Appearance - Exact Result
0QA239212063#188381779_13L84240Q1-1060517930Q20,2,239212063,Strikeout,+400,5,5.00,4/1,None Specified,Kyle Tucker,Unknown,None Specified,188381779,None Specified,"[{'id': '32010', 'name': 'Kyle Tucker', 'type': 'Player'}]",Plate Appearance,Kyle Tucker - 1st Plate Appearance - Exact Result
0QA239212063#188381780_13L84240Q1-338591191Q20,2,239212063,Walk/Hit by Pitch,+400,5,5.00,4/1,None Specified,Kyle Tucker,Unknown,None Specified,188381780,None Specified,"[{'id': '32010', 'name': 'Kyle Tucker', 'type': 'Player'}]",Plate Appearance,Kyle Tucker - 1st Plate Appearance - Exact Result
0QA239212063#188381781_13L84240Q11044542311Q20,2,239212063,Single,+550,6.5,6.50,11/2,None Specified,Kyle Tucker,Unknown,None Specified,188381781,None Specified,"[{'id': '32010', 'name': 'Kyle Tucker', 'type': 'Player'}]",Plate Appearance,Kyle Tucker - 1st Plate Appearance - Exact Result
0QA239212063#188381782_13L84240Q1-456797681Q20,2,239212063,Double,+1100,12,12.00,11/1,None Specified,Kyle Tucker,Unknown,None Specified,188381782,None Specified,"[{'id': '32010', 'name': 'Kyle Tucker', 'type': 'Player'}]",Plate Appearance,Kyle Tucker - 1st Plate Appearance - Exact Result
0QA239212063#188381783_13L84240Q1192253848Q20,2,239212063,Triple,+2500,26,26.00,25/1,None Specified,Kyle Tucker,Unknown,None Specified,188381783,None Specified,"[{'id': '32010', 'name': 'Kyle Tucker', 'type': 'Player'}]",Plate Appearance,Kyle Tucker - 1st Plate Appearance - Exact Result
0QA239212063#188381784_13L84240Q1-421461588Q20,2,239212063,Home Run,+950,10.5,10.50,19/2,None Specified,Kyle Tucker,Unknown,None Specified,188381784,None Specified,"[{'id': '32010', 'name': 'Kyle Tucker', 'type': 'Player'}]",Plate Appearance,Kyle Tucker - 1st Plate Appearance - Exact Result
0QA239212063#188381785_13L84240Q11143958792Q20,2,239212063,Reach on Error,+2500,26,26.00,25/1,None Specified,Kyle Tucker,Unknown,None Specified,188381785,None Specified,"[{'id': '32010', 'name': 'Kyle Tucker', 'type': 'Player'}]",Plate Appearance,Kyle Tucker - 1st Plate Appearance - Exact Result
0QA239212060#188381749_13L84240Q11971696543Q20,2,239212060,In Play Out,+150,2.5,2.50,6/4,None Specified,Seiya Suzuki,Unknown,None Specified,188381749,None Specified,"[{'id': '112834', 'name': 'Seiya Suzuki', 'type': 'Player'}]",Plate Appearance,Seiya Suzuki - 1st Plate Appearance - Exact Result
0QA239212060#188381751_13L84240Q1-1060517930Q20,2,239212060,Strikeout,+270,3.7,3.70,27/10,None Specified,Seiya Suzuki,Unknown,None Specified,188381751,None Specified,"[{'id': '112834', 'name': 'Seiya Suzuki', 'type': 'Player'}]",Plate Appearance,Seiya Suzuki - 1st Plate Appearance - Exact Result
0QA239212060#188381753_13L84240Q1-338591191Q20,2,239212060,Walk/Hit by Pitch,+425,5.25,5.25,17/4,None Specified,Seiya Suzuki,Unknown,None Specified,188381753,None Specified,"[{'id': '112834', 'name': 'Seiya Suzuki', 'type': 'Player'}]",Plate Appearance,Seiya Suzuki - 1st Plate Appearance - Exact Result
0QA239212060#188381754_13L84240Q11044542311Q20,2,239212060,Single,+500,6,6.00,5/1,None Specified,Seiya Suzuki,Unknown,None Specified,188381754,None Specified,"[{'id': '112834', 'name': 'Seiya Suzuki', 'type': 'Player'}]",Plate Appearance,Seiya Suzuki - 1st Plate Appearance - Exact Result
0QA239212060#188381755_13L84240Q1-456797681Q20,2,239212060,Double,+1100,12,12.00,11/1,None Specified,Seiya Suzuki,Unknown,None Specified,188381755,None Specified,"[{'id': '112834', 'name': 'Seiya Suzuki', 'type': 'Player'}]",Plate Appearance,Seiya Suzuki - 1st Plate Appearance - Exact Result
0QA239212060#188381756_13L84240Q1192253848Q20,2,239212060,Triple,+2500,26,26.00,25/1,None Specified,Seiya Suzuki,Unknown,None Specified,188381756,None Specified,"[{'id': '112834', 'name': 'Seiya Suzuki', 'type': 'Player'}]",Plate Appearance,Seiya Suzuki - 1st Plate Appearance - Exact Result
0QA239212060#188381757_13L84240Q1-421461588Q20,2,239212060,Home Run,+1200,13,13.00,12/1,None Specified,Seiya Suzuki,Unknown,None Specified,188381757,None Specified,"[{'id': '112834', 'name': 'Seiya Suzuki', 'type': 'Player'}]",Plate Appearance,Seiya Suzuki - 1st Plate Appearance - Exact Result
0QA239212060#188381758_13L84240Q11143958792Q20,2,239212060,Reach on Error,+2200,23,23.00,22/1,None Specified,Seiya Suzuki,Unknown,None Specified,188381758,None Specified,"[{'id': '112834', 'name': 'Seiya Suzuki', 'type': 'Player'}]",Plate Appearance,Seiya Suzuki - 1st Plate Appearance - Exact Result
0QA239212051#188381733_13L84240Q11971696543Q20,2,239212051,In Play Out,+140,2.4,2.40,7/5,None Specified,Shohei Ohtani,Unknown,None Specified,188381733,None Specified,"[{'id': '32242', 'name': 'Shohei Ohtani', 'type': 'Player'}]",Plate Appearance,Shohei Ohtani - 1st Plate Appearance - Exact Result
0QA239212051#188381734_13L84240Q1-1060517930Q20,2,239212051,Strikeout,+200,3,3.00,2/1,None Specified,Shohei Ohtani,Unknown,None Specified,188381734,None Specified,"[{'id': '32242', 'name': 'Shohei Ohtani', 'type': 'Player'}]",Plate Appearance,Shohei Ohtani - 1st Plate Appearance - Exact Result
0QA239212051#188381735_13L84240Q1-338591191Q20,2,239212051,Walk/Hit by Pitch,+700,8,8.00,7/1,None Specified,Shohei Ohtani,Unknown,None Specified,188381735,None Specified,"[{'id': '32242', 'name': 'Shohei Ohtani', 'type': 'Player'}]",Plate Appearance,Shohei Ohtani - 1st Plate Appearance - Exact Result
0QA239212051#188381736_13L84240Q11044542311Q20,2,239212051,Single,+500,6,6.00,5/1,None Specified,Shohei Ohtani,Unknown,None Specified,188381736,None Specified,"[{'id': '32242', 'name': 'Shohei Ohtani', 'type': 'Player'}]",Plate Appearance,Shohei Ohtani - 1st Plate Appearance - Exact Result
0QA239212051#188381737_13L84240Q1-456797681Q20,2,239212051,Double,+1300,14,14.00,13/1,None Specified,Shohei Ohtani,Unknown,None Specified,188381737,None Specified,"[{'id': '32242', 'name': 'Shohei Ohtani', 'type': 'Player'}]",Plate Appearance,Shohei Ohtani - 1st Plate Appearance - Exact Result
0QA239212051#188381738_13L84240Q1192253848Q20,2,239212051,Triple,+2500,26,26.00,25/1,None Specified,Shohei Ohtani,Unknown,None Specified,188381738,None Specified,"[{'id': '32242', 'name': 'Shohei Ohtani', 'type': 'Player'}]",Plate Appearance,Shohei Ohtani - 1st Plate Appearance - Exact Result
0QA239212051#188381739_13L84240Q1-421461588Q20,2,239212051,Home Run,+1000,11,11.00,10/1,None Specified,Shohei Ohtani,Unknown,None Specified,188381739,None Specified,"[{'id': '32242', 'name': 'Shohei Ohtani', 'type': 'Player'}]",Plate Appearance,Shohei Ohtani - 1st Plate Appearance - Exact Result
0QA239212051#188381740_13L84240Q11143958792Q20,2,239212051,Reach on Error,+2200,23,23.00,22/1,None Specified,Shohei Ohtani,Unknown,None Specified,188381740,None Specified,"[{'id': '32242', 'name': 'Shohei Ohtani', 'type': 'Player'}]",Plate Appearance,Shohei Ohtani - 1st Plate Appearance - Exact Result
0QA239212048#188381693_13L84240Q11971696543Q20,2,239212048,In Play Out,+100,2,2.00,1/1,None Specified,Tommy Edman,Unknown,None Specified,188381693,None Specified,"[{'id': '32461', 'name': 'Tommy Edman', 'type': 'Player'}]",Plate Appearance,Tommy Edman - 1st Plate Appearance - Exact Result
0QA239212048#188381694_13L84240Q1-1060517930Q20,2,239212048,Strikeout,+310,4.1,4.10,31/10,None Specified,Tommy Edman,Unknown,None Specified,188381694,None Specified,"[{'id': '32461', 'name': 'Tommy Edman', 'type': 'Player'}]",Plate Appearance,Tommy Edman - 1st Plate Appearance - Exact Result
0QA239212048#188381695_13L84240Q1-338591191Q20,2,239212048,Walk/Hit by Pitch,+800,9,9.00,8/1,None Specified,Tommy Edman,Unknown,None Specified,188381695,None Specified,"[{'id': '32461', 'name': 'Tommy Edman', 'type': 'Player'}]",Plate Appearance,Tommy Edman - 1st Plate Appearance - Exact Result
0QA239212048#188381696_13L84240Q11044542311Q20,2,239212048,Single,+425,5.25,5.25,17/4,None Specified,Tommy Edman,Unknown,None Specified,188381696,None Specified,"[{'id': '32461', 'name': 'Tommy Edman', 'type': 'Player'}]",Plate Appearance,Tommy Edman - 1st Plate Appearance - Exact Result
0QA239212048#188381697_13L84240Q1-456797681Q20,2,239212048,Double,+1100,12,12.00,11/1,None Specified,Tommy Edman,Unknown,None Specified,188381697,None Specified,"[{'id': '32461', 'name': 'Tommy Edman', 'type': 'Player'}]",Plate Appearance,Tommy Edman - 1st Plate Appearance - Exact Result
0QA239212048#188381698_13L84240Q1192253848Q20,2,239212048,Triple,+2500,26,26.00,25/1,None Specified,Tommy Edman,Unknown,None Specified,188381698,None Specified,"[{'id': '32461', 'name': 'Tommy Edman', 'type': 'Player'}]",Plate Appearance,Tommy Edman - 1st Plate Appearance - Exact Result
0QA239212048#188381699_13L84240Q1-421461588Q20,2,239212048,Home Run,+1500,16,16.00,15/1,None Specified,Tommy Edman,Unknown,None Specified,188381699,None Specified,"[{'id': '32461', 'name': 'Tommy Edman', 'type': 'Player'}]",Plate Appearance,Tommy Edman - 1st Plate Appearance - Exact Result
0QA239212048#188381700_13L84240Q11143958792Q20,2,239212048,Reach on Error,+2200,23,23.00,22/1,None Specified,Tommy Edman,Unknown,None Specified,188381700,None Specified,"[{'id': '32461', 'name': 'Tommy Edman', 'type': 'Player'}]",Plate Appearance,Tommy Edman - 1st Plate Appearance - Exact Result
0QA239031714#187571646_13L84240Q10Q22,2,239031714,LA Dodgers,-180,1.55555556,1.55,5/9,None Specified,LA Dodgers,Team,None Specified,187572646,['SGP'],"[{'id': '29931', 'name': 'LA Dodgers', 'type': 'Team'}]",1st of Game,1st Run
0QA239031714#187571545_13L84240Q10Q21,2,239031714,CHI Cubs,+135,2.35,2.35,27/20,None Specified,CHI Cubs,Team,None Specified,187574545,['SGP'],"[{'id': '29894', 'name': 'CHI Cubs', 'type': 'Team'}]",1st of Game,1st Run
0OU79097918O50_1,2,3_79097918,Over,+110,2.1,2.10,11/10,0.5,,Unknown,True,500,"['MainPointLine', 'SGP']",None Specified,1st Inning,Runs - 1st Inning
0OU79097918U50_3,2,3_79097918,Under,-145,1.68965518,1.68,20/29,0.5,,Unknown,True,502,"['MainPointLine', 'SGP']",None Specified,1st Inning,Runs - 1st Inning
0OU79097918O150_1,2,3_79097918,Over,+265,3.65,3.65,53/20,1.5,,Unknown,None Specified,1500,['SGP'],None Specified,1st Inning,Runs - 1st Inning
0OU79097918U150_3,2,3_79097918,Under,-390,1.25641026,1.25,10/39,1.5,,Unknown,None Specified,1502,['SGP'],None Specified,1st Inning,Runs - 1st Inning
0QA239031718#187571639_13L84240Q12Q21,2,239031718,LA Dodgers,-145,1.68965518,1.68,20/29,None Specified,LA Dodgers,Team,None Specified,187572639,['SGP'],"[{'id': '29931', 'name': 'LA Dodgers', 'type': 'Team'}]",1st X Innings,1st 5 Innings
0QA239031718#187571552_13L84240Q11Q20,2,239031718,CHI Cubs,+114,2.14,2.14,57/50,None Specified,CHI Cubs,Team,None Specified,187574552,['SGP'],"[{'id': '29894', 'name': 'CHI Cubs', 'type': 'Team'}]",1st X Innings,1st 5 Innings
0QA239031720#187571550_13L84240Q11Q21,2,239031720,1+ Run,-175,1.57142858,1.57,4/7,None Specified,,Unknown,None Specified,15750,['SGP'],None Specified,1st X Innings,Both Teams to Score X+ Runs - 1st 5 Innings
0QA239031720#187571641_13L84240Q12Q22,2,239031720,2+ Runs,+190,2.9,2.90,19/10,None Specified,,Unknown,None Specified,29041,['SGP'],None Specified,1st X Innings,Both Teams to Score X+ Runs - 1st 5 Innings
0QA239031720#187571653_13L84240Q13Q23,2,239031720,3+ Runs,+475,5.75,5.75,19/4,None Specified,,Unknown,None Specified,57553,['SGP'],None Specified,1st X Innings,Both Teams to Score X+ Runs - 1st 5 Innings
0QA239031720#187571713_13L84240Q14Q24,2,239031720,4+ Runs,+1100,12,12.00,11/1,None Specified,,Unknown,None Specified,120013,['SGP'],None Specified,1st X Innings,Both Teams to Score X+ Runs - 1st 5 Innings
0QA239031720#187571721_13L84240Q15Q25,2,239031720,5+ Runs,+2500,26,26.00,25/1,None Specified,,Unknown,None Specified,260021,['SGP'],None Specified,1st X Innings,Both Teams to Score X+ Runs - 1st 5 Innings
0QA239031720#187571761_13L84240Q16Q26,2,239031720,6+ Runs,+6000,61,61.00,60/1,None Specified,,Unknown,None Specified,610061,['SGP'],None Specified,1st X Innings,Both Teams to Score X+ Runs - 1st 5 Innings
0QA239031720#187571768_13L84240Q17Q27,2,239031720,7+ Runs,+10000,101,101.00,100/1,None Specified,,Unknown,None Specified,1010068,['SGP'],None Specified,1st X Innings,Both Teams to Score X+ Runs - 1st 5 Innings
0OU79097925O150_1,2,3_79097925,Over,-125,1.8,1.80,4/5,1.5,CHI Cubs,Unknown,True,1500,"['MainPointLine', 'SGP']","[{'id': '29894', 'name': 'CHI Cubs', 'type': 'Team'}]",1st X Innings,CHI Cubs: Team Total Runs - 1st 5 Innings
0OU79097925U150_3,2,3_79097925,Under,-105,1.95238096,1.95,20/21,1.5,CHI Cubs,Unknown,True,1502,"['MainPointLine', 'SGP']","[{'id': '29894', 'name': 'CHI Cubs', 'type': 'Team'}]",1st X Innings,CHI Cubs: Team Total Runs - 1st 5 Innings
0OU79097926O250_1,2,3_79097926,Over,+124,2.24,2.24,31/25,2.5,LA Dodgers,Unknown,True,2500,"['MainPointLine', 'SGP']","[{'id': '29931', 'name': 'LA Dodgers', 'type': 'Team'}]",1st X Innings,LA Dodgers: Team Total Runs - 1st 5 Innings
0OU79097926U250_3,2,3_79097926,Under,-160,1.625,1.62,5/8,2.5,LA Dodgers,Unknown,True,2502,"['MainPointLine', 'SGP']","[{'id': '29931', 'name': 'LA Dodgers', 'type': 'Team'}]",1st X Innings,LA Dodgers: Team Total Runs - 1st 5 Innings
0HC79097931N150_3,2,2_79097931,LA Dodgers,+170,2.7,2.70,17/10,-1.5,LA Dodgers,Team,None Specified,-1501,['SGP'],"[{'id': '29931', 'name': 'LA Dodgers', 'type': 'Team'}]",1st X Innings,Run Line - 1st 5 Innings
0HC79097931P150_1,2,2_79097931,CHI Cubs,-220,1.45454546,1.45,5/11,1.5,CHI Cubs,Team,None Specified,-1499,['SGP'],"[{'id': '29894', 'name': 'CHI Cubs', 'type': 'Team'}]",1st X Innings,Run Line - 1st 5 Innings
0HC79097931N50_3,2,2_79097931,LA Dodgers,-105,1.95238096,1.95,20/21,-0.5,LA Dodgers,Team,True,-501,"['MainPointLine', 'SGP']","[{'id': '29931', 'name': 'LA Dodgers', 'type': 'Team'}]",1st X Innings,Run Line - 1st 5 Innings
0HC79097931P50_1,2,2_79097931,CHI Cubs,-125,1.8,1.80,4/5,0.5,CHI Cubs,Team,True,-499,"['MainPointLine', 'SGP']","[{'id': '29894', 'name': 'CHI Cubs', 'type': 'Team'}]",1st X Innings,Run Line - 1st 5 Innings
0HC79097931P50_3,2,2_79097931,LA Dodgers,-195,1.51282052,1.51,20/39,0.5,LA Dodgers,Team,None Specified,499,['SGP'],"[{'id': '29931', 'name': 'LA Dodgers', 'type': 'Team'}]",1st X Innings,Run Line - 1st 5 Innings
0HC79097931N50_1,2,2_79097931,CHI Cubs,+150,2.5,2.50,6/4,-0.5,CHI Cubs,Team,None Specified,501,['SGP'],"[{'id': '29894', 'name': 'CHI Cubs', 'type': 'Team'}]",1st X Innings,Run Line - 1st 5 Innings
0HC79097931P150_3,2,2_79097931,LA Dodgers,-360,1.27777778,1.27,5/18,1.5,LA Dodgers,Team,None Specified,1499,['SGP'],"[{'id': '29931', 'name': 'LA Dodgers', 'type': 'Team'}]",1st X Innings,Run Line - 1st 5 Innings
0HC79097931N150_1,2,2_79097931,CHI Cubs,+260,3.6,3.60,13/5,-1.5,CHI Cubs,Team,None Specified,1501,['SGP'],"[{'id': '29894', 'name': 'CHI Cubs', 'type': 'Team'}]",1st X Innings,Run Line - 1st 5 Innings
0OU79097921O350_1,2,3_79097921,Over,-166,1.60240964,1.60,50/83,3.5,,Unknown,None Specified,3500,['SGP'],None Specified,1st X Innings,Total Runs - 1st 5 Innings
0OU79097921U350_3,2,3_79097921,Under,+130,2.3,2.30,13/10,3.5,,Unknown,None Specified,3502,['SGP'],None Specified,1st X Innings,Total Runs - 1st 5 Innings
0OU79097921O450_1,2,3_79097921,Over,+105,2.05,2.05,21/20,4.5,,Unknown,True,4500,"['MainPointLine', 'SGP']",None Specified,1st X Innings,Total Runs - 1st 5 Innings
0OU79097921U450_3,2,3_79097921,Under,-135,1.74074075,1.74,20/27,4.5,,Unknown,True,4502,"['MainPointLine', 'SGP']",None Specified,1st X Innings,Total Runs - 1st 5 Innings
0OU79097921O550_1,2,3_79097921,Over,+165,2.65,2.65,33/20,5.5,,Unknown,None Specified,5500,['SGP'],None Specified,1st X Innings,Total Runs - 1st 5 Innings
0OU79097921U550_3,2,3_79097921,Under,-215,1.46511628,1.46,20/43,5.5,,Unknown,None Specified,5502,['SGP'],None Specified,1st X Innings,Total Runs - 1st 5 Innings
0OU79097932O50_1,2,3_79097932,Over,+115,2.15,2.15,23/20,0.5,,Unknown,True,500,"['MainPointLine', 'SGP']",None Specified,Innings,Runs - 2nd Inning
0OU79097932U50_3,2,3_79097932,Under,-145,1.68965518,1.68,20/29,0.5,,Unknown,True,502,"['MainPointLine', 'SGP']",None Specified,Innings,Runs - 2nd Inning
0OU79097932O150_1,2,3_79097932,Over,+290,3.9,3.90,29/10,1.5,,Unknown,None Specified,1500,['SGP'],None Specified,Innings,Runs - 2nd Inning
0OU79097932U150_3,2,3_79097932,Under,-400,1.25,1.25,1/4,1.5,,Unknown,None Specified,1502,['SGP'],None Specified,Innings,Runs - 2nd Inning
0OU79097945O50_1,2,3_79097945,Over,+110,2.1,2.10,11/10,0.5,,Unknown,True,500,"['MainPointLine', 'SGP']",None Specified,Innings,Runs - 3rd Inning
0OU79097945U50_3,2,3_79097945,Under,-135,1.74074075,1.74,20/27,0.5,,Unknown,True,502,"['MainPointLine', 'SGP']",None Specified,Innings,Runs - 3rd Inning
0OU79097945O150_1,2,3_79097945,Over,+265,3.65,3.65,53/20,1.5,,Unknown,None Specified,1500,['SGP'],None Specified,Innings,Runs - 3rd Inning
0OU79097945U150_3,2,3_79097945,Under,-360,1.27777778,1.27,5/18,1.5,,Unknown,None Specified,1502,['SGP'],None Specified,Innings,Runs - 3rd Inning
0OU79097944O50_1,2,3_79097944,Over,+105,2.05,2.05,21/20,0.5,,Unknown,True,500,"['MainPointLine', 'SGP']",None Specified,Innings,Runs - 4th Inning
0OU79097944U50_3,2,3_79097944,Under,-130,1.76923077,1.76,10/13,0.5,,Unknown,True,502,"['MainPointLine', 'SGP']",None Specified,Innings,Runs - 4th Inning
0OU79097944O150_1,2,3_79097944,Over,+260,3.6,3.60,13/5,1.5,,Unknown,None Specified,1500,['SGP'],None Specified,Innings,Runs - 4th Inning
0OU79097944U150_3,2,3_79097944,Under,-350,1.28571429,1.28,2/7,1.5,,Unknown,None Specified,1502,['SGP'],None Specified,Innings,Runs - 4th Inning
0OU79097943O50_1,2,3_79097943,Over,+105,2.05,2.05,21/20,0.5,,Unknown,True,500,"['MainPointLine', 'SGP']",None Specified,Innings,Runs - 5th Inning
0OU79097943U50_3,2,3_79097943,Under,-135,1.74074075,1.74,20/27,0.5,,Unknown,True,502,"['MainPointLine', 'SGP']",None Specified,Innings,Runs - 5th Inning
0OU79097943O150_1,2,3_79097943,Over,+270,3.7,3.70,27/10,1.5,,Unknown,None Specified,1500,['SGP'],None Specified,Innings,Runs - 5th Inning
0OU79097943U150_3,2,3_79097943,Under,-370,1.27027028,1.27,10/37,1.5,,Unknown,None Specified,1502,['SGP'],None Specified,Innings,Runs - 5th Inning
0OU79097942O50_1,2,3_79097942,Over,+100,2,2.00,1/1,0.5,,Unknown,True,500,"['MainPointLine', 'SGP']",None Specified,Innings,Runs - 6th Inning
0OU79097942U50_3,2,3_79097942,Under,-125,1.8,1.80,4/5,0.5,,Unknown,True,502,"['MainPointLine', 'SGP']",None Specified,Innings,Runs - 6th Inning
0OU79097942O150_1,2,3_79097942,Over,+255,3.55,3.55,51/20,1.5,,Unknown,None Specified,1500,['SGP'],None Specified,Innings,Runs - 6th Inning
0OU79097942U150_3,2,3_79097942,Under,-340,1.29411765,1.29,5/17,1.5,,Unknown,None Specified,1502,['SGP'],None Specified,Innings,Runs - 6th Inning
0OU79097941O50_1,2,3_79097941,Over,+110,2.1,2.10,11/10,0.5,,Unknown,True,500,"['MainPointLine', 'SGP']",None Specified,Innings,Runs - 7th Inning
0OU79097941U50_3,2,3_79097941,Under,-140,1.71428572,1.71,5/7,0.5,,Unknown,True,502,"['MainPointLine', 'SGP']",None Specified,Innings,Runs - 7th Inning
0OU79097941O150_1,2,3_79097941,Over,+260,3.6,3.60,13/5,1.5,,Unknown,None Specified,1500,['SGP'],None Specified,Innings,Runs - 7th Inning
0OU79097941U150_3,2,3_79097941,Under,-350,1.28571429,1.28,2/7,1.5,,Unknown,None Specified,1502,['SGP'],None Specified,Innings,Runs - 7th Inning
0OU79097940O50_1,2,3_79097940,Over,+110,2.1,2.10,11/10,0.5,,Unknown,True,500,"['MainPointLine', 'SGP']",None Specified,Innings,Runs - 8th Inning
0OU79097940U50_3,2,3_79097940,Under,-145,1.68965518,1.68,20/29,0.5,,Unknown,True,502,"['MainPointLine', 'SGP']",None Specified,Innings,Runs - 8th Inning
0OU79097940O150_1,2,3_79097940,Over,+290,3.9,3.90,29/10,1.5,,Unknown,None Specified,1500,['SGP'],None Specified,Innings,Runs - 8th Inning
0OU79097940U150_3,2,3_79097940,Under,-380,1.2631579,1.26,5/19,1.5,,Unknown,None Specified,1502,['SGP'],None Specified,Innings,Runs - 8th Inning
0OU79097939O50_1,2,3_79097939,Over,+155,2.55,2.55,31/20,0.5,,Unknown,True,500,['MainPointLine'],None Specified,Innings,Runs - 9th Inning
0OU79097939U50_3,2,3_79097939,Under,-195,1.51282052,1.51,20/39,0.5,,Unknown,True,502,['MainPointLine'],None Specified,Innings,Runs - 9th Inning
0OU79097939O150_1,2,3_79097939,Over,+370,4.7,4.70,37/10,1.5,,Unknown,None Specified,1500,None Specified,None Specified,Innings,Runs - 9th Inning
0OU79097939U150_3,2,3_79097939,Under,-525,1.1904762,1.19,4/21,1.5,,Unknown,None Specified,1502,None Specified,None Specified,Innings,Runs - 9th Inning
0OU79097948O350_1,2,3_79097948,Over,-105,1.95238096,1.95,20/21,3.5,CHI Cubs,Unknown,True,3500,"['MainPointLine', 'SGP']","[{'id': '29894', 'name': 'CHI Cubs', 'type': 'Team'}]",Team Totals,CHI Cubs: Team Total Runs
0OU79097948U350_3,2,3_79097948,Under,-125,1.8,1.80,4/5,3.5,CHI Cubs,Unknown,True,3502,"['MainPointLine', 'SGP']","[{'id': '29894', 'name': 'CHI Cubs', 'type': 'Team'}]",Team Totals,CHI Cubs: Team Total Runs
0OU79097949O450_1,2,3_79097949,Over,+100,2,2.00,1/1,4.5,LA Dodgers,Unknown,True,4500,"['MainPointLine', 'SGP']","[{'id': '29931', 'name': 'LA Dodgers', 'type': 'Team'}]",Team Totals,LA Dodgers: Team Total Runs
0OU79097949U450_3,2,3_79097949,Under,-130,1.76923077,1.76,10/13,4.5,LA Dodgers,Unknown,True,4502,"['MainPointLine', 'SGP']","[{'id': '29931', 'name': 'LA Dodgers', 'type': 'Team'}]",Team Totals,LA Dodgers: Team Total Runs
0QA239031764#187571596_13L84240Q11Q22,2,239031764,LA Dodgers,-145,1.68965518,1.68,20/29,None Specified,LA Dodgers,Team,None Specified,187572596,['SGP'],"[{'id': '29931', 'name': 'LA Dodgers', 'type': 'Team'}]",Game Props,Race to 3 Runs
0QA239031764#187571690_13L84240Q12Q20,2,239031764,Neither,+800,9,9.00,8/1,None Specified,,Unknown,None Specified,187573690,['SGP'],None Specified,Game Props,Race to 3 Runs
0QA239031764#187571594_13L84240Q10Q21,2,239031764,CHI Cubs,+150,2.5,2.50,6/4,None Specified,CHI Cubs,Team,None Specified,187574594,['SGP'],"[{'id': '29894', 'name': 'CHI Cubs', 'type': 'Team'}]",Game Props,Race to 3 Runs
0QA239031763#187571598_13L84240Q11Q22,2,239031763,LA Dodgers,-115,1.86956522,1.86,20/23,None Specified,LA Dodgers,Team,None Specified,187572598,['SGP'],"[{'id': '29931', 'name': 'LA Dodgers', 'type': 'Team'}]",Game Props,Race to 4 Runs
0QA239031763#187571689_13L84240Q12Q20,2,239031763,Neither,+350,4.5,4.50,7/2,None Specified,,Unknown,None Specified,187573689,['SGP'],None Specified,Game Props,Race to 4 Runs
0QA239031763#187571593_13L84240Q10Q21,2,239031763,CHI Cubs,+195,2.95,2.95,39/20,None Specified,CHI Cubs,Team,None Specified,187574593,['SGP'],"[{'id': '29894', 'name': 'CHI Cubs', 'type': 'Team'}]",Game Props,Race to 4 Runs
0QA239031762#187571599_13L84240Q11Q22,2,239031762,LA Dodgers,+120,2.2,2.20,6/5,None Specified,LA Dodgers,Team,None Specified,187572599,['SGP'],"[{'id': '29931', 'name': 'LA Dodgers', 'type': 'Team'}]",Game Props,Race to 5 Runs
0QA239031762#187571688_13L84240Q12Q20,2,239031762,Neither,+165,2.65,2.65,33/20,None Specified,,Unknown,None Specified,187573688,['SGP'],None Specified,Game Props,Race to 5 Runs
0QA239031762#187571592_13L84240Q10Q21,2,239031762,CHI Cubs,+275,3.75,3.75,11/4,None Specified,CHI Cubs,Team,None Specified,187574592,['SGP'],"[{'id': '29894', 'name': 'CHI Cubs', 'type': 'Team'}]",Game Props,Race to 5 Runs
0QA239031761#187571602_13L84240Q11Q22,2,239031761,LA Dodgers,+175,2.75,2.75,7/4,None Specified,LA Dodgers,Team,None Specified,187572602,['SGP'],"[{'id': '29931', 'name': 'LA Dodgers', 'type': 'Team'}]",Game Props,Race to 6 Runs
0QA239031761#187571686_13L84240Q12Q20,2,239031761,Neither,-115,1.86956522,1.86,20/23,None Specified,,Unknown,None Specified,187573686,['SGP'],None Specified,Game Props,Race to 6 Runs
0QA239031761#187571590_13L84240Q10Q21,2,239031761,CHI Cubs,+390,4.9,4.90,39/10,None Specified,CHI Cubs,Team,None Specified,187574590,['SGP'],"[{'id': '29894', 'name': 'CHI Cubs', 'type': 'Team'}]",Game Props,Race to 6 Runs
0QA239031760#187571603_13L84240Q11Q22,2,239031760,LA Dodgers,+260,3.6,3.60,13/5,None Specified,LA Dodgers,Team,None Specified,187572603,['SGP'],"[{'id': '29931', 'name': 'LA Dodgers', 'type': 'Team'}]",Game Props,Race to 7 Runs
0QA239031760#187571685_13L84240Q12Q20,2,239031760,Neither,-205,1.48780488,1.48,20/41,None Specified,,Unknown,None Specified,187573685,['SGP'],None Specified,Game Props,Race to 7 Runs
0QA239031760#187571589_13L84240Q10Q21,2,239031760,CHI Cubs,+550,6.5,6.50,11/2,None Specified,CHI Cubs,Team,None Specified,187574589,['SGP'],"[{'id': '29894', 'name': 'CHI Cubs', 'type': 'Team'}]",Game Props,Race to 7 Runs
0QA239031750#187572119_14L84240Q10Q21,2,239031750,1-0,+3500,36,36.00,35/1,None Specified,LA Dodgers,Team,None Specified,187573119,None Specified,"[{'id': '29931', 'name': 'LA Dodgers', 'type': 'Team'}]",Correct Score,Correct Score
0QA239031750#187572124_14L84240Q10Q22,2,239031750,2-0,+3000,31,31.00,30/1,None Specified,LA Dodgers,Team,None Specified,187573124,None Specified,"[{'id': '29931', 'name': 'LA Dodgers', 'type': 'Team'}]",Correct Score,Correct Score
0QA239031750#187572125_14L84240Q11Q22,2,239031750,2-1,+2000,21,21.00,20/1,None Specified,LA Dodgers,Team,None Specified,187573125,None Specified,"[{'id': '29931', 'name': 'LA Dodgers', 'type': 'Team'}]",Correct Score,Correct Score
0QA239031750#187572130_14L84240Q10Q23,2,239031750,3-0,+3000,31,31.00,30/1,None Specified,LA Dodgers,Team,None Specified,187573130,None Specified,"[{'id': '29931', 'name': 'LA Dodgers', 'type': 'Team'}]",Correct Score,Correct Score
0QA239031750#187572131_14L84240Q11Q23,2,239031750,3-1,+2000,21,21.00,20/1,None Specified,LA Dodgers,Team,None Specified,187573131,None Specified,"[{'id': '29931', 'name': 'LA Dodgers', 'type': 'Team'}]",Correct Score,Correct Score
0QA239031750#187572136_14L84240Q12Q23,2,239031750,3-2,+1700,18,18.00,17/1,None Specified,LA Dodgers,Team,None Specified,187573136,None Specified,"[{'id': '29931', 'name': 'LA Dodgers', 'type': 'Team'}]",Correct Score,Correct Score
0QA239031750#187572137_14L84240Q10Q24,2,239031750,4-0,+3000,31,31.00,30/1,None Specified,LA Dodgers,Team,None Specified,187573137,None Specified,"[{'id': '29931', 'name': 'LA Dodgers', 'type': 'Team'}]",Correct Score,Correct Score
0QA239031750#187572142_14L84240Q11Q24,2,239031750,4-1,+2200,23,23.00,22/1,None Specified,LA Dodgers,Team,None Specified,187573142,None Specified,"[{'id': '29931', 'name': 'LA Dodgers', 'type': 'Team'}]",Correct Score,Correct Score
0QA239031750#187572143_14L84240Q12Q24,2,239031750,4-2,+1800,19,19.00,18/1,None Specified,LA Dodgers,Team,None Specified,187573143,None Specified,"[{'id': '29931', 'name': 'LA Dodgers', 'type': 'Team'}]",Correct Score,Correct Score
0QA239031750#187572148_14L84240Q13Q24,2,239031750,4-3,+1700,18,18.00,17/1,None Specified,LA Dodgers,Team,None Specified,187573148,None Specified,"[{'id': '29931', 'name': 'LA Dodgers', 'type': 'Team'}]",Correct Score,Correct Score
0QA239031750#187572149_14L84240Q10Q25,2,239031750,5-0,+3500,36,36.00,35/1,None Specified,LA Dodgers,Team,None Specified,187573149,None Specified,"[{'id': '29931', 'name': 'LA Dodgers', 'type': 'Team'}]",Correct Score,Correct Score
0QA239031750#187572154_14L84240Q11Q25,2,239031750,5-1,+2200,23,23.00,22/1,None Specified,LA Dodgers,Team,None Specified,187573154,None Specified,"[{'id': '29931', 'name': 'LA Dodgers', 'type': 'Team'}]",Correct Score,Correct Score
0QA239031750#187572155_14L84240Q12Q25,2,239031750,5-2,+2200,23,23.00,22/1,None Specified,LA Dodgers,Team,None Specified,187573155,None Specified,"[{'id': '29931', 'name': 'LA Dodgers', 'type': 'Team'}]",Correct Score,Correct Score
0QA239031750#187572160_14L84240Q13Q25,2,239031750,5-3,+2000,21,21.00,20/1,None Specified,LA Dodgers,Team,None Specified,187573160,None Specified,"[{'id': '29931', 'name': 'LA Dodgers', 'type': 'Team'}]",Correct Score,Correct Score
0QA239031750#187572161_14L84240Q14Q25,2,239031750,5-4,+2200,23,23.00,22/1,None Specified,LA Dodgers,Team,None Specified,187573161,None Specified,"[{'id': '29931', 'name': 'LA Dodgers', 'type': 'Team'}]",Correct Score,Correct Score
0QA239031750#187572165_14L84240Q10Q26,2,239031750,6-0,+4000,41,41.00,40/1,None Specified,LA Dodgers,Team,None Specified,187573165,None Specified,"[{'id': '29931', 'name': 'LA Dodgers', 'type': 'Team'}]",Correct Score,Correct Score
0QA239031750#187572166_14L84240Q11Q26,2,239031750,6-1,+2500,26,26.00,25/1,None Specified,LA Dodgers,Team,None Specified,187573166,None Specified,"[{'id': '29931', 'name': 'LA Dodgers', 'type': 'Team'}]",Correct Score,Correct Score
0QA239031750#187572169_14L84240Q12Q26,2,239031750,6-2,+2200,23,23.00,22/1,None Specified,LA Dodgers,Team,None Specified,187573169,None Specified,"[{'id': '29931', 'name': 'LA Dodgers', 'type': 'Team'}]",Correct Score,Correct Score
0QA239031750#187572170_14L84240Q13Q26,2,239031750,6-3,+2500,26,26.00,25/1,None Specified,LA Dodgers,Team,None Specified,187573170,None Specified,"[{'id': '29931', 'name': 'LA Dodgers', 'type': 'Team'}]",Correct Score,Correct Score
0QA239031750#187572173_14L84240Q14Q26,2,239031750,6-4,+2500,26,26.00,25/1,None Specified,LA Dodgers,Team,None Specified,187573173,None Specified,"[{'id': '29931', 'name': 'LA Dodgers', 'type': 'Team'}]",Correct Score,Correct Score
0QA239031750#187572174_14L84240Q15Q26,2,239031750,6-5,+2800,29,29.00,28/1,None Specified,LA Dodgers,Team,None Specified,187573174,None Specified,"[{'id': '29931', 'name': 'LA Dodgers', 'type': 'Team'}]",Correct Score,Correct Score
0QA239031750#187572177_14L84240Q10Q27,2,239031750,7-0,+4500,46,46.00,45/1,None Specified,LA Dodgers,Team,None Specified,187573177,None Specified,"[{'id': '29931', 'name': 'LA Dodgers', 'type': 'Team'}]",Correct Score,Correct Score
0QA239031750#187572178_14L84240Q11Q27,2,239031750,7-1,+3500,36,36.00,35/1,None Specified,LA Dodgers,Team,None Specified,187573178,None Specified,"[{'id': '29931', 'name': 'LA Dodgers', 'type': 'Team'}]",Correct Score,Correct Score
0QA239031750#187572179_14L84240Q12Q27,2,239031750,7-2,+3000,31,31.00,30/1,None Specified,LA Dodgers,Team,None Specified,187573179,None Specified,"[{'id': '29931', 'name': 'LA Dodgers', 'type': 'Team'}]",Correct Score,Correct Score
0QA239031750#187572180_14L84240Q13Q27,2,239031750,7-3,+3000,31,31.00,30/1,None Specified,LA Dodgers,Team,None Specified,187573180,None Specified,"[{'id': '29931', 'name': 'LA Dodgers', 'type': 'Team'}]",Correct Score,Correct Score
0QA239031750#187572181_14L84240Q14Q27,2,239031750,7-4,+3000,31,31.00,30/1,None Specified,LA Dodgers,Team,None Specified,187573181,None Specified,"[{'id': '29931', 'name': 'LA Dodgers', 'type': 'Team'}]",Correct Score,Correct Score
0QA239031750#187572182_14L84240Q15Q27,2,239031750,7-5,+4000,41,41.00,40/1,None Specified,LA Dodgers,Team,None Specified,187573182,None Specified,"[{'id': '29931', 'name': 'LA Dodgers', 'type': 'Team'}]",Correct Score,Correct Score
0QA239031750#187572183_14L84240Q16Q27,2,239031750,7-6,+4000,41,41.00,40/1,None Specified,LA Dodgers,Team,None Specified,187573183,None Specified,"[{'id': '29931', 'name': 'LA Dodgers', 'type': 'Team'}]",Correct Score,Correct Score
0QA239031750#187572184_14L84240Q10Q28,2,239031750,8-0,+5000,51,51.00,50/1,None Specified,LA Dodgers,Team,None Specified,187573184,None Specified,"[{'id': '29931', 'name': 'LA Dodgers', 'type': 'Team'}]",Correct Score,Correct Score
0QA239031750#187572185_14L84240Q11Q28,2,239031750,8-1,+4000,41,41.00,40/1,None Specified,LA Dodgers,Team,None Specified,187573185,None Specified,"[{'id': '29931', 'name': 'LA Dodgers', 'type': 'Team'}]",Correct Score,Correct Score
0QA239031750#187572186_14L84240Q12Q28,2,239031750,8-2,+3500,36,36.00,35/1,None Specified,LA Dodgers,Team,None Specified,187573186,None Specified,"[{'id': '29931', 'name': 'LA Dodgers', 'type': 'Team'}]",Correct Score,Correct Score
0QA239031750#187572187_14L84240Q13Q28,2,239031750,8-3,+3500,36,36.00,35/1,None Specified,LA Dodgers,Team,None Specified,187573187,None Specified,"[{'id': '29931', 'name': 'LA Dodgers', 'type': 'Team'}]",Correct Score,Correct Score
0QA239031750#187572188_14L84240Q14Q28,2,239031750,8-4,+4000,41,41.00,40/1,None Specified,LA Dodgers,Team,None Specified,187573188,None Specified,"[{'id': '29931', 'name': 'LA Dodgers', 'type': 'Team'}]",Correct Score,Correct Score
0QA239031750#187572189_14L84240Q15Q28,2,239031750,8-5,+4500,46,46.00,45/1,None Specified,LA Dodgers,Team,None Specified,187573189,None Specified,"[{'id': '29931', 'name': 'LA Dodgers', 'type': 'Team'}]",Correct Score,Correct Score
0QA239031750#187572190_14L84240Q16Q28,2,239031750,8-6,+5000,51,51.00,50/1,None Specified,LA Dodgers,Team,None Specified,187573190,None Specified,"[{'id': '29931', 'name': 'LA Dodgers', 'type': 'Team'}]",Correct Score,Correct Score
0QA239031750#187572191_14L84240Q17Q28,2,239031750,8-7,+5500,56,56.00,55/1,None Specified,LA Dodgers,Team,None Specified,187573191,None Specified,"[{'id': '29931', 'name': 'LA Dodgers', 'type': 'Team'}]",Correct Score,Correct Score
0QA239031750#187572192_14L84240Q10Q29,2,239031750,9-0,+5500,56,56.00,55/1,None Specified,LA Dodgers,Team,None Specified,187573192,None Specified,"[{'id': '29931', 'name': 'LA Dodgers', 'type': 'Team'}]",Correct Score,Correct Score
0QA239031750#187572193_14L84240Q11Q29,2,239031750,9-1,+5000,51,51.00,50/1,None Specified,LA Dodgers,Team,None Specified,187573193,None Specified,"[{'id': '29931', 'name': 'LA Dodgers', 'type': 'Team'}]",Correct Score,Correct Score
0QA239031750#187572194_14L84240Q12Q29,2,239031750,9-2,+4500,46,46.00,45/1,None Specified,LA Dodgers,Team,None Specified,187573194,None Specified,"[{'id': '29931', 'name': 'LA Dodgers', 'type': 'Team'}]",Correct Score,Correct Score
0QA239031750#187572195_14L84240Q13Q29,2,239031750,9-3,+4500,46,46.00,45/1,None Specified,LA Dodgers,Team,None Specified,187573195,None Specified,"[{'id': '29931', 'name': 'LA Dodgers', 'type': 'Team'}]",Correct Score,Correct Score
0QA239031750#187572196_14L84240Q14Q29,2,239031750,9-4,+4500,46,46.00,45/1,None Specified,LA Dodgers,Team,None Specified,187573196,None Specified,"[{'id': '29931', 'name': 'LA Dodgers', 'type': 'Team'}]",Correct Score,Correct Score
0QA239031750#187572197_14L84240Q15Q29,2,239031750,9-5,+5500,56,56.00,55/1,None Specified,LA Dodgers,Team,None Specified,187573197,None Specified,"[{'id': '29931', 'name': 'LA Dodgers', 'type': 'Team'}]",Correct Score,Correct Score
0QA239031750#187572198_14L84240Q16Q29,2,239031750,9-6,+5500,56,56.00,55/1,None Specified,LA Dodgers,Team,None Specified,187573198,None Specified,"[{'id': '29931', 'name': 'LA Dodgers', 'type': 'Team'}]",Correct Score,Correct Score
0QA239031750#187572199_14L84240Q17Q29,2,239031750,9-7,+6000,61,61.00,60/1,None Specified,LA Dodgers,Team,None Specified,187573199,None Specified,"[{'id': '29931', 'name': 'LA Dodgers', 'type': 'Team'}]",Correct Score,Correct Score
0QA239031750#187572200_14L84240Q18Q29,2,239031750,9-8,+6000,61,61.00,60/1,None Specified,LA Dodgers,Team,None Specified,187573200,None Specified,"[{'id': '29931', 'name': 'LA Dodgers', 'type': 'Team'}]",Correct Score,Correct Score
0QA239031750#187572202_14L84240Q12Q2-1,2,239031750,LA Dodgers Win Scoring 10+ Runs,+550,6.5,6.50,11/2,None Specified,LA Dodgers,Team,None Specified,187573202,None Specified,"[{'id': '29931', 'name': 'LA Dodgers', 'type': 'Team'}]",Correct Score,Correct Score
0QA239031750#187571578_13L84240Q11Q20,2,239031750,1-0,+3000,31,31.00,30/1,None Specified,CHI Cubs,Team,None Specified,187574578,None Specified,"[{'id': '29894', 'name': 'CHI Cubs', 'type': 'Team'}]",Correct Score,Correct Score
0QA239031750#187571614_13L84240Q12Q20,2,239031750,2-0,+3000,31,31.00,30/1,None Specified,CHI Cubs,Team,None Specified,187574614,None Specified,"[{'id': '29894', 'name': 'CHI Cubs', 'type': 'Team'}]",Correct Score,Correct Score
0QA239031750#187571678_13L84240Q12Q21,2,239031750,2-1,+1800,19,19.00,18/1,None Specified,CHI Cubs,Team,None Specified,187574678,None Specified,"[{'id': '29894', 'name': 'CHI Cubs', 'type': 'Team'}]",Correct Score,Correct Score
0QA239031750#187571701_13L84240Q13Q20,2,239031750,3-0,+3500,36,36.00,35/1,None Specified,CHI Cubs,Team,None Specified,187574701,None Specified,"[{'id': '29894', 'name': 'CHI Cubs', 'type': 'Team'}]",Correct Score,Correct Score
0QA239031750#187571734_13L84240Q13Q21,2,239031750,3-1,+2200,23,23.00,22/1,None Specified,CHI Cubs,Team,None Specified,187574734,None Specified,"[{'id': '29894', 'name': 'CHI Cubs', 'type': 'Team'}]",Correct Score,Correct Score
0QA239031750#187571749_13L84240Q13Q22,2,239031750,3-2,+1400,15,15.00,14/1,None Specified,CHI Cubs,Team,None Specified,187574749,None Specified,"[{'id': '29894', 'name': 'CHI Cubs', 'type': 'Team'}]",Correct Score,Correct Score
0QA239031750#187571780_13L84240Q14Q20,2,239031750,4-0,+4000,41,41.00,40/1,None Specified,CHI Cubs,Team,None Specified,187574780,None Specified,"[{'id': '29894', 'name': 'CHI Cubs', 'type': 'Team'}]",Correct Score,Correct Score
0QA239031750#187571795_13L84240Q14Q21,2,239031750,4-1,+2500,26,26.00,25/1,None Specified,CHI Cubs,Team,None Specified,187574795,None Specified,"[{'id': '29894', 'name': 'CHI Cubs', 'type': 'Team'}]",Correct Score,Correct Score
0QA239031750#187571818_13L84240Q14Q22,2,239031750,4-2,+2000,21,21.00,20/1,None Specified,CHI Cubs,Team,None Specified,187574818,None Specified,"[{'id': '29894', 'name': 'CHI Cubs', 'type': 'Team'}]",Correct Score,Correct Score
0QA239031750#187571830_13L84240Q14Q23,2,239031750,4-3,+1500,16,16.00,15/1,None Specified,CHI Cubs,Team,None Specified,187574830,None Specified,"[{'id': '29894', 'name': 'CHI Cubs', 'type': 'Team'}]",Correct Score,Correct Score
0QA239031750#187571851_13L84240Q15Q20,2,239031750,5-0,+4500,46,46.00,45/1,None Specified,CHI Cubs,Team,None Specified,187574851,None Specified,"[{'id': '29894', 'name': 'CHI Cubs', 'type': 'Team'}]",Correct Score,Correct Score
0QA239031750#187571858_13L84240Q15Q21,2,239031750,5-1,+3000,31,31.00,30/1,None Specified,CHI Cubs,Team,None Specified,187574858,None Specified,"[{'id': '29894', 'name': 'CHI Cubs', 'type': 'Team'}]",Correct Score,Correct Score
0QA239031750#187571879_13L84240Q15Q22,2,239031750,5-2,+2800,29,29.00,28/1,None Specified,CHI Cubs,Team,None Specified,187574879,None Specified,"[{'id': '29894', 'name': 'CHI Cubs', 'type': 'Team'}]",Correct Score,Correct Score
0QA239031750#187571886_13L84240Q15Q23,2,239031750,5-3,+2500,26,26.00,25/1,None Specified,CHI Cubs,Team,None Specified,187574886,None Specified,"[{'id': '29894', 'name': 'CHI Cubs', 'type': 'Team'}]",Correct Score,Correct Score
0QA239031750#187571907_13L84240Q15Q24,2,239031750,5-4,+1800,19,19.00,18/1,None Specified,CHI Cubs,Team,None Specified,187574907,None Specified,"[{'id': '29894', 'name': 'CHI Cubs', 'type': 'Team'}]",Correct Score,Correct Score
0QA239031750#187571915_13L84240Q16Q20,2,239031750,6-0,+5500,56,56.00,55/1,None Specified,CHI Cubs,Team,None Specified,187574915,None Specified,"[{'id': '29894', 'name': 'CHI Cubs', 'type': 'Team'}]",Correct Score,Correct Score
0QA239031750#187571934_13L84240Q16Q21,2,239031750,6-1,+4000,41,41.00,40/1,None Specified,CHI Cubs,Team,None Specified,187574934,None Specified,"[{'id': '29894', 'name': 'CHI Cubs', 'type': 'Team'}]",Correct Score,Correct Score
0QA239031750#187571943_13L84240Q16Q22,2,239031750,6-2,+3500,36,36.00,35/1,None Specified,CHI Cubs,Team,None Specified,187574943,None Specified,"[{'id': '29894', 'name': 'CHI Cubs', 'type': 'Team'}]",Correct Score,Correct Score
0QA239031750#187571962_13L84240Q16Q23,2,239031750,6-3,+3500,36,36.00,35/1,None Specified,CHI Cubs,Team,None Specified,187574962,None Specified,"[{'id': '29894', 'name': 'CHI Cubs', 'type': 'Team'}]",Correct Score,Correct Score
0QA239031750#187571970_13L84240Q16Q24,2,239031750,6-4,+3000,31,31.00,30/1,None Specified,CHI Cubs,Team,None Specified,187574970,None Specified,"[{'id': '29894', 'name': 'CHI Cubs', 'type': 'Team'}]",Correct Score,Correct Score
0QA239031750#187571989_13L84240Q16Q25,2,239031750,6-5,+2200,23,23.00,22/1,None Specified,CHI Cubs,Team,None Specified,187574989,None Specified,"[{'id': '29894', 'name': 'CHI Cubs', 'type': 'Team'}]",Correct Score,Correct Score
0QA239031750#187571995_13L84240Q17Q20,2,239031750,7-0,+6500,66,66.00,65/1,None Specified,CHI Cubs,Team,None Specified,187574995,None Specified,"[{'id': '29894', 'name': 'CHI Cubs', 'type': 'Team'}]",Correct Score,Correct Score
0QA239031750#187572016_13L84240Q17Q21,2,239031750,7-1,+5000,51,51.00,50/1,None Specified,CHI Cubs,Team,None Specified,187575016,None Specified,"[{'id': '29894', 'name': 'CHI Cubs', 'type': 'Team'}]",Correct Score,Correct Score
0QA239031750#187572021_13L84240Q17Q22,2,239031750,7-2,+4500,46,46.00,45/1,None Specified,CHI Cubs,Team,None Specified,187575021,None Specified,"[{'id': '29894', 'name': 'CHI Cubs', 'type': 'Team'}]",Correct Score,Correct Score
0QA239031750#187572042_13L84240Q17Q23,2,239031750,7-3,+4500,46,46.00,45/1,None Specified,CHI Cubs,Team,None Specified,187575042,None Specified,"[{'id': '29894', 'name': 'CHI Cubs', 'type': 'Team'}]",Correct Score,Correct Score
0QA239031750#187572045_13L84240Q17Q24,2,239031750,7-4,+4000,41,41.00,40/1,None Specified,CHI Cubs,Team,None Specified,187575045,None Specified,"[{'id': '29894', 'name': 'CHI Cubs', 'type': 'Team'}]",Correct Score,Correct Score
0QA239031750#187572052_13L84240Q17Q25,2,239031750,7-5,+4000,41,41.00,40/1,None Specified,CHI Cubs,Team,None Specified,187575052,None Specified,"[{'id': '29894', 'name': 'CHI Cubs', 'type': 'Team'}]",Correct Score,Correct Score
0QA239031750#187572053_13L84240Q17Q26,2,239031750,7-6,+3000,31,31.00,30/1,None Specified,CHI Cubs,Team,None Specified,187575053,None Specified,"[{'id': '29894', 'name': 'CHI Cubs', 'type': 'Team'}]",Correct Score,Correct Score
0QA239031750#187572060_13L84240Q18Q20,2,239031750,8-0,+7000,71,71.00,70/1,None Specified,CHI Cubs,Team,None Specified,187575060,None Specified,"[{'id': '29894', 'name': 'CHI Cubs', 'type': 'Team'}]",Correct Score,Correct Score
0QA239031750#187572061_13L84240Q18Q21,2,239031750,8-1,+5500,56,56.00,55/1,None Specified,CHI Cubs,Team,None Specified,187575061,None Specified,"[{'id': '29894', 'name': 'CHI Cubs', 'type': 'Team'}]",Correct Score,Correct Score
0QA239031750#187572068_13L84240Q18Q22,2,239031750,8-2,+5500,56,56.00,55/1,None Specified,CHI Cubs,Team,None Specified,187575068,None Specified,"[{'id': '29894', 'name': 'CHI Cubs', 'type': 'Team'}]",Correct Score,Correct Score
0QA239031750#187572069_13L84240Q18Q23,2,239031750,8-3,+5500,56,56.00,55/1,None Specified,CHI Cubs,Team,None Specified,187575069,None Specified,"[{'id': '29894', 'name': 'CHI Cubs', 'type': 'Team'}]",Correct Score,Correct Score
0QA239031750#187572076_13L84240Q18Q24,2,239031750,8-4,+5000,51,51.00,50/1,None Specified,CHI Cubs,Team,None Specified,187575076,None Specified,"[{'id': '29894', 'name': 'CHI Cubs', 'type': 'Team'}]",Correct Score,Correct Score
0QA239031750#187572077_13L84240Q18Q25,2,239031750,8-5,+5500,56,56.00,55/1,None Specified,CHI Cubs,Team,None Specified,187575077,None Specified,"[{'id': '29894', 'name': 'CHI Cubs', 'type': 'Team'}]",Correct Score,Correct Score
0QA239031750#187572084_13L84240Q18Q26,2,239031750,8-6,+5500,56,56.00,55/1,None Specified,CHI Cubs,Team,None Specified,187575084,None Specified,"[{'id': '29894', 'name': 'CHI Cubs', 'type': 'Team'}]",Correct Score,Correct Score
0QA239031750#187572085_13L84240Q18Q27,2,239031750,8-7,+5000,51,51.00,50/1,None Specified,CHI Cubs,Team,None Specified,187575085,None Specified,"[{'id': '29894', 'name': 'CHI Cubs', 'type': 'Team'}]",Correct Score,Correct Score
0QA239031750#187572092_13L84240Q19Q20,2,239031750,9-0,+8000,81,81.00,80/1,None Specified,CHI Cubs,Team,None Specified,187575092,None Specified,"[{'id': '29894', 'name': 'CHI Cubs', 'type': 'Team'}]",Correct Score,Correct Score
0QA239031750#187572093_13L84240Q19Q21,2,239031750,9-1,+6500,66,66.00,65/1,None Specified,CHI Cubs,Team,None Specified,187575093,None Specified,"[{'id': '29894', 'name': 'CHI Cubs', 'type': 'Team'}]",Correct Score,Correct Score
0QA239031750#187572100_13L84240Q19Q22,2,239031750,9-2,+6500,66,66.00,65/1,None Specified,CHI Cubs,Team,None Specified,187575100,None Specified,"[{'id': '29894', 'name': 'CHI Cubs', 'type': 'Team'}]",Correct Score,Correct Score
0QA239031750#187572101_13L84240Q19Q23,2,239031750,9-3,+6500,66,66.00,65/1,None Specified,CHI Cubs,Team,None Specified,187575101,None Specified,"[{'id': '29894', 'name': 'CHI Cubs', 'type': 'Team'}]",Correct Score,Correct Score
0QA239031750#187572106_13L84240Q19Q24,2,239031750,9-4,+6000,61,61.00,60/1,None Specified,CHI Cubs,Team,None Specified,187575106,None Specified,"[{'id': '29894', 'name': 'CHI Cubs', 'type': 'Team'}]",Correct Score,Correct Score
0QA239031750#187572107_13L84240Q19Q25,2,239031750,9-5,+7000,71,71.00,70/1,None Specified,CHI Cubs,Team,None Specified,187575107,None Specified,"[{'id': '29894', 'name': 'CHI Cubs', 'type': 'Team'}]",Correct Score,Correct Score
0QA239031750#187572112_13L84240Q19Q26,2,239031750,9-6,+7500,76,76.00,75/1,None Specified,CHI Cubs,Team,None Specified,187575112,None Specified,"[{'id': '29894', 'name': 'CHI Cubs', 'type': 'Team'}]",Correct Score,Correct Score
0QA239031750#187572113_13L84240Q19Q27,2,239031750,9-7,+7500,76,76.00,75/1,None Specified,CHI Cubs,Team,None Specified,187575113,None Specified,"[{'id': '29894', 'name': 'CHI Cubs', 'type': 'Team'}]",Correct Score,Correct Score
0QA239031750#187572118_13L84240Q19Q28,2,239031750,9-8,+6000,61,61.00,60/1,None Specified,CHI Cubs,Team,None Specified,187575118,None Specified,"[{'id': '29894', 'name': 'CHI Cubs', 'type': 'Team'}]",Correct Score,Correct Score
0QA239031750#187572201_13L84240Q11Q2-1,2,239031750,CHI Cubs Win Scoring 10+ Runs,+1400,15,15.00,14/1,None Specified,CHI Cubs,Team,None Specified,187575201,None Specified,"[{'id': '29894', 'name': 'CHI Cubs', 'type': 'Team'}]",Correct Score,Correct Score
0QA237023472#176980779_13L84240Q171196Q2-1,2,237023472,LA Dodgers,+330,4.3,4.30,33/10,None Specified,LA Dodgers,Team,None Specified,43079,None Specified,"[{'id': '29931', 'name': 'LA Dodgers', 'type': 'Team'}]",Start of Season,Race To 10 Regular Season Wins
0QA237023472#176980775_13L84240Q179874Q2-1,2,237023472,NY Mets,+1000,11,11.00,10/1,None Specified,NY Mets,Team,None Specified,110075,None Specified,"[{'id': '29840', 'name': 'NY Mets', 'type': 'Team'}]",Start of Season,Race To 10 Regular Season Wins
0QA237023472#176980791_13L84240Q179859Q2-1,2,237023472,CHI Cubs,+1100,12,12.00,11/1,None Specified,CHI Cubs,Team,None Specified,120091,None Specified,"[{'id': '29894', 'name': 'CHI Cubs', 'type': 'Team'}]",Start of Season,Race To 10 Regular Season Wins
0QA237023472#176980792_13L84240Q166387Q2-1,2,237023472,BOS Red Sox,+1100,12,12.00,11/1,None Specified,BOS Red Sox,Team,None Specified,120092,None Specified,"[{'id': '29976', 'name': 'BOS Red Sox', 'type': 'Team'}]",Start of Season,Race To 10 Regular Season Wins
0QA237023472#176980770_13L84240Q179872Q2-1,2,237023472,SEA Mariners,+1200,13,13.00,12/1,None Specified,SEA Mariners,Team,None Specified,130070,None Specified,"[{'id': '29815', 'name': 'SEA Mariners', 'type': 'Team'}]",Start of Season,Race To 10 Regular Season Wins
0QA237023472#176980796_13L84240Q179866Q2-1,2,237023472,ARI Diamondbacks,+1500,16,16.00,15/1,None Specified,ARI Diamondbacks,Team,None Specified,160096,None Specified,"[{'id': '29934', 'name': 'ARI Diamondbacks', 'type': 'Team'}]",Start of Season,Race To 10 Regular Season Wins
0QA237023472#176980766_13L84240Q183166Q2-1,2,237023472,TEX Rangers,+1700,18,18.00,17/1,None Specified,TEX Rangers,Team,None Specified,180066,None Specified,"[{'id': '29891', 'name': 'TEX Rangers', 'type': 'Team'}]",Start of Season,Race To 10 Regular Season Wins
0QA237023472#176980771_13L84240Q179868Q2-1,2,237023472,SD Padres,+1800,19,19.00,18/1,None Specified,SD Padres,Team,None Specified,190071,None Specified,"[{'id': '29942', 'name': 'SD Padres', 'type': 'Team'}]",Start of Season,Race To 10 Regular Season Wins
0QA237023472#176980794_13L84240Q179875Q2-1,2,237023472,ATL Braves,+1800,19,19.00,18/1,None Specified,ATL Braves,Team,None Specified,190094,None Specified,"[{'id': '29861', 'name': 'ATL Braves', 'type': 'Team'}]",Start of Season,Race To 10 Regular Season Wins
0QA237023472#176980793_13L84240Q166391Q2-1,2,237023472,BAL Orioles,+2200,23,23.00,22/1,None Specified,BAL Orioles,Team,None Specified,230093,None Specified,"[{'id': '29829', 'name': 'BAL Orioles', 'type': 'Team'}]",Start of Season,Race To 10 Regular Season Wins
0QA237023472#176980765_13L84240Q166390Q2-1,2,237023472,TOR Blue Jays,+2500,26,26.00,25/1,None Specified,TOR Blue Jays,Team,None Specified,260065,None Specified,"[{'id': '29868', 'name': 'TOR Blue Jays', 'type': 'Team'}]",Start of Season,Race To 10 Regular Season Wins
0QA237023472#176980772_13L84240Q166388Q2-1,2,237023472,PIT Pirates,+2500,26,26.00,25/1,None Specified,PIT Pirates,Team,None Specified,260072,None Specified,"[{'id': '29924', 'name': 'PIT Pirates', 'type': 'Team'}]",Start of Season,Race To 10 Regular Season Wins
0QA237023472#176980776_13L84240Q179862Q2-1,2,237023472,MIN Twins,+2500,26,26.00,25/1,None Specified,MIN Twins,Team,None Specified,260076,None Specified,"[{'id': '29909', 'name': 'MIN Twins', 'type': 'Team'}]",Start of Season,Race To 10 Regular Season Wins
0QA237023472#176980777_13L84240Q179861Q2-1,2,237023472,MIL Brewers,+2500,26,26.00,25/1,None Specified,MIL Brewers,Team,None Specified,260077,None Specified,"[{'id': '29847', 'name': 'MIL Brewers', 'type': 'Team'}]",Start of Season,Race To 10 Regular Season Wins
0QA237023472#176980781_13L84240Q179863Q2-1,2,237023472,KC Royals,+2500,26,26.00,25/1,None Specified,KC Royals,Team,None Specified,260081,None Specified,"[{'id': '29965', 'name': 'KC Royals', 'type': 'Team'}]",Start of Season,Race To 10 Regular Season Wins
0QA237023472#176980774_13L84240Q166386Q2-1,2,237023472,NY Yankees,+2800,29,29.00,28/1,None Specified,NY Yankees,Team,None Specified,290074,None Specified,"[{'id': '29825', 'name': 'NY Yankees', 'type': 'Team'}]",Start of Season,Race To 10 Regular Season Wins
0QA237023472#176980767_13L84240Q177210Q2-1,2,237023472,TB Rays,+3000,31,31.00,30/1,None Specified,TB Rays,Team,None Specified,310067,None Specified,"[{'id': '29880', 'name': 'TB Rays', 'type': 'Team'}]",Start of Season,Race To 10 Regular Season Wins
0QA237023472#176980789_13L84240Q179865Q2-1,2,237023472,CIN Reds,+3000,31,31.00,30/1,None Specified,CIN Reds,Team,None Specified,310089,None Specified,"[{'id': '29919', 'name': 'CIN Reds', 'type': 'Team'}]",Start of Season,Race To 10 Regular Season Wins
0QA237023472#176980773_13L84240Q179876Q2-1,2,237023472,PHI Phillies,+3500,36,36.00,35/1,None Specified,PHI Phillies,Team,None Specified,360073,None Specified,"[{'id': '29857', 'name': 'PHI Phillies', 'type': 'Team'}]",Start of Season,Race To 10 Regular Season Wins
0QA237023472#176980782_13L84240Q179860Q2-1,2,237023472,HOU Astros,+3500,36,36.00,35/1,None Specified,HOU Astros,Team,None Specified,360082,None Specified,"[{'id': '29882', 'name': 'HOU Astros', 'type': 'Team'}]",Start of Season,Race To 10 Regular Season Wins
0QA237023472#176980795_13L84240Q179871Q2-1,2,237023472,Athletics,+3500,36,36.00,35/1,None Specified,Athletics,Team,None Specified,360095,None Specified,"[{'id': '29811', 'name': 'Athletics', 'type': 'Team'}]",Start of Season,Race To 10 Regular Season Wins
0QA237023472#176980783_13L84240Q176531Q2-1,2,237023472,DET Tigers,+4000,41,41.00,40/1,None Specified,DET Tigers,Team,None Specified,410083,None Specified,"[{'id': '29871', 'name': 'DET Tigers', 'type': 'Team'}]",Start of Season,Race To 10 Regular Season Wins
0QA237023472#176980768_13L84240Q166389Q2-1,2,237023472,STL Cardinals,+5000,51,51.00,50/1,None Specified,STL Cardinals,Team,None Specified,510068,None Specified,"[{'id': '29851', 'name': 'STL Cardinals', 'type': 'Team'}]",Start of Season,Race To 10 Regular Season Wins
0QA237023472#176980769_13L84240Q179867Q2-1,2,237023472,SF Giants,+5000,51,51.00,50/1,None Specified,SF Giants,Team,None Specified,510069,None Specified,"[{'id': '29945', 'name': 'SF Giants', 'type': 'Team'}]",Start of Season,Race To 10 Regular Season Wins
0QA237023472#176980788_13L84240Q179870Q2-1,2,237023472,CLE Guardians,+5000,51,51.00,50/1,None Specified,CLE Guardians,Team,None Specified,510088,None Specified,"[{'id': '29913', 'name': 'CLE Guardians', 'type': 'Team'}]",Start of Season,Race To 10 Regular Season Wins
0QA237023472#176980764_13L84240Q179873Q2-1,2,237023472,WAS Nationals,+11000,111,111.00,110/1,None Specified,WAS Nationals,Team,None Specified,1110064,None Specified,"[{'id': '29836', 'name': 'WAS Nationals', 'type': 'Team'}]",Start of Season,Race To 10 Regular Season Wins
0QA237023472#176980780_13L84240Q179869Q2-1,2,237023472,LA Angels,+11000,111,111.00,110/1,None Specified,LA Angels,Team,None Specified,1110080,None Specified,"[{'id': '29901', 'name': 'LA Angels', 'type': 'Team'}]",Start of Season,Race To 10 Regular Season Wins
0QA237023472#176980778_13L84240Q198290Q2-1,2,237023472,MIA Marlins,+12000,121,121.00,120/1,None Specified,MIA Marlins,Team,None Specified,1210078,None Specified,"[{'id': '29953', 'name': 'MIA Marlins', 'type': 'Team'}]",Start of Season,Race To 10 Regular Season Wins
0QA237023472#176980787_13L84240Q179864Q2-1,2,237023472,COL Rockies,+30000,301,301.00,300/1,None Specified,COL Rockies,Team,None Specified,3010087,None Specified,"[{'id': '29957', 'name': 'COL Rockies', 'type': 'Team'}]",Start of Season,Race To 10 Regular Season Wins
0QA237023472#176980790_13L84240Q179878Q2-1,2,237023472,CHI White Sox,+30000,301,301.00,300/1,None Specified,CHI White Sox,Team,None Specified,3010090,None Specified,"[{'id': '29970', 'name': 'CHI White Sox', 'type': 'Team'}]",Start of Season,Race To 10 Regular Season Wins
0QA218192232#68087389_4L84240Q171196Q2-1,2,218192232,LA Dodgers,+290,3.9,3.90,29/10,None Specified,LA Dodgers,Team,None Specified,39089,None Specified,"[{'id': '29931', 'name': 'LA Dodgers', 'type': 'Team'}]",Champion,Winner
0QA218192232#68087401_4L84240Q179875Q2-1,2,218192232,ATL Braves,+750,8.5,8.50,15/2,None Specified,ATL Braves,Team,None Specified,85001,None Specified,"[{'id': '29861', 'name': 'ATL Braves', 'type': 'Team'}]",Champion,Winner
0QA218192232#68087384_4L84240Q166386Q2-1,2,218192232,NY Yankees,+850,9.5,9.50,17/2,None Specified,NY Yankees,Team,None Specified,95084,None Specified,"[{'id': '29825', 'name': 'NY Yankees', 'type': 'Team'}]",Champion,Winner
0QA218192232#68087383_4L84240Q179876Q2-1,2,218192232,PHI Phillies,+1200,13,13.00,12/1,None Specified,PHI Phillies,Team,None Specified,130083,None Specified,"[{'id': '29857', 'name': 'PHI Phillies', 'type': 'Team'}]",Champion,Winner
0QA218192232#68087385_4L84240Q179874Q2-1,2,218192232,NY Mets,+1200,13,13.00,12/1,None Specified,NY Mets,Team,None Specified,130085,None Specified,"[{'id': '29840', 'name': 'NY Mets', 'type': 'Team'}]",Champion,Winner
0QA218192232#68087392_4L84240Q179860Q2-1,2,218192232,HOU Astros,+1500,16,16.00,15/1,None Specified,HOU Astros,Team,None Specified,160092,None Specified,"[{'id': '29882', 'name': 'HOU Astros', 'type': 'Team'}]",Champion,Winner
0QA218192232#68087400_4L84240Q166391Q2-1,2,218192232,BAL Orioles,+1600,17,17.00,16/1,None Specified,BAL Orioles,Team,None Specified,170000,None Specified,"[{'id': '29829', 'name': 'BAL Orioles', 'type': 'Team'}]",Champion,Winner
0QA218192232#68087399_4L84240Q166387Q2-1,2,218192232,BOS Red Sox,+2000,21,21.00,20/1,None Specified,BOS Red Sox,Team,None Specified,210099,None Specified,"[{'id': '29976', 'name': 'BOS Red Sox', 'type': 'Team'}]",Champion,Winner
0QA218192232#68087403_4L84240Q179866Q2-1,2,218192232,ARI Diamondbacks,+2500,26,26.00,25/1,None Specified,ARI Diamondbacks,Team,None Specified,260003,None Specified,"[{'id': '29934', 'name': 'ARI Diamondbacks', 'type': 'Team'}]",Champion,Winner
0QA218192232#68087376_4L84240Q183166Q2-1,2,218192232,TEX Rangers,+2500,26,26.00,25/1,None Specified,TEX Rangers,Team,None Specified,260076,None Specified,"[{'id': '29891', 'name': 'TEX Rangers', 'type': 'Team'}]",Champion,Winner
0QA218192232#68087386_4L84240Q179862Q2-1,2,218192232,MIN Twins,+2500,26,26.00,25/1,None Specified,MIN Twins,Team,None Specified,260086,None Specified,"[{'id': '29909', 'name': 'MIN Twins', 'type': 'Team'}]",Champion,Winner
0QA218192232#68087380_4L84240Q179872Q2-1,2,218192232,SEA Mariners,+2800,29,29.00,28/1,None Specified,SEA Mariners,Team,None Specified,290080,None Specified,"[{'id': '29815', 'name': 'SEA Mariners', 'type': 'Team'}]",Champion,Winner
0QA218192232#68087381_4L84240Q179868Q2-1,2,218192232,SD Padres,+2800,29,29.00,28/1,None Specified,SD Padres,Team,None Specified,290081,None Specified,"[{'id': '29942', 'name': 'SD Padres', 'type': 'Team'}]",Champion,Winner
0QA218192232#68087391_4L84240Q179863Q2-1,2,218192232,KC Royals,+3000,31,31.00,30/1,None Specified,KC Royals,Team,None Specified,310091,None Specified,"[{'id': '29965', 'name': 'KC Royals', 'type': 'Team'}]",Champion,Winner
0QA218192232#68087398_4L84240Q179859Q2-1,2,218192232,CHI Cubs,+3000,31,31.00,30/1,None Specified,CHI Cubs,Team,None Specified,310098,None Specified,"[{'id': '29894', 'name': 'CHI Cubs', 'type': 'Team'}]",Champion,Winner
0QA218192232#68087393_4L84240Q176531Q2-1,2,218192232,DET Tigers,+3500,36,36.00,35/1,None Specified,DET Tigers,Team,None Specified,360093,None Specified,"[{'id': '29871', 'name': 'DET Tigers', 'type': 'Team'}]",Champion,Winner
0QA218192232#68087395_4L84240Q179870Q2-1,2,218192232,CLE Guardians,+4000,41,41.00,40/1,None Specified,CLE Guardians,Team,None Specified,410095,None Specified,"[{'id': '29913', 'name': 'CLE Guardians', 'type': 'Team'}]",Champion,Winner
0QA218192232#68087377_4L84240Q177210Q2-1,2,218192232,TB Rays,+5000,51,51.00,50/1,None Specified,TB Rays,Team,None Specified,510077,None Specified,"[{'id': '29880', 'name': 'TB Rays', 'type': 'Team'}]",Champion,Winner
0QA218192232#68087387_4L84240Q179861Q2-1,2,218192232,MIL Brewers,+5000,51,51.00,50/1,None Specified,MIL Brewers,Team,None Specified,510087,None Specified,"[{'id': '29847', 'name': 'MIL Brewers', 'type': 'Team'}]",Champion,Winner
0QA218192232#68087375_4L84240Q166390Q2-1,2,218192232,TOR Blue Jays,+6000,61,61.00,60/1,None Specified,TOR Blue Jays,Team,None Specified,610075,None Specified,"[{'id': '29868', 'name': 'TOR Blue Jays', 'type': 'Team'}]",Champion,Winner
0QA218192232#68087379_4L84240Q179867Q2-1,2,218192232,SF Giants,+8000,81,81.00,80/1,None Specified,SF Giants,Team,None Specified,810079,None Specified,"[{'id': '29945', 'name': 'SF Giants', 'type': 'Team'}]",Champion,Winner
0QA218192232#68087396_4L84240Q179865Q2-1,2,218192232,CIN Reds,+9000,91,91.00,90/1,None Specified,CIN Reds,Team,None Specified,910096,None Specified,"[{'id': '29919', 'name': 'CIN Reds', 'type': 'Team'}]",Champion,Winner
0QA218192232#68087378_4L84240Q166389Q2-1,2,218192232,STL Cardinals,+12000,121,121.00,120/1,None Specified,STL Cardinals,Team,None Specified,1210078,None Specified,"[{'id': '29851', 'name': 'STL Cardinals', 'type': 'Team'}]",Champion,Winner
0QA218192232#68087382_4L84240Q166388Q2-1,2,218192232,PIT Pirates,+12000,121,121.00,120/1,None Specified,PIT Pirates,Team,None Specified,1210082,None Specified,"[{'id': '29924', 'name': 'PIT Pirates', 'type': 'Team'}]",Champion,Winner
0QA218192232#68087390_4L84240Q179869Q2-1,2,218192232,LA Angels,+20000,201,201.00,200/1,None Specified,LA Angels,Team,None Specified,2010090,None Specified,"[{'id': '29901', 'name': 'LA Angels', 'type': 'Team'}]",Champion,Winner
0QA218192232#68087402_4L84240Q179871Q2-1,2,218192232,Athletics,+25000,251,251.00,250/1,None Specified,Athletics,Team,None Specified,2510002,None Specified,"[{'id': '29811', 'name': 'Athletics', 'type': 'Team'}]",Champion,Winner
0QA218192232#68087374_4L84240Q179873Q2-1,2,218192232,WAS Nationals,+30000,301,301.00,300/1,None Specified,WAS Nationals,Team,None Specified,3010074,None Specified,"[{'id': '29836', 'name': 'WAS Nationals', 'type': 'Team'}]",Champion,Winner
0QA218192232#68087388_4L84240Q198290Q2-1,2,218192232,MIA Marlins,+50000,501,501.00,500/1,None Specified,MIA Marlins,Team,None Specified,5010088,None Specified,"[{'id': '29953', 'name': 'MIA Marlins', 'type': 'Team'}]",Champion,Winner
0QA218192232#68087394_4L84240Q179864Q2-1,2,218192232,COL Rockies,+50000,501,501.00,500/1,None Specified,COL Rockies,Team,None Specified,5010094,None Specified,"[{'id': '29957', 'name': 'COL Rockies', 'type': 'Team'}]",Champion,Winner
0QA218192232#68087397_4L84240Q179878Q2-1,2,218192232,CHI White Sox,+50000,501,501.00,500/1,None Specified,CHI White Sox,Team,None Specified,5010097,None Specified,"[{'id': '29970', 'name': 'CHI White Sox', 'type': 'Team'}]",Champion,Winner
0QA219762407#76545922_13L84240Q166386Q2-1,2,219762407,NY Yankees,+330,4.3,4.30,33/10,None Specified,NY Yankees,Team,None Specified,43022,None Specified,"[{'id': '29825', 'name': 'NY Yankees', 'type': 'Team'}]",Leagues,League Winner
0QA219762407#76545926_13L84240Q179860Q2-1,2,219762407,HOU Astros,+650,7.5,7.50,13/2,None Specified,HOU Astros,Team,None Specified,75026,None Specified,"[{'id': '29882', 'name': 'HOU Astros', 'type': 'Team'}]",Leagues,League Winner
0QA219762407#76545931_13L84240Q166391Q2-1,2,219762407,BAL Orioles,+650,7.5,7.50,13/2,None Specified,BAL Orioles,Team,None Specified,75031,None Specified,"[{'id': '29829', 'name': 'BAL Orioles', 'type': 'Team'}]",Leagues,League Winner
0QA219762407#76545919_13L84240Q183166Q2-1,2,219762407,TEX Rangers,+900,10,10.00,9/1,None Specified,TEX Rangers,Team,None Specified,100019,None Specified,"[{'id': '29891', 'name': 'TEX Rangers', 'type': 'Team'}]",Leagues,League Winner
0QA219762407#76545930_13L84240Q166387Q2-1,2,219762407,BOS Red Sox,+900,10,10.00,9/1,None Specified,BOS Red Sox,Team,None Specified,100030,None Specified,"[{'id': '29976', 'name': 'BOS Red Sox', 'type': 'Team'}]",Leagues,League Winner
0QA219762407#76545923_13L84240Q179862Q2-1,2,219762407,MIN Twins,+1000,11,11.00,10/1,None Specified,MIN Twins,Team,None Specified,110023,None Specified,"[{'id': '29909', 'name': 'MIN Twins', 'type': 'Team'}]",Leagues,League Winner
0QA219762407#76545921_13L84240Q179872Q2-1,2,219762407,SEA Mariners,+1100,12,12.00,11/1,None Specified,SEA Mariners,Team,None Specified,120021,None Specified,"[{'id': '29815', 'name': 'SEA Mariners', 'type': 'Team'}]",Leagues,League Winner
0QA219762407#76545925_13L84240Q179863Q2-1,2,219762407,KC Royals,+1300,14,14.00,13/1,None Specified,KC Royals,Team,None Specified,140025,None Specified,"[{'id': '29965', 'name': 'KC Royals', 'type': 'Team'}]",Leagues,League Winner
0QA219762407#76545927_13L84240Q176531Q2-1,2,219762407,DET Tigers,+1300,14,14.00,13/1,None Specified,DET Tigers,Team,None Specified,140027,None Specified,"[{'id': '29871', 'name': 'DET Tigers', 'type': 'Team'}]",Leagues,League Winner
0QA219762407#76545928_13L84240Q179870Q2-1,2,219762407,CLE Guardians,+1400,15,15.00,14/1,None Specified,CLE Guardians,Team,None Specified,150028,None Specified,"[{'id': '29913', 'name': 'CLE Guardians', 'type': 'Team'}]",Leagues,League Winner
0QA219762407#76545920_13L84240Q177210Q2-1,2,219762407,TB Rays,+1700,18,18.00,17/1,None Specified,TB Rays,Team,None Specified,180020,None Specified,"[{'id': '29880', 'name': 'TB Rays', 'type': 'Team'}]",Leagues,League Winner
0QA219762407#76545918_13L84240Q166390Q2-1,2,219762407,TOR Blue Jays,+3000,31,31.00,30/1,None Specified,TOR Blue Jays,Team,None Specified,310018,None Specified,"[{'id': '29868', 'name': 'TOR Blue Jays', 'type': 'Team'}]",Leagues,League Winner
0QA219762407#76545932_13L84240Q179871Q2-1,2,219762407,Athletics,+10000,101,101.00,100/1,None Specified,Athletics,Team,None Specified,1010032,None Specified,"[{'id': '29811', 'name': 'Athletics', 'type': 'Team'}]",Leagues,League Winner
0QA219762407#76545924_13L84240Q179869Q2-1,2,219762407,LA Angels,+12000,121,121.00,120/1,None Specified,LA Angels,Team,None Specified,1210024,None Specified,"[{'id': '29901', 'name': 'LA Angels', 'type': 'Team'}]",Leagues,League Winner
0QA219762407#76545929_13L84240Q179878Q2-1,2,219762407,CHI White Sox,+20000,201,201.00,200/1,None Specified,CHI White Sox,Team,None Specified,2010029,None Specified,"[{'id': '29970', 'name': 'CHI White Sox', 'type': 'Team'}]",Leagues,League Winner
0QA219762906#76546415_13L84240Q171196Q2-1,2,219762906,LA Dodgers,+170,2.7,2.70,17/10,None Specified,LA Dodgers,Team,None Specified,27015,None Specified,"[{'id': '29931', 'name': 'LA Dodgers', 'type': 'Team'}]",Leagues,League Winner
0QA219762906#76546419_13L84240Q179875Q2-1,2,219762906,ATL Braves,+425,5.25,5.25,17/4,None Specified,ATL Braves,Team,None Specified,52519,None Specified,"[{'id': '29861', 'name': 'ATL Braves', 'type': 'Team'}]",Leagues,League Winner
0QA219762906#76546411_13L84240Q179876Q2-1,2,219762906,PHI Phillies,+650,7.5,7.50,13/2,None Specified,PHI Phillies,Team,None Specified,75011,None Specified,"[{'id': '29857', 'name': 'PHI Phillies', 'type': 'Team'}]",Leagues,League Winner
0QA219762906#76546412_13L84240Q179874Q2-1,2,219762906,NY Mets,+700,8,8.00,7/1,None Specified,NY Mets,Team,None Specified,80012,None Specified,"[{'id': '29840', 'name': 'NY Mets', 'type': 'Team'}]",Leagues,League Winner
0QA219762906#76546409_13L84240Q179868Q2-1,2,219762906,SD Padres,+1300,14,14.00,13/1,None Specified,SD Padres,Team,None Specified,140009,None Specified,"[{'id': '29942', 'name': 'SD Padres', 'type': 'Team'}]",Leagues,League Winner
0QA219762906#76546420_13L84240Q179866Q2-1,2,219762906,ARI Diamondbacks,+1300,14,14.00,13/1,None Specified,ARI Diamondbacks,Team,None Specified,140020,None Specified,"[{'id': '29934', 'name': 'ARI Diamondbacks', 'type': 'Team'}]",Leagues,League Winner
0QA219762906#76546418_13L84240Q179859Q2-1,2,219762906,CHI Cubs,+1500,16,16.00,15/1,None Specified,CHI Cubs,Team,None Specified,160018,None Specified,"[{'id': '29894', 'name': 'CHI Cubs', 'type': 'Team'}]",Leagues,League Winner
0QA219762906#76546413_13L84240Q179861Q2-1,2,219762906,MIL Brewers,+2200,23,23.00,22/1,None Specified,MIL Brewers,Team,None Specified,230013,None Specified,"[{'id': '29847', 'name': 'MIL Brewers', 'type': 'Team'}]",Leagues,League Winner
0QA219762906#76546408_13L84240Q179867Q2-1,2,219762906,SF Giants,+3500,36,36.00,35/1,None Specified,SF Giants,Team,None Specified,360008,None Specified,"[{'id': '29945', 'name': 'SF Giants', 'type': 'Team'}]",Leagues,League Winner
0QA219762906#76546417_13L84240Q179865Q2-1,2,219762906,CIN Reds,+5000,51,51.00,50/1,None Specified,CIN Reds,Team,None Specified,510017,None Specified,"[{'id': '29919', 'name': 'CIN Reds', 'type': 'Team'}]",Leagues,League Winner
0QA219762906#76546407_13L84240Q166389Q2-1,2,219762906,STL Cardinals,+5500,56,56.00,55/1,None Specified,STL Cardinals,Team,None Specified,560007,None Specified,"[{'id': '29851', 'name': 'STL Cardinals', 'type': 'Team'}]",Leagues,League Winner
0QA219762906#76546410_13L84240Q166388Q2-1,2,219762906,PIT Pirates,+6000,61,61.00,60/1,None Specified,PIT Pirates,Team,None Specified,610010,None Specified,"[{'id': '29924', 'name': 'PIT Pirates', 'type': 'Team'}]",Leagues,League Winner
0QA219762906#76546406_13L84240Q179873Q2-1,2,219762906,WAS Nationals,+10000,101,101.00,100/1,None Specified,WAS Nationals,Team,None Specified,1010006,None Specified,"[{'id': '29836', 'name': 'WAS Nationals', 'type': 'Team'}]",Leagues,League Winner
0QA219762906#76546414_13L84240Q198290Q2-1,2,219762906,MIA Marlins,+25000,251,251.00,250/1,None Specified,MIA Marlins,Team,None Specified,2510014,None Specified,"[{'id': '29953', 'name': 'MIA Marlins', 'type': 'Team'}]",Leagues,League Winner
0QA219762906#76546416_13L84240Q179864Q2-1,2,219762906,COL Rockies,+25000,251,251.00,250/1,None Specified,COL Rockies,Team,None Specified,2510016,None Specified,"[{'id': '29957', 'name': 'COL Rockies', 'type': 'Team'}]",Leagues,League Winner
0QA225669480#110701808_13L84240Q166386Q2-1,2,225669480,NY Yankees,+135,2.35,2.35,27/20,None Specified,NY Yankees,Team,None Specified,23508,None Specified,"[{'id': '29825', 'name': 'NY Yankees', 'type': 'Team'}]",Divisions,Division Winner
0QA225669480#110701810_13L84240Q166391Q2-1,2,225669480,BAL Orioles,+270,3.7,3.70,27/10,None Specified,BAL Orioles,Team,None Specified,37010,None Specified,"[{'id': '29829', 'name': 'BAL Orioles', 'type': 'Team'}]",Divisions,Division Winner
0QA225669480#110701809_13L84240Q166387Q2-1,2,225669480,BOS Red Sox,+350,4.5,4.50,7/2,None Specified,BOS Red Sox,Team,None Specified,45009,None Specified,"[{'id': '29976', 'name': 'BOS Red Sox', 'type': 'Team'}]",Divisions,Division Winner
0QA225669480#110701807_13L84240Q177210Q2-1,2,225669480,TB Rays,+750,8.5,8.50,15/2,None Specified,TB Rays,Team,None Specified,85007,None Specified,"[{'id': '29880', 'name': 'TB Rays', 'type': 'Team'}]",Divisions,Division Winner
0QA225669480#110701806_13L84240Q166390Q2-1,2,225669480,TOR Blue Jays,+1300,14,14.00,13/1,None Specified,TOR Blue Jays,Team,None Specified,140006,None Specified,"[{'id': '29868', 'name': 'TOR Blue Jays', 'type': 'Team'}]",Divisions,Division Winner
0QA225669487#110701827_13L84240Q179862Q2-1,2,225669487,MIN Twins,+210,3.1,3.10,21/10,None Specified,MIN Twins,Team,None Specified,31027,None Specified,"[{'id': '29909', 'name': 'MIN Twins', 'type': 'Team'}]",Divisions,Division Winner
0QA225669487#110701828_13L84240Q179863Q2-1,2,225669487,KC Royals,+270,3.7,3.70,27/10,None Specified,KC Royals,Team,None Specified,37028,None Specified,"[{'id': '29965', 'name': 'KC Royals', 'type': 'Team'}]",Divisions,Division Winner
0QA225669487#110701831_13L84240Q176531Q2-1,2,225669487,DET Tigers,+270,3.7,3.70,27/10,None Specified,DET Tigers,Team,None Specified,37031,None Specified,"[{'id': '29871', 'name': 'DET Tigers', 'type': 'Team'}]",Divisions,Division Winner
0QA225669487#110701834_13L84240Q179870Q2-1,2,225669487,CLE Guardians,+300,4,4.00,3/1,None Specified,CLE Guardians,Team,None Specified,40034,None Specified,"[{'id': '29913', 'name': 'CLE Guardians', 'type': 'Team'}]",Divisions,Division Winner
0QA225669487#110701835_13L84240Q179878Q2-1,2,225669487,CHI White Sox,+25000,251,251.00,250/1,None Specified,CHI White Sox,Team,None Specified,2510035,None Specified,"[{'id': '29970', 'name': 'CHI White Sox', 'type': 'Team'}]",Divisions,Division Winner
0QA225669493#110701845_13L84240Q179860Q2-1,2,225669493,HOU Astros,+125,2.25,2.25,5/4,None Specified,HOU Astros,Team,None Specified,22545,None Specified,"[{'id': '29882', 'name': 'HOU Astros', 'type': 'Team'}]",Divisions,Division Winner
0QA225669493#110701842_13L84240Q183166Q2-1,2,225669493,TEX Rangers,+225,3.25,3.25,9/4,None Specified,TEX Rangers,Team,None Specified,32542,None Specified,"[{'id': '29891', 'name': 'TEX Rangers', 'type': 'Team'}]",Divisions,Division Winner
0QA225669493#110701843_13L84240Q179872Q2-1,2,225669493,SEA Mariners,+250,3.5,3.50,5/2,None Specified,SEA Mariners,Team,None Specified,35043,None Specified,"[{'id': '29815', 'name': 'SEA Mariners', 'type': 'Team'}]",Divisions,Division Winner
0QA225669493#110701844_13L84240Q179869Q2-1,2,225669493,LA Angels,+3000,31,31.00,30/1,None Specified,LA Angels,Team,None Specified,310044,None Specified,"[{'id': '29901', 'name': 'LA Angels', 'type': 'Team'}]",Divisions,Division Winner
0QA225669493#110701846_13L84240Q179871Q2-1,2,225669493,Athletics,+3000,31,31.00,30/1,None Specified,Athletics,Team,None Specified,310046,None Specified,"[{'id': '29811', 'name': 'Athletics', 'type': 'Team'}]",Divisions,Division Winner
0QA225669502#110701851_13L84240Q179875Q2-1,2,225669502,ATL Braves,+110,2.1,2.10,11/10,None Specified,ATL Braves,Team,None Specified,21051,None Specified,"[{'id': '29861', 'name': 'ATL Braves', 'type': 'Team'}]",Divisions,Division Winner
0QA225669502#110701848_13L84240Q179876Q2-1,2,225669502,PHI Phillies,+215,3.15,3.15,43/20,None Specified,PHI Phillies,Team,None Specified,31548,None Specified,"[{'id': '29857', 'name': 'PHI Phillies', 'type': 'Team'}]",Divisions,Division Winner
0QA225669502#110701849_13L84240Q179874Q2-1,2,225669502,NY Mets,+240,3.4,3.40,12/5,None Specified,NY Mets,Team,None Specified,34049,None Specified,"[{'id': '29840', 'name': 'NY Mets', 'type': 'Team'}]",Divisions,Division Winner
0QA225669502#110701847_13L84240Q179873Q2-1,2,225669502,WAS Nationals,+6500,66,66.00,65/1,None Specified,WAS Nationals,Team,None Specified,660047,None Specified,"[{'id': '29836', 'name': 'WAS Nationals', 'type': 'Team'}]",Divisions,Division Winner
0QA225669502#110701850_13L84240Q198290Q2-1,2,225669502,MIA Marlins,+25000,251,251.00,250/1,None Specified,MIA Marlins,Team,None Specified,2510050,None Specified,"[{'id': '29953', 'name': 'MIA Marlins', 'type': 'Team'}]",Divisions,Division Winner
0QA225669506#110701856_13L84240Q179859Q2-1,2,225669506,CHI Cubs,+125,2.25,2.25,5/4,None Specified,CHI Cubs,Team,None Specified,22556,None Specified,"[{'id': '29894', 'name': 'CHI Cubs', 'type': 'Team'}]",Divisions,Division Winner
0QA225669506#110701854_13L84240Q179861Q2-1,2,225669506,MIL Brewers,+260,3.6,3.60,13/5,None Specified,MIL Brewers,Team,None Specified,36054,None Specified,"[{'id': '29847', 'name': 'MIL Brewers', 'type': 'Team'}]",Divisions,Division Winner
0QA225669506#110701852_13L84240Q166389Q2-1,2,225669506,STL Cardinals,+600,7,7.00,6/1,None Specified,STL Cardinals,Team,None Specified,70052,None Specified,"[{'id': '29851', 'name': 'STL Cardinals', 'type': 'Team'}]",Divisions,Division Winner
0QA225669506#110701855_13L84240Q179865Q2-1,2,225669506,CIN Reds,+650,7.5,7.50,13/2,None Specified,CIN Reds,Team,None Specified,75055,None Specified,"[{'id': '29919', 'name': 'CIN Reds', 'type': 'Team'}]",Divisions,Division Winner
0QA225669506#110701853_13L84240Q166388Q2-1,2,225669506,PIT Pirates,+700,8,8.00,7/1,None Specified,PIT Pirates,Team,None Specified,80053,None Specified,"[{'id': '29924', 'name': 'PIT Pirates', 'type': 'Team'}]",Divisions,Division Winner
0QA225669551#110701859_13L84240Q171196Q2-1,2,225669551,LA Dodgers,-450,1.22222223,1.22,2/9,None Specified,LA Dodgers,Team,None Specified,12259,None Specified,"[{'id': '29931', 'name': 'LA Dodgers', 'type': 'Team'}]",Divisions,Division Winner
0QA225669551#110701861_13L84240Q179866Q2-1,2,225669551,ARI Diamondbacks,+550,6.5,6.50,11/2,None Specified,ARI Diamondbacks,Team,None Specified,65061,None Specified,"[{'id': '29934', 'name': 'ARI Diamondbacks', 'type': 'Team'}]",Divisions,Division Winner
0QA225669551#110701858_13L84240Q179868Q2-1,2,225669551,SD Padres,+1000,11,11.00,10/1,None Specified,SD Padres,Team,None Specified,110058,None Specified,"[{'id': '29942', 'name': 'SD Padres', 'type': 'Team'}]",Divisions,Division Winner
0QA225669551#110701857_13L84240Q179867Q2-1,2,225669551,SF Giants,+1800,19,19.00,18/1,None Specified,SF Giants,Team,None Specified,190057,None Specified,"[{'id': '29945', 'name': 'SF Giants', 'type': 'Team'}]",Divisions,Division Winner
0QA225669551#110701860_13L84240Q179864Q2-1,2,225669551,COL Rockies,+25000,251,251.00,250/1,None Specified,COL Rockies,Team,None Specified,2510060,None Specified,"[{'id': '29957', 'name': 'COL Rockies', 'type': 'Team'}]",Divisions,Division Winner
0QA232593717#151201231_13L84240Q166386Q2-1,2,232593717,NY Yankees,-390,1.25641026,1.25,10/39,None Specified,NY Yankees,Team,None Specified,12531,None Specified,"[{'id': '29825', 'name': 'NY Yankees', 'type': 'Team'}]",Playoffs/Seeds,To Make the Playoffs
0QA232593717#151201235_13L84240Q179860Q2-1,2,232593717,HOU Astros,-185,1.54054055,1.54,20/37,None Specified,HOU Astros,Team,None Specified,15435,None Specified,"[{'id': '29882', 'name': 'HOU Astros', 'type': 'Team'}]",Playoffs/Seeds,To Make the Playoffs
0QA232593717#151201240_13L84240Q166391Q2-1,2,232593717,BAL Orioles,-175,1.57142858,1.57,4/7,None Specified,BAL Orioles,Team,None Specified,15740,None Specified,"[{'id': '29829', 'name': 'BAL Orioles', 'type': 'Team'}]",Playoffs/Seeds,To Make the Playoffs
0QA232593717#151201228_13L84240Q183166Q2-1,2,232593717,TEX Rangers,-125,1.8,1.80,4/5,None Specified,TEX Rangers,Team,None Specified,18028,None Specified,"[{'id': '29891', 'name': 'TEX Rangers', 'type': 'Team'}]",Playoffs/Seeds,To Make the Playoffs
0QA232593717#151201230_13L84240Q179872Q2-1,2,232593717,SEA Mariners,-110,1.90909091,1.90,10/11,None Specified,SEA Mariners,Team,None Specified,19030,None Specified,"[{'id': '29815', 'name': 'SEA Mariners', 'type': 'Team'}]",Playoffs/Seeds,To Make the Playoffs
0QA232593717#151201239_13L84240Q166387Q2-1,2,232593717,BOS Red Sox,-105,1.95238096,1.95,20/21,None Specified,BOS Red Sox,Team,None Specified,19539,None Specified,"[{'id': '29976', 'name': 'BOS Red Sox', 'type': 'Team'}]",Playoffs/Seeds,To Make the Playoffs
0QA232593717#151201232_13L84240Q179862Q2-1,2,232593717,MIN Twins,+100,2,2.00,1/1,None Specified,MIN Twins,Team,None Specified,20032,None Specified,"[{'id': '29909', 'name': 'MIN Twins', 'type': 'Team'}]",Playoffs/Seeds,To Make the Playoffs
0QA232593717#151201234_13L84240Q179863Q2-1,2,232593717,KC Royals,+110,2.1,2.10,11/10,None Specified,KC Royals,Team,None Specified,21034,None Specified,"[{'id': '29965', 'name': 'KC Royals', 'type': 'Team'}]",Playoffs/Seeds,To Make the Playoffs
0QA232593717#151201236_13L84240Q176531Q2-1,2,232593717,DET Tigers,+110,2.1,2.10,11/10,None Specified,DET Tigers,Team,None Specified,21036,None Specified,"[{'id': '29871', 'name': 'DET Tigers', 'type': 'Team'}]",Playoffs/Seeds,To Make the Playoffs
0QA232593717#151201237_13L84240Q179870Q2-1,2,232593717,CLE Guardians,+120,2.2,2.20,6/5,None Specified,CLE Guardians,Team,None Specified,22037,None Specified,"[{'id': '29913', 'name': 'CLE Guardians', 'type': 'Team'}]",Playoffs/Seeds,To Make the Playoffs
0QA232593717#151201229_13L84240Q177210Q2-1,2,232593717,TB Rays,+180,2.8,2.80,9/5,None Specified,TB Rays,Team,None Specified,28029,None Specified,"[{'id': '29880', 'name': 'TB Rays', 'type': 'Team'}]",Playoffs/Seeds,To Make the Playoffs
0QA232593717#151201227_13L84240Q166390Q2-1,2,232593717,TOR Blue Jays,+285,3.85,3.85,57/20,None Specified,TOR Blue Jays,Team,None Specified,38527,None Specified,"[{'id': '29868', 'name': 'TOR Blue Jays', 'type': 'Team'}]",Playoffs/Seeds,To Make the Playoffs
0QA232593717#151201241_13L84240Q179871Q2-1,2,232593717,Athletics,+850,9.5,9.50,17/2,None Specified,Athletics,Team,None Specified,95041,None Specified,"[{'id': '29811', 'name': 'Athletics', 'type': 'Team'}]",Playoffs/Seeds,To Make the Playoffs
0QA232593717#151201233_13L84240Q179869Q2-1,2,232593717,LA Angels,+900,10,10.00,9/1,None Specified,LA Angels,Team,None Specified,100033,None Specified,"[{'id': '29901', 'name': 'LA Angels', 'type': 'Team'}]",Playoffs/Seeds,To Make the Playoffs
0QA232593717#151201238_13L84240Q179878Q2-1,2,232593717,CHI White Sox,+4000,41,41.00,40/1,None Specified,CHI White Sox,Team,None Specified,410038,None Specified,"[{'id': '29970', 'name': 'CHI White Sox', 'type': 'Team'}]",Playoffs/Seeds,To Make the Playoffs
0QA232594268#151200882_13L84240Q171196Q2-1,2,232594268,LA Dodgers,-2500,1.04,1.04,1/25,None Specified,LA Dodgers,Team,None Specified,10482,None Specified,"[{'id': '29931', 'name': 'LA Dodgers', 'type': 'Team'}]",Playoffs/Seeds,To Make the Playoffs
0QA232594268#151200886_13L84240Q179875Q2-1,2,232594268,ATL Braves,-400,1.25,1.25,1/4,None Specified,ATL Braves,Team,None Specified,12586,None Specified,"[{'id': '29861', 'name': 'ATL Braves', 'type': 'Team'}]",Playoffs/Seeds,To Make the Playoffs
0QA232594268#151200878_13L84240Q179876Q2-1,2,232594268,PHI Phillies,-265,1.3773585,1.37,20/53,None Specified,PHI Phillies,Team,None Specified,13778,None Specified,"[{'id': '29857', 'name': 'PHI Phillies', 'type': 'Team'}]",Playoffs/Seeds,To Make the Playoffs
0QA232594268#151200879_13L84240Q179874Q2-1,2,232594268,NY Mets,-250,1.4,1.40,2/5,None Specified,NY Mets,Team,None Specified,14079,None Specified,"[{'id': '29840', 'name': 'NY Mets', 'type': 'Team'}]",Playoffs/Seeds,To Make the Playoffs
0QA232594268#151200885_13L84240Q179859Q2-1,2,232594268,CHI Cubs,-140,1.71428572,1.71,5/7,None Specified,CHI Cubs,Team,None Specified,17185,None Specified,"[{'id': '29894', 'name': 'CHI Cubs', 'type': 'Team'}]",Playoffs/Seeds,To Make the Playoffs
0QA232594268#151200887_13L84240Q179866Q2-1,2,232594268,ARI Diamondbacks,-125,1.8,1.80,4/5,None Specified,ARI Diamondbacks,Team,None Specified,18087,None Specified,"[{'id': '29934', 'name': 'ARI Diamondbacks', 'type': 'Team'}]",Playoffs/Seeds,To Make the Playoffs
0QA232594268#151200876_13L84240Q179868Q2-1,2,232594268,SD Padres,+110,2.1,2.10,11/10,None Specified,SD Padres,Team,None Specified,21076,None Specified,"[{'id': '29942', 'name': 'SD Padres', 'type': 'Team'}]",Playoffs/Seeds,To Make the Playoffs
0QA232594268#151200880_13L84240Q179861Q2-1,2,232594268,MIL Brewers,+125,2.25,2.25,5/4,None Specified,MIL Brewers,Team,None Specified,22580,None Specified,"[{'id': '29847', 'name': 'MIL Brewers', 'type': 'Team'}]",Playoffs/Seeds,To Make the Playoffs
0QA232594268#151200875_13L84240Q179867Q2-1,2,232594268,SF Giants,+205,3.05,3.05,41/20,None Specified,SF Giants,Team,None Specified,30575,None Specified,"[{'id': '29945', 'name': 'SF Giants', 'type': 'Team'}]",Playoffs/Seeds,To Make the Playoffs
0QA232594268#151200884_13L84240Q179865Q2-1,2,232594268,CIN Reds,+300,4,4.00,3/1,None Specified,CIN Reds,Team,None Specified,40084,None Specified,"[{'id': '29919', 'name': 'CIN Reds', 'type': 'Team'}]",Playoffs/Seeds,To Make the Playoffs
0QA232594268#151200874_13L84240Q166389Q2-1,2,232594268,STL Cardinals,+360,4.6,4.60,18/5,None Specified,STL Cardinals,Team,None Specified,46074,None Specified,"[{'id': '29851', 'name': 'STL Cardinals', 'type': 'Team'}]",Playoffs/Seeds,To Make the Playoffs
0QA232594268#151200877_13L84240Q166388Q2-1,2,232594268,PIT Pirates,+360,4.6,4.60,18/5,None Specified,PIT Pirates,Team,None Specified,46077,None Specified,"[{'id': '29924', 'name': 'PIT Pirates', 'type': 'Team'}]",Playoffs/Seeds,To Make the Playoffs
0QA232594268#151200873_13L84240Q179873Q2-1,2,232594268,WAS Nationals,+850,9.5,9.50,17/2,None Specified,WAS Nationals,Team,None Specified,95073,None Specified,"[{'id': '29836', 'name': 'WAS Nationals', 'type': 'Team'}]",Playoffs/Seeds,To Make the Playoffs
0QA232594268#151200881_13L84240Q198290Q2-1,2,232594268,MIA Marlins,+2000,21,21.00,20/1,None Specified,MIA Marlins,Team,None Specified,210081,None Specified,"[{'id': '29953', 'name': 'MIA Marlins', 'type': 'Team'}]",Playoffs/Seeds,To Make the Playoffs
0QA232594268#151200883_13L84240Q179864Q2-1,2,232594268,COL Rockies,+3000,31,31.00,30/1,None Specified,COL Rockies,Team,None Specified,310083,None Specified,"[{'id': '29957', 'name': 'COL Rockies', 'type': 'Team'}]",Playoffs/Seeds,To Make the Playoffs
0QA226430564#138349564_13L84240Q11123860Q2-1,2,226430564,Over 103.5,-120,1.83333334,1.83,5/6,None Specified,Over 103.5,Unknown,None Specified,1000,None Specified,"[{'name': 'Over 103.5', 'type': 'Team'}]",Team Wins,LA Dodgers Regular Season Wins
0QA226430564#138349563_13L84240Q11123861Q2-1,2,226430564,Under 103.5,+100,2,2.00,1/1,None Specified,Under 103.5,Unknown,None Specified,1002,None Specified,"[{'name': 'Under 103.5', 'type': 'Team'}]",Team Wins,LA Dodgers Regular Season Wins
0QA226430462#134573636_13L84240Q1789295Q2-1,2,226430462,Over 85.5,-115,1.86956522,1.86,20/23,None Specified,Over 85.5,Unknown,None Specified,1000,None Specified,"[{'name': 'Over 85.5', 'type': 'Team'}]",Team Wins,CHI Cubs Regular Season Wins
0QA226430462#134573635_13L84240Q1790160Q2-1,2,226430462,Under 85.5,-105,1.95238096,1.95,20/21,None Specified,Under 85.5,Unknown,None Specified,1002,None Specified,"[{'name': 'Under 85.5', 'type': 'Team'}]",Team Wins,CHI Cubs Regular Season Wins
0QA226430397#151074860_13L84240Q1789296Q2-1,2,226430397,Over 86.5,-120,1.83333334,1.83,5/6,None Specified,Over 86.5,Unknown,None Specified,1000,None Specified,"[{'name': 'Over 86.5', 'type': 'Team'}]",Team Wins,ARI Diamondbacks Regular Season Wins
0QA226430397#151074859_13L84240Q1790162Q2-1,2,226430397,Under 86.5,+100,2,2.00,1/1,None Specified,Under 86.5,Unknown,None Specified,1002,None Specified,"[{'name': 'Under 86.5', 'type': 'Team'}]",Team Wins,ARI Diamondbacks Regular Season Wins
0QA226430417#151076528_13L84240Q11163279Q2-1,2,226430417,Over 93.5,-120,1.83333334,1.83,5/6,None Specified,Over 93.5,Unknown,None Specified,1000,None Specified,"[{'name': 'Over 93.5', 'type': 'Team'}]",Team Wins,ATL Braves Regular Season Wins
0QA226430417#151076527_13L84240Q11163280Q2-1,2,226430417,Under 93.5,+100,2,2.00,1/1,None Specified,Under 93.5,Unknown,None Specified,1002,None Specified,"[{'name': 'Under 93.5', 'type': 'Team'}]",Team Wins,ATL Braves Regular Season Wins
0QA226430412#134574681_13L84240Q11108380Q2-1,2,226430412,Over 71.5,-110,1.90909091,1.90,10/11,None Specified,Over 71.5,Unknown,None Specified,1000,None Specified,"[{'name': 'Over 71.5', 'type': 'Team'}]",Team Wins,Athletics Regular Season Wins
0QA226430412#134574680_13L84240Q11108381Q2-1,2,226430412,Under 71.5,-110,1.90909091,1.90,10/11,None Specified,Under 71.5,Unknown,None Specified,1002,None Specified,"[{'name': 'Under 71.5', 'type': 'Team'}]",Team Wins,Athletics Regular Season Wins
0QA226430421#151077505_13L84240Q1789298Q2-1,2,226430421,Over 87.5,-120,1.83333334,1.83,5/6,None Specified,Over 87.5,Unknown,None Specified,1000,None Specified,"[{'name': 'Over 87.5', 'type': 'Team'}]",Team Wins,BAL Orioles Regular Season Wins
0QA226430421#151077504_13L84240Q1790165Q2-1,2,226430421,Under 87.5,+100,2,2.00,1/1,None Specified,Under 87.5,Unknown,None Specified,1002,None Specified,"[{'name': 'Under 87.5', 'type': 'Team'}]",Team Wins,BAL Orioles Regular Season Wins
0QA226430427#157123110_13L84240Q1789296Q2-1,2,226430427,Over 86.5,-110,1.90909091,1.90,10/11,None Specified,Over 86.5,Unknown,None Specified,1000,None Specified,"[{'name': 'Over 86.5', 'type': 'Team'}]",Team Wins,BOS Red Sox Regular Season Wins
0QA226430427#157123109_13L84240Q1790162Q2-1,2,226430427,Under 86.5,-110,1.90909091,1.90,10/11,None Specified,Under 86.5,Unknown,None Specified,1002,None Specified,"[{'name': 'Under 86.5', 'type': 'Team'}]",Team Wins,BOS Red Sox Regular Season Wins
0QA226430447#151082016_13L84240Q11752006Q2-1,2,226430447,Over 53.5,-110,1.90909091,1.90,10/11,None Specified,Over 53.5,Unknown,None Specified,1000,None Specified,"[{'name': 'Over 53.5', 'type': 'Team'}]",Team Wins,CHI White Sox Regular Season Wins
0QA226430447#151082015_13L84240Q11752007Q2-1,2,226430447,Under 53.5,-110,1.90909091,1.90,10/11,None Specified,Under 53.5,Unknown,None Specified,1002,None Specified,"[{'name': 'Under 53.5', 'type': 'Team'}]",Team Wins,CHI White Sox Regular Season Wins
0QA226430433#115238368_13L84240Q1789279Q2-1,2,226430433,Over 78.5,-115,1.86956522,1.86,20/23,None Specified,Over 78.5,Unknown,None Specified,1000,None Specified,"[{'name': 'Over 78.5', 'type': 'Team'}]",Team Wins,CIN Reds Regular Season Wins
0QA226430433#115238367_13L84240Q1790147Q2-1,2,226430433,Under 78.5,-105,1.95238096,1.95,20/21,None Specified,Under 78.5,Unknown,None Specified,1002,None Specified,"[{'name': 'Under 78.5', 'type': 'Team'}]",Team Wins,CIN Reds Regular Season Wins
0QA226430476#151079876_13L84240Q1789288Q2-1,2,226430476,Over 82.5,-105,1.95238096,1.95,20/21,None Specified,Over 82.5,Unknown,None Specified,1000,None Specified,"[{'name': 'Over 82.5', 'type': 'Team'}]",Team Wins,CLE Guardians Regular Season Wins
0QA226430476#151079875_13L84240Q1790154Q2-1,2,226430476,Under 82.5,-115,1.86956522,1.86,20/23,None Specified,Under 82.5,Unknown,None Specified,1002,None Specified,"[{'name': 'Under 82.5', 'type': 'Team'}]",Team Wins,CLE Guardians Regular Season Wins
0QA226430482#151081622_13L84240Q11229367Q2-1,2,226430482,Over 58.5,-105,1.95238096,1.95,20/21,None Specified,Over 58.5,Unknown,None Specified,1000,None Specified,"[{'name': 'Over 58.5', 'type': 'Team'}]",Team Wins,COL Rockies Regular Season Wins
0QA226430482#151081621_13L84240Q11229368Q2-1,2,226430482,Under 58.5,-115,1.86956522,1.86,20/23,None Specified,Under 58.5,Unknown,None Specified,1002,None Specified,"[{'name': 'Under 58.5', 'type': 'Team'}]",Team Wins,COL Rockies Regular Season Wins
0QA226430533#115238788_13L84240Q1789289Q2-1,2,226430533,Over 83.5,-110,1.90909091,1.90,10/11,None Specified,Over 83.5,Unknown,None Specified,1000,None Specified,"[{'name': 'Over 83.5', 'type': 'Team'}]",Team Wins,DET Tigers Regular Season Wins
0QA226430533#115238787_13L84240Q1790155Q2-1,2,226430533,Under 83.5,-110,1.90909091,1.90,10/11,None Specified,Under 83.5,Unknown,None Specified,1002,None Specified,"[{'name': 'Under 83.5', 'type': 'Team'}]",Team Wins,DET Tigers Regular Season Wins
0QA226430552#115238852_13L84240Q1789298Q2-1,2,226430552,Over 87.5,-105,1.95238096,1.95,20/21,None Specified,Over 87.5,Unknown,None Specified,1000,None Specified,"[{'name': 'Over 87.5', 'type': 'Team'}]",Team Wins,HOU Astros Regular Season Wins
0QA226430552#115238851_13L84240Q1790165Q2-1,2,226430552,Under 87.5,-115,1.86956522,1.86,20/23,None Specified,Under 87.5,Unknown,None Specified,1002,None Specified,"[{'name': 'Under 87.5', 'type': 'Team'}]",Team Wins,HOU Astros Regular Season Wins
0QA226430554#134576385_13L84240Q1789289Q2-1,2,226430554,Over 83.5,-110,1.90909091,1.90,10/11,None Specified,Over 83.5,Unknown,None Specified,1000,None Specified,"[{'name': 'Over 83.5', 'type': 'Team'}]",Team Wins,KC Royals Regular Season Wins
0QA226430554#134576384_13L84240Q1790155Q2-1,2,226430554,Under 83.5,-110,1.90909091,1.90,10/11,None Specified,Under 83.5,Unknown,None Specified,1002,None Specified,"[{'name': 'Under 83.5', 'type': 'Team'}]",Team Wins,KC Royals Regular Season Wins
0QA226430561#115238911_13L84240Q11108380Q2-1,2,226430561,Over 71.5,-120,1.83333334,1.83,5/6,None Specified,Over 71.5,Unknown,None Specified,1000,None Specified,"[{'name': 'Over 71.5', 'type': 'Team'}]",Team Wins,LA Angels Regular Season Wins
0QA226430561#115238910_13L84240Q11108381Q2-1,2,226430561,Under 71.5,+100,2,2.00,1/1,None Specified,Under 71.5,Unknown,None Specified,1002,None Specified,"[{'name': 'Under 71.5', 'type': 'Team'}]",Team Wins,LA Angels Regular Season Wins
0QA226430569#115238989_13L84240Q11108372Q2-1,2,226430569,Over 63.5,+100,2,2.00,1/1,None Specified,Over 63.5,Unknown,None Specified,1000,None Specified,"[{'name': 'Over 63.5', 'type': 'Team'}]",Team Wins,MIA Marlins Regular Season Wins
0QA226430569#115238988_13L84240Q11108373Q2-1,2,226430569,Under 63.5,-120,1.83333334,1.83,5/6,None Specified,Under 63.5,Unknown,None Specified,1002,None Specified,"[{'name': 'Under 63.5', 'type': 'Team'}]",Team Wins,MIA Marlins Regular Season Wins
0QA226430576#115238999_13L84240Q1789289Q2-1,2,226430576,Over 83.5,+100,2,2.00,1/1,None Specified,Over 83.5,Unknown,None Specified,1000,None Specified,"[{'name': 'Over 83.5', 'type': 'Team'}]",Team Wins,MIL Brewers Regular Season Wins
0QA226430576#115238998_13L84240Q1790155Q2-1,2,226430576,Under 83.5,-120,1.83333334,1.83,5/6,None Specified,Under 83.5,Unknown,None Specified,1002,None Specified,"[{'name': 'Under 83.5', 'type': 'Team'}]",Team Wins,MIL Brewers Regular Season Wins
0QA226430579#134577062_13L84240Q1789291Q2-1,2,226430579,Over 84.5,-110,1.90909091,1.90,10/11,None Specified,Over 84.5,Unknown,None Specified,1000,None Specified,"[{'name': 'Over 84.5', 'type': 'Team'}]",Team Wins,MIN Twins Regular Season Wins
0QA226430579#134577061_13L84240Q1790159Q2-1,2,226430579,Under 84.5,-110,1.90909091,1.90,10/11,None Specified,Under 84.5,Unknown,None Specified,1002,None Specified,"[{'name': 'Under 84.5', 'type': 'Team'}]",Team Wins,MIN Twins Regular Season Wins
0QA226430589#134577601_13L84240Q1789306Q2-1,2,226430589,Over 90.5,-110,1.90909091,1.90,10/11,None Specified,Over 90.5,Unknown,None Specified,1000,None Specified,"[{'name': 'Over 90.5', 'type': 'Team'}]",Team Wins,NY Mets Regular Season Wins
0QA226430589#134577600_13L84240Q1790171Q2-1,2,226430589,Under 90.5,-110,1.90909091,1.90,10/11,None Specified,Under 90.5,Unknown,None Specified,1002,None Specified,"[{'name': 'Under 90.5', 'type': 'Team'}]",Team Wins,NY Mets Regular Season Wins
0QA226430619#180964974_13L84240Q1789302Q2-1,2,226430619,Over 89.5,-120,1.83333334,1.83,5/6,None Specified,Over 89.5,Unknown,None Specified,1000,None Specified,"[{'name': 'Over 89.5', 'type': 'Team'}]",Team Wins,NY Yankees Regular Season Wins
0QA226430619#180964973_13L84240Q1790169Q2-1,2,226430619,Under 89.5,+100,2,2.00,1/1,None Specified,Under 89.5,Unknown,None Specified,1002,None Specified,"[{'name': 'Under 89.5', 'type': 'Team'}]",Team Wins,NY Yankees Regular Season Wins
0QA226430623#115239224_13L84240Q1789309Q2-1,2,226430623,Over 91.5,+100,2,2.00,1/1,None Specified,Over 91.5,Unknown,None Specified,1000,None Specified,"[{'name': 'Over 91.5', 'type': 'Team'}]",Team Wins,PHI Phillies Regular Season Wins
0QA226430623#115239223_13L84240Q1790175Q2-1,2,226430623,Under 91.5,-120,1.83333334,1.83,5/6,None Specified,Under 91.5,Unknown,None Specified,1002,None Specified,"[{'name': 'Under 91.5', 'type': 'Team'}]",Team Wins,PHI Phillies Regular Season Wins
0QA226430647#134578669_13L84240Q1789278Q2-1,2,226430647,Over 77.5,-110,1.90909091,1.90,10/11,None Specified,Over 77.5,Unknown,None Specified,1000,None Specified,"[{'name': 'Over 77.5', 'type': 'Team'}]",Team Wins,PIT Pirates Regular Season Wins
0QA226430647#134578668_13L84240Q1790144Q2-1,2,226430647,Under 77.5,-110,1.90909091,1.90,10/11,None Specified,Under 77.5,Unknown,None Specified,1002,None Specified,"[{'name': 'Under 77.5', 'type': 'Team'}]",Team Wins,PIT Pirates Regular Season Wins
0QA226430650#151094582_13L84240Q1789295Q2-1,2,226430650,Over 85.5,-110,1.90909091,1.90,10/11,None Specified,Over 85.5,Unknown,None Specified,1000,None Specified,"[{'name': 'Over 85.5', 'type': 'Team'}]",Team Wins,SD Padres Regular Season Wins
0QA226430650#151094581_13L84240Q1790160Q2-1,2,226430650,Under 85.5,-110,1.90909091,1.90,10/11,None Specified,Under 85.5,Unknown,None Specified,1002,None Specified,"[{'name': 'Under 85.5', 'type': 'Team'}]",Team Wins,SD Padres Regular Season Wins
0QA226430652#151095465_13L84240Q1789291Q2-1,2,226430652,Over 84.5,-110,1.90909091,1.90,10/11,None Specified,Over 84.5,Unknown,None Specified,1000,None Specified,"[{'name': 'Over 84.5', 'type': 'Team'}]",Team Wins,SEA Mariners Regular Season Wins
0QA226430652#151095464_13L84240Q1790159Q2-1,2,226430652,Under 84.5,-110,1.90909091,1.90,10/11,None Specified,Under 84.5,Unknown,None Specified,1002,None Specified,"[{'name': 'Under 84.5', 'type': 'Team'}]",Team Wins,SEA Mariners Regular Season Wins
0QA226430651#138449609_13L84240Q11108378Q2-1,2,226430651,Over 80.5,-110,1.90909091,1.90,10/11,None Specified,Over 80.5,Unknown,None Specified,1000,None Specified,"[{'name': 'Over 80.5', 'type': 'Team'}]",Team Wins,SF Giants Regular Season Wins
0QA226430651#138449608_13L84240Q11108379Q2-1,2,226430651,Under 80.5,-110,1.90909091,1.90,10/11,None Specified,Under 80.5,Unknown,None Specified,1002,None Specified,"[{'name': 'Under 80.5', 'type': 'Team'}]",Team Wins,SF Giants Regular Season Wins
0QA226430654#134576748_13L84240Q1789278Q2-1,2,226430654,Over 77.5,-115,1.86956522,1.86,20/23,None Specified,Over 77.5,Unknown,None Specified,1000,None Specified,"[{'name': 'Over 77.5', 'type': 'Team'}]",Team Wins,STL Cardinals Regular Season Wins
0QA226430654#134576747_13L84240Q1790144Q2-1,2,226430654,Under 77.5,-105,1.95238096,1.95,20/21,None Specified,Under 77.5,Unknown,None Specified,1002,None Specified,"[{'name': 'Under 77.5', 'type': 'Team'}]",Team Wins,STL Cardinals Regular Season Wins
0QA226430662#151096490_13L84240Q11108374Q2-1,2,226430662,Over 81.5,-115,1.86956522,1.86,20/23,None Specified,Over 81.5,Unknown,None Specified,1000,None Specified,"[{'name': 'Over 81.5', 'type': 'Team'}]",Team Wins,TB Rays Regular Season Wins
0QA226430662#151096489_13L84240Q11108375Q2-1,2,226430662,Under 81.5,-105,1.95238096,1.95,20/21,None Specified,Under 81.5,Unknown,None Specified,1002,None Specified,"[{'name': 'Under 81.5', 'type': 'Team'}]",Team Wins,TB Rays Regular Season Wins
0QA226430668#115239885_13L84240Q1789295Q2-1,2,226430668,Over 85.5,-110,1.90909091,1.90,10/11,None Specified,Over 85.5,Unknown,None Specified,1000,None Specified,"[{'name': 'Over 85.5', 'type': 'Team'}]",Team Wins,TEX Rangers Regular Season Wins
0QA226430668#115239884_13L84240Q1790160Q2-1,2,226430668,Under 85.5,-110,1.90909091,1.90,10/11,None Specified,Under 85.5,Unknown,None Specified,1002,None Specified,"[{'name': 'Under 85.5', 'type': 'Team'}]",Team Wins,TEX Rangers Regular Season Wins
0QA226430682#150755457_13L84240Q1789279Q2-1,2,226430682,Over 78.5,-115,1.86956522,1.86,20/23,None Specified,Over 78.5,Unknown,None Specified,1000,None Specified,"[{'name': 'Over 78.5', 'type': 'Team'}]",Team Wins,TOR Blue Jays Regular Season Wins
0QA226430682#150755456_13L84240Q1790147Q2-1,2,226430682,Under 78.5,-105,1.95238096,1.95,20/21,None Specified,Under 78.5,Unknown,None Specified,1002,None Specified,"[{'name': 'Under 78.5', 'type': 'Team'}]",Team Wins,TOR Blue Jays Regular Season Wins
0QA226430686#151097681_13L84240Q1789266Q2-1,2,226430686,Over 72.5,-110,1.90909091,1.90,10/11,None Specified,Over 72.5,Unknown,None Specified,1000,None Specified,"[{'name': 'Over 72.5', 'type': 'Team'}]",Team Wins,WAS Nationals Regular Season Wins
0QA226430686#151097680_13L84240Q1790132Q2-1,2,226430686,Under 72.5,-110,1.90909091,1.90,10/11,None Specified,Under 72.5,Unknown,None Specified,1002,None Specified,"[{'name': 'Under 72.5', 'type': 'Team'}]",Team Wins,WAS Nationals Regular Season Wins
0QA226351066#114663108_13L84240Q1786819Q2-1,2,226351066,Aaron Judge,+400,5,5.00,4/1,None Specified,Aaron Judge,Unknown,None Specified,50008,None Specified,"[{'name': 'Aaron Judge', 'type': 'Team'}]",Home Runs,Most Regular Season Home Runs
0QA226351066#114663048_13L84240Q1789730Q2-1,2,226351066,Shohei Ohtani,+600,7,7.00,6/1,None Specified,Shohei Ohtani,Unknown,None Specified,70048,None Specified,"[{'name': 'Shohei Ohtani', 'type': 'Team'}]",Home Runs,Most Regular Season Home Runs
0QA226351066#114663070_13L84240Q1551461Q2-1,2,226351066,Kyle Schwarber,+1200,13,13.00,12/1,None Specified,Kyle Schwarber,Unknown,None Specified,130070,None Specified,"[{'name': 'Kyle Schwarber', 'type': 'Team'}]",Home Runs,Most Regular Season Home Runs
0QA226351066#114663054_13L84240Q1700315Q2-1,2,226351066,Pete Alonso,+1600,17,17.00,16/1,None Specified,Pete Alonso,Unknown,None Specified,170054,None Specified,"[{'name': 'Pete Alonso', 'type': 'Team'}]",Home Runs,Most Regular Season Home Runs
0QA226351066#114663040_13L84240Q1790408Q2-1,2,226351066,Yordan Alvarez,+2000,21,21.00,20/1,None Specified,Yordan Alvarez,Unknown,None Specified,210040,None Specified,"[{'name': 'Yordan Alvarez', 'type': 'Team'}]",Home Runs,Most Regular Season Home Runs
0QA226351066#114663090_13L84240Q1787727Q2-1,2,226351066,Fernando Tatis Jr.,+2000,21,21.00,20/1,None Specified,Fernando Tatis Jr.,Unknown,None Specified,210090,None Specified,"[{'name': 'Fernando Tatis Jr.', 'type': 'Team'}]",Home Runs,Most Regular Season Home Runs
0QA226351066#114663101_13L84240Q11948022Q2-1,2,226351066,Brent Rooker,+2200,23,23.00,22/1,None Specified,Brent Rooker,Unknown,None Specified,230001,None Specified,"[{'name': 'Brent Rooker', 'type': 'Team'}]",Home Runs,Most Regular Season Home Runs
0QA226351066#114663074_13L84240Q1788341Q2-1,2,226351066,Juan Soto,+2800,29,29.00,28/1,None Specified,Juan Soto,Unknown,None Specified,290074,None Specified,"[{'name': 'Juan Soto', 'type': 'Team'}]",Home Runs,Most Regular Season Home Runs
0QA226351066#114663105_13L84240Q11854215Q2-1,2,226351066,Anthony Santander,+3000,31,31.00,30/1,None Specified,Anthony Santander,Unknown,None Specified,310005,None Specified,"[{'name': 'Anthony Santander', 'type': 'Team'}]",Home Runs,Most Regular Season Home Runs
0QA226351066#114663062_13L84240Q1788817Q2-1,2,226351066,Matt Olson,+3000,31,31.00,30/1,None Specified,Matt Olson,Unknown,None Specified,310062,None Specified,"[{'name': 'Matt Olson', 'type': 'Team'}]",Home Runs,Most Regular Season Home Runs
0QA226351066#114663069_13L84240Q11100821Q2-1,2,226351066,Kyle Tucker,+3000,31,31.00,30/1,None Specified,Kyle Tucker,Unknown,None Specified,310069,None Specified,"[{'name': 'Kyle Tucker', 'type': 'Team'}]",Home Runs,Most Regular Season Home Runs
0QA226351066#114663086_13L84240Q11822948Q2-1,2,226351066,Gunnar Henderson,+3000,31,31.00,30/1,None Specified,Gunnar Henderson,Unknown,None Specified,310086,None Specified,"[{'name': 'Gunnar Henderson', 'type': 'Team'}]",Home Runs,Most Regular Season Home Runs
0QA226351066#114663042_13L84240Q1700314Q2-1,2,226351066,Vladimir Guerrero Jr.,+3500,36,36.00,35/1,None Specified,Vladimir Guerrero Jr.,Unknown,None Specified,360042,None Specified,"[{'name': 'Vladimir Guerrero Jr.', 'type': 'Team'}]",Home Runs,Most Regular Season Home Runs
0QA226351066#114663100_13L84240Q1551458Q2-1,2,226351066,Bryce Harper,+4000,41,41.00,40/1,None Specified,Bryce Harper,Unknown,None Specified,410000,None Specified,"[{'name': 'Bryce Harper', 'type': 'Team'}]",Home Runs,Most Regular Season Home Runs
0QA226351066#114663077_13L84240Q1788310Q2-1,2,226351066,Jose Ramirez,+4000,41,41.00,40/1,None Specified,Jose Ramirez,Unknown,None Specified,410077,None Specified,"[{'name': 'Jose Ramirez', 'type': 'Team'}]",Home Runs,Most Regular Season Home Runs
0QA226351066#114663096_13L84240Q11638435Q2-1,2,226351066,Christian Walker,+4000,41,41.00,40/1,None Specified,Christian Walker,Unknown,None Specified,410096,None Specified,"[{'name': 'Christian Walker', 'type': 'Team'}]",Home Runs,Most Regular Season Home Runs
0QA226351066#114663059_13L84240Q1788912Q2-1,2,226351066,Mike Trout,+5000,51,51.00,50/1,None Specified,Mike Trout,Unknown,None Specified,510059,None Specified,"[{'name': 'Mike Trout', 'type': 'Team'}]",Home Runs,Most Regular Season Home Runs
0QA226351066#114663044_13L84240Q11456359Q2-1,2,226351066,Tyler O'Neill,+5500,56,56.00,55/1,None Specified,Tyler O'Neill,Unknown,None Specified,560044,None Specified,"[{'name': ""Tyler O'Neill"", 'type': 'Team'}]",Home Runs,Most Regular Season Home Runs
0QA226351066#114663046_13L84240Q11100828Q2-1,2,226351066,Teoscar Hernandez,+5500,56,56.00,55/1,None Specified,Teoscar Hernandez,Unknown,None Specified,560046,None Specified,"[{'name': 'Teoscar Hernandez', 'type': 'Team'}]",Home Runs,Most Regular Season Home Runs
0QA226351066#114663053_13L84240Q1789466Q2-1,2,226351066,Rafael Devers,+5500,56,56.00,55/1,None Specified,Rafael Devers,Unknown,None Specified,560053,None Specified,"[{'name': 'Rafael Devers', 'type': 'Team'}]",Home Runs,Most Regular Season Home Runs
0QA226351066#114663064_13L84240Q11464131Q2-1,2,226351066,Mark Vientos,+5500,56,56.00,55/1,None Specified,Mark Vientos,Unknown,None Specified,560064,None Specified,"[{'name': 'Mark Vientos', 'type': 'Team'}]",Home Runs,Most Regular Season Home Runs
0QA226351066#114663066_13L84240Q1796373Q2-1,2,226351066,Marcell Ozuna,+5500,56,56.00,55/1,None Specified,Marcell Ozuna,Unknown,None Specified,560066,None Specified,"[{'name': 'Marcell Ozuna', 'type': 'Team'}]",Home Runs,Most Regular Season Home Runs
0QA226351066#114663083_13L84240Q11464114Q2-1,2,226351066,Jake Burger,+6500,66,66.00,65/1,None Specified,Jake Burger,Unknown,None Specified,660083,None Specified,"[{'name': 'Jake Burger', 'type': 'Team'}]",Home Runs,Most Regular Season Home Runs
0QA226351066#114663104_13L84240Q11288899Q2-1,2,226351066,Austin Riley,+8000,81,81.00,80/1,None Specified,Austin Riley,Unknown,None Specified,810004,None Specified,"[{'name': 'Austin Riley', 'type': 'Team'}]",Home Runs,Most Regular Season Home Runs
0QA226351066#114663087_13L84240Q1194868Q2-1,2,226351066,Giancarlo Stanton,+8000,81,81.00,80/1,None Specified,Giancarlo Stanton,Unknown,None Specified,810087,None Specified,"[{'name': 'Giancarlo Stanton', 'type': 'Team'}]",Home Runs,Most Regular Season Home Runs
0QA226351066#114663093_13L84240Q1787405Q2-1,2,226351066,Corey Seager,+8000,81,81.00,80/1,None Specified,Corey Seager,Unknown,None Specified,810093,None Specified,"[{'name': 'Corey Seager', 'type': 'Team'}]",Home Runs,Most Regular Season Home Runs
0QA226351066#114663102_13L84240Q11464121Q2-1,2,226351066,Bobby Witt Jr.,+10000,101,101.00,100/1,None Specified,Bobby Witt Jr.,Unknown,None Specified,1010002,None Specified,"[{'name': 'Bobby Witt Jr.', 'type': 'Team'}]",Home Runs,Most Regular Season Home Runs
0QA226351066#114663051_13L84240Q1700312Q2-1,2,226351066,Ronald Acuna Jr.,+10000,101,101.00,100/1,None Specified,Ronald Acuna Jr.,Unknown,None Specified,1010051,None Specified,"[{'name': 'Ronald Acuna Jr.', 'type': 'Team'}]",Home Runs,Most Regular Season Home Runs
0QA226351066#114663067_13L84240Q1788711Q2-1,2,226351066,Manny Machado,+10000,101,101.00,100/1,None Specified,Manny Machado,Unknown,None Specified,1010067,None Specified,"[{'name': 'Manny Machado', 'type': 'Team'}]",Home Runs,Most Regular Season Home Runs
0QA226351066#114663071_13L84240Q1788430Q2-1,2,226351066,Ketel Marte,+10000,101,101.00,100/1,None Specified,Ketel Marte,Unknown,None Specified,1010071,None Specified,"[{'name': 'Ketel Marte', 'type': 'Team'}]",Home Runs,Most Regular Season Home Runs
0QA226351066#114663095_13L84240Q1787383Q2-1,2,226351066,Cody Bellinger,+10000,101,101.00,100/1,None Specified,Cody Bellinger,Unknown,None Specified,1010095,None Specified,"[{'name': 'Cody Bellinger', 'type': 'Team'}]",Home Runs,Most Regular Season Home Runs
0QA226351066#114663107_13L84240Q11251240Q2-1,2,226351066,Adolis Garcia,+11000,111,111.00,110/1,None Specified,Adolis Garcia,Unknown,None Specified,1110007,None Specified,"[{'name': 'Adolis Garcia', 'type': 'Team'}]",Home Runs,Most Regular Season Home Runs
0QA226351066#161091647_13L84240Q12383588Q2-1,2,226351066,Lawrence Butler,+11000,111,111.00,110/1,None Specified,Lawrence Butler,Unknown,None Specified,1110047,None Specified,"[{'name': 'Lawrence Butler', 'type': 'Team'}]",Home Runs,Most Regular Season Home Runs
0QA226351066#114663055_13L84240Q11100850Q2-1,2,226351066,Oneil Cruz,+11000,111,111.00,110/1,None Specified,Oneil Cruz,Unknown,None Specified,1110055,None Specified,"[{'name': 'Oneil Cruz', 'type': 'Team'}]",Home Runs,Most Regular Season Home Runs
0QA226351066#114663068_13L84240Q11854204Q2-1,2,226351066,Luis Robert Jr.,+11000,111,111.00,110/1,None Specified,Luis Robert Jr.,Unknown,None Specified,1110068,None Specified,"[{'name': 'Luis Robert Jr.', 'type': 'Team'}]",Home Runs,Most Regular Season Home Runs
0QA226351066#114663075_13L84240Q11732990Q2-1,2,226351066,Josh Naylor,+11000,111,111.00,110/1,None Specified,Josh Naylor,Unknown,None Specified,1110075,None Specified,"[{'name': 'Josh Naylor', 'type': 'Team'}]",Home Runs,Most Regular Season Home Runs
0QA226351066#114663085_13L84240Q12096629Q2-1,2,226351066,Isaac Paredes,+11000,111,111.00,110/1,None Specified,Isaac Paredes,Unknown,None Specified,1110085,None Specified,"[{'name': 'Isaac Paredes', 'type': 'Team'}]",Home Runs,Most Regular Season Home Runs
0QA226351066#114663098_13L84240Q11851301Q2-1,2,226351066,Cal Raleigh,+11000,111,111.00,110/1,None Specified,Cal Raleigh,Unknown,None Specified,1110098,None Specified,"[{'name': 'Cal Raleigh', 'type': 'Team'}]",Home Runs,Most Regular Season Home Runs
0QA226351066#161238337_13L84240Q11263383Q2-1,2,226351066,Jarren Duran,+12000,121,121.00,120/1,None Specified,Jarren Duran,Unknown,None Specified,1210037,None Specified,"[{'name': 'Jarren Duran', 'type': 'Team'}]",Home Runs,Most Regular Season Home Runs
0QA226351066#114663091_13L84240Q11825749Q2-1,2,226351066,Elly De La Cruz,+13000,131,131.00,130/1,None Specified,Elly De La Cruz,Unknown,None Specified,1310091,None Specified,"[{'name': 'Elly De La Cruz', 'type': 'Team'}]",Home Runs,Most Regular Season Home Runs
0QA226351066#114663049_13L84240Q11241956Q2-1,2,226351066,Salvador Perez,+14000,141,141.00,140/1,None Specified,Salvador Perez,Unknown,None Specified,1410049,None Specified,"[{'name': 'Salvador Perez', 'type': 'Team'}]",Home Runs,Most Regular Season Home Runs
0QA226351066#114663089_13L84240Q1787748Q2-1,2,226351066,Francisco Lindor,+14000,141,141.00,140/1,None Specified,Francisco Lindor,Unknown,None Specified,1410089,None Specified,"[{'name': 'Francisco Lindor', 'type': 'Team'}]",Home Runs,Most Regular Season Home Runs
0QA226351066#114663106_13L84240Q1551462Q2-1,2,226351066,Alex Bregman,+15000,151,151.00,150/1,None Specified,Alex Bregman,Unknown,None Specified,1510006,None Specified,"[{'name': 'Alex Bregman', 'type': 'Team'}]",Home Runs,Most Regular Season Home Runs
0QA226351066#114663043_13L84240Q12162520Q2-1,2,226351066,Vinnie Pasquantino,+15000,151,151.00,150/1,None Specified,Vinnie Pasquantino,Unknown,None Specified,1510043,None Specified,"[{'name': 'Vinnie Pasquantino', 'type': 'Team'}]",Home Runs,Most Regular Season Home Runs
0QA226351066#114663045_13L84240Q11464099Q2-1,2,226351066,Triston Casas,+15000,151,151.00,150/1,None Specified,Triston Casas,Unknown,None Specified,1510045,None Specified,"[{'name': 'Triston Casas', 'type': 'Team'}]",Home Runs,Most Regular Season Home Runs
0QA226351066#114663058_13L84240Q1788941Q2-1,2,226351066,Mookie Betts,+15000,151,151.00,150/1,None Specified,Mookie Betts,Unknown,None Specified,1510058,None Specified,"[{'name': 'Mookie Betts', 'type': 'Team'}]",Home Runs,Most Regular Season Home Runs
0QA226351066#114663073_13L84240Q11113704Q2-1,2,226351066,Julio Rodriguez,+15000,151,151.00,150/1,None Specified,Julio Rodriguez,Unknown,None Specified,1510073,None Specified,"[{'name': 'Julio Rodriguez', 'type': 'Team'}]",Home Runs,Most Regular Season Home Runs
0QA226351066#114663078_13L84240Q1796352Q2-1,2,226351066,Jorge Soler,+15000,151,151.00,150/1,None Specified,Jorge Soler,Unknown,None Specified,1510078,None Specified,"[{'name': 'Jorge Soler', 'type': 'Team'}]",Home Runs,Most Regular Season Home Runs
0QA226351066#114663079_13L84240Q12352751Q2-1,2,226351066,Jhonkensy Noel,+15000,151,151.00,150/1,None Specified,Jhonkensy Noel,Unknown,None Specified,1510079,None Specified,"[{'name': 'Jhonkensy Noel', 'type': 'Team'}]",Home Runs,Most Regular Season Home Runs
0QA226351066#114663082_13L84240Q12232280Q2-1,2,226351066,James Wood,+15000,151,151.00,150/1,None Specified,James Wood,Unknown,None Specified,1510082,None Specified,"[{'name': 'James Wood', 'type': 'Team'}]",Home Runs,Most Regular Season Home Runs
0QA226351066#114663084_13L84240Q12232281Q2-1,2,226351066,Jackson Merrill,+15000,151,151.00,150/1,None Specified,Jackson Merrill,Unknown,None Specified,1510084,None Specified,"[{'name': 'Jackson Merrill', 'type': 'Team'}]",Home Runs,Most Regular Season Home Runs
0QA226351066#114663103_13L84240Q12241352Q2-1,2,226351066,Austin Wells,+20000,201,201.00,200/1,None Specified,Austin Wells,Unknown,None Specified,2010003,None Specified,"[{'name': 'Austin Wells', 'type': 'Team'}]",Home Runs,Most Regular Season Home Runs
0QA226351066#114663041_13L84240Q11284100Q2-1,2,226351066,Willy Adames,+20000,201,201.00,200/1,None Specified,Willy Adames,Unknown,None Specified,2010041,None Specified,"[{'name': 'Willy Adames', 'type': 'Team'}]",Home Runs,Most Regular Season Home Runs
0QA226351066#114663047_13L84240Q11825736Q2-1,2,226351066,Spencer Steer,+20000,201,201.00,200/1,None Specified,Spencer Steer,Unknown,None Specified,2010047,None Specified,"[{'name': 'Spencer Steer', 'type': 'Team'}]",Home Runs,Most Regular Season Home Runs
0QA226351066#114663052_13L84240Q1551463Q2-1,2,226351066,Rhys Hoskins,+20000,201,201.00,200/1,None Specified,Rhys Hoskins,Unknown,None Specified,2010052,None Specified,"[{'name': 'Rhys Hoskins', 'type': 'Team'}]",Home Runs,Most Regular Season Home Runs
0QA226351066#114663056_13L84240Q1789058Q2-1,2,226351066,Nolan Arenado,+20000,201,201.00,200/1,None Specified,Nolan Arenado,Unknown,None Specified,2010056,None Specified,"[{'name': 'Nolan Arenado', 'type': 'Team'}]",Home Runs,Most Regular Season Home Runs
0QA226351066#114663057_13L84240Q11456360Q2-1,2,226351066,Nick Castellanos,+20000,201,201.00,200/1,None Specified,Nick Castellanos,Unknown,None Specified,2010057,None Specified,"[{'name': 'Nick Castellanos', 'type': 'Team'}]",Home Runs,Most Regular Season Home Runs
0QA226351066#114663060_13L84240Q11606302Q2-1,2,226351066,Michael Harris,+20000,201,201.00,200/1,None Specified,Michael Harris,Unknown,None Specified,2010060,None Specified,"[{'name': 'Michael Harris', 'type': 'Team'}]",Home Runs,Most Regular Season Home Runs
0QA226351066#114663061_13L84240Q1551460Q2-1,2,226351066,Max Muncy,+20000,201,201.00,200/1,None Specified,Max Muncy,Unknown,None Specified,2010061,None Specified,"[{'name': 'Max Muncy', 'type': 'Team'}]",Home Runs,Most Regular Season Home Runs
0QA226351066#114663063_13L84240Q11244148Q2-1,2,226351066,Matt McLain,+20000,201,201.00,200/1,None Specified,Matt McLain,Unknown,None Specified,2010063,None Specified,"[{'name': 'Matt McLain', 'type': 'Team'}]",Home Runs,Most Regular Season Home Runs
0QA226351066#114663065_13L84240Q1788743Q2-1,2,226351066,Marcus Semien,+20000,201,201.00,200/1,None Specified,Marcus Semien,Unknown,None Specified,2010065,None Specified,"[{'name': 'Marcus Semien', 'type': 'Team'}]",Home Runs,Most Regular Season Home Runs
0QA226351066#114663072_13L84240Q12096746Q2-1,2,226351066,Junior Caminero,+20000,201,201.00,200/1,None Specified,Junior Caminero,Unknown,None Specified,2010072,None Specified,"[{'name': 'Junior Caminero', 'type': 'Team'}]",Home Runs,Most Regular Season Home Runs
0QA226351066#114663076_13L84240Q11100893Q2-1,2,226351066,Josh Jung,+20000,201,201.00,200/1,None Specified,Josh Jung,Unknown,None Specified,2010076,None Specified,"[{'name': 'Josh Jung', 'type': 'Team'}]",Home Runs,Most Regular Season Home Runs
0QA226351066#114663088_13L84240Q1551457Q2-1,2,226351066,Freddie Freeman,+20000,201,201.00,200/1,None Specified,Freddie Freeman,Unknown,None Specified,2010088,None Specified,"[{'name': 'Freddie Freeman', 'type': 'Team'}]",Home Runs,Most Regular Season Home Runs
0QA226351066#114663092_13L84240Q11993893Q2-1,2,226351066,Dylan Crews,+20000,201,201.00,200/1,None Specified,Dylan Crews,Unknown,None Specified,2010092,None Specified,"[{'name': 'Dylan Crews', 'type': 'Team'}]",Home Runs,Most Regular Season Home Runs
0QA226351066#114663094_13L84240Q11825751Q2-1,2,226351066,Corbin Carroll,+20000,201,201.00,200/1,None Specified,Corbin Carroll,Unknown,None Specified,2010094,None Specified,"[{'name': 'Corbin Carroll', 'type': 'Team'}]",Home Runs,Most Regular Season Home Runs
0QA226351066#114663097_13L84240Q11935864Q2-1,2,226351066,Christian Encarnacion-Strand,+20000,201,201.00,200/1,None Specified,Christian Encarnacion-Strand,Unknown,None Specified,2010097,None Specified,"[{'name': 'Christian Encarnacion-Strand', 'type': 'Team'}]",Home Runs,Most Regular Season Home Runs
0QA226351066#114663099_13L84240Q1928006Q2-1,2,226351066,Byron Buxton,+20000,201,201.00,200/1,None Specified,Byron Buxton,Unknown,None Specified,2010099,None Specified,"[{'name': 'Byron Buxton', 'type': 'Team'}]",Home Runs,Most Regular Season Home Runs
0QA227688596#122642188_13L84240Q11993892Q2-1,2,227688596,Paul Skenes,+400,5,5.00,4/1,None Specified,Paul Skenes,Unknown,None Specified,50088,None Specified,"[{'name': 'Paul Skenes', 'type': 'Team'}]",Strikeouts,Most Regular Season Strikeouts
0QA227688596#122642222_13L84240Q1904352Q2-1,2,227688596,Garrett Crochet,+750,8.5,8.50,15/2,None Specified,Garrett Crochet,Unknown,None Specified,85022,None Specified,"[{'name': 'Garrett Crochet', 'type': 'Team'}]",Strikeouts,Most Regular Season Strikeouts
0QA227688596#122642171_13L84240Q11100889Q2-1,2,227688596,Tarik Skubal,+950,10.5,10.50,19/2,None Specified,Tarik Skubal,Unknown,None Specified,105071,None Specified,"[{'name': 'Tarik Skubal', 'type': 'Team'}]",Strikeouts,Most Regular Season Strikeouts
0QA227688596#122642241_13L84240Q1787153Q2-1,2,227688596,Blake Snell,+1300,14,14.00,13/1,None Specified,Blake Snell,Unknown,None Specified,140041,None Specified,"[{'name': 'Blake Snell', 'type': 'Team'}]",Strikeouts,Most Regular Season Strikeouts
0QA227688596#122642227_13L84240Q11100857Q2-1,2,227688596,Dylan Cease,+1400,15,15.00,14/1,None Specified,Dylan Cease,Unknown,None Specified,150027,None Specified,"[{'name': 'Dylan Cease', 'type': 'Team'}]",Strikeouts,Most Regular Season Strikeouts
0QA227688596#122642214_13L84240Q1788051Q2-1,2,227688596,Jacob deGrom,+2500,26,26.00,25/1,None Specified,Jacob deGrom,Unknown,None Specified,260014,None Specified,"[{'name': 'Jacob deGrom', 'type': 'Team'}]",Strikeouts,Most Regular Season Strikeouts
0QA227688596#122642231_13L84240Q12157493Q2-1,2,227688596,Cole Ragans,+2500,26,26.00,25/1,None Specified,Cole Ragans,Unknown,None Specified,260031,None Specified,"[{'name': 'Cole Ragans', 'type': 'Team'}]",Strikeouts,Most Regular Season Strikeouts
0QA227688596#122642232_13L84240Q1787342Q2-1,2,227688596,Chris Sale,+2500,26,26.00,25/1,None Specified,Chris Sale,Unknown,None Specified,260032,None Specified,"[{'name': 'Chris Sale', 'type': 'Team'}]",Strikeouts,Most Regular Season Strikeouts
0QA227688596#122642202_13L84240Q11100891Q2-1,2,227688596,Logan Gilbert,+2800,29,29.00,28/1,None Specified,Logan Gilbert,Unknown,None Specified,290002,None Specified,"[{'name': 'Logan Gilbert', 'type': 'Team'}]",Strikeouts,Most Regular Season Strikeouts
0QA227688596#122642160_13L84240Q1790424Q2-1,2,227688596,Zack Wheeler,+2800,29,29.00,28/1,None Specified,Zack Wheeler,Unknown,None Specified,290060,None Specified,"[{'name': 'Zack Wheeler', 'type': 'Team'}]",Strikeouts,Most Regular Season Strikeouts
0QA227688596#122642216_13L84240Q11464133Q2-1,2,227688596,Hunter Greene,+3000,31,31.00,30/1,None Specified,Hunter Greene,Unknown,None Specified,310016,None Specified,"[{'name': 'Hunter Greene', 'type': 'Team'}]",Strikeouts,Most Regular Season Strikeouts
0QA227688596#122642223_13L84240Q11175691Q2-1,2,227688596,Freddy Peralta,+4000,41,41.00,40/1,None Specified,Freddy Peralta,Unknown,None Specified,410023,None Specified,"[{'name': 'Freddy Peralta', 'type': 'Team'}]",Strikeouts,Most Regular Season Strikeouts
0QA227688596#122642230_13L84240Q11100808Q2-1,2,227688596,Corbin Burnes,+4000,41,41.00,40/1,None Specified,Corbin Burnes,Unknown,None Specified,410030,None Specified,"[{'name': 'Corbin Burnes', 'type': 'Team'}]",Strikeouts,Most Regular Season Strikeouts
0QA227688596#122642200_13L84240Q1788620Q2-1,2,227688596,Luis Castillo,+4500,46,46.00,45/1,None Specified,Luis Castillo,Unknown,None Specified,460000,None Specified,"[{'name': 'Luis Castillo', 'type': 'Team'}]",Strikeouts,Most Regular Season Strikeouts
0QA227688596#122642224_13L84240Q11100854Q2-1,2,227688596,Framber Valdez,+4500,46,46.00,45/1,None Specified,Framber Valdez,Unknown,None Specified,460024,None Specified,"[{'name': 'Framber Valdez', 'type': 'Team'}]",Strikeouts,Most Regular Season Strikeouts
0QA227688596#122642244_13L84240Q1786821Q2-1,2,227688596,Aaron Nola,+4500,46,46.00,45/1,None Specified,Aaron Nola,Unknown,None Specified,460044,None Specified,"[{'name': 'Aaron Nola', 'type': 'Team'}]",Strikeouts,Most Regular Season Strikeouts
0QA227688596#122642163_13L84240Q11100866Q2-1,2,227688596,Yusei Kikuchi,+4500,46,46.00,45/1,None Specified,Yusei Kikuchi,Unknown,None Specified,460063,None Specified,"[{'name': 'Yusei Kikuchi', 'type': 'Team'}]",Strikeouts,Most Regular Season Strikeouts
0QA227688596#122642165_13L84240Q12157490Q2-1,2,227688596,Yoshinobu Yamamoto,+4500,46,46.00,45/1,None Specified,Yoshinobu Yamamoto,Unknown,None Specified,460065,None Specified,"[{'name': 'Yoshinobu Yamamoto', 'type': 'Team'}]",Strikeouts,Most Regular Season Strikeouts
0QA227688596#122642175_13L84240Q11569616Q2-1,2,227688596,Spencer Strider,+4500,46,46.00,45/1,None Specified,Spencer Strider,Unknown,None Specified,460075,None Specified,"[{'name': 'Spencer Strider', 'type': 'Team'}]",Strikeouts,Most Regular Season Strikeouts
0QA227688596#122642186_13L84240Q1928041Q2-1,2,227688596,Robbie Ray,+4500,46,46.00,45/1,None Specified,Robbie Ray,Unknown,None Specified,460086,None Specified,"[{'name': 'Robbie Ray', 'type': 'Team'}]",Strikeouts,Most Regular Season Strikeouts
0QA227688596#122642206_13L84240Q11100810Q2-1,2,227688596,Kevin Gausman,+5000,51,51.00,50/1,None Specified,Kevin Gausman,Unknown,None Specified,510006,None Specified,"[{'name': 'Kevin Gausman', 'type': 'Team'}]",Strikeouts,Most Regular Season Strikeouts
0QA227688596#122642209_13L84240Q11464112Q2-1,2,227688596,Joe Ryan,+5000,51,51.00,50/1,None Specified,Joe Ryan,Unknown,None Specified,510009,None Specified,"[{'name': 'Joe Ryan', 'type': 'Team'}]",Strikeouts,Most Regular Season Strikeouts
0QA227688596#122642177_13L84240Q1789764Q2-1,2,227688596,Sonny Gray,+5000,51,51.00,50/1,None Specified,Sonny Gray,Unknown,None Specified,510077,None Specified,"[{'name': 'Sonny Gray', 'type': 'Team'}]",Strikeouts,Most Regular Season Strikeouts
0QA227688596#122642189_13L84240Q1928047Q2-1,2,227688596,Pablo Lopez,+5000,51,51.00,50/1,None Specified,Pablo Lopez,Unknown,None Specified,510089,None Specified,"[{'name': 'Pablo Lopez', 'type': 'Team'}]",Strikeouts,Most Regular Season Strikeouts
0QA227688596#122642169_13L84240Q1789983Q2-1,2,227688596,Tyler Glasnow,+5500,56,56.00,55/1,None Specified,Tyler Glasnow,Unknown,None Specified,560069,None Specified,"[{'name': 'Tyler Glasnow', 'type': 'Team'}]",Strikeouts,Most Regular Season Strikeouts
0QA227688596#122642190_13L84240Q11100876Q2-1,2,227688596,Nick Pivetta,+5500,56,56.00,55/1,None Specified,Nick Pivetta,Unknown,None Specified,560090,None Specified,"[{'name': 'Nick Pivetta', 'type': 'Team'}]",Strikeouts,Most Regular Season Strikeouts
0QA227688596#122642195_13L84240Q12181662Q2-1,2,227688596,Michael King,+5500,56,56.00,55/1,None Specified,Michael King,Unknown,None Specified,560095,None Specified,"[{'name': 'Michael King', 'type': 'Team'}]",Strikeouts,Most Regular Season Strikeouts
0QA227688596#122642215_13L84240Q1788037Q2-1,2,227688596,Jack Flaherty,+6000,61,61.00,60/1,None Specified,Jack Flaherty,Unknown,None Specified,610015,None Specified,"[{'name': 'Jack Flaherty', 'type': 'Team'}]",Strikeouts,Most Regular Season Strikeouts
0QA227688596#122642235_13L84240Q11167378Q2-1,2,227688596,Carlos Rodon,+6000,61,61.00,60/1,None Specified,Carlos Rodon,Unknown,None Specified,610035,None Specified,"[{'name': 'Carlos Rodon', 'type': 'Team'}]",Strikeouts,Most Regular Season Strikeouts
0QA227688596#122642180_13L84240Q11263292Q2-1,2,227688596,Shane McClanahan,+6000,61,61.00,60/1,None Specified,Shane McClanahan,Unknown,None Specified,610080,None Specified,"[{'name': 'Shane McClanahan', 'type': 'Team'}]",Strikeouts,Most Regular Season Strikeouts
0QA227688596#122642197_13L84240Q11100832Q2-1,2,227688596,Mackenzie Gore,+6000,61,61.00,60/1,None Specified,Mackenzie Gore,Unknown,None Specified,610097,None Specified,"[{'name': 'Mackenzie Gore', 'type': 'Team'}]",Strikeouts,Most Regular Season Strikeouts
0QA227688596#122642205_13L84240Q11823015Q2-1,2,227688596,Kodai Senga,+6500,66,66.00,65/1,None Specified,Kodai Senga,Unknown,None Specified,660005,None Specified,"[{'name': 'Kodai Senga', 'type': 'Team'}]",Strikeouts,Most Regular Season Strikeouts
0QA227688596#122642242_13L84240Q12157494Q2-1,2,227688596,Bailey Ober,+6500,66,66.00,65/1,None Specified,Bailey Ober,Unknown,None Specified,660042,None Specified,"[{'name': 'Bailey Ober', 'type': 'Team'}]",Strikeouts,Most Regular Season Strikeouts
0QA227688596#122642173_13L84240Q11926690Q2-1,2,227688596,Tanner Bibee,+6500,66,66.00,65/1,None Specified,Tanner Bibee,Unknown,None Specified,660073,None Specified,"[{'name': 'Tanner Bibee', 'type': 'Team'}]",Strikeouts,Most Regular Season Strikeouts
0QA227688596#122642178_13L84240Q12198446Q2-1,2,227688596,Shota Imanaga,+6500,66,66.00,65/1,None Specified,Shota Imanaga,Unknown,None Specified,660078,None Specified,"[{'name': 'Shota Imanaga', 'type': 'Team'}]",Strikeouts,Most Regular Season Strikeouts
0QA227688596#122642179_13L84240Q1789730Q2-1,2,227688596,Shohei Ohtani,+7500,76,76.00,75/1,None Specified,Shohei Ohtani,Unknown,None Specified,760079,None Specified,"[{'name': 'Shohei Ohtani', 'type': 'Team'}]",Strikeouts,Most Regular Season Strikeouts
0QA227688596#122642217_13L84240Q11825762Q2-1,2,227688596,Hunter Brown,+8000,81,81.00,80/1,None Specified,Hunter Brown,Unknown,None Specified,810017,None Specified,"[{'name': 'Hunter Brown', 'type': 'Team'}]",Strikeouts,Most Regular Season Strikeouts
0QA227688596#122642162_13L84240Q1928042Q2-1,2,227688596,Zac Gallen,+8000,81,81.00,80/1,None Specified,Zac Gallen,Unknown,None Specified,810062,None Specified,"[{'name': 'Zac Gallen', 'type': 'Team'}]",Strikeouts,Most Regular Season Strikeouts
0QA227688596#122642201_13L84240Q11456370Q2-1,2,227688596,Logan Webb,+9000,91,91.00,90/1,None Specified,Logan Webb,Unknown,None Specified,910001,None Specified,"[{'name': 'Logan Webb', 'type': 'Team'}]",Strikeouts,Most Regular Season Strikeouts
0QA227688596#122642212_13L84240Q12246249Q2-1,2,227688596,Jared Jones,+9000,91,91.00,90/1,None Specified,Jared Jones,Unknown,None Specified,910012,None Specified,"[{'name': 'Jared Jones', 'type': 'Team'}]",Strikeouts,Most Regular Season Strikeouts
0QA227688596#122642220_13L84240Q11464116Q2-1,2,227688596,George Kirby,+9000,91,91.00,90/1,None Specified,George Kirby,Unknown,None Specified,910020,None Specified,"[{'name': 'George Kirby', 'type': 'Team'}]",Strikeouts,Most Regular Season Strikeouts
0QA227688596#122642236_13L84240Q11934473Q2-1,2,227688596,Bryce Miller,+9000,91,91.00,90/1,None Specified,Bryce Miller,Unknown,None Specified,910036,None Specified,"[{'name': 'Bryce Miller', 'type': 'Team'}]",Strikeouts,Most Regular Season Strikeouts
0QA227688596#122642239_13L84240Q11866125Q2-1,2,227688596,Brandon Pfaadt,+9000,91,91.00,90/1,None Specified,Brandon Pfaadt,Unknown,None Specified,910039,None Specified,"[{'name': 'Brandon Pfaadt', 'type': 'Team'}]",Strikeouts,Most Regular Season Strikeouts
0QA227688596#122642183_13L84240Q11105468Q2-1,2,227688596,Sandy Alcantara,+9000,91,91.00,90/1,None Specified,Sandy Alcantara,Unknown,None Specified,910083,None Specified,"[{'name': 'Sandy Alcantara', 'type': 'Team'}]",Strikeouts,Most Regular Season Strikeouts
0QA227688596#122642187_13L84240Q12275084Q2-1,2,227688596,Reynaldo Lopez,+9000,91,91.00,90/1,None Specified,Reynaldo Lopez,Unknown,None Specified,910087,None Specified,"[{'name': 'Reynaldo Lopez', 'type': 'Team'}]",Strikeouts,Most Regular Season Strikeouts
0QA227688596#122642203_13L84240Q12241368Q2-1,2,227688596,Kutter Crawford,+10000,101,101.00,100/1,None Specified,Kutter Crawford,Unknown,None Specified,1010003,None Specified,"[{'name': 'Kutter Crawford', 'type': 'Team'}]",Strikeouts,Most Regular Season Strikeouts
0QA227688596#122642208_13L84240Q1788305Q2-1,2,227688596,Jose Berrios,+10000,101,101.00,100/1,None Specified,Jose Berrios,Unknown,None Specified,1010008,None Specified,"[{'name': 'Jose Berrios', 'type': 'Team'}]",Strikeouts,Most Regular Season Strikeouts
0QA227688596#122642238_13L84240Q1787194Q2-1,2,227688596,Brandon Woodruff,+10000,101,101.00,100/1,None Specified,Brandon Woodruff,Unknown,None Specified,1010038,None Specified,"[{'name': 'Brandon Woodruff', 'type': 'Team'}]",Strikeouts,Most Regular Season Strikeouts
0QA227688596#122642243_13L84240Q11973718Q2-1,2,227688596,Andrew Abbott,+10000,101,101.00,100/1,None Specified,Andrew Abbott,Unknown,None Specified,1010043,None Specified,"[{'name': 'Andrew Abbott', 'type': 'Team'}]",Strikeouts,Most Regular Season Strikeouts
0QA227688596#122642174_13L84240Q11825754Q2-1,2,227688596,Taj Bradley,+10000,101,101.00,100/1,None Specified,Taj Bradley,Unknown,None Specified,1010074,None Specified,"[{'name': 'Taj Bradley', 'type': 'Team'}]",Strikeouts,Most Regular Season Strikeouts
0QA227688596#122642191_13L84240Q11113692Q2-1,2,227688596,Nick Lodolo,+10000,101,101.00,100/1,None Specified,Nick Lodolo,Unknown,None Specified,1010091,None Specified,"[{'name': 'Nick Lodolo', 'type': 'Team'}]",Strikeouts,Most Regular Season Strikeouts
0QA227688596#122642196_13L84240Q1788845Q2-1,2,227688596,Max Fried,+10000,101,101.00,100/1,None Specified,Max Fried,Unknown,None Specified,1010096,None Specified,"[{'name': 'Max Fried', 'type': 'Team'}]",Strikeouts,Most Regular Season Strikeouts
0QA227688596#122642207_13L84240Q11908008Q2-1,2,227688596,Justin Steele,+11000,111,111.00,110/1,None Specified,Justin Steele,Unknown,None Specified,1110007,None Specified,"[{'name': 'Justin Steele', 'type': 'Team'}]",Strikeouts,Most Regular Season Strikeouts
0QA227688596#122642240_13L84240Q1917469Q2-1,2,227688596,Brady Singer,+11000,111,111.00,110/1,None Specified,Brady Singer,Unknown,None Specified,1110040,None Specified,"[{'name': 'Brady Singer', 'type': 'Team'}]",Strikeouts,Most Regular Season Strikeouts
0QA227688596#122642164_13L84240Q1790414Q2-1,2,227688596,Yu Darvish,+11000,111,111.00,110/1,None Specified,Yu Darvish,Unknown,None Specified,1110064,None Specified,"[{'name': 'Yu Darvish', 'type': 'Team'}]",Strikeouts,Most Regular Season Strikeouts
0QA227688596#122642193_13L84240Q1928034Q2-1,2,227688596,Nathan Eovaldi,+11000,111,111.00,110/1,None Specified,Nathan Eovaldi,Unknown,None Specified,1110093,None Specified,"[{'name': 'Nathan Eovaldi', 'type': 'Team'}]",Strikeouts,Most Regular Season Strikeouts
0QA227688596#122642194_13L84240Q11100818Q2-1,2,227688596,Mitch Keller,+11000,111,111.00,110/1,None Specified,Mitch Keller,Unknown,None Specified,1110094,None Specified,"[{'name': 'Mitch Keller', 'type': 'Team'}]",Strikeouts,Most Regular Season Strikeouts
0QA227688596#122642229_13L84240Q12272035Q2-1,2,227688596,Cristopher Sanchez,+13000,131,131.00,130/1,None Specified,Cristopher Sanchez,Unknown,None Specified,1310029,None Specified,"[{'name': 'Cristopher Sanchez', 'type': 'Team'}]",Strikeouts,Most Regular Season Strikeouts
0QA227688596#122642176_13L84240Q12371157Q2-1,2,227688596,Spencer Schwellenbach,+13000,131,131.00,130/1,None Specified,Spencer Schwellenbach,Unknown,None Specified,1310076,None Specified,"[{'name': 'Spencer Schwellenbach', 'type': 'Team'}]",Strikeouts,Most Regular Season Strikeouts
0QA227688596#122642181_13L84240Q12286783Q2-1,2,227688596,Seth Lugo,+13000,131,131.00,130/1,None Specified,Seth Lugo,Unknown,None Specified,1310081,None Specified,"[{'name': 'Seth Lugo', 'type': 'Team'}]",Strikeouts,Most Regular Season Strikeouts
0QA227688596#122642182_13L84240Q1789680Q2-1,2,227688596,Sean Manaea,+13000,131,131.00,130/1,None Specified,Sean Manaea,Unknown,None Specified,1310082,None Specified,"[{'name': 'Sean Manaea', 'type': 'Team'}]",Strikeouts,Most Regular Season Strikeouts
0QA227688596#122642185_13L84240Q12258453Q2-1,2,227688596,Ronel Blanco,+13000,131,131.00,130/1,None Specified,Ronel Blanco,Unknown,None Specified,1310085,None Specified,"[{'name': 'Ronel Blanco', 'type': 'Team'}]",Strikeouts,Most Regular Season Strikeouts
0QA227688596#122642198_13L84240Q1788624Q2-1,2,227688596,Luis Severino,+13000,131,131.00,130/1,None Specified,Luis Severino,Unknown,None Specified,1310098,None Specified,"[{'name': 'Luis Severino', 'type': 'Team'}]",Strikeouts,Most Regular Season Strikeouts
0QA227688596#122642210_13L84240Q1928032Q2-1,2,227688596,Jesus Luzardo,+15000,151,151.00,150/1,None Specified,Jesus Luzardo,Unknown,None Specified,1510010,None Specified,"[{'name': 'Jesus Luzardo', 'type': 'Team'}]",Strikeouts,Most Regular Season Strikeouts
0QA227688596#122642211_13L84240Q11897814Q2-1,2,227688596,Jeffrey Springs,+15000,151,151.00,150/1,None Specified,Jeffrey Springs,Unknown,None Specified,1510011,None Specified,"[{'name': 'Jeffrey Springs', 'type': 'Team'}]",Strikeouts,Most Regular Season Strikeouts
0QA227688596#122642225_13L84240Q11100849Q2-1,2,227688596,Edward Cabrera,+15000,151,151.00,150/1,None Specified,Edward Cabrera,Unknown,None Specified,1510025,None Specified,"[{'name': 'Edward Cabrera', 'type': 'Team'}]",Strikeouts,Most Regular Season Strikeouts
0QA227688596#122642233_13L84240Q11105475Q2-1,2,227688596,Chris Bassitt,+15000,151,151.00,150/1,None Specified,Chris Bassitt,Unknown,None Specified,1510033,None Specified,"[{'name': 'Chris Bassitt', 'type': 'Team'}]",Strikeouts,Most Regular Season Strikeouts
0QA227688596#122642234_13L84240Q1787301Q2-1,2,227688596,Charlie Morton,+15000,151,151.00,150/1,None Specified,Charlie Morton,Unknown,None Specified,1510034,None Specified,"[{'name': 'Charlie Morton', 'type': 'Team'}]",Strikeouts,Most Regular Season Strikeouts
0QA227688596#122642556_13L84240Q12384677Q2-1,2,227688596,Spencer Arrighetti,+15000,151,151.00,150/1,None Specified,Spencer Arrighetti,Unknown,None Specified,1510056,None Specified,"[{'name': 'Spencer Arrighetti', 'type': 'Team'}]",Strikeouts,Most Regular Season Strikeouts
0QA227688596#122642559_13L84240Q12384679Q2-1,2,227688596,DJ Herz,+15000,151,151.00,150/1,None Specified,DJ Herz,Unknown,None Specified,1510059,None Specified,"[{'name': 'DJ Herz', 'type': 'Team'}]",Strikeouts,Most Regular Season Strikeouts
0QA227688596#122642161_13L84240Q11100815Q2-1,2,227688596,Zach Eflin,+15000,151,151.00,150/1,None Specified,Zach Eflin,Unknown,None Specified,1510061,None Specified,"[{'name': 'Zach Eflin', 'type': 'Team'}]",Strikeouts,Most Regular Season Strikeouts
0QA227688596#122642166_13L84240Q1790247Q2-1,2,227688596,Walker Buehler,+15000,151,151.00,150/1,None Specified,Walker Buehler,Unknown,None Specified,1510066,None Specified,"[{'name': 'Walker Buehler', 'type': 'Team'}]",Strikeouts,Most Regular Season Strikeouts
0QA227688596#122642167_13L84240Q11540197Q2-1,2,227688596,Tylor Megill,+15000,151,151.00,150/1,None Specified,Tylor Megill,Unknown,None Specified,1510067,None Specified,"[{'name': 'Tylor Megill', 'type': 'Team'}]",Strikeouts,Most Regular Season Strikeouts
0QA227688596#122642172_13L84240Q11358363Q2-1,2,227688596,Tanner Houck,+15000,151,151.00,150/1,None Specified,Tanner Houck,Unknown,None Specified,1510072,None Specified,"[{'name': 'Tanner Houck', 'type': 'Team'}]",Strikeouts,Most Regular Season Strikeouts
0QA227688596#122642184_13L84240Q11825737Q2-1,2,227688596,Ryan Pepiot,+15000,151,151.00,150/1,None Specified,Ryan Pepiot,Unknown,None Specified,1510084,None Specified,"[{'name': 'Ryan Pepiot', 'type': 'Team'}]",Strikeouts,Most Regular Season Strikeouts
0QA227688596#122642192_13L84240Q11542087Q2-1,2,227688596,Nestor Cortes,+15000,151,151.00,150/1,None Specified,Nestor Cortes,Unknown,None Specified,1510092,None Specified,"[{'name': 'Nestor Cortes', 'type': 'Team'}]",Strikeouts,Most Regular Season Strikeouts
0QA227688596#122642204_13L84240Q11244142Q2-1,2,227688596,Kumar Rocker,+20000,201,201.00,200/1,None Specified,Kumar Rocker,Unknown,None Specified,2010004,None Specified,"[{'name': 'Kumar Rocker', 'type': 'Team'}]",Strikeouts,Most Regular Season Strikeouts
0QA227688596#122642213_13L84240Q12338410Q2-1,2,227688596,Jake Irvin,+20000,201,201.00,200/1,None Specified,Jake Irvin,Unknown,None Specified,2010013,None Specified,"[{'name': 'Jake Irvin', 'type': 'Team'}]",Strikeouts,Most Regular Season Strikeouts
0QA227688596#122642221_13L84240Q11244153Q2-1,2,227688596,Gavin Williams,+20000,201,201.00,200/1,None Specified,Gavin Williams,Unknown,None Specified,2010021,None Specified,"[{'name': 'Gavin Williams', 'type': 'Team'}]",Strikeouts,Most Regular Season Strikeouts
0QA227688596#122642226_13L84240Q1787625Q2-1,2,227688596,Eduardo Rodriguez,+20000,201,201.00,200/1,None Specified,Eduardo Rodriguez,Unknown,None Specified,2010026,None Specified,"[{'name': 'Eduardo Rodriguez', 'type': 'Team'}]",Strikeouts,Most Regular Season Strikeouts
0QA227688596#122642228_13L84240Q12371166Q2-1,2,227688596,David Peterson,+20000,201,201.00,200/1,None Specified,David Peterson,Unknown,None Specified,2010028,None Specified,"[{'name': 'David Peterson', 'type': 'Team'}]",Strikeouts,Most Regular Season Strikeouts
0QA227688596#122642237_13L84240Q11832816Q2-1,2,227688596,Brayan Bello,+20000,201,201.00,200/1,None Specified,Brayan Bello,Unknown,None Specified,2010037,None Specified,"[{'name': 'Brayan Bello', 'type': 'Team'}]",Strikeouts,Most Regular Season Strikeouts
0QA227688596#122642557_13L84240Q12384681Q2-1,2,227688596,Ryan Feltner,+20000,201,201.00,200/1,None Specified,Ryan Feltner,Unknown,None Specified,2010057,None Specified,"[{'name': 'Ryan Feltner', 'type': 'Team'}]",Strikeouts,Most Regular Season Strikeouts
0QA227688596#122642558_13L84240Q12384683Q2-1,2,227688596,Erick Fedde,+20000,201,201.00,200/1,None Specified,Erick Fedde,Unknown,None Specified,2010058,None Specified,"[{'name': 'Erick Fedde', 'type': 'Team'}]",Strikeouts,Most Regular Season Strikeouts
0QA227688596#122642168_13L84240Q11100814Q2-1,2,227688596,Tyler Mahle,+20000,201,201.00,200/1,None Specified,Tyler Mahle,Unknown,None Specified,2010068,None Specified,"[{'name': 'Tyler Mahle', 'type': 'Team'}]",Strikeouts,Most Regular Season Strikeouts
0QA227688596#122642170_13L84240Q11822990Q2-1,2,227688596,Tyler Anderson,+20000,201,201.00,200/1,None Specified,Tyler Anderson,Unknown,None Specified,2010070,None Specified,"[{'name': 'Tyler Anderson', 'type': 'Team'}]",Strikeouts,Most Regular Season Strikeouts
0QA232264008#149414236_13L84240Q11825749Q2-1,2,232264008,Elly De La Cruz,+130,2.3,2.30,13/10,None Specified,Elly De La Cruz,Unknown,None Specified,23036,None Specified,"[{'name': 'Elly De La Cruz', 'type': 'Team'}]",Stolen Bases,Most Regular Season Stolen Bases
0QA232264008#149414209_13L84240Q1700312Q2-1,2,232264008,Ronald Acuna Jr.,+800,9,9.00,8/1,None Specified,Ronald Acuna Jr.,Unknown,None Specified,90009,None Specified,"[{'name': 'Ronald Acuna Jr.', 'type': 'Team'}]",Stolen Bases,Most Regular Season Stolen Bases
0QA232264008#149414240_13L84240Q11825751Q2-1,2,232264008,Corbin Carroll,+850,9.5,9.50,17/2,None Specified,Corbin Carroll,Unknown,None Specified,95040,None Specified,"[{'name': 'Corbin Carroll', 'type': 'Team'}]",Stolen Bases,Most Regular Season Stolen Bases
0QA232264008#149414245_13L84240Q11903303Q2-1,2,232264008,Brice Turang,+1200,13,13.00,12/1,None Specified,Brice Turang,Unknown,None Specified,130045,None Specified,"[{'name': 'Brice Turang', 'type': 'Team'}]",Stolen Bases,Most Regular Season Stolen Bases
0QA232264008#149414198_13L84240Q11464097Q2-1,2,232264008,Xavier Edwards,+1200,13,13.00,12/1,None Specified,Xavier Edwards,Unknown,None Specified,130098,None Specified,"[{'name': 'Xavier Edwards', 'type': 'Team'}]",Stolen Bases,Most Regular Season Stolen Bases
0QA232264008#149414208_13L84240Q1789730Q2-1,2,232264008,Shohei Ohtani,+1600,17,17.00,16/1,None Specified,Shohei Ohtani,Unknown,None Specified,170008,None Specified,"[{'name': 'Shohei Ohtani', 'type': 'Team'}]",Stolen Bases,Most Regular Season Stolen Bases
0QA232264008#149414211_13L84240Q12183046Q2-1,2,232264008,Pete Crow-Armstrong,+1800,19,19.00,18/1,None Specified,Pete Crow-Armstrong,Unknown,None Specified,190011,None Specified,"[{'name': 'Pete Crow-Armstrong', 'type': 'Team'}]",Stolen Bases,Most Regular Season Stolen Bases
0QA232264008#149414247_13L84240Q11464121Q2-1,2,232264008,Bobby Witt Jr.,+1800,19,19.00,18/1,None Specified,Bobby Witt Jr.,Unknown,None Specified,190047,None Specified,"[{'name': 'Bobby Witt Jr.', 'type': 'Team'}]",Stolen Bases,Most Regular Season Stolen Bases
0QA232264008#149414202_13L84240Q1928028Q2-1,2,232264008,Victor Robles,+1900,20,20.00,19/1,None Specified,Victor Robles,Unknown,None Specified,200002,None Specified,"[{'name': 'Victor Robles', 'type': 'Team'}]",Stolen Bases,Most Regular Season Stolen Bases
0QA232264008#149414227_13L84240Q11456367Q2-1,2,232264008,Jazz Chisholm Jr.,+2000,21,21.00,20/1,None Specified,Jazz Chisholm Jr.,Unknown,None Specified,210027,None Specified,"[{'name': 'Jazz Chisholm Jr.', 'type': 'Team'}]",Stolen Bases,Most Regular Season Stolen Bases
0QA232264008#149414239_13L84240Q12388229Q2-1,2,232264008,Dairon Blanco,+2000,21,21.00,20/1,None Specified,Dairon Blanco,Unknown,None Specified,210039,None Specified,"[{'name': 'Dairon Blanco', 'type': 'Team'}]",Stolen Bases,Most Regular Season Stolen Bases
0QA232264008#149414241_13L84240Q11854221Q2-1,2,232264008,CJ Abrams,+2000,21,21.00,20/1,None Specified,CJ Abrams,Unknown,None Specified,210041,None Specified,"[{'name': 'CJ Abrams', 'type': 'Team'}]",Stolen Bases,Most Regular Season Stolen Bases
0QA232264008#149414226_13L84240Q11963583Q2-1,2,232264008,Jose Caballero,+2500,26,26.00,25/1,None Specified,Jose Caballero,Unknown,None Specified,260026,None Specified,"[{'name': 'Jose Caballero', 'type': 'Team'}]",Stolen Bases,Most Regular Season Stolen Bases
0QA232264008#149414229_13L84240Q11263383Q2-1,2,232264008,Jarren Duran,+3000,31,31.00,30/1,None Specified,Jarren Duran,Unknown,None Specified,310029,None Specified,"[{'name': 'Jarren Duran', 'type': 'Team'}]",Stolen Bases,Most Regular Season Stolen Bases
0QA232264008#149414201_13L84240Q12252042Q2-1,2,232264008,Victor Scott II,+4000,41,41.00,40/1,None Specified,Victor Scott II,Unknown,None Specified,410001,None Specified,"[{'name': 'Victor Scott II', 'type': 'Team'}]",Stolen Bases,Most Regular Season Stolen Bases
0QA232264008#149414225_13L84240Q1788310Q2-1,2,232264008,Jose Ramirez,+4000,41,41.00,40/1,None Specified,Jose Ramirez,Unknown,None Specified,410025,None Specified,"[{'name': 'Jose Ramirez', 'type': 'Team'}]",Stolen Bases,Most Regular Season Stolen Bases
0QA232264008#149414230_13L84240Q11854219Q2-1,2,232264008,Jake McCarthy,+4000,41,41.00,40/1,None Specified,Jake McCarthy,Unknown,None Specified,410030,None Specified,"[{'name': 'Jake McCarthy', 'type': 'Team'}]",Stolen Bases,Most Regular Season Stolen Bases
0QA232264008#149414231_13L84240Q12288183Q2-1,2,232264008,Jacob Young,+4000,41,41.00,40/1,None Specified,Jacob Young,Unknown,None Specified,410031,None Specified,"[{'name': 'Jacob Young', 'type': 'Team'}]",Stolen Bases,Most Regular Season Stolen Bases
0QA232264008#149414217_13L84240Q11963582Q2-1,2,232264008,Maikel Garcia,+5000,51,51.00,50/1,None Specified,Maikel Garcia,Unknown,None Specified,510017,None Specified,"[{'name': 'Maikel Garcia', 'type': 'Team'}]",Stolen Bases,Most Regular Season Stolen Bases
0QA232264008#149414223_13L84240Q11113704Q2-1,2,232264008,Julio Rodriguez,+5000,51,51.00,50/1,None Specified,Julio Rodriguez,Unknown,None Specified,510023,None Specified,"[{'name': 'Julio Rodriguez', 'type': 'Team'}]",Stolen Bases,Most Regular Season Stolen Bases
0QA232264008#149414243_13L84240Q11456368Q2-1,2,232264008,Cedric Mullins,+5000,51,51.00,50/1,None Specified,Cedric Mullins,Unknown,None Specified,510043,None Specified,"[{'name': 'Cedric Mullins', 'type': 'Team'}]",Stolen Bases,Most Regular Season Stolen Bases
0QA232264008#149414213_13L84240Q11591465Q2-1,2,232264008,Nico Hoerner,+6000,61,61.00,60/1,None Specified,Nico Hoerner,Unknown,None Specified,610013,None Specified,"[{'name': 'Nico Hoerner', 'type': 'Team'}]",Stolen Bases,Most Regular Season Stolen Bases
0QA232264008#149414232_13L84240Q12183051Q2-1,2,232264008,Jackson Chourio,+6000,61,61.00,60/1,None Specified,Jackson Chourio,Unknown,None Specified,610032,None Specified,"[{'name': 'Jackson Chourio', 'type': 'Team'}]",Stolen Bases,Most Regular Season Stolen Bases
0QA232264008#149414244_13L84240Q11464138Q2-1,2,232264008,Bryson Stott,+6000,61,61.00,60/1,None Specified,Bryson Stott,Unknown,None Specified,610044,None Specified,"[{'name': 'Bryson Stott', 'type': 'Team'}]",Stolen Bases,Most Regular Season Stolen Bases
0QA232264008#149414248_13L84240Q11825768Q2-1,2,232264008,Anthony Volpe,+6000,61,61.00,60/1,None Specified,Anthony Volpe,Unknown,None Specified,610048,None Specified,"[{'name': 'Anthony Volpe', 'type': 'Team'}]",Stolen Bases,Most Regular Season Stolen Bases
0QA232264008#149414249_13L84240Q11101912Q2-1,2,232264008,Andres Gimenez,+6000,61,61.00,60/1,None Specified,Andres Gimenez,Unknown,None Specified,610049,None Specified,"[{'name': 'Andres Gimenez', 'type': 'Team'}]",Stolen Bases,Most Regular Season Stolen Bases
0QA232264008#149414237_13L84240Q11101907Q2-1,2,232264008,Dylan Moore,+7000,71,71.00,70/1,None Specified,Dylan Moore,Unknown,None Specified,710037,None Specified,"[{'name': 'Dylan Moore', 'type': 'Team'}]",Stolen Bases,Most Regular Season Stolen Bases
0QA232264008#149414238_13L84240Q11993893Q2-1,2,232264008,Dylan Crews,+7000,71,71.00,70/1,None Specified,Dylan Crews,Unknown,None Specified,710038,None Specified,"[{'name': 'Dylan Crews', 'type': 'Team'}]",Stolen Bases,Most Regular Season Stolen Bases
0QA232264008#149414246_13L84240Q11926869Q2-1,2,232264008,Brenton Doyle,+7000,71,71.00,70/1,None Specified,Brenton Doyle,Unknown,None Specified,710046,None Specified,"[{'name': 'Brenton Doyle', 'type': 'Team'}]",Stolen Bases,Most Regular Season Stolen Bases
0QA232264008#149414218_13L84240Q11854204Q2-1,2,232264008,Luis Robert Jr.,+8000,81,81.00,80/1,None Specified,Luis Robert Jr.,Unknown,None Specified,810018,None Specified,"[{'name': 'Luis Robert Jr.', 'type': 'Team'}]",Stolen Bases,Most Regular Season Stolen Bases
0QA232264008#149414224_13L84240Q11464110Q2-1,2,232264008,Josh Lowe,+8000,81,81.00,80/1,None Specified,Josh Lowe,Unknown,None Specified,810024,None Specified,"[{'name': 'Josh Lowe', 'type': 'Team'}]",Stolen Bases,Most Regular Season Stolen Bases
0QA232264008#149414197_13L84240Q11623728Q2-1,2,232264008,Zach Neto,+8000,81,81.00,80/1,None Specified,Zach Neto,Unknown,None Specified,810097,None Specified,"[{'name': 'Zach Neto', 'type': 'Team'}]",Stolen Bases,Most Regular Season Stolen Bases
0QA232264008#149414205_13L84240Q1928016Q2-1,2,232264008,Trea Turner,+10000,101,101.00,100/1,None Specified,Trea Turner,Unknown,None Specified,1010005,None Specified,"[{'name': 'Trea Turner', 'type': 'Team'}]",Stolen Bases,Most Regular Season Stolen Bases
0QA232264008#149414206_13L84240Q11456365Q2-1,2,232264008,Tommy Edman,+10000,101,101.00,100/1,None Specified,Tommy Edman,Unknown,None Specified,1010006,None Specified,"[{'name': 'Tommy Edman', 'type': 'Team'}]",Stolen Bases,Most Regular Season Stolen Bases
0QA232264008#149414210_13L84240Q11100824Q2-1,2,232264008,Randy Arozarena,+10000,101,101.00,100/1,None Specified,Randy Arozarena,Unknown,None Specified,1010010,None Specified,"[{'name': 'Randy Arozarena', 'type': 'Team'}]",Stolen Bases,Most Regular Season Stolen Bases
0QA232264008#149414219_13L84240Q12388230Q2-1,2,232264008,Luis Rengifo,+10000,101,101.00,100/1,None Specified,Luis Rengifo,Unknown,None Specified,1010019,None Specified,"[{'name': 'Luis Rengifo', 'type': 'Team'}]",Stolen Bases,Most Regular Season Stolen Bases
0QA232264008#149414221_13L84240Q12157489Q2-1,2,232264008,Lane Thomas,+10000,101,101.00,100/1,None Specified,Lane Thomas,Unknown,None Specified,1010021,None Specified,"[{'name': 'Lane Thomas', 'type': 'Team'}]",Stolen Bases,Most Regular Season Stolen Bases
0QA232264008#149414222_13L84240Q11100821Q2-1,2,232264008,Kyle Tucker,+10000,101,101.00,100/1,None Specified,Kyle Tucker,Unknown,None Specified,1010022,None Specified,"[{'name': 'Kyle Tucker', 'type': 'Team'}]",Stolen Bases,Most Regular Season Stolen Bases
0QA232264008#149414228_13L84240Q11879633Q2-1,2,232264008,Jasson Dominguez,+10000,101,101.00,100/1,None Specified,Jasson Dominguez,Unknown,None Specified,1010028,None Specified,"[{'name': 'Jasson Dominguez', 'type': 'Team'}]",Stolen Bases,Most Regular Season Stolen Bases
0QA232264008#149414233_13L84240Q11100839Q2-1,2,232264008,Ha-seong Kim,+10000,101,101.00,100/1,None Specified,Ha-seong Kim,Unknown,None Specified,1010033,None Specified,"[{'name': 'Ha-seong Kim', 'type': 'Team'}]",Stolen Bases,Most Regular Season Stolen Bases
0QA232264008#149414234_13L84240Q1787748Q2-1,2,232264008,Francisco Lindor,+10000,101,101.00,100/1,None Specified,Francisco Lindor,Unknown,None Specified,1010034,None Specified,"[{'name': 'Francisco Lindor', 'type': 'Team'}]",Stolen Bases,Most Regular Season Stolen Bases
0QA232264008#149414235_13L84240Q1787727Q2-1,2,232264008,Fernando Tatis Jr.,+10000,101,101.00,100/1,None Specified,Fernando Tatis Jr.,Unknown,None Specified,1010035,None Specified,"[{'name': 'Fernando Tatis Jr.', 'type': 'Team'}]",Stolen Bases,Most Regular Season Stolen Bases
0QA232264008#149414242_13L84240Q1787355Q2-1,2,232264008,Christian Yelich,+10000,101,101.00,100/1,None Specified,Christian Yelich,Unknown,None Specified,1010042,None Specified,"[{'name': 'Christian Yelich', 'type': 'Team'}]",Stolen Bases,Most Regular Season Stolen Bases
0QA232264008#149414196_13L84240Q11825752Q2-1,2,232264008,Zack Gelof,+10000,101,101.00,100/1,None Specified,Zack Gelof,Unknown,None Specified,1010096,None Specified,"[{'name': 'Zack Gelof', 'type': 'Team'}]",Stolen Bases,Most Regular Season Stolen Bases
0QA232264008#149414200_13L84240Q12096770Q2-1,2,232264008,Willi Castro,+15000,151,151.00,150/1,None Specified,Willi Castro,Unknown,None Specified,1510000,None Specified,"[{'name': 'Willi Castro', 'type': 'Team'}]",Stolen Bases,Most Regular Season Stolen Bases
0QA232264008#170098703_13L84240Q12327580Q2-1,2,232264008,David Hamilton,+15000,151,151.00,150/1,None Specified,David Hamilton,Unknown,None Specified,1510003,None Specified,"[{'name': 'David Hamilton', 'type': 'Team'}]",Stolen Bases,Most Regular Season Stolen Bases
0QA232264008#149414203_13L84240Q12353339Q2-1,2,232264008,Tyler Fitzgerald,+15000,151,151.00,150/1,None Specified,Tyler Fitzgerald,Unknown,None Specified,1510003,None Specified,"[{'name': 'Tyler Fitzgerald', 'type': 'Team'}]",Stolen Bases,Most Regular Season Stolen Bases
0QA232264008#149414204_13L84240Q1789969Q2-1,2,232264008,Trevor Story,+15000,151,151.00,150/1,None Specified,Trevor Story,Unknown,None Specified,1510004,None Specified,"[{'name': 'Trevor Story', 'type': 'Team'}]",Stolen Bases,Most Regular Season Stolen Bases
0QA232264008#149414207_13L84240Q11464100Q2-1,2,232264008,Steven Kwan,+15000,151,151.00,150/1,None Specified,Steven Kwan,Unknown,None Specified,1510007,None Specified,"[{'name': 'Steven Kwan', 'type': 'Team'}]",Stolen Bases,Most Regular Season Stolen Bases
0QA232264008#149414212_13L84240Q12162519Q2-1,2,232264008,Parker Meadows,+15000,151,151.00,150/1,None Specified,Parker Meadows,Unknown,None Specified,1510012,None Specified,"[{'name': 'Parker Meadows', 'type': 'Team'}]",Stolen Bases,Most Regular Season Stolen Bases
0QA232264008#149414214_13L84240Q11606302Q2-1,2,232264008,Michael Harris,+15000,151,151.00,150/1,None Specified,Michael Harris,Unknown,None Specified,1510014,None Specified,"[{'name': 'Michael Harris', 'type': 'Team'}]",Stolen Bases,Most Regular Season Stolen Bases
0QA232264008#149414215_13L84240Q11993917Q2-1,2,232264008,Matt Shaw,+15000,151,151.00,150/1,None Specified,Matt Shaw,Unknown,None Specified,1510015,None Specified,"[{'name': 'Matt Shaw', 'type': 'Team'}]",Stolen Bases,Most Regular Season Stolen Bases
0QA232264008#149414216_13L84240Q11244148Q2-1,2,232264008,Matt McLain,+15000,151,151.00,150/1,None Specified,Matt McLain,Unknown,None Specified,1510016,None Specified,"[{'name': 'Matt McLain', 'type': 'Team'}]",Stolen Bases,Most Regular Season Stolen Bases
0QA232264008#149414220_13L84240Q12383588Q2-1,2,232264008,Lawrence Butler,+15000,151,151.00,150/1,None Specified,Lawrence Butler,Unknown,None Specified,1510020,None Specified,"[{'name': 'Lawrence Butler', 'type': 'Team'}]",Stolen Bases,Most Regular Season Stolen Bases
0QA232264008#149414199_13L84240Q11993894Q2-1,2,232264008,Wyatt Langford,+15000,151,151.00,150/1,None Specified,Wyatt Langford,Unknown,None Specified,1510099,None Specified,"[{'name': 'Wyatt Langford', 'type': 'Team'}]",Stolen Bases,Most Regular Season Stolen Bases
0QA232263721#149413995_13L84240Q1928008Q2-1,2,232263721,Luis Arraez,+650,7.5,7.50,13/2,None Specified,Luis Arraez,Unknown,None Specified,75095,None Specified,"[{'name': 'Luis Arraez', 'type': 'Team'}]",Hits,Most Regular Season Hits
0QA232263721#149414030_13L84240Q11464121Q2-1,2,232263721,Bobby Witt Jr.,+800,9,9.00,8/1,None Specified,Bobby Witt Jr.,Unknown,None Specified,90030,None Specified,"[{'name': 'Bobby Witt Jr.', 'type': 'Team'}]",Hits,Most Regular Season Hits
0QA232263721#149413966_13L84240Q1700314Q2-1,2,232263721,Vladimir Guerrero Jr.,+1000,11,11.00,10/1,None Specified,Vladimir Guerrero Jr.,Unknown,None Specified,110066,None Specified,"[{'name': 'Vladimir Guerrero Jr.', 'type': 'Team'}]",Hits,Most Regular Season Hits
0QA232263721#149414015_13L84240Q1551457Q2-1,2,232263721,Freddie Freeman,+1200,13,13.00,12/1,None Specified,Freddie Freeman,Unknown,None Specified,130015,None Specified,"[{'name': 'Freddie Freeman', 'type': 'Team'}]",Hits,Most Regular Season Hits
0QA232263721#149413968_13L84240Q1928016Q2-1,2,232263721,Trea Turner,+1200,13,13.00,12/1,None Specified,Trea Turner,Unknown,None Specified,130068,None Specified,"[{'name': 'Trea Turner', 'type': 'Team'}]",Hits,Most Regular Season Hits
0QA232263721#149414002_13L84240Q11113704Q2-1,2,232263721,Julio Rodriguez,+1400,15,15.00,14/1,None Specified,Julio Rodriguez,Unknown,None Specified,150002,None Specified,"[{'name': 'Julio Rodriguez', 'type': 'Team'}]",Hits,Most Regular Season Hits
0QA232263721#149413972_13L84240Q1789730Q2-1,2,232263721,Shohei Ohtani,+1400,15,15.00,14/1,None Specified,Shohei Ohtani,Unknown,None Specified,150072,None Specified,"[{'name': 'Shohei Ohtani', 'type': 'Team'}]",Hits,Most Regular Season Hits
0QA232263721#149414010_13L84240Q12232281Q2-1,2,232263721,Jackson Merrill,+1900,20,20.00,19/1,None Specified,Jackson Merrill,Unknown,None Specified,200010,None Specified,"[{'name': 'Jackson Merrill', 'type': 'Team'}]",Hits,Most Regular Season Hits
0QA232263721#149413971_13L84240Q11464100Q2-1,2,232263721,Steven Kwan,+1900,20,20.00,19/1,None Specified,Steven Kwan,Unknown,None Specified,200071,None Specified,"[{'name': 'Steven Kwan', 'type': 'Team'}]",Hits,Most Regular Season Hits
0QA232263721#149414005_13L84240Q1788310Q2-1,2,232263721,Jose Ramirez,+2000,21,21.00,20/1,None Specified,Jose Ramirez,Unknown,None Specified,210005,None Specified,"[{'name': 'Jose Ramirez', 'type': 'Team'}]",Hits,Most Regular Season Hits
0QA232263721#149414018_13L84240Q11825747Q2-1,2,232263721,Ezequiel Tovar,+2200,23,23.00,22/1,None Specified,Ezequiel Tovar,Unknown,None Specified,230018,None Specified,"[{'name': 'Ezequiel Tovar', 'type': 'Team'}]",Hits,Most Regular Season Hits
0QA232263721#149414013_13L84240Q11822948Q2-1,2,232263721,Gunnar Henderson,+2800,29,29.00,28/1,None Specified,Gunnar Henderson,Unknown,None Specified,290013,None Specified,"[{'name': 'Gunnar Henderson', 'type': 'Team'}]",Hits,Most Regular Season Hits
0QA232263721#149414011_13L84240Q12183051Q2-1,2,232263721,Jackson Chourio,+3000,31,31.00,30/1,None Specified,Jackson Chourio,Unknown,None Specified,310011,None Specified,"[{'name': 'Jackson Chourio', 'type': 'Team'}]",Hits,Most Regular Season Hits
0QA232263721#161479323_13L84240Q12183050Q2-1,2,232263721,Jung Hoo Lee,+3000,31,31.00,30/1,None Specified,Jung Hoo Lee,Unknown,None Specified,310023,None Specified,"[{'name': 'Jung Hoo Lee', 'type': 'Team'}]",Hits,Most Regular Season Hits
0QA232263721#149413960_13L84240Q11733009Q2-1,2,232263721,Yandy Diaz,+3000,31,31.00,30/1,None Specified,Yandy Diaz,Unknown,None Specified,310060,None Specified,"[{'name': 'Yandy Diaz', 'type': 'Team'}]",Hits,Most Regular Season Hits
0QA232263721#149413987_13L84240Q11606302Q2-1,2,232263721,Michael Harris,+3000,31,31.00,30/1,None Specified,Michael Harris,Unknown,None Specified,310087,None Specified,"[{'name': 'Michael Harris', 'type': 'Team'}]",Hits,Most Regular Season Hits
0QA232263721#149414006_13L84240Q1788304Q2-1,2,232263721,Jose Altuve,+4000,41,41.00,40/1,None Specified,Jose Altuve,Unknown,None Specified,410006,None Specified,"[{'name': 'Jose Altuve', 'type': 'Team'}]",Hits,Most Regular Season Hits
0QA232263721#149414008_13L84240Q11263383Q2-1,2,232263721,Jarren Duran,+4000,41,41.00,40/1,None Specified,Jarren Duran,Unknown,None Specified,410008,None Specified,"[{'name': 'Jarren Duran', 'type': 'Team'}]",Hits,Most Regular Season Hits
0QA232263721#149414017_13L84240Q1787727Q2-1,2,232263721,Fernando Tatis Jr.,+4000,41,41.00,40/1,None Specified,Fernando Tatis Jr.,Unknown,None Specified,410017,None Specified,"[{'name': 'Fernando Tatis Jr.', 'type': 'Team'}]",Hits,Most Regular Season Hits
0QA232263721#149414031_13L84240Q1928004Q2-1,2,232263721,Bo Bichette,+4000,41,41.00,40/1,None Specified,Bo Bichette,Unknown,None Specified,410031,None Specified,"[{'name': 'Bo Bichette', 'type': 'Team'}]",Hits,Most Regular Season Hits
0QA232263721#149414038_13L84240Q11100800Q2-1,2,232263721,Alec Bohm,+4000,41,41.00,40/1,None Specified,Alec Bohm,Unknown,None Specified,410038,None Specified,"[{'name': 'Alec Bohm', 'type': 'Team'}]",Hits,Most Regular Season Hits
0QA232263721#149413959_13L84240Q1790408Q2-1,2,232263721,Yordan Alvarez,+4000,41,41.00,40/1,None Specified,Yordan Alvarez,Unknown,None Specified,410059,None Specified,"[{'name': 'Yordan Alvarez', 'type': 'Team'}]",Hits,Most Regular Season Hits
0QA232263721#149413986_13L84240Q1788941Q2-1,2,232263721,Mookie Betts,+4000,41,41.00,40/1,None Specified,Mookie Betts,Unknown,None Specified,410086,None Specified,"[{'name': 'Mookie Betts', 'type': 'Team'}]",Hits,Most Regular Season Hits
0QA232263721#149414007_13L84240Q11464113Q2-1,2,232263721,Jeremy Pena,+5000,51,51.00,50/1,None Specified,Jeremy Pena,Unknown,None Specified,510007,None Specified,"[{'name': 'Jeremy Pena', 'type': 'Team'}]",Hits,Most Regular Season Hits
0QA232263721#149414016_13L84240Q1787748Q2-1,2,232263721,Francisco Lindor,+5000,51,51.00,50/1,None Specified,Francisco Lindor,Unknown,None Specified,510016,None Specified,"[{'name': 'Francisco Lindor', 'type': 'Team'}]",Hits,Most Regular Season Hits
0QA232263721#149414019_13L84240Q11825749Q2-1,2,232263721,Elly De La Cruz,+5000,51,51.00,50/1,None Specified,Elly De La Cruz,Unknown,None Specified,510019,None Specified,"[{'name': 'Elly De La Cruz', 'type': 'Team'}]",Hits,Most Regular Season Hits
0QA232263721#149414021_13L84240Q1787405Q2-1,2,232263721,Corey Seager,+5000,51,51.00,50/1,None Specified,Corey Seager,Unknown,None Specified,510021,None Specified,"[{'name': 'Corey Seager', 'type': 'Team'}]",Hits,Most Regular Season Hits
0QA232263721#149414026_13L84240Q11456364Q2-1,2,232263721,Bryan Reynolds,+5000,51,51.00,50/1,None Specified,Bryan Reynolds,Unknown,None Specified,510026,None Specified,"[{'name': 'Bryan Reynolds', 'type': 'Team'}]",Hits,Most Regular Season Hits
0QA232263721#149414032_13L84240Q11288899Q2-1,2,232263721,Austin Riley,+5000,51,51.00,50/1,None Specified,Austin Riley,Unknown,None Specified,510032,None Specified,"[{'name': 'Austin Riley', 'type': 'Team'}]",Hits,Most Regular Season Hits
0QA232263721#149414040_13L84240Q1786819Q2-1,2,232263721,Aaron Judge,+5000,51,51.00,50/1,None Specified,Aaron Judge,Unknown,None Specified,510040,None Specified,"[{'name': 'Aaron Judge', 'type': 'Team'}]",Hits,Most Regular Season Hits
0QA232263721#149413977_13L84240Q1789466Q2-1,2,232263721,Rafael Devers,+5000,51,51.00,50/1,None Specified,Rafael Devers,Unknown,None Specified,510077,None Specified,"[{'name': 'Rafael Devers', 'type': 'Team'}]",Hits,Most Regular Season Hits
0QA232263721#149413993_13L84240Q1788711Q2-1,2,232263721,Manny Machado,+5000,51,51.00,50/1,None Specified,Manny Machado,Unknown,None Specified,510093,None Specified,"[{'name': 'Manny Machado', 'type': 'Team'}]",Hits,Most Regular Season Hits
0QA232263721#149414022_13L84240Q11825751Q2-1,2,232263721,Corbin Carroll,+6000,61,61.00,60/1,None Specified,Corbin Carroll,Unknown,None Specified,610022,None Specified,"[{'name': 'Corbin Carroll', 'type': 'Team'}]",Hits,Most Regular Season Hits
0QA232263721#149414025_13L84240Q1551458Q2-1,2,232263721,Bryce Harper,+6000,61,61.00,60/1,None Specified,Bryce Harper,Unknown,None Specified,610025,None Specified,"[{'name': 'Bryce Harper', 'type': 'Team'}]",Hits,Most Regular Season Hits
0QA232263721#149413969_13L84240Q11100828Q2-1,2,232263721,Teoscar Hernandez,+6000,61,61.00,60/1,None Specified,Teoscar Hernandez,Unknown,None Specified,610069,None Specified,"[{'name': 'Teoscar Hernandez', 'type': 'Team'}]",Hits,Most Regular Season Hits
0QA232263721#149413989_13L84240Q12183047Q2-1,2,232263721,Masyn Winn,+6000,61,61.00,60/1,None Specified,Masyn Winn,Unknown,None Specified,610089,None Specified,"[{'name': 'Masyn Winn', 'type': 'Team'}]",Hits,Most Regular Season Hits
0QA232263721#149413998_13L84240Q11100821Q2-1,2,232263721,Kyle Tucker,+6000,61,61.00,60/1,None Specified,Kyle Tucker,Unknown,None Specified,610098,None Specified,"[{'name': 'Kyle Tucker', 'type': 'Team'}]",Hits,Most Regular Season Hits
0QA232263721#149413965_13L84240Q11251268Q2-1,2,232263721,William Contreras,+7000,71,71.00,70/1,None Specified,William Contreras,Unknown,None Specified,710065,None Specified,"[{'name': 'William Contreras', 'type': 'Team'}]",Hits,Most Regular Season Hits
0QA232263721#149413980_13L84240Q1928013Q2-1,2,232263721,Ozzie Albies,+7000,71,71.00,70/1,None Specified,Ozzie Albies,Unknown,None Specified,710080,None Specified,"[{'name': 'Ozzie Albies', 'type': 'Team'}]",Hits,Most Regular Season Hits
0QA232263721#149414003_13L84240Q1788341Q2-1,2,232263721,Juan Soto,+8000,81,81.00,80/1,None Specified,Juan Soto,Unknown,None Specified,810003,None Specified,"[{'name': 'Juan Soto', 'type': 'Team'}]",Hits,Most Regular Season Hits
0QA232263721#149414014_13L84240Q1787846Q2-1,2,232263721,Gleyber Torres,+8000,81,81.00,80/1,None Specified,Gleyber Torres,Unknown,None Specified,810014,None Specified,"[{'name': 'Gleyber Torres', 'type': 'Team'}]",Hits,Most Regular Season Hits
0QA232263721#149413961_13L84240Q12002860Q2-1,2,232263721,Yainer Diaz,+8000,81,81.00,80/1,None Specified,Yainer Diaz,Unknown,None Specified,810061,None Specified,"[{'name': 'Yainer Diaz', 'type': 'Team'}]",Hits,Most Regular Season Hits
0QA232263721#149413962_13L84240Q1790303Q2-1,2,232263721,Xander Bogaerts,+8000,81,81.00,80/1,None Specified,Xander Bogaerts,Unknown,None Specified,810062,None Specified,"[{'name': 'Xander Bogaerts', 'type': 'Team'}]",Hits,Most Regular Season Hits
0QA232263721#149413982_13L84240Q1789058Q2-1,2,232263721,Nolan Arenado,+8000,81,81.00,80/1,None Specified,Nolan Arenado,Unknown,None Specified,810082,None Specified,"[{'name': 'Nolan Arenado', 'type': 'Team'}]",Hits,Most Regular Season Hits
0QA232263721#149413984_13L84240Q11456360Q2-1,2,232263721,Nick Castellanos,+8000,81,81.00,80/1,None Specified,Nick Castellanos,Unknown,None Specified,810084,None Specified,"[{'name': 'Nick Castellanos', 'type': 'Team'}]",Hits,Most Regular Season Hits
0QA232263721#149413991_13L84240Q1788743Q2-1,2,232263721,Marcus Semien,+8000,81,81.00,80/1,None Specified,Marcus Semien,Unknown,None Specified,810091,None Specified,"[{'name': 'Marcus Semien', 'type': 'Team'}]",Hits,Most Regular Season Hits
0QA232263721#149413992_13L84240Q1796373Q2-1,2,232263721,Marcell Ozuna,+8000,81,81.00,80/1,None Specified,Marcell Ozuna,Unknown,None Specified,810092,None Specified,"[{'name': 'Marcell Ozuna', 'type': 'Team'}]",Hits,Most Regular Season Hits
0QA232263721#149413999_13L84240Q1788430Q2-1,2,232263721,Ketel Marte,+8000,81,81.00,80/1,None Specified,Ketel Marte,Unknown,None Specified,810099,None Specified,"[{'name': 'Ketel Marte', 'type': 'Team'}]",Hits,Most Regular Season Hits
0QA232263721#149414036_13L84240Q11101912Q2-1,2,232263721,Andres Gimenez,+9000,91,91.00,90/1,None Specified,Andres Gimenez,Unknown,None Specified,910036,None Specified,"[{'name': 'Andres Gimenez', 'type': 'Team'}]",Hits,Most Regular Season Hits
0QA232263721#149413983_13L84240Q11591465Q2-1,2,232263721,Nico Hoerner,+9000,91,91.00,90/1,None Specified,Nico Hoerner,Unknown,None Specified,910083,None Specified,"[{'name': 'Nico Hoerner', 'type': 'Team'}]",Hits,Most Regular Season Hits
0QA232263721#149414004_13L84240Q11732990Q2-1,2,232263721,Josh Naylor,+10000,101,101.00,100/1,None Specified,Josh Naylor,Unknown,None Specified,1010004,None Specified,"[{'name': 'Josh Naylor', 'type': 'Team'}]",Hits,Most Regular Season Hits
0QA232263721#149414029_13L84240Q11591464Q2-1,2,232263721,Brendan Donovan,+10000,101,101.00,100/1,None Specified,Brendan Donovan,Unknown,None Specified,1010029,None Specified,"[{'name': 'Brendan Donovan', 'type': 'Team'}]",Hits,Most Regular Season Hits
0QA232263721#149414034_13L84240Q11854215Q2-1,2,232263721,Anthony Santander,+10000,101,101.00,100/1,None Specified,Anthony Santander,Unknown,None Specified,1010034,None Specified,"[{'name': 'Anthony Santander', 'type': 'Team'}]",Hits,Most Regular Season Hits
0QA232263721#149414035_13L84240Q11100885Q2-1,2,232263721,Andrew Vaughn,+10000,101,101.00,100/1,None Specified,Andrew Vaughn,Unknown,None Specified,1010035,None Specified,"[{'name': 'Andrew Vaughn', 'type': 'Team'}]",Hits,Most Regular Season Hits
0QA232263721#149414037_13L84240Q1551462Q2-1,2,232263721,Alex Bregman,+10000,101,101.00,100/1,None Specified,Alex Bregman,Unknown,None Specified,1010037,None Specified,"[{'name': 'Alex Bregman', 'type': 'Team'}]",Hits,Most Regular Season Hits
0QA232263721#149418840_13L84240Q12389028Q2-1,2,232263721,Luis Garcia Jr.,+10000,101,101.00,100/1,None Specified,Luis Garcia Jr.,Unknown,None Specified,1010040,None Specified,"[{'name': 'Luis Garcia Jr.', 'type': 'Team'}]",Hits,Most Regular Season Hits
0QA232263721#149413963_13L84240Q11993894Q2-1,2,232263721,Wyatt Langford,+10000,101,101.00,100/1,None Specified,Wyatt Langford,Unknown,None Specified,1010063,None Specified,"[{'name': 'Wyatt Langford', 'type': 'Team'}]",Hits,Most Regular Season Hits
0QA232263721#149413964_13L84240Q11284100Q2-1,2,232263721,Willy Adames,+10000,101,101.00,100/1,None Specified,Willy Adames,Unknown,None Specified,1010064,None Specified,"[{'name': 'Willy Adames', 'type': 'Team'}]",Hits,Most Regular Season Hits
0QA232263721#149413967_13L84240Q12162520Q2-1,2,232263721,Vinnie Pasquantino,+10000,101,101.00,100/1,None Specified,Vinnie Pasquantino,Unknown,None Specified,1010067,None Specified,"[{'name': 'Vinnie Pasquantino', 'type': 'Team'}]",Hits,Most Regular Season Hits
0QA232263721#149413970_13L84240Q11570649Q2-1,2,232263721,Taylor Ward,+10000,101,101.00,100/1,None Specified,Taylor Ward,Unknown,None Specified,1010070,None Specified,"[{'name': 'Taylor Ward', 'type': 'Team'}]",Hits,Most Regular Season Hits
0QA232263721#149413974_13L84240Q11241956Q2-1,2,232263721,Salvador Perez,+10000,101,101.00,100/1,None Specified,Salvador Perez,Unknown,None Specified,1010074,None Specified,"[{'name': 'Salvador Perez', 'type': 'Team'}]",Hits,Most Regular Season Hits
0QA232263721#149413976_13L84240Q11464103Q2-1,2,232263721,Riley Greene,+10000,101,101.00,100/1,None Specified,Riley Greene,Unknown,None Specified,1010076,None Specified,"[{'name': 'Riley Greene', 'type': 'Team'}]",Hits,Most Regular Season Hits
0QA232263721#149413985_13L84240Q11854202Q2-1,2,232263721,Nathaniel Lowe,+10000,101,101.00,100/1,None Specified,Nathaniel Lowe,Unknown,None Specified,1010085,None Specified,"[{'name': 'Nathaniel Lowe', 'type': 'Team'}]",Hits,Most Regular Season Hits
0QA232263721#149413988_13L84240Q1788817Q2-1,2,232263721,Matt Olson,+10000,101,101.00,100/1,None Specified,Matt Olson,Unknown,None Specified,1010088,None Specified,"[{'name': 'Matt Olson', 'type': 'Team'}]",Hits,Most Regular Season Hits
0QA232263721#149413996_13L84240Q12008523Q2-1,2,232263721,Lourdes Gurriel Jr.,+10000,101,101.00,100/1,None Specified,Lourdes Gurriel Jr.,Unknown,None Specified,1010096,None Specified,"[{'name': 'Lourdes Gurriel Jr.', 'type': 'Team'}]",Hits,Most Regular Season Hits
0QA232263721#149414001_13L84240Q12096746Q2-1,2,232263721,Junior Caminero,+15000,151,151.00,150/1,None Specified,Junior Caminero,Unknown,None Specified,1510001,None Specified,"[{'name': 'Junior Caminero', 'type': 'Team'}]",Hits,Most Regular Season Hits
0QA232263721#149414009_13L84240Q12232280Q2-1,2,232263721,James Wood,+15000,151,151.00,150/1,None Specified,James Wood,Unknown,None Specified,1510009,None Specified,"[{'name': 'James Wood', 'type': 'Team'}]",Hits,Most Regular Season Hits
0QA232263721#149414012_13L84240Q11100799Q2-1,2,232263721,Ian Happ,+15000,151,151.00,150/1,None Specified,Ian Happ,Unknown,None Specified,1510012,None Specified,"[{'name': 'Ian Happ', 'type': 'Team'}]",Hits,Most Regular Season Hits
0QA232263721#149414020_13L84240Q11358339Q2-1,2,232263721,Dansby Swanson,+15000,151,151.00,150/1,None Specified,Dansby Swanson,Unknown,None Specified,1510020,None Specified,"[{'name': 'Dansby Swanson', 'type': 'Team'}]",Hits,Most Regular Season Hits
0QA232263721#149414023_13L84240Q11854221Q2-1,2,232263721,CJ Abrams,+15000,151,151.00,150/1,None Specified,CJ Abrams,Unknown,None Specified,1510023,None Specified,"[{'name': 'CJ Abrams', 'type': 'Team'}]",Hits,Most Regular Season Hits
0QA232263721#149414024_13L84240Q11464138Q2-1,2,232263721,Bryson Stott,+15000,151,151.00,150/1,None Specified,Bryson Stott,Unknown,None Specified,1510024,None Specified,"[{'name': 'Bryson Stott', 'type': 'Team'}]",Hits,Most Regular Season Hits
0QA232263721#149414027_13L84240Q11926869Q2-1,2,232263721,Brenton Doyle,+15000,151,151.00,150/1,None Specified,Brenton Doyle,Unknown,None Specified,1510027,None Specified,"[{'name': 'Brenton Doyle', 'type': 'Team'}]",Hits,Most Regular Season Hits
0QA232263721#149414028_13L84240Q11948022Q2-1,2,232263721,Brent Rooker,+15000,151,151.00,150/1,None Specified,Brent Rooker,Unknown,None Specified,1510028,None Specified,"[{'name': 'Brent Rooker', 'type': 'Team'}]",Hits,Most Regular Season Hits
0QA232263721#149414033_13L84240Q11825768Q2-1,2,232263721,Anthony Volpe,+15000,151,151.00,150/1,None Specified,Anthony Volpe,Unknown,None Specified,1510033,None Specified,"[{'name': 'Anthony Volpe', 'type': 'Team'}]",Hits,Most Regular Season Hits
0QA232263721#149413975_13L84240Q1700312Q2-1,2,232263721,Ronald Acuna Jr.,+15000,151,151.00,150/1,None Specified,Ronald Acuna Jr.,Unknown,None Specified,1510075,None Specified,"[{'name': 'Ronald Acuna Jr.', 'type': 'Team'}]",Hits,Most Regular Season Hits
0QA232263721#149413981_13L84240Q11100850Q2-1,2,232263721,Oneil Cruz,+15000,151,151.00,150/1,None Specified,Oneil Cruz,Unknown,None Specified,1510081,None Specified,"[{'name': 'Oneil Cruz', 'type': 'Team'}]",Hits,Most Regular Season Hits
0QA232263721#149413990_13L84240Q11464131Q2-1,2,232263721,Mark Vientos,+15000,151,151.00,150/1,None Specified,Mark Vientos,Unknown,None Specified,1510090,None Specified,"[{'name': 'Mark Vientos', 'type': 'Team'}]",Hits,Most Regular Season Hits
0QA232263721#149413997_13L84240Q12383588Q2-1,2,232263721,Lawrence Butler,+15000,151,151.00,150/1,None Specified,Lawrence Butler,Unknown,None Specified,1510097,None Specified,"[{'name': 'Lawrence Butler', 'type': 'Team'}]",Hits,Most Regular Season Hits
0QA232263721#149414000_13L84240Q11732993Q2-1,2,232263721,Jurickson Profar,+20000,201,201.00,200/1,None Specified,Jurickson Profar,Unknown,None Specified,2010000,None Specified,"[{'name': 'Jurickson Profar', 'type': 'Team'}]",Hits,Most Regular Season Hits
0QA232263721#149414039_13L84240Q11100882Q2-1,2,232263721,Adley Rutschman,+20000,201,201.00,200/1,None Specified,Adley Rutschman,Unknown,None Specified,2010039,None Specified,"[{'name': 'Adley Rutschman', 'type': 'Team'}]",Hits,Most Regular Season Hits
0QA232263721#149413973_13L84240Q11513346Q2-1,2,232263721,Seiya Suzuki,+20000,201,201.00,200/1,None Specified,Seiya Suzuki,Unknown,None Specified,2010073,None Specified,"[{'name': 'Seiya Suzuki', 'type': 'Team'}]",Hits,Most Regular Season Hits
0QA232263721#149413978_13L84240Q1700315Q2-1,2,232263721,Pete Alonso,+20000,201,201.00,200/1,None Specified,Pete Alonso,Unknown,None Specified,2010078,None Specified,"[{'name': 'Pete Alonso', 'type': 'Team'}]",Hits,Most Regular Season Hits
0QA232263721#149413979_13L84240Q1789381Q2-1,2,232263721,Paul Goldschmidt,+20000,201,201.00,200/1,None Specified,Paul Goldschmidt,Unknown,None Specified,2010079,None Specified,"[{'name': 'Paul Goldschmidt', 'type': 'Team'}]",Hits,Most Regular Season Hits
0QA232263721#149413994_13L84240Q11854204Q2-1,2,232263721,Luis Robert Jr.,+20000,201,201.00,200/1,None Specified,Luis Robert Jr.,Unknown,None Specified,2010094,None Specified,"[{'name': 'Luis Robert Jr.', 'type': 'Team'}]",Hits,Most Regular Season Hits
0QA232263956#149414128_13L84240Q1789730Q2-1,2,232263956,Shohei Ohtani,+380,4.8,4.80,19/5,None Specified,Shohei Ohtani,Unknown,None Specified,48028,None Specified,"[{'name': 'Shohei Ohtani', 'type': 'Team'}]",Runs/RBIs,Most Regular Season Runs
0QA232263956#149414156_13L84240Q1788341Q2-1,2,232263956,Juan Soto,+650,7.5,7.50,13/2,None Specified,Juan Soto,Unknown,None Specified,75056,None Specified,"[{'name': 'Juan Soto', 'type': 'Team'}]",Runs/RBIs,Most Regular Season Runs
0QA232263956#149414178_13L84240Q11825751Q2-1,2,232263956,Corbin Carroll,+1100,12,12.00,11/1,None Specified,Corbin Carroll,Unknown,None Specified,120078,None Specified,"[{'name': 'Corbin Carroll', 'type': 'Team'}]",Runs/RBIs,Most Regular Season Runs
0QA232263956#149414195_13L84240Q1786819Q2-1,2,232263956,Aaron Judge,+1100,12,12.00,11/1,None Specified,Aaron Judge,Unknown,None Specified,120095,None Specified,"[{'name': 'Aaron Judge', 'type': 'Team'}]",Runs/RBIs,Most Regular Season Runs
0QA232263956#149414168_13L84240Q11822948Q2-1,2,232263956,Gunnar Henderson,+1200,13,13.00,12/1,None Specified,Gunnar Henderson,Unknown,None Specified,130068,None Specified,"[{'name': 'Gunnar Henderson', 'type': 'Team'}]",Runs/RBIs,Most Regular Season Runs
0QA232263956#149414188_13L84240Q11464121Q2-1,2,232263956,Bobby Witt Jr.,+1200,13,13.00,12/1,None Specified,Bobby Witt Jr.,Unknown,None Specified,130088,None Specified,"[{'name': 'Bobby Witt Jr.', 'type': 'Team'}]",Runs/RBIs,Most Regular Season Runs
0QA232263956#149414139_13L84240Q1788941Q2-1,2,232263956,Mookie Betts,+1400,15,15.00,14/1,None Specified,Mookie Betts,Unknown,None Specified,150039,None Specified,"[{'name': 'Mookie Betts', 'type': 'Team'}]",Runs/RBIs,Most Regular Season Runs
0QA232263956#149414175_13L84240Q11825749Q2-1,2,232263956,Elly De La Cruz,+1700,18,18.00,17/1,None Specified,Elly De La Cruz,Unknown,None Specified,180075,None Specified,"[{'name': 'Elly De La Cruz', 'type': 'Team'}]",Runs/RBIs,Most Regular Season Runs
0QA232263956#149414152_13L84240Q1551461Q2-1,2,232263956,Kyle Schwarber,+1900,20,20.00,19/1,None Specified,Kyle Schwarber,Unknown,None Specified,200052,None Specified,"[{'name': 'Kyle Schwarber', 'type': 'Team'}]",Runs/RBIs,Most Regular Season Runs
0QA232263956#149414130_13L84240Q1700312Q2-1,2,232263956,Ronald Acuna Jr.,+2200,23,23.00,22/1,None Specified,Ronald Acuna Jr.,Unknown,None Specified,230030,None Specified,"[{'name': 'Ronald Acuna Jr.', 'type': 'Team'}]",Runs/RBIs,Most Regular Season Runs
0QA232263956#149414173_13L84240Q1787727Q2-1,2,232263956,Fernando Tatis Jr.,+2200,23,23.00,22/1,None Specified,Fernando Tatis Jr.,Unknown,None Specified,230073,None Specified,"[{'name': 'Fernando Tatis Jr.', 'type': 'Team'}]",Runs/RBIs,Most Regular Season Runs
0QA232263956#149414124_13L84240Q1928016Q2-1,2,232263956,Trea Turner,+2500,26,26.00,25/1,None Specified,Trea Turner,Unknown,None Specified,260024,None Specified,"[{'name': 'Trea Turner', 'type': 'Team'}]",Runs/RBIs,Most Regular Season Runs
0QA232263956#149414172_13L84240Q1787748Q2-1,2,232263956,Francisco Lindor,+2500,26,26.00,25/1,None Specified,Francisco Lindor,Unknown,None Specified,260072,None Specified,"[{'name': 'Francisco Lindor', 'type': 'Team'}]",Runs/RBIs,Most Regular Season Runs
0QA232263956#149414165_13L84240Q11623714Q2-1,2,232263956,Jackson Holliday,+2800,29,29.00,28/1,None Specified,Jackson Holliday,Unknown,None Specified,290065,None Specified,"[{'name': 'Jackson Holliday', 'type': 'Team'}]",Runs/RBIs,Most Regular Season Runs
0QA232263956#149414151_13L84240Q11100821Q2-1,2,232263956,Kyle Tucker,+3000,31,31.00,30/1,None Specified,Kyle Tucker,Unknown,None Specified,310051,None Specified,"[{'name': 'Kyle Tucker', 'type': 'Team'}]",Runs/RBIs,Most Regular Season Runs
0QA232263956#149414123_13L84240Q1700314Q2-1,2,232263956,Vladimir Guerrero Jr.,+3500,36,36.00,35/1,None Specified,Vladimir Guerrero Jr.,Unknown,None Specified,360023,None Specified,"[{'name': 'Vladimir Guerrero Jr.', 'type': 'Team'}]",Runs/RBIs,Most Regular Season Runs
0QA232263956#149414157_13L84240Q1788310Q2-1,2,232263956,Jose Ramirez,+3500,36,36.00,35/1,None Specified,Jose Ramirez,Unknown,None Specified,360057,None Specified,"[{'name': 'Jose Ramirez', 'type': 'Team'}]",Runs/RBIs,Most Regular Season Runs
0QA232263956#149414171_13L84240Q1551457Q2-1,2,232263956,Freddie Freeman,+3500,36,36.00,35/1,None Specified,Freddie Freeman,Unknown,None Specified,360071,None Specified,"[{'name': 'Freddie Freeman', 'type': 'Team'}]",Runs/RBIs,Most Regular Season Runs
0QA232263956#149414116_13L84240Q1790408Q2-1,2,232263956,Yordan Alvarez,+4000,41,41.00,40/1,None Specified,Yordan Alvarez,Unknown,None Specified,410016,None Specified,"[{'name': 'Yordan Alvarez', 'type': 'Team'}]",Runs/RBIs,Most Regular Season Runs
0QA232263956#149414145_13L84240Q1788743Q2-1,2,232263956,Marcus Semien,+4000,41,41.00,40/1,None Specified,Marcus Semien,Unknown,None Specified,410045,None Specified,"[{'name': 'Marcus Semien', 'type': 'Team'}]",Runs/RBIs,Most Regular Season Runs
0QA232263956#149414155_13L84240Q11113704Q2-1,2,232263956,Julio Rodriguez,+4000,41,41.00,40/1,None Specified,Julio Rodriguez,Unknown,None Specified,410055,None Specified,"[{'name': 'Julio Rodriguez', 'type': 'Team'}]",Runs/RBIs,Most Regular Season Runs
0QA232263956#149414162_13L84240Q11263383Q2-1,2,232263956,Jarren Duran,+4000,41,41.00,40/1,None Specified,Jarren Duran,Unknown,None Specified,410062,None Specified,"[{'name': 'Jarren Duran', 'type': 'Team'}]",Runs/RBIs,Most Regular Season Runs
0QA232263956#149414133_13L84240Q1789466Q2-1,2,232263956,Rafael Devers,+5000,51,51.00,50/1,None Specified,Rafael Devers,Unknown,None Specified,510033,None Specified,"[{'name': 'Rafael Devers', 'type': 'Team'}]",Runs/RBIs,Most Regular Season Runs
0QA232263956#149414153_13L84240Q1788430Q2-1,2,232263956,Ketel Marte,+6000,61,61.00,60/1,None Specified,Ketel Marte,Unknown,None Specified,610053,None Specified,"[{'name': 'Ketel Marte', 'type': 'Team'}]",Runs/RBIs,Most Regular Season Runs
0QA232263956#149414158_13L84240Q1788304Q2-1,2,232263956,Jose Altuve,+6000,61,61.00,60/1,None Specified,Jose Altuve,Unknown,None Specified,610058,None Specified,"[{'name': 'Jose Altuve', 'type': 'Team'}]",Runs/RBIs,Most Regular Season Runs
0QA232263956#149414127_13L84240Q11464100Q2-1,2,232263956,Steven Kwan,+7000,71,71.00,70/1,None Specified,Steven Kwan,Unknown,None Specified,710027,None Specified,"[{'name': 'Steven Kwan', 'type': 'Team'}]",Runs/RBIs,Most Regular Season Runs
0QA232263956#149414141_13L84240Q1788817Q2-1,2,232263956,Matt Olson,+7000,71,71.00,70/1,None Specified,Matt Olson,Unknown,None Specified,710041,None Specified,"[{'name': 'Matt Olson', 'type': 'Team'}]",Runs/RBIs,Most Regular Season Runs
0QA232263956#149414183_13L84240Q1551458Q2-1,2,232263956,Bryce Harper,+7000,71,71.00,70/1,None Specified,Bryce Harper,Unknown,None Specified,710083,None Specified,"[{'name': 'Bryce Harper', 'type': 'Team'}]",Runs/RBIs,Most Regular Season Runs
0QA232263956#149414189_13L84240Q11288899Q2-1,2,232263956,Austin Riley,+7000,71,71.00,70/1,None Specified,Austin Riley,Unknown,None Specified,710089,None Specified,"[{'name': 'Austin Riley', 'type': 'Team'}]",Runs/RBIs,Most Regular Season Runs
0QA232263956#149414135_13L84240Q1700315Q2-1,2,232263956,Pete Alonso,+8000,81,81.00,80/1,None Specified,Pete Alonso,Unknown,None Specified,810035,None Specified,"[{'name': 'Pete Alonso', 'type': 'Team'}]",Runs/RBIs,Most Regular Season Runs
0QA232263956#149414140_13L84240Q11606302Q2-1,2,232263956,Michael Harris,+8000,81,81.00,80/1,None Specified,Michael Harris,Unknown,None Specified,810040,None Specified,"[{'name': 'Michael Harris', 'type': 'Team'}]",Runs/RBIs,Most Regular Season Runs
0QA232263956#149414143_13L84240Q12183047Q2-1,2,232263956,Masyn Winn,+8000,81,81.00,80/1,None Specified,Masyn Winn,Unknown,None Specified,810043,None Specified,"[{'name': 'Masyn Winn', 'type': 'Team'}]",Runs/RBIs,Most Regular Season Runs
0QA232263956#149414161_13L84240Q11456367Q2-1,2,232263956,Jazz Chisholm Jr.,+8000,81,81.00,80/1,None Specified,Jazz Chisholm Jr.,Unknown,None Specified,810061,None Specified,"[{'name': 'Jazz Chisholm Jr.', 'type': 'Team'}]",Runs/RBIs,Most Regular Season Runs
0QA232263956#149414166_13L84240Q12183051Q2-1,2,232263956,Jackson Chourio,+8000,81,81.00,80/1,None Specified,Jackson Chourio,Unknown,None Specified,810066,None Specified,"[{'name': 'Jackson Chourio', 'type': 'Team'}]",Runs/RBIs,Most Regular Season Runs
0QA232263956#149414167_13L84240Q11100799Q2-1,2,232263956,Ian Happ,+8000,81,81.00,80/1,None Specified,Ian Happ,Unknown,None Specified,810067,None Specified,"[{'name': 'Ian Happ', 'type': 'Team'}]",Runs/RBIs,Most Regular Season Runs
0QA232263956#149414186_13L84240Q11948022Q2-1,2,232263956,Brent Rooker,+8000,81,81.00,80/1,None Specified,Brent Rooker,Unknown,None Specified,810086,None Specified,"[{'name': 'Brent Rooker', 'type': 'Team'}]",Runs/RBIs,Most Regular Season Runs
0QA232263956#149414191_13L84240Q11854215Q2-1,2,232263956,Anthony Santander,+8000,81,81.00,80/1,None Specified,Anthony Santander,Unknown,None Specified,810091,None Specified,"[{'name': 'Anthony Santander', 'type': 'Team'}]",Runs/RBIs,Most Regular Season Runs
0QA232263956#149414118_13L84240Q11993894Q2-1,2,232263956,Wyatt Langford,+10000,101,101.00,100/1,None Specified,Wyatt Langford,Unknown,None Specified,1010018,None Specified,"[{'name': 'Wyatt Langford', 'type': 'Team'}]",Runs/RBIs,Most Regular Season Runs
0QA232263956#149414119_13L84240Q11284100Q2-1,2,232263956,Willy Adames,+10000,101,101.00,100/1,None Specified,Willy Adames,Unknown,None Specified,1010019,None Specified,"[{'name': 'Willy Adames', 'type': 'Team'}]",Runs/RBIs,Most Regular Season Runs
0QA232263956#149414120_13L84240Q11251268Q2-1,2,232263956,William Contreras,+10000,101,101.00,100/1,None Specified,William Contreras,Unknown,None Specified,1010020,None Specified,"[{'name': 'William Contreras', 'type': 'Team'}]",Runs/RBIs,Most Regular Season Runs
0QA232263956#149414125_13L84240Q11100828Q2-1,2,232263956,Teoscar Hernandez,+10000,101,101.00,100/1,None Specified,Teoscar Hernandez,Unknown,None Specified,1010025,None Specified,"[{'name': 'Teoscar Hernandez', 'type': 'Team'}]",Runs/RBIs,Most Regular Season Runs
0QA232263956#149414146_13L84240Q1796373Q2-1,2,232263956,Marcell Ozuna,+10000,101,101.00,100/1,None Specified,Marcell Ozuna,Unknown,None Specified,1010046,None Specified,"[{'name': 'Marcell Ozuna', 'type': 'Team'}]",Runs/RBIs,Most Regular Season Runs
0QA232263956#149414180_13L84240Q11854221Q2-1,2,232263956,CJ Abrams,+10000,101,101.00,100/1,None Specified,CJ Abrams,Unknown,None Specified,1010080,None Specified,"[{'name': 'CJ Abrams', 'type': 'Team'}]",Runs/RBIs,Most Regular Season Runs
0QA232263956#149414184_13L84240Q11456364Q2-1,2,232263956,Bryan Reynolds,+10000,101,101.00,100/1,None Specified,Bryan Reynolds,Unknown,None Specified,1010084,None Specified,"[{'name': 'Bryan Reynolds', 'type': 'Team'}]",Runs/RBIs,Most Regular Season Runs
0QA232263956#149414190_13L84240Q11825768Q2-1,2,232263956,Anthony Volpe,+10000,101,101.00,100/1,None Specified,Anthony Volpe,Unknown,None Specified,1010090,None Specified,"[{'name': 'Anthony Volpe', 'type': 'Team'}]",Runs/RBIs,Most Regular Season Runs
0QA232263956#149414192_13L84240Q1551462Q2-1,2,232263956,Alex Bregman,+10000,101,101.00,100/1,None Specified,Alex Bregman,Unknown,None Specified,1010092,None Specified,"[{'name': 'Alex Bregman', 'type': 'Team'}]",Runs/RBIs,Most Regular Season Runs
0QA232263956#149414126_13L84240Q11570649Q2-1,2,232263956,Taylor Ward,+15000,151,151.00,150/1,None Specified,Taylor Ward,Unknown,None Specified,1510026,None Specified,"[{'name': 'Taylor Ward', 'type': 'Team'}]",Runs/RBIs,Most Regular Season Runs
0QA232263956#149414131_13L84240Q11464103Q2-1,2,232263956,Riley Greene,+15000,151,151.00,150/1,None Specified,Riley Greene,Unknown,None Specified,1510031,None Specified,"[{'name': 'Riley Greene', 'type': 'Team'}]",Runs/RBIs,Most Regular Season Runs
0QA232263956#149414132_13L84240Q11100824Q2-1,2,232263956,Randy Arozarena,+15000,151,151.00,150/1,None Specified,Randy Arozarena,Unknown,None Specified,1510032,None Specified,"[{'name': 'Randy Arozarena', 'type': 'Team'}]",Runs/RBIs,Most Regular Season Runs
0QA232263956#149414137_13L84240Q1928013Q2-1,2,232263956,Ozzie Albies,+15000,151,151.00,150/1,None Specified,Ozzie Albies,Unknown,None Specified,1510037,None Specified,"[{'name': 'Ozzie Albies', 'type': 'Team'}]",Runs/RBIs,Most Regular Season Runs
0QA232263956#149414138_13L84240Q11100850Q2-1,2,232263956,Oneil Cruz,+15000,151,151.00,150/1,None Specified,Oneil Cruz,Unknown,None Specified,1510038,None Specified,"[{'name': 'Oneil Cruz', 'type': 'Team'}]",Runs/RBIs,Most Regular Season Runs
0QA232263956#149414142_13L84240Q1700313Q2-1,2,232263956,Matt Chapman,+15000,151,151.00,150/1,None Specified,Matt Chapman,Unknown,None Specified,1510042,None Specified,"[{'name': 'Matt Chapman', 'type': 'Team'}]",Runs/RBIs,Most Regular Season Runs
0QA232263956#149414147_13L84240Q1788711Q2-1,2,232263956,Manny Machado,+15000,151,151.00,150/1,None Specified,Manny Machado,Unknown,None Specified,1510047,None Specified,"[{'name': 'Manny Machado', 'type': 'Team'}]",Runs/RBIs,Most Regular Season Runs
0QA232263956#149414149_13L84240Q1928008Q2-1,2,232263956,Luis Arraez,+15000,151,151.00,150/1,None Specified,Luis Arraez,Unknown,None Specified,1510049,None Specified,"[{'name': 'Luis Arraez', 'type': 'Team'}]",Runs/RBIs,Most Regular Season Runs
0QA232263956#149414150_13L84240Q12383588Q2-1,2,232263956,Lawrence Butler,+15000,151,151.00,150/1,None Specified,Lawrence Butler,Unknown,None Specified,1510050,None Specified,"[{'name': 'Lawrence Butler', 'type': 'Team'}]",Runs/RBIs,Most Regular Season Runs
0QA232263956#149414164_13L84240Q12232281Q2-1,2,232263956,Jackson Merrill,+15000,151,151.00,150/1,None Specified,Jackson Merrill,Unknown,None Specified,1510064,None Specified,"[{'name': 'Jackson Merrill', 'type': 'Team'}]",Runs/RBIs,Most Regular Season Runs
0QA232263956#149414174_13L84240Q11825747Q2-1,2,232263956,Ezequiel Tovar,+15000,151,151.00,150/1,None Specified,Ezequiel Tovar,Unknown,None Specified,1510074,None Specified,"[{'name': 'Ezequiel Tovar', 'type': 'Team'}]",Runs/RBIs,Most Regular Season Runs
0QA232263956#149414182_13L84240Q11638435Q2-1,2,232263956,Christian Walker,+15000,151,151.00,150/1,None Specified,Christian Walker,Unknown,None Specified,1510082,None Specified,"[{'name': 'Christian Walker', 'type': 'Team'}]",Runs/RBIs,Most Regular Season Runs
0QA232263956#149414185_13L84240Q11926869Q2-1,2,232263956,Brenton Doyle,+15000,151,151.00,150/1,None Specified,Brenton Doyle,Unknown,None Specified,1510085,None Specified,"[{'name': 'Brenton Doyle', 'type': 'Team'}]",Runs/RBIs,Most Regular Season Runs
0QA232263956#149414187_13L84240Q11638624Q2-1,2,232263956,Brandon Nimmo,+15000,151,151.00,150/1,None Specified,Brandon Nimmo,Unknown,None Specified,1510087,None Specified,"[{'name': 'Brandon Nimmo', 'type': 'Team'}]",Runs/RBIs,Most Regular Season Runs
0QA232263956#149414117_13L84240Q11733009Q2-1,2,232263956,Yandy Diaz,+20000,201,201.00,200/1,None Specified,Yandy Diaz,Unknown,None Specified,2010017,None Specified,"[{'name': 'Yandy Diaz', 'type': 'Team'}]",Runs/RBIs,Most Regular Season Runs
0QA232263956#149414121_13L84240Q12096770Q2-1,2,232263956,Willi Castro,+20000,201,201.00,200/1,None Specified,Willi Castro,Unknown,None Specified,2010021,None Specified,"[{'name': 'Willi Castro', 'type': 'Team'}]",Runs/RBIs,Most Regular Season Runs
0QA232263956#149414122_13L84240Q11101986Q2-1,2,232263956,Will Smith,+20000,201,201.00,200/1,None Specified,Will Smith,Unknown,None Specified,2010022,None Specified,"[{'name': 'Will Smith', 'type': 'Team'}]",Runs/RBIs,Most Regular Season Runs
0QA232263956#149414129_13L84240Q11513346Q2-1,2,232263956,Seiya Suzuki,+20000,201,201.00,200/1,None Specified,Seiya Suzuki,Unknown,None Specified,2010029,None Specified,"[{'name': 'Seiya Suzuki', 'type': 'Team'}]",Runs/RBIs,Most Regular Season Runs
0QA232263956#149414134_13L84240Q12183046Q2-1,2,232263956,Pete Crow-Armstrong,+20000,201,201.00,200/1,None Specified,Pete Crow-Armstrong,Unknown,None Specified,2010034,None Specified,"[{'name': 'Pete Crow-Armstrong', 'type': 'Team'}]",Runs/RBIs,Most Regular Season Runs
0QA232263956#149414136_13L84240Q1789381Q2-1,2,232263956,Paul Goldschmidt,+20000,201,201.00,200/1,None Specified,Paul Goldschmidt,Unknown,None Specified,2010036,None Specified,"[{'name': 'Paul Goldschmidt', 'type': 'Team'}]",Runs/RBIs,Most Regular Season Runs
0QA232263956#149414144_13L84240Q11464131Q2-1,2,232263956,Mark Vientos,+20000,201,201.00,200/1,None Specified,Mark Vientos,Unknown,None Specified,2010044,None Specified,"[{'name': 'Mark Vientos', 'type': 'Team'}]",Runs/RBIs,Most Regular Season Runs
0QA232263956#149414148_13L84240Q11854204Q2-1,2,232263956,Luis Robert Jr.,+20000,201,201.00,200/1,None Specified,Luis Robert Jr.,Unknown,None Specified,2010048,None Specified,"[{'name': 'Luis Robert Jr.', 'type': 'Team'}]",Runs/RBIs,Most Regular Season Runs
0QA232263956#149414154_13L84240Q11732993Q2-1,2,232263956,Jurickson Profar,+20000,201,201.00,200/1,None Specified,Jurickson Profar,Unknown,None Specified,2010054,None Specified,"[{'name': 'Jurickson Profar', 'type': 'Team'}]",Runs/RBIs,Most Regular Season Runs
0QA232263956#149414159_13L84240Q11251267Q2-1,2,232263956,Jonathan India,+20000,201,201.00,200/1,None Specified,Jonathan India,Unknown,None Specified,2010059,None Specified,"[{'name': 'Jonathan India', 'type': 'Team'}]",Runs/RBIs,Most Regular Season Runs
0QA232263956#149414160_13L84240Q11464113Q2-1,2,232263956,Jeremy Pena,+20000,201,201.00,200/1,None Specified,Jeremy Pena,Unknown,None Specified,2010060,None Specified,"[{'name': 'Jeremy Pena', 'type': 'Team'}]",Runs/RBIs,Most Regular Season Runs
0QA232263956#149414163_13L84240Q12232280Q2-1,2,232263956,James Wood,+20000,201,201.00,200/1,None Specified,James Wood,Unknown,None Specified,2010063,None Specified,"[{'name': 'James Wood', 'type': 'Team'}]",Runs/RBIs,Most Regular Season Runs
0QA232263956#149414169_13L84240Q1787846Q2-1,2,232263956,Gleyber Torres,+20000,201,201.00,200/1,None Specified,Gleyber Torres,Unknown,None Specified,2010069,None Specified,"[{'name': 'Gleyber Torres', 'type': 'Team'}]",Runs/RBIs,Most Regular Season Runs
0QA232263956#149414170_13L84240Q1787814Q2-1,2,232263956,George Springer,+20000,201,201.00,200/1,None Specified,George Springer,Unknown,None Specified,2010070,None Specified,"[{'name': 'George Springer', 'type': 'Team'}]",Runs/RBIs,Most Regular Season Runs
0QA232263956#149414176_13L84240Q11358339Q2-1,2,232263956,Dansby Swanson,+20000,201,201.00,200/1,None Specified,Dansby Swanson,Unknown,None Specified,2010076,None Specified,"[{'name': 'Dansby Swanson', 'type': 'Team'}]",Runs/RBIs,Most Regular Season Runs
0QA232263956#149414177_13L84240Q1787405Q2-1,2,232263956,Corey Seager,+20000,201,201.00,200/1,None Specified,Corey Seager,Unknown,None Specified,2010077,None Specified,"[{'name': 'Corey Seager', 'type': 'Team'}]",Runs/RBIs,Most Regular Season Runs
0QA232263956#149414179_13L84240Q12183041Q2-1,2,232263956,Colt Keith,+20000,201,201.00,200/1,None Specified,Colt Keith,Unknown,None Specified,2010079,None Specified,"[{'name': 'Colt Keith', 'type': 'Team'}]",Runs/RBIs,Most Regular Season Runs
0QA232263956#149414181_13L84240Q1787355Q2-1,2,232263956,Christian Yelich,+20000,201,201.00,200/1,None Specified,Christian Yelich,Unknown,None Specified,2010081,None Specified,"[{'name': 'Christian Yelich', 'type': 'Team'}]",Runs/RBIs,Most Regular Season Runs
0QA232263956#149414193_13L84240Q11251240Q2-1,2,232263956,Adolis Garcia,+20000,201,201.00,200/1,None Specified,Adolis Garcia,Unknown,None Specified,2010093,None Specified,"[{'name': 'Adolis Garcia', 'type': 'Team'}]",Runs/RBIs,Most Regular Season Runs
0QA232263956#149414194_13L84240Q11100882Q2-1,2,232263956,Adley Rutschman,+20000,201,201.00,200/1,None Specified,Adley Rutschman,Unknown,None Specified,2010094,None Specified,"[{'name': 'Adley Rutschman', 'type': 'Team'}]",Runs/RBIs,Most Regular Season Runs
0QA232444640#150344254_13L84240Q1790424Q2-1,2,232444640,Zack Wheeler,+1000,11,11.00,10/1,None Specified,Zack Wheeler,Unknown,None Specified,110054,None Specified,"[{'name': 'Zack Wheeler', 'type': 'Team'}]",Wins,Pitcher Most Regular Season Wins
0QA232444640#150344261_13L84240Q11100889Q2-1,2,232444640,Tarik Skubal,+1000,11,11.00,10/1,None Specified,Tarik Skubal,Unknown,None Specified,110061,None Specified,"[{'name': 'Tarik Skubal', 'type': 'Team'}]",Wins,Pitcher Most Regular Season Wins
0QA232444640#150344313_13L84240Q1787342Q2-1,2,232444640,Chris Sale,+1400,15,15.00,14/1,None Specified,Chris Sale,Unknown,None Specified,150013,None Specified,"[{'name': 'Chris Sale', 'type': 'Team'}]",Wins,Pitcher Most Regular Season Wins
0QA232444640#150344277_13L84240Q11993892Q2-1,2,232444640,Paul Skenes,+1400,15,15.00,14/1,None Specified,Paul Skenes,Unknown,None Specified,150077,None Specified,"[{'name': 'Paul Skenes', 'type': 'Team'}]",Wins,Pitcher Most Regular Season Wins
0QA232444640#150344308_13L84240Q11100857Q2-1,2,232444640,Dylan Cease,+1500,16,16.00,15/1,None Specified,Dylan Cease,Unknown,None Specified,160008,None Specified,"[{'name': 'Dylan Cease', 'type': 'Team'}]",Wins,Pitcher Most Regular Season Wins
0QA232444640#150344310_13L84240Q11100808Q2-1,2,232444640,Corbin Burnes,+1500,16,16.00,15/1,None Specified,Corbin Burnes,Unknown,None Specified,160010,None Specified,"[{'name': 'Corbin Burnes', 'type': 'Team'}]",Wins,Pitcher Most Regular Season Wins
0QA232444640#150344278_13L84240Q1928047Q2-1,2,232444640,Pablo Lopez,+1700,18,18.00,17/1,None Specified,Pablo Lopez,Unknown,None Specified,180078,None Specified,"[{'name': 'Pablo Lopez', 'type': 'Team'}]",Wins,Pitcher Most Regular Season Wins
0QA232444640#150344288_13L84240Q11456370Q2-1,2,232444640,Logan Webb,+1700,18,18.00,17/1,None Specified,Logan Webb,Unknown,None Specified,180088,None Specified,"[{'name': 'Logan Webb', 'type': 'Team'}]",Wins,Pitcher Most Regular Season Wins
0QA232444640#150344303_13L84240Q1904352Q2-1,2,232444640,Garrett Crochet,+2200,23,23.00,22/1,None Specified,Garrett Crochet,Unknown,None Specified,230003,None Specified,"[{'name': 'Garrett Crochet', 'type': 'Team'}]",Wins,Pitcher Most Regular Season Wins
0QA232444640#150344305_13L84240Q11100854Q2-1,2,232444640,Framber Valdez,+2200,23,23.00,22/1,None Specified,Framber Valdez,Unknown,None Specified,230005,None Specified,"[{'name': 'Framber Valdez', 'type': 'Team'}]",Wins,Pitcher Most Regular Season Wins
0QA232444640#150344319_13L84240Q1787153Q2-1,2,232444640,Blake Snell,+2200,23,23.00,22/1,None Specified,Blake Snell,Unknown,None Specified,230019,None Specified,"[{'name': 'Blake Snell', 'type': 'Team'}]",Wins,Pitcher Most Regular Season Wins
0QA232444640#150344266_13L84240Q1789764Q2-1,2,232444640,Sonny Gray,+2200,23,23.00,22/1,None Specified,Sonny Gray,Unknown,None Specified,230066,None Specified,"[{'name': 'Sonny Gray', 'type': 'Team'}]",Wins,Pitcher Most Regular Season Wins
0QA232444640#150344283_13L84240Q12181662Q2-1,2,232444640,Michael King,+2200,23,23.00,22/1,None Specified,Michael King,Unknown,None Specified,230083,None Specified,"[{'name': 'Michael King', 'type': 'Team'}]",Wins,Pitcher Most Regular Season Wins
0QA232444640#150344321_13L84240Q1786821Q2-1,2,232444640,Aaron Nola,+2500,26,26.00,25/1,None Specified,Aaron Nola,Unknown,None Specified,260021,None Specified,"[{'name': 'Aaron Nola', 'type': 'Team'}]",Wins,Pitcher Most Regular Season Wins
0QA232444640#150462055_13L84240Q1788051Q2-1,2,232444640,Jacob deGrom,+2500,26,26.00,25/1,None Specified,Jacob deGrom,Unknown,None Specified,260055,None Specified,"[{'name': 'Jacob deGrom', 'type': 'Team'}]",Wins,Pitcher Most Regular Season Wins
0QA232444640#150344311_13L84240Q12157493Q2-1,2,232444640,Cole Ragans,+2800,29,29.00,28/1,None Specified,Cole Ragans,Unknown,None Specified,290011,None Specified,"[{'name': 'Cole Ragans', 'type': 'Team'}]",Wins,Pitcher Most Regular Season Wins
0QA232444640#150344259_13L84240Q12157490Q2-1,2,232444640,Yoshinobu Yamamoto,+2800,29,29.00,28/1,None Specified,Yoshinobu Yamamoto,Unknown,None Specified,290059,None Specified,"[{'name': 'Yoshinobu Yamamoto', 'type': 'Team'}]",Wins,Pitcher Most Regular Season Wins
0QA232444640#150344256_13L84240Q1928042Q2-1,2,232444640,Zac Gallen,+3000,31,31.00,30/1,None Specified,Zac Gallen,Unknown,None Specified,310056,None Specified,"[{'name': 'Zac Gallen', 'type': 'Team'}]",Wins,Pitcher Most Regular Season Wins
0QA232444640#150344291_13L84240Q11100810Q2-1,2,232444640,Kevin Gausman,+3000,31,31.00,30/1,None Specified,Kevin Gausman,Unknown,None Specified,310091,None Specified,"[{'name': 'Kevin Gausman', 'type': 'Team'}]",Wins,Pitcher Most Regular Season Wins
0QA232444640#150344289_13L84240Q11100891Q2-1,2,232444640,Logan Gilbert,+3500,36,36.00,35/1,None Specified,Logan Gilbert,Unknown,None Specified,360089,None Specified,"[{'name': 'Logan Gilbert', 'type': 'Team'}]",Wins,Pitcher Most Regular Season Wins
0QA232444640#150344265_13L84240Q12371157Q2-1,2,232444640,Spencer Schwellenbach,+4000,41,41.00,40/1,None Specified,Spencer Schwellenbach,Unknown,None Specified,410065,None Specified,"[{'name': 'Spencer Schwellenbach', 'type': 'Team'}]",Wins,Pitcher Most Regular Season Wins
0QA232444640#150344274_13L84240Q12386205Q2-1,2,232444640,Roki Sasaki,+4000,41,41.00,40/1,None Specified,Roki Sasaki,Unknown,None Specified,410074,None Specified,"[{'name': 'Roki Sasaki', 'type': 'Team'}]",Wins,Pitcher Most Regular Season Wins
0QA232444640#150344281_13L84240Q1928034Q2-1,2,232444640,Nathan Eovaldi,+4000,41,41.00,40/1,None Specified,Nathan Eovaldi,Unknown,None Specified,410081,None Specified,"[{'name': 'Nathan Eovaldi', 'type': 'Team'}]",Wins,Pitcher Most Regular Season Wins
0QA232444640#150344284_13L84240Q1788845Q2-1,2,232444640,Max Fried,+4000,41,41.00,40/1,None Specified,Max Fried,Unknown,None Specified,410084,None Specified,"[{'name': 'Max Fried', 'type': 'Team'}]",Wins,Pitcher Most Regular Season Wins
0QA232444640#150344287_13L84240Q1788620Q2-1,2,232444640,Luis Castillo,+4000,41,41.00,40/1,None Specified,Luis Castillo,Unknown,None Specified,410087,None Specified,"[{'name': 'Luis Castillo', 'type': 'Team'}]",Wins,Pitcher Most Regular Season Wins
0QA232444640#150344315_13L84240Q11167378Q2-1,2,232444640,Carlos Rodon,+4500,46,46.00,45/1,None Specified,Carlos Rodon,Unknown,None Specified,460015,None Specified,"[{'name': 'Carlos Rodon', 'type': 'Team'}]",Wins,Pitcher Most Regular Season Wins
0QA232444640#150344302_13L84240Q11464116Q2-1,2,232444640,George Kirby,+5000,51,51.00,50/1,None Specified,George Kirby,Unknown,None Specified,510002,None Specified,"[{'name': 'George Kirby', 'type': 'Team'}]",Wins,Pitcher Most Regular Season Wins
0QA232444640#150344312_13L84240Q11592344Q2-1,2,232444640,Clay Holmes,+5000,51,51.00,50/1,None Specified,Clay Holmes,Unknown,None Specified,510012,None Specified,"[{'name': 'Clay Holmes', 'type': 'Team'}]",Wins,Pitcher Most Regular Season Wins
0QA232444640#150344260_13L84240Q1789983Q2-1,2,232444640,Tyler Glasnow,+5000,51,51.00,50/1,None Specified,Tyler Glasnow,Unknown,None Specified,510060,None Specified,"[{'name': 'Tyler Glasnow', 'type': 'Team'}]",Wins,Pitcher Most Regular Season Wins
0QA232444640#150344268_13L84240Q11263292Q2-1,2,232444640,Shane McClanahan,+5000,51,51.00,50/1,None Specified,Shane McClanahan,Unknown,None Specified,510068,None Specified,"[{'name': 'Shane McClanahan', 'type': 'Team'}]",Wins,Pitcher Most Regular Season Wins
0QA232444640#150344309_13L84240Q12272035Q2-1,2,232444640,Cristopher Sanchez,+5500,56,56.00,55/1,None Specified,Cristopher Sanchez,Unknown,None Specified,560009,None Specified,"[{'name': 'Cristopher Sanchez', 'type': 'Team'}]",Wins,Pitcher Most Regular Season Wins
0QA232444640#150344262_13L84240Q11358363Q2-1,2,232444640,Tanner Houck,+5500,56,56.00,55/1,None Specified,Tanner Houck,Unknown,None Specified,560062,None Specified,"[{'name': 'Tanner Houck', 'type': 'Team'}]",Wins,Pitcher Most Regular Season Wins
0QA232444640#150344267_13L84240Q12198446Q2-1,2,232444640,Shota Imanaga,+5500,56,56.00,55/1,None Specified,Shota Imanaga,Unknown,None Specified,560067,None Specified,"[{'name': 'Shota Imanaga', 'type': 'Team'}]",Wins,Pitcher Most Regular Season Wins
0QA232444640#150344314_13L84240Q11105475Q2-1,2,232444640,Chris Bassitt,+6000,61,61.00,60/1,None Specified,Chris Bassitt,Unknown,None Specified,610014,None Specified,"[{'name': 'Chris Bassitt', 'type': 'Team'}]",Wins,Pitcher Most Regular Season Wins
0QA232444640#150344317_13L84240Q11832816Q2-1,2,232444640,Brayan Bello,+6000,61,61.00,60/1,None Specified,Brayan Bello,Unknown,None Specified,610017,None Specified,"[{'name': 'Brayan Bello', 'type': 'Team'}]",Wins,Pitcher Most Regular Season Wins
0QA232444640#150344276_13L84240Q11456369Q2-1,2,232444640,Ranger Suarez,+6000,61,61.00,60/1,None Specified,Ranger Suarez,Unknown,None Specified,610076,None Specified,"[{'name': 'Ranger Suarez', 'type': 'Team'}]",Wins,Pitcher Most Regular Season Wins
0QA232444640#150344290_13L84240Q11823015Q2-1,2,232444640,Kodai Senga,+6000,61,61.00,60/1,None Specified,Kodai Senga,Unknown,None Specified,610090,None Specified,"[{'name': 'Kodai Senga', 'type': 'Team'}]",Wins,Pitcher Most Regular Season Wins
0QA232444640#150344292_13L84240Q11908008Q2-1,2,232444640,Justin Steele,+6000,61,61.00,60/1,None Specified,Justin Steele,Unknown,None Specified,610092,None Specified,"[{'name': 'Justin Steele', 'type': 'Team'}]",Wins,Pitcher Most Regular Season Wins
0QA232444640#150344294_13L84240Q1788305Q2-1,2,232444640,Jose Berrios,+6000,61,61.00,60/1,None Specified,Jose Berrios,Unknown,None Specified,610094,None Specified,"[{'name': 'Jose Berrios', 'type': 'Team'}]",Wins,Pitcher Most Regular Season Wins
0QA232444640#150344298_13L84240Q1788037Q2-1,2,232444640,Jack Flaherty,+6000,61,61.00,60/1,None Specified,Jack Flaherty,Unknown,None Specified,610098,None Specified,"[{'name': 'Jack Flaherty', 'type': 'Team'}]",Wins,Pitcher Most Regular Season Wins
0QA232444640#150344299_13L84240Q11825762Q2-1,2,232444640,Hunter Brown,+6000,61,61.00,60/1,None Specified,Hunter Brown,Unknown,None Specified,610099,None Specified,"[{'name': 'Hunter Brown', 'type': 'Team'}]",Wins,Pitcher Most Regular Season Wins
0QA232444640#150344304_13L84240Q11175691Q2-1,2,232444640,Freddy Peralta,+7000,71,71.00,70/1,None Specified,Freddy Peralta,Unknown,None Specified,710004,None Specified,"[{'name': 'Freddy Peralta', 'type': 'Team'}]",Wins,Pitcher Most Regular Season Wins
0QA232444640#150344255_13L84240Q11100815Q2-1,2,232444640,Zach Eflin,+7000,71,71.00,70/1,None Specified,Zach Eflin,Unknown,None Specified,710055,None Specified,"[{'name': 'Zach Eflin', 'type': 'Team'}]",Wins,Pitcher Most Regular Season Wins
0QA232444640#150344257_13L84240Q11100866Q2-1,2,232444640,Yusei Kikuchi,+7000,71,71.00,70/1,None Specified,Yusei Kikuchi,Unknown,None Specified,710057,None Specified,"[{'name': 'Yusei Kikuchi', 'type': 'Team'}]",Wins,Pitcher Most Regular Season Wins
0QA232444640#150344263_13L84240Q11926690Q2-1,2,232444640,Tanner Bibee,+7000,71,71.00,70/1,None Specified,Tanner Bibee,Unknown,None Specified,710063,None Specified,"[{'name': 'Tanner Bibee', 'type': 'Team'}]",Wins,Pitcher Most Regular Season Wins
0QA232444640#150344269_13L84240Q12286783Q2-1,2,232444640,Seth Lugo,+7000,71,71.00,70/1,None Specified,Seth Lugo,Unknown,None Specified,710069,None Specified,"[{'name': 'Seth Lugo', 'type': 'Team'}]",Wins,Pitcher Most Regular Season Wins
0QA232444640#150344275_13L84240Q12275084Q2-1,2,232444640,Reynaldo Lopez,+7000,71,71.00,70/1,None Specified,Reynaldo Lopez,Unknown,None Specified,710075,None Specified,"[{'name': 'Reynaldo Lopez', 'type': 'Team'}]",Wins,Pitcher Most Regular Season Wins
0QA232444640#150344282_13L84240Q11100818Q2-1,2,232444640,Mitch Keller,+7000,71,71.00,70/1,None Specified,Mitch Keller,Unknown,None Specified,710082,None Specified,"[{'name': 'Mitch Keller', 'type': 'Team'}]",Wins,Pitcher Most Regular Season Wins
0QA232444640#150344320_13L84240Q12157494Q2-1,2,232444640,Bailey Ober,+8000,81,81.00,80/1,None Specified,Bailey Ober,Unknown,None Specified,810020,None Specified,"[{'name': 'Bailey Ober', 'type': 'Team'}]",Wins,Pitcher Most Regular Season Wins
0QA232444640#150344258_13L84240Q1790414Q2-1,2,232444640,Yu Darvish,+8000,81,81.00,80/1,None Specified,Yu Darvish,Unknown,None Specified,810058,None Specified,"[{'name': 'Yu Darvish', 'type': 'Team'}]",Wins,Pitcher Most Regular Season Wins
0QA232444640#150344279_13L84240Q11100876Q2-1,2,232444640,Nick Pivetta,+8000,81,81.00,80/1,None Specified,Nick Pivetta,Unknown,None Specified,810079,None Specified,"[{'name': 'Nick Pivetta', 'type': 'Team'}]",Wins,Pitcher Most Regular Season Wins
0QA232444640#150344295_13L84240Q11464112Q2-1,2,232444640,Joe Ryan,+8000,81,81.00,80/1,None Specified,Joe Ryan,Unknown,None Specified,810095,None Specified,"[{'name': 'Joe Ryan', 'type': 'Team'}]",Wins,Pitcher Most Regular Season Wins
0QA232444640#150344306_13L84240Q12384683Q2-1,2,232444640,Erick Fedde,+10000,101,101.00,100/1,None Specified,Erick Fedde,Unknown,None Specified,1010006,None Specified,"[{'name': 'Erick Fedde', 'type': 'Team'}]",Wins,Pitcher Most Regular Season Wins
0QA232444640#150344307_13L84240Q1787625Q2-1,2,232444640,Eduardo Rodriguez,+10000,101,101.00,100/1,None Specified,Eduardo Rodriguez,Unknown,None Specified,1010007,None Specified,"[{'name': 'Eduardo Rodriguez', 'type': 'Team'}]",Wins,Pitcher Most Regular Season Wins
0QA232444640#150344316_13L84240Q11934473Q2-1,2,232444640,Bryce Miller,+10000,101,101.00,100/1,None Specified,Bryce Miller,Unknown,None Specified,1010016,None Specified,"[{'name': 'Bryce Miller', 'type': 'Team'}]",Wins,Pitcher Most Regular Season Wins
0QA232444640#150344318_13L84240Q12388122Q2-1,2,232444640,Bowden Francis,+10000,101,101.00,100/1,None Specified,Bowden Francis,Unknown,None Specified,1010018,None Specified,"[{'name': 'Bowden Francis', 'type': 'Team'}]",Wins,Pitcher Most Regular Season Wins
0QA232444640#150344264_13L84240Q11825754Q2-1,2,232444640,Taj Bradley,+10000,101,101.00,100/1,None Specified,Taj Bradley,Unknown,None Specified,1010064,None Specified,"[{'name': 'Taj Bradley', 'type': 'Team'}]",Wins,Pitcher Most Regular Season Wins
0QA232444640#150344270_13L84240Q1789680Q2-1,2,232444640,Sean Manaea,+10000,101,101.00,100/1,None Specified,Sean Manaea,Unknown,None Specified,1010070,None Specified,"[{'name': 'Sean Manaea', 'type': 'Team'}]",Wins,Pitcher Most Regular Season Wins
0QA232444640#150344271_13L84240Q11105468Q2-1,2,232444640,Sandy Alcantara,+10000,101,101.00,100/1,None Specified,Sandy Alcantara,Unknown,None Specified,1010071,None Specified,"[{'name': 'Sandy Alcantara', 'type': 'Team'}]",Wins,Pitcher Most Regular Season Wins
0QA232444640#150344272_13L84240Q11825737Q2-1,2,232444640,Ryan Pepiot,+10000,101,101.00,100/1,None Specified,Ryan Pepiot,Unknown,None Specified,1010072,None Specified,"[{'name': 'Ryan Pepiot', 'type': 'Team'}]",Wins,Pitcher Most Regular Season Wins
0QA232444640#150344273_13L84240Q12258453Q2-1,2,232444640,Ronel Blanco,+10000,101,101.00,100/1,None Specified,Ronel Blanco,Unknown,None Specified,1010073,None Specified,"[{'name': 'Ronel Blanco', 'type': 'Team'}]",Wins,Pitcher Most Regular Season Wins
0QA232444640#150344280_13L84240Q12181661Q2-1,2,232444640,Nick Martinez,+10000,101,101.00,100/1,None Specified,Nick Martinez,Unknown,None Specified,1010080,None Specified,"[{'name': 'Nick Martinez', 'type': 'Team'}]",Wins,Pitcher Most Regular Season Wins
0QA232444640#150344285_13L84240Q11100832Q2-1,2,232444640,Mackenzie Gore,+10000,101,101.00,100/1,None Specified,Mackenzie Gore,Unknown,None Specified,1010085,None Specified,"[{'name': 'Mackenzie Gore', 'type': 'Team'}]",Wins,Pitcher Most Regular Season Wins
0QA232444640#150344293_13L84240Q12181658Q2-1,2,232444640,JP Sears,+10000,101,101.00,100/1,None Specified,JP Sears,Unknown,None Specified,1010093,None Specified,"[{'name': 'JP Sears', 'type': 'Team'}]",Wins,Pitcher Most Regular Season Wins
0QA232444640#150344296_13L84240Q1928032Q2-1,2,232444640,Jesus Luzardo,+10000,101,101.00,100/1,None Specified,Jesus Luzardo,Unknown,None Specified,1010096,None Specified,"[{'name': 'Jesus Luzardo', 'type': 'Team'}]",Wins,Pitcher Most Regular Season Wins
0QA232444640#150344297_13L84240Q11100864Q2-1,2,232444640,Jameson Taillon,+10000,101,101.00,100/1,None Specified,Jameson Taillon,Unknown,None Specified,1010097,None Specified,"[{'name': 'Jameson Taillon', 'type': 'Team'}]",Wins,Pitcher Most Regular Season Wins
0QA233473955#156490483_13L84240Q1928052Q2-1,2,233473955,Edwin Diaz,+650,7.5,7.50,13/2,None Specified,Edwin Diaz,Unknown,None Specified,75083,None Specified,"[{'name': 'Edwin Diaz', 'type': 'Team'}]",Saves,Most Regular Season Saves
0QA233473955#156490482_13L84240Q11251245Q2-1,2,233473955,Emmanuel Clase,+700,8,8.00,7/1,None Specified,Emmanuel Clase,Unknown,None Specified,80082,None Specified,"[{'name': 'Emmanuel Clase', 'type': 'Team'}]",Saves,Most Regular Season Saves
0QA233473955#156490452_13L84240Q12217333Q2-1,2,233473955,Ryan Helsley,+750,8.5,8.50,15/2,None Specified,Ryan Helsley,Unknown,None Specified,85052,None Specified,"[{'name': 'Ryan Helsley', 'type': 'Team'}]",Saves,Most Regular Season Saves
0QA233473955#156490468_13L84240Q1788317Q2-1,2,233473955,Josh Hader,+1000,11,11.00,10/1,None Specified,Josh Hader,Unknown,None Specified,110068,None Specified,"[{'name': 'Josh Hader', 'type': 'Team'}]",Saves,Most Regular Season Saves
0QA233473955#156490455_13L84240Q11101969Q2-1,2,233473955,Raisel Iglesias,+1100,12,12.00,11/1,None Specified,Raisel Iglesias,Unknown,None Specified,120055,None Specified,"[{'name': 'Raisel Iglesias', 'type': 'Team'}]",Saves,Most Regular Season Saves
0QA233473955#156490484_13L84240Q11854233Q2-1,2,233473955,Devin Williams,+1200,13,13.00,12/1,None Specified,Devin Williams,Unknown,None Specified,130084,None Specified,"[{'name': 'Devin Williams', 'type': 'Team'}]",Saves,Most Regular Season Saves
0QA233473955#156490460_13L84240Q11919429Q2-1,2,233473955,Mason Miller,+1400,15,15.00,14/1,None Specified,Mason Miller,Unknown,None Specified,150060,None Specified,"[{'name': 'Mason Miller', 'type': 'Team'}]",Saves,Most Regular Season Saves
0QA233473955#156490453_13L84240Q11527677Q2-1,2,233473955,Robert Suarez,+1500,16,16.00,15/1,None Specified,Robert Suarez,Unknown,None Specified,160053,None Specified,"[{'name': 'Robert Suarez', 'type': 'Team'}]",Saves,Most Regular Season Saves
0QA233473955#156490448_13L84240Q12344037Q2-1,2,233473955,Trevor Megill,+2200,23,23.00,22/1,None Specified,Trevor Megill,Unknown,None Specified,230048,None Specified,"[{'name': 'Trevor Megill', 'type': 'Team'}]",Saves,Most Regular Season Saves
0QA233473955#156490473_13L84240Q12099921Q2-1,2,233473955,Jhoan Duran,+2200,23,23.00,22/1,None Specified,Jhoan Duran,Unknown,None Specified,230073,None Specified,"[{'name': 'Jhoan Duran', 'type': 'Team'}]",Saves,Most Regular Season Saves
0QA233473955#156490474_13L84240Q12340889Q2-1,2,233473955,Jeff Hoffman,+2200,23,23.00,22/1,None Specified,Jeff Hoffman,Unknown,None Specified,230074,None Specified,"[{'name': 'Jeff Hoffman', 'type': 'Team'}]",Saves,Most Regular Season Saves
0QA233473955#156490496_13L84240Q11854628Q2-1,2,233473955,Alexis Diaz,+2200,23,23.00,22/1,None Specified,Alexis Diaz,Unknown,None Specified,230096,None Specified,"[{'name': 'Alexis Diaz', 'type': 'Team'}]",Saves,Most Regular Season Saves
0QA233473955#156490450_13L84240Q12390158Q2-1,2,233473955,Ryan Walker,+2500,26,26.00,25/1,None Specified,Ryan Walker,Unknown,None Specified,260050,None Specified,"[{'name': 'Ryan Walker', 'type': 'Team'}]",Saves,Most Regular Season Saves
0QA233473955#156490480_13L84240Q11854627Q2-1,2,233473955,Felix Bautista,+2500,26,26.00,25/1,None Specified,Felix Bautista,Unknown,None Specified,260080,None Specified,"[{'name': 'Felix Bautista', 'type': 'Team'}]",Saves,Most Regular Season Saves
0QA233473955#156490451_13L84240Q11101968Q2-1,2,233473955,Ryan Pressly,+2800,29,29.00,28/1,None Specified,Ryan Pressly,Unknown,None Specified,290051,None Specified,"[{'name': 'Ryan Pressly', 'type': 'Team'}]",Saves,Most Regular Season Saves
0QA233473955#156490487_13L84240Q12390162Q2-1,2,233473955,Chris Martin,+2800,29,29.00,28/1,None Specified,Chris Martin,Unknown,None Specified,290087,None Specified,"[{'name': 'Chris Martin', 'type': 'Team'}]",Saves,Most Regular Season Saves
0QA233473955#156490492_13L84240Q12390165Q2-1,2,233473955,Ben Joyce,+2800,29,29.00,28/1,None Specified,Ben Joyce,Unknown,None Specified,290092,None Specified,"[{'name': 'Ben Joyce', 'type': 'Team'}]",Saves,Most Regular Season Saves
0QA233473955#156490495_13L84240Q12157496Q2-1,2,233473955,Andres Munoz,+2800,29,29.00,28/1,None Specified,Andres Munoz,Unknown,None Specified,290095,None Specified,"[{'name': 'Andres Munoz', 'type': 'Team'}]",Saves,Most Regular Season Saves
0QA233473955#156490449_13L84240Q12217340Q2-1,2,233473955,Tanner Scott,+3000,31,31.00,30/1,None Specified,Tanner Scott,Unknown,None Specified,310049,None Specified,"[{'name': 'Tanner Scott', 'type': 'Team'}]",Saves,Most Regular Season Saves
0QA233473955#156490461_13L84240Q12217352Q2-1,2,233473955,Lucas Erceg,+3000,31,31.00,30/1,None Specified,Lucas Erceg,Unknown,None Specified,310061,None Specified,"[{'name': 'Lucas Erceg', 'type': 'Team'}]",Saves,Most Regular Season Saves
0QA233473955#156490485_13L84240Q11522276Q2-1,2,233473955,David Bednar,+3000,31,31.00,30/1,None Specified,David Bednar,Unknown,None Specified,310085,None Specified,"[{'name': 'David Bednar', 'type': 'Team'}]",Saves,Most Regular Season Saves
0QA233473955#156490490_13L84240Q12390160Q2-1,2,233473955,Calvin Faucher,+3000,31,31.00,30/1,None Specified,Calvin Faucher,Unknown,None Specified,310090,None Specified,"[{'name': 'Calvin Faucher', 'type': 'Team'}]",Saves,Most Regular Season Saves
0QA233473955#156490488_13L84240Q11854631Q2-1,2,233473955,Carlos Estevez,+3500,36,36.00,35/1,None Specified,Carlos Estevez,Unknown,None Specified,360088,None Specified,"[{'name': 'Carlos Estevez', 'type': 'Team'}]",Saves,Most Regular Season Saves
0QA233473955#156490447_13L84240Q12217353Q2-1,2,233473955,Tyler Kinley,+4000,41,41.00,40/1,None Specified,Tyler Kinley,Unknown,None Specified,410047,None Specified,"[{'name': 'Tyler Kinley', 'type': 'Team'}]",Saves,Most Regular Season Saves
0QA233473955#156490466_13L84240Q12390159Q2-1,2,233473955,Justin Martinez,+4000,41,41.00,40/1,None Specified,Justin Martinez,Unknown,None Specified,410066,None Specified,"[{'name': 'Justin Martinez', 'type': 'Team'}]",Saves,Most Regular Season Saves
0QA233473955#156490501_13L84240Q11464122Q2-1,2,233473955,A.J. Puk,+5000,51,51.00,50/1,None Specified,A.J. Puk,Unknown,None Specified,510001,None Specified,"[{'name': 'A.J. Puk', 'type': 'Team'}]",Saves,Most Regular Season Saves
0QA233473955#156490457_13L84240Q11854225Q2-1,2,233473955,Pete Fairbanks,+5000,51,51.00,50/1,None Specified,Pete Fairbanks,Unknown,None Specified,510057,None Specified,"[{'name': 'Pete Fairbanks', 'type': 'Team'}]",Saves,Most Regular Season Saves
0QA233473955#156490472_13L84240Q11522271Q2-1,2,233473955,Jordan Romano,+5000,51,51.00,50/1,None Specified,Jordan Romano,Unknown,None Specified,510072,None Specified,"[{'name': 'Jordan Romano', 'type': 'Team'}]",Saves,Most Regular Season Saves
0QA233473955#156490475_13L84240Q12390164Q2-1,2,233473955,Jason Foley,+5000,51,51.00,50/1,None Specified,Jason Foley,Unknown,None Specified,510075,None Specified,"[{'name': 'Jason Foley', 'type': 'Team'}]",Saves,Most Regular Season Saves
0QA233473955#156490462_13L84240Q1928039Q2-1,2,233473955,Liam Hendriks,+6500,66,66.00,65/1,None Specified,Liam Hendriks,Unknown,None Specified,660062,None Specified,"[{'name': 'Liam Hendriks', 'type': 'Team'}]",Saves,Most Regular Season Saves
0QA233473955#156496718_13L84240Q12390211Q2-1,2,233473955,Derek Law,+7000,71,71.00,70/1,None Specified,Derek Law,Unknown,None Specified,710018,None Specified,"[{'name': 'Derek Law', 'type': 'Team'}]",Saves,Most Regular Season Saves
0QA233473955#156490456_13L84240Q12390161Q2-1,2,233473955,Porter Hodge,+7000,71,71.00,70/1,None Specified,Porter Hodge,Unknown,None Specified,710056,None Specified,"[{'name': 'Porter Hodge', 'type': 'Team'}]",Saves,Most Regular Season Saves
0QA233473955#156490494_13L84240Q1928036Q2-1,2,233473955,Aroldis Chapman,+7000,71,71.00,70/1,None Specified,Aroldis Chapman,Unknown,None Specified,710094,None Specified,"[{'name': 'Aroldis Chapman', 'type': 'Team'}]",Saves,Most Regular Season Saves
0QA233473955#156496712_13L84240Q12390212Q2-1,2,233473955,Robert Garcia,+8000,81,81.00,80/1,None Specified,Robert Garcia,Unknown,None Specified,810012,None Specified,"[{'name': 'Robert Garcia', 'type': 'Team'}]",Saves,Most Regular Season Saves
0QA233473955#156496713_13L84240Q12390213Q2-1,2,233473955,Prelander Berroa,+8000,81,81.00,80/1,None Specified,Prelander Berroa,Unknown,None Specified,810013,None Specified,"[{'name': 'Prelander Berroa', 'type': 'Team'}]",Saves,Most Regular Season Saves
0QA233473955#156496714_13L84240Q12390214Q2-1,2,233473955,Justin Anderson,+8000,81,81.00,80/1,None Specified,Justin Anderson,Unknown,None Specified,810014,None Specified,"[{'name': 'Justin Anderson', 'type': 'Team'}]",Saves,Most Regular Season Saves
0QA233473955#156490463_13L84240Q1788451Q2-1,2,233473955,Kirby Yates,+8000,81,81.00,80/1,None Specified,Kirby Yates,Unknown,None Specified,810063,None Specified,"[{'name': 'Kirby Yates', 'type': 'Team'}]",Saves,Most Regular Season Saves
0QA233473955#156490465_13L84240Q11101970Q2-1,2,233473955,Kenley Jansen,+8000,81,81.00,80/1,None Specified,Kenley Jansen,Unknown,None Specified,810065,None Specified,"[{'name': 'Kenley Jansen', 'type': 'Team'}]",Saves,Most Regular Season Saves
0QA233473955#156490469_13L84240Q11101979Q2-1,2,233473955,Jose Leclerc,+8000,81,81.00,80/1,None Specified,Jose Leclerc,Unknown,None Specified,810069,None Specified,"[{'name': 'Jose Leclerc', 'type': 'Team'}]",Saves,Most Regular Season Saves
0QA233473955#156496716_13L84240Q12390215Q2-1,2,233473955,Jose A. Ferrer,+10000,101,101.00,100/1,None Specified,Jose A. Ferrer,Unknown,None Specified,1010016,None Specified,"[{'name': 'Jose A. Ferrer', 'type': 'Team'}]",Saves,Most Regular Season Saves
0QA233473955#156490444_13L84240Q12217350Q2-1,2,233473955,Yimi Garcia,+10000,101,101.00,100/1,None Specified,Yimi Garcia,Unknown,None Specified,1010044,None Specified,"[{'name': 'Yimi Garcia', 'type': 'Team'}]",Saves,Most Regular Season Saves
0QA233473955#156490471_13L84240Q11854630Q2-1,2,233473955,Jorge Lopez,+10000,101,101.00,100/1,None Specified,Jorge Lopez,Unknown,None Specified,1010071,None Specified,"[{'name': 'Jorge Lopez', 'type': 'Team'}]",Saves,Most Regular Season Saves
0QA233473955#156490479_13L84240Q12217345Q2-1,2,233473955,Gregory Santos,+10000,101,101.00,100/1,None Specified,Gregory Santos,Unknown,None Specified,1010079,None Specified,"[{'name': 'Gregory Santos', 'type': 'Team'}]",Saves,Most Regular Season Saves
0QA233473955#156490481_13L84240Q12157495Q2-1,2,233473955,Evan Phillips,+10000,101,101.00,100/1,None Specified,Evan Phillips,Unknown,None Specified,1010081,None Specified,"[{'name': 'Evan Phillips', 'type': 'Team'}]",Saves,Most Regular Season Saves
0QA233473955#156490486_13L84240Q11100817Q2-1,2,233473955,Craig Kimbrel,+10000,101,101.00,100/1,None Specified,Craig Kimbrel,Unknown,None Specified,1010086,None Specified,"[{'name': 'Craig Kimbrel', 'type': 'Team'}]",Saves,Most Regular Season Saves
0QA233473955#156490489_13L84240Q11464136Q2-1,2,233473955,Camilo Doval,+10000,101,101.00,100/1,None Specified,Camilo Doval,Unknown,None Specified,1010089,None Specified,"[{'name': 'Camilo Doval', 'type': 'Team'}]",Saves,Most Regular Season Saves
0QA233473955#156496720_13L84240Q12390216Q2-1,2,233473955,Anthony Bender,+12000,121,121.00,120/1,None Specified,Anthony Bender,Unknown,None Specified,1210020,None Specified,"[{'name': 'Anthony Bender', 'type': 'Team'}]",Saves,Most Regular Season Saves
0QA233473955#156490454_13L84240Q12217347Q2-1,2,233473955,Robert Stephenson,+12000,121,121.00,120/1,None Specified,Robert Stephenson,Unknown,None Specified,1210054,None Specified,"[{'name': 'Robert Stephenson', 'type': 'Team'}]",Saves,Most Regular Season Saves
0QA233473955#156490458_13L84240Q11854226Q2-1,2,233473955,Paul Sewald,+12000,121,121.00,120/1,None Specified,Paul Sewald,Unknown,None Specified,1210058,None Specified,"[{'name': 'Paul Sewald', 'type': 'Team'}]",Saves,Most Regular Season Saves
0QA233473955#156490470_13L84240Q12217338Q2-1,2,233473955,Jose Alvarado,+12000,121,121.00,120/1,None Specified,Jose Alvarado,Unknown,None Specified,1210070,None Specified,"[{'name': 'Jose Alvarado', 'type': 'Team'}]",Saves,Most Regular Season Saves
0QA233473955#156490493_13L84240Q12390166Q2-1,2,233473955,Beau Brieske,+12000,121,121.00,120/1,None Specified,Beau Brieske,Unknown,None Specified,1210093,None Specified,"[{'name': 'Beau Brieske', 'type': 'Team'}]",Saves,Most Regular Season Saves
0QA233473955#156496721_13L84240Q11369225Q2-1,2,233473955,A.J. Minter,+15000,151,151.00,150/1,None Specified,A.J. Minter,Unknown,None Specified,1510021,None Specified,"[{'name': 'A.J. Minter', 'type': 'Team'}]",Saves,Most Regular Season Saves
0QA233473955#156490464_13L84240Q11854227Q2-1,2,233473955,Kevin Ginkel,+15000,151,151.00,150/1,None Specified,Kevin Ginkel,Unknown,None Specified,1510064,None Specified,"[{'name': 'Kevin Ginkel', 'type': 'Team'}]",Saves,Most Regular Season Saves
0QA233473955#156490467_13L84240Q12119343Q2-1,2,233473955,Josh Sborz,+15000,151,151.00,150/1,None Specified,Josh Sborz,Unknown,None Specified,1510067,None Specified,"[{'name': 'Josh Sborz', 'type': 'Team'}]",Saves,Most Regular Season Saves
0QA233473955#156490476_13L84240Q12217354Q2-1,2,233473955,Jason Adam,+15000,151,151.00,150/1,None Specified,Jason Adam,Unknown,None Specified,1510076,None Specified,"[{'name': 'Jason Adam', 'type': 'Team'}]",Saves,Most Regular Season Saves
0QA233473955#156490491_13L84240Q12217343Q2-1,2,233473955,Bryan Abreu,+15000,151,151.00,150/1,None Specified,Bryan Abreu,Unknown,None Specified,1510091,None Specified,"[{'name': 'Bryan Abreu', 'type': 'Team'}]",Saves,Most Regular Season Saves
0QA233473955#156490500_13L84240Q11100836Q2-1,2,233473955,Adbert Alzolay,+20000,201,201.00,200/1,None Specified,Adbert Alzolay,Unknown,None Specified,2010000,None Specified,"[{'name': 'Adbert Alzolay', 'type': 'Team'}]",Saves,Most Regular Season Saves
0QA233473955#156496711_13L84240Q12390220Q2-1,2,233473955,Ryne Stanek,+20000,201,201.00,200/1,None Specified,Ryne Stanek,Unknown,None Specified,2010011,None Specified,"[{'name': 'Ryne Stanek', 'type': 'Team'}]",Saves,Most Regular Season Saves
0QA233473955#156496715_13L84240Q12390219Q2-1,2,233473955,Julian Merryweather,+20000,201,201.00,200/1,None Specified,Julian Merryweather,Unknown,None Specified,2010015,None Specified,"[{'name': 'Julian Merryweather', 'type': 'Team'}]",Saves,Most Regular Season Saves
0QA233473955#156496717_13L84240Q12390217Q2-1,2,233473955,JoJo Romero,+20000,201,201.00,200/1,None Specified,JoJo Romero,Unknown,None Specified,2010017,None Specified,"[{'name': 'JoJo Romero', 'type': 'Team'}]",Saves,Most Regular Season Saves
0QA233473955#156496719_13L84240Q12390218Q2-1,2,233473955,Brusdar Graterol,+20000,201,201.00,200/1,None Specified,Brusdar Graterol,Unknown,None Specified,2010019,None Specified,"[{'name': 'Brusdar Graterol', 'type': 'Team'}]",Saves,Most Regular Season Saves
0QA233473955#156490443_13L84240Q12183044Q2-1,2,233473955,Yuki Matsui,+20000,201,201.00,200/1,None Specified,Yuki Matsui,Unknown,None Specified,2010043,None Specified,"[{'name': 'Yuki Matsui', 'type': 'Team'}]",Saves,Most Regular Season Saves
0QA233473955#156490445_13L84240Q11944573Q2-1,2,233473955,Yennier Cano,+20000,201,201.00,200/1,None Specified,Yennier Cano,Unknown,None Specified,2010045,None Specified,"[{'name': 'Yennier Cano', 'type': 'Team'}]",Saves,Most Regular Season Saves
0QA233473955#156490446_13L84240Q11101986Q2-1,2,233473955,Will Smith,+20000,201,201.00,200/1,None Specified,Will Smith,Unknown,None Specified,2010046,None Specified,"[{'name': 'Will Smith', 'type': 'Team'}]",Saves,Most Regular Season Saves
0QA233473955#156490459_13L84240Q11521900Q2-1,2,233473955,Matt Brash,+20000,201,201.00,200/1,None Specified,Matt Brash,Unknown,None Specified,2010059,None Specified,"[{'name': 'Matt Brash', 'type': 'Team'}]",Saves,Most Regular Season Saves
0QA233473955#156490477_13L84240Q11101981Q2-1,2,233473955,Hunter Harvey,+20000,201,201.00,200/1,None Specified,Hunter Harvey,Unknown,None Specified,2010077,None Specified,"[{'name': 'Hunter Harvey', 'type': 'Team'}]",Saves,Most Regular Season Saves
0QA233473955#156490478_13L84240Q11522273Q2-1,2,233473955,Gregory Soto,+20000,201,201.00,200/1,None Specified,Gregory Soto,Unknown,None Specified,2010078,None Specified,"[{'name': 'Gregory Soto', 'type': 'Team'}]",Saves,Most Regular Season Saves
0QA233473955#156490497_13L84240Q11854238Q2-1,2,233473955,Alex Lange,+20000,201,201.00,200/1,None Specified,Alex Lange,Unknown,None Specified,2010097,None Specified,"[{'name': 'Alex Lange', 'type': 'Team'}]",Saves,Most Regular Season Saves
0QA225778465#111244026_13L84240Q1786819Q2-1,2,225778465,Aaron Judge,+310,4.1,4.10,31/10,None Specified,Aaron Judge,Unknown,None Specified,41026,None Specified,"[{'name': 'Aaron Judge', 'type': 'Team'}]",Awards,Award Winner
0QA225778465#111244024_13L84240Q11464121Q2-1,2,225778465,Bobby Witt Jr.,+450,5.5,5.50,9/2,None Specified,Bobby Witt Jr.,Unknown,None Specified,55024,None Specified,"[{'name': 'Bobby Witt Jr.', 'type': 'Team'}]",Awards,Award Winner
0QA225778465#111243985_13L84240Q1790408Q2-1,2,225778465,Yordan Alvarez,+600,7,7.00,6/1,None Specified,Yordan Alvarez,Unknown,None Specified,70085,None Specified,"[{'name': 'Yordan Alvarez', 'type': 'Team'}]",Awards,Award Winner
0QA225778465#111244007_13L84240Q11822948Q2-1,2,225778465,Gunnar Henderson,+750,8.5,8.50,15/2,None Specified,Gunnar Henderson,Unknown,None Specified,85007,None Specified,"[{'name': 'Gunnar Henderson', 'type': 'Team'}]",Awards,Award Winner
0QA225778465#111244004_13L84240Q1788310Q2-1,2,225778465,Jose Ramirez,+1500,16,16.00,15/1,None Specified,Jose Ramirez,Unknown,None Specified,160004,None Specified,"[{'name': 'Jose Ramirez', 'type': 'Team'}]",Awards,Award Winner
0QA225778465#111244010_13L84240Q1787405Q2-1,2,225778465,Corey Seager,+1600,17,17.00,16/1,None Specified,Corey Seager,Unknown,None Specified,170010,None Specified,"[{'name': 'Corey Seager', 'type': 'Team'}]",Awards,Award Winner
0QA225778465#111243997_13L84240Q1788912Q2-1,2,225778465,Mike Trout,+1600,17,17.00,16/1,None Specified,Mike Trout,Unknown,None Specified,170097,None Specified,"[{'name': 'Mike Trout', 'type': 'Team'}]",Awards,Award Winner
0QA225778465#111243988_13L84240Q1700314Q2-1,2,225778465,Vladimir Guerrero Jr.,+1700,18,18.00,17/1,None Specified,Vladimir Guerrero Jr.,Unknown,None Specified,180088,None Specified,"[{'name': 'Vladimir Guerrero Jr.', 'type': 'Team'}]",Awards,Award Winner
0QA225778465#111244002_13L84240Q11113704Q2-1,2,225778465,Julio Rodriguez,+2000,21,21.00,20/1,None Specified,Julio Rodriguez,Unknown,None Specified,210002,None Specified,"[{'name': 'Julio Rodriguez', 'type': 'Team'}]",Awards,Award Winner
0QA225778465#111243996_13L84240Q1789466Q2-1,2,225778465,Rafael Devers,+2500,26,26.00,25/1,None Specified,Rafael Devers,Unknown,None Specified,260096,None Specified,"[{'name': 'Rafael Devers', 'type': 'Team'}]",Awards,Award Winner
0QA225778465#111244006_13L84240Q11263383Q2-1,2,225778465,Jarren Duran,+3500,36,36.00,35/1,None Specified,Jarren Duran,Unknown,None Specified,360006,None Specified,"[{'name': 'Jarren Duran', 'type': 'Team'}]",Awards,Award Winner
0QA225778465#111244023_13L84240Q11948022Q2-1,2,225778465,Brent Rooker,+3500,36,36.00,35/1,None Specified,Brent Rooker,Unknown,None Specified,360023,None Specified,"[{'name': 'Brent Rooker', 'type': 'Team'}]",Awards,Award Winner
0QA225778465#115455209_13L84240Q1787383Q2-1,2,225778465,Cody Bellinger,+4000,41,41.00,40/1,None Specified,Cody Bellinger,Unknown,None Specified,410009,None Specified,"[{'name': 'Cody Bellinger', 'type': 'Team'}]",Awards,Award Winner
0QA225778465#111243987_13L84240Q11993894Q2-1,2,225778465,Wyatt Langford,+4000,41,41.00,40/1,None Specified,Wyatt Langford,Unknown,None Specified,410087,None Specified,"[{'name': 'Wyatt Langford', 'type': 'Team'}]",Awards,Award Winner
0QA225778465#111243991_13L84240Q11100889Q2-1,2,225778465,Tarik Skubal,+4500,46,46.00,45/1,None Specified,Tarik Skubal,Unknown,None Specified,460091,None Specified,"[{'name': 'Tarik Skubal', 'type': 'Team'}]",Awards,Award Winner
0QA225778465#111243994_13L84240Q11464103Q2-1,2,225778465,Riley Greene,+4500,46,46.00,45/1,None Specified,Riley Greene,Unknown,None Specified,460094,None Specified,"[{'name': 'Riley Greene', 'type': 'Team'}]",Awards,Award Winner
0QA225778465#111243986_13L84240Q11733009Q2-1,2,225778465,Yandy Diaz,+5000,51,51.00,50/1,None Specified,Yandy Diaz,Unknown,None Specified,510086,None Specified,"[{'name': 'Yandy Diaz', 'type': 'Team'}]",Awards,Award Winner
0QA225778465#111243989_13L84240Q12162520Q2-1,2,225778465,Vinnie Pasquantino,+5000,51,51.00,50/1,None Specified,Vinnie Pasquantino,Unknown,None Specified,510089,None Specified,"[{'name': 'Vinnie Pasquantino', 'type': 'Team'}]",Awards,Award Winner
0QA225778465#111244012_13L84240Q1796369Q2-1,2,225778465,Carlos Correa,+5500,56,56.00,55/1,None Specified,Carlos Correa,Unknown,None Specified,560012,None Specified,"[{'name': 'Carlos Correa', 'type': 'Team'}]",Awards,Award Winner
0QA225778465#111244025_13L84240Q11100882Q2-1,2,225778465,Adley Rutschman,+5500,56,56.00,55/1,None Specified,Adley Rutschman,Unknown,None Specified,560025,None Specified,"[{'name': 'Adley Rutschman', 'type': 'Team'}]",Awards,Award Winner
0QA225778465#111243998_13L84240Q1788743Q2-1,2,225778465,Marcus Semien,+5500,56,56.00,55/1,None Specified,Marcus Semien,Unknown,None Specified,560098,None Specified,"[{'name': 'Marcus Semien', 'type': 'Team'}]",Awards,Award Winner
0QA225778465#157126748_13L84240Q1551462Q2-1,2,225778465,Alex Bregman,+6000,61,61.00,60/1,None Specified,Alex Bregman,Unknown,None Specified,610048,None Specified,"[{'name': 'Alex Bregman', 'type': 'Team'}]",Awards,Award Winner
0QA225778465#111244000_13L84240Q12283079Q2-1,2,225778465,Kerry Carpenter,+6500,66,66.00,65/1,None Specified,Kerry Carpenter,Unknown,None Specified,660000,None Specified,"[{'name': 'Kerry Carpenter', 'type': 'Team'}]",Awards,Award Winner
0QA225778465#111244005_13L84240Q1788304Q2-1,2,225778465,Jose Altuve,+6500,66,66.00,65/1,None Specified,Jose Altuve,Unknown,None Specified,660005,None Specified,"[{'name': 'Jose Altuve', 'type': 'Team'}]",Awards,Award Winner
0QA225778465#111245927_13L84240Q12383588Q2-1,2,225778465,Lawrence Butler,+6500,66,66.00,65/1,None Specified,Lawrence Butler,Unknown,None Specified,660027,None Specified,"[{'name': 'Lawrence Butler', 'type': 'Team'}]",Awards,Award Winner
0QA225778465#111243990_13L84240Q11464099Q2-1,2,225778465,Triston Casas,+6500,66,66.00,65/1,None Specified,Triston Casas,Unknown,None Specified,660090,None Specified,"[{'name': 'Triston Casas', 'type': 'Team'}]",Awards,Award Winner
0QA225778465#111243992_13L84240Q11464100Q2-1,2,225778465,Steven Kwan,+6500,66,66.00,65/1,None Specified,Steven Kwan,Unknown,None Specified,660092,None Specified,"[{'name': 'Steven Kwan', 'type': 'Team'}]",Awards,Award Winner
0QA225778465#111243993_13L84240Q11560710Q2-1,2,225778465,Royce Lewis,+6500,66,66.00,65/1,None Specified,Royce Lewis,Unknown,None Specified,660093,None Specified,"[{'name': 'Royce Lewis', 'type': 'Team'}]",Awards,Award Winner
0QA225778465#111243995_13L84240Q11100824Q2-1,2,225778465,Randy Arozarena,+6500,66,66.00,65/1,None Specified,Randy Arozarena,Unknown,None Specified,660095,None Specified,"[{'name': 'Randy Arozarena', 'type': 'Team'}]",Awards,Award Winner
0QA225778465#111244013_13L84240Q11851301Q2-1,2,225778465,Cal Raleigh,+8000,81,81.00,80/1,None Specified,Cal Raleigh,Unknown,None Specified,810013,None Specified,"[{'name': 'Cal Raleigh', 'type': 'Team'}]",Awards,Award Winner
0QA225778465#133766582_13L84240Q12352751Q2-1,2,225778465,Jhonkensy Noel,+10000,101,101.00,100/1,None Specified,Jhonkensy Noel,Unknown,None Specified,1010082,None Specified,"[{'name': 'Jhonkensy Noel', 'type': 'Team'}]",Awards,Award Winner
0QA225778465#111244001_13L84240Q12096746Q2-1,2,225778465,Junior Caminero,+12000,121,121.00,120/1,None Specified,Junior Caminero,Unknown,None Specified,1210001,None Specified,"[{'name': 'Junior Caminero', 'type': 'Team'}]",Awards,Award Winner
0QA225778465#111244008_13L84240Q1194868Q2-1,2,225778465,Giancarlo Stanton,+12000,121,121.00,120/1,None Specified,Giancarlo Stanton,Unknown,None Specified,1210008,None Specified,"[{'name': 'Giancarlo Stanton', 'type': 'Team'}]",Awards,Award Winner
0QA225778465#111244011_13L84240Q11244146Q2-1,2,225778465,Colton Cowser,+12000,121,121.00,120/1,None Specified,Colton Cowser,Unknown,None Specified,1210011,None Specified,"[{'name': 'Colton Cowser', 'type': 'Team'}]",Awards,Award Winner
0QA225778465#111244014_13L84240Q1928006Q2-1,2,225778465,Byron Buxton,+12000,121,121.00,120/1,None Specified,Byron Buxton,Unknown,None Specified,1210014,None Specified,"[{'name': 'Byron Buxton', 'type': 'Team'}]",Awards,Award Winner
0QA225778465#173670610_13L84240Q12370884Q2-1,2,225778465,Andy Ibanez,+20000,201,201.00,200/1,None Specified,Andy Ibanez,Unknown,None Specified,2010010,None Specified,"[{'name': 'Andy Ibanez', 'type': 'Team'}]",Awards,Award Winner
0QA225778465#173670760_13L84240Q11101898Q2-1,2,225778465,Myles Straw,+20000,201,201.00,200/1,None Specified,Myles Straw,Unknown,None Specified,2010060,None Specified,"[{'name': 'Myles Straw', 'type': 'Team'}]",Awards,Award Winner
0QA225778502#111244072_13L84240Q1789730Q2-1,2,225778502,Shohei Ohtani,+170,2.7,2.70,17/10,None Specified,Shohei Ohtani,Unknown,None Specified,27072,None Specified,"[{'name': 'Shohei Ohtani', 'type': 'Team'}]",Awards,Award Winner
0QA225778502#111244086_13L84240Q1788341Q2-1,2,225778502,Juan Soto,+550,6.5,6.50,11/2,None Specified,Juan Soto,Unknown,None Specified,65086,None Specified,"[{'name': 'Juan Soto', 'type': 'Team'}]",Awards,Award Winner
0QA225778502#111244092_13L84240Q1787727Q2-1,2,225778502,Fernando Tatis Jr.,+800,9,9.00,8/1,None Specified,Fernando Tatis Jr.,Unknown,None Specified,90092,None Specified,"[{'name': 'Fernando Tatis Jr.', 'type': 'Team'}]",Awards,Award Winner
0QA225778502#111244077_13L84240Q1788941Q2-1,2,225778502,Mookie Betts,+1200,13,13.00,12/1,None Specified,Mookie Betts,Unknown,None Specified,130077,None Specified,"[{'name': 'Mookie Betts', 'type': 'Team'}]",Awards,Award Winner
0QA225778502#111244099_13L84240Q1551458Q2-1,2,225778502,Bryce Harper,+1400,15,15.00,14/1,None Specified,Bryce Harper,Unknown,None Specified,150099,None Specified,"[{'name': 'Bryce Harper', 'type': 'Team'}]",Awards,Award Winner
0QA225778502#111244093_13L84240Q11825749Q2-1,2,225778502,Elly De La Cruz,+1500,16,16.00,15/1,None Specified,Elly De La Cruz,Unknown,None Specified,160093,None Specified,"[{'name': 'Elly De La Cruz', 'type': 'Team'}]",Awards,Award Winner
0QA225778502#112635993_13L84240Q11100821Q2-1,2,225778502,Kyle Tucker,+1500,16,16.00,15/1,None Specified,Kyle Tucker,Unknown,None Specified,160093,None Specified,"[{'name': 'Kyle Tucker', 'type': 'Team'}]",Awards,Award Winner
0QA225778502#111244074_13L84240Q1700312Q2-1,2,225778502,Ronald Acuna Jr.,+1600,17,17.00,16/1,None Specified,Ronald Acuna Jr.,Unknown,None Specified,170074,None Specified,"[{'name': 'Ronald Acuna Jr.', 'type': 'Team'}]",Awards,Award Winner
0QA225778502#111244091_13L84240Q1787748Q2-1,2,225778502,Francisco Lindor,+1600,17,17.00,16/1,None Specified,Francisco Lindor,Unknown,None Specified,170091,None Specified,"[{'name': 'Francisco Lindor', 'type': 'Team'}]",Awards,Award Winner
0QA225778502#111244090_13L84240Q1551457Q2-1,2,225778502,Freddie Freeman,+2200,23,23.00,22/1,None Specified,Freddie Freeman,Unknown,None Specified,230090,None Specified,"[{'name': 'Freddie Freeman', 'type': 'Team'}]",Awards,Award Winner
0QA225778502#111244094_13L84240Q11825751Q2-1,2,225778502,Corbin Carroll,+2200,23,23.00,22/1,None Specified,Corbin Carroll,Unknown,None Specified,230094,None Specified,"[{'name': 'Corbin Carroll', 'type': 'Team'}]",Awards,Award Winner
0QA225778502#111244071_13L84240Q1928016Q2-1,2,225778502,Trea Turner,+2500,26,26.00,25/1,None Specified,Trea Turner,Unknown,None Specified,260071,None Specified,"[{'name': 'Trea Turner', 'type': 'Team'}]",Awards,Award Winner
0QA225778502#111244085_13L84240Q1788430Q2-1,2,225778502,Ketel Marte,+2500,26,26.00,25/1,None Specified,Ketel Marte,Unknown,None Specified,260085,None Specified,"[{'name': 'Ketel Marte', 'type': 'Team'}]",Awards,Award Winner
0QA225778502#111244088_13L84240Q12232281Q2-1,2,225778502,Jackson Merrill,+3500,36,36.00,35/1,None Specified,Jackson Merrill,Unknown,None Specified,360088,None Specified,"[{'name': 'Jackson Merrill', 'type': 'Team'}]",Awards,Award Winner
0QA225778502#111244089_13L84240Q12183051Q2-1,2,225778502,Jackson Chourio,+3500,36,36.00,35/1,None Specified,Jackson Chourio,Unknown,None Specified,360089,None Specified,"[{'name': 'Jackson Chourio', 'type': 'Team'}]",Awards,Award Winner
0QA225778502#111244079_13L84240Q1788817Q2-1,2,225778502,Matt Olson,+4000,41,41.00,40/1,None Specified,Matt Olson,Unknown,None Specified,410079,None Specified,"[{'name': 'Matt Olson', 'type': 'Team'}]",Awards,Award Winner
0QA225778502#111244080_13L84240Q11464131Q2-1,2,225778502,Mark Vientos,+4000,41,41.00,40/1,None Specified,Mark Vientos,Unknown,None Specified,410080,None Specified,"[{'name': 'Mark Vientos', 'type': 'Team'}]",Awards,Award Winner
0QA225778502#111244102_13L84240Q11288899Q2-1,2,225778502,Austin Riley,+4500,46,46.00,45/1,None Specified,Austin Riley,Unknown,None Specified,460002,None Specified,"[{'name': 'Austin Riley', 'type': 'Team'}]",Awards,Award Winner
0QA225778502#111244082_13L84240Q1788711Q2-1,2,225778502,Manny Machado,+4500,46,46.00,45/1,None Specified,Manny Machado,Unknown,None Specified,460082,None Specified,"[{'name': 'Manny Machado', 'type': 'Team'}]",Awards,Award Winner
0QA225778502#150780873_13L84240Q1700315Q2-1,2,225778502,Pete Alonso,+5000,51,51.00,50/1,None Specified,Pete Alonso,Unknown,None Specified,510073,None Specified,"[{'name': 'Pete Alonso', 'type': 'Team'}]",Awards,Award Winner
0QA225778502#111244070_13L84240Q11251268Q2-1,2,225778502,William Contreras,+5500,56,56.00,55/1,None Specified,William Contreras,Unknown,None Specified,560070,None Specified,"[{'name': 'William Contreras', 'type': 'Team'}]",Awards,Award Winner
0QA225778502#111244075_13L84240Q11993892Q2-1,2,225778502,Paul Skenes,+5500,56,56.00,55/1,None Specified,Paul Skenes,Unknown,None Specified,560075,None Specified,"[{'name': 'Paul Skenes', 'type': 'Team'}]",Awards,Award Winner
0QA225778502#111244087_13L84240Q12232280Q2-1,2,225778502,James Wood,+5500,56,56.00,55/1,None Specified,James Wood,Unknown,None Specified,560087,None Specified,"[{'name': 'James Wood', 'type': 'Team'}]",Awards,Award Winner
0QA225778502#111244081_13L84240Q1796373Q2-1,2,225778502,Marcell Ozuna,+6000,61,61.00,60/1,None Specified,Marcell Ozuna,Unknown,None Specified,610081,None Specified,"[{'name': 'Marcell Ozuna', 'type': 'Team'}]",Awards,Award Winner
0QA225778502#111244065_13L84240Q1790424Q2-1,2,225778502,Zack Wheeler,+7500,76,76.00,75/1,None Specified,Zack Wheeler,Unknown,None Specified,760065,None Specified,"[{'name': 'Zack Wheeler', 'type': 'Team'}]",Awards,Award Winner
0QA225778502#111244084_13L84240Q1551461Q2-1,2,225778502,Kyle Schwarber,+7500,76,76.00,75/1,None Specified,Kyle Schwarber,Unknown,None Specified,760084,None Specified,"[{'name': 'Kyle Schwarber', 'type': 'Team'}]",Awards,Award Winner
0QA225778502#111254488_13L84240Q11606302Q2-1,2,225778502,Michael Harris,+7500,76,76.00,75/1,None Specified,Michael Harris,Unknown,None Specified,760088,None Specified,"[{'name': 'Michael Harris', 'type': 'Team'}]",Awards,Award Winner
0QA225778502#118374038_13L84240Q11732990Q2-1,2,225778502,Josh Naylor,+9000,91,91.00,90/1,None Specified,Josh Naylor,Unknown,None Specified,910038,None Specified,"[{'name': 'Josh Naylor', 'type': 'Team'}]",Awards,Award Winner
0QA225778502#111244101_13L84240Q1787153Q2-1,2,225778502,Blake Snell,+10000,101,101.00,100/1,None Specified,Blake Snell,Unknown,None Specified,1010001,None Specified,"[{'name': 'Blake Snell', 'type': 'Team'}]",Awards,Award Winner
0QA225778502#111244069_13L84240Q11100804Q2-1,2,225778502,Willson Contreras,+10000,101,101.00,100/1,None Specified,Willson Contreras,Unknown,None Specified,1010069,None Specified,"[{'name': 'Willson Contreras', 'type': 'Team'}]",Awards,Award Winner
0QA225778502#111244073_13L84240Q11513346Q2-1,2,225778502,Seiya Suzuki,+10000,101,101.00,100/1,None Specified,Seiya Suzuki,Unknown,None Specified,1010073,None Specified,"[{'name': 'Seiya Suzuki', 'type': 'Team'}]",Awards,Award Winner
0QA225778502#111244097_13L84240Q1787355Q2-1,2,225778502,Christian Yelich,+10000,101,101.00,100/1,None Specified,Christian Yelich,Unknown,None Specified,1010097,None Specified,"[{'name': 'Christian Yelich', 'type': 'Team'}]",Awards,Award Winner
0QA225778502#111244098_13L84240Q1787342Q2-1,2,225778502,Chris Sale,+10000,101,101.00,100/1,None Specified,Chris Sale,Unknown,None Specified,1010098,None Specified,"[{'name': 'Chris Sale', 'type': 'Team'}]",Awards,Award Winner
0QA225778502#111244100_13L84240Q11456364Q2-1,2,225778502,Bryan Reynolds,+13000,131,131.00,130/1,None Specified,Bryan Reynolds,Unknown,None Specified,1310000,None Specified,"[{'name': 'Bryan Reynolds', 'type': 'Team'}]",Awards,Award Winner
0QA225778502#111244066_13L84240Q11284100Q2-1,2,225778502,Willy Adames,+13000,131,131.00,130/1,None Specified,Willy Adames,Unknown,None Specified,1310066,None Specified,"[{'name': 'Willy Adames', 'type': 'Team'}]",Awards,Award Winner
0QA225778502#111244076_13L84240Q11100850Q2-1,2,225778502,Oneil Cruz,+13000,131,131.00,130/1,None Specified,Oneil Cruz,Unknown,None Specified,1310076,None Specified,"[{'name': 'Oneil Cruz', 'type': 'Team'}]",Awards,Award Winner
0QA225778502#170036355_13L84240Q12183046Q2-1,2,225778502,Pete Crow-Armstrong,+15000,151,151.00,150/1,None Specified,Pete Crow-Armstrong,Unknown,None Specified,1510055,None Specified,"[{'name': 'Pete Crow-Armstrong', 'type': 'Team'}]",Awards,Award Winner
0QA225778502#111244083_13L84240Q1928008Q2-1,2,225778502,Luis Arraez,+15000,151,151.00,150/1,None Specified,Luis Arraez,Unknown,None Specified,1510083,None Specified,"[{'name': 'Luis Arraez', 'type': 'Team'}]",Awards,Award Winner
0QA225778502#111244096_13L84240Q11854221Q2-1,2,225778502,CJ Abrams,+15000,151,151.00,150/1,None Specified,CJ Abrams,Unknown,None Specified,1510096,None Specified,"[{'name': 'CJ Abrams', 'type': 'Team'}]",Awards,Award Winner
