providerOutcomeId,providerId,providerOfferId,label,oddsAmerican,oddsDecimal,oddsDecimalDisplay,oddsFractional,line,participant,participantType,main,sortOrder,tags,participants,category,prop_label
0HC79094834P2350_3,2,2_79094834,TOR Raptors,-105,1.95238096,1.95,20/21,23.5,TOR Raptors,Team,True,23499,"['MainPointLine', 'SGP']","[{'id': '32957', 'name': 'TOR Raptors', 'type': 'Team'}]",Game Lines,Spread
0HC79094834N2350_1,2,2_79094834,PHO Suns,-125,1.8,1.80,4/5,-23.5,PHO Suns,Team,True,23501,"['MainPointLine', 'SGP']","[{'id': '32949', 'name': 'PHO Suns', 'type': 'Team'}]",Game Lines,Spread
0OU79094834O20750_1,2,3_79094834,Over,-115,1.86956522,1.86,20/23,207.5,,Unknown,True,207500,"['MainPointLine', 'SGP']",Game Lines,Total
0OU79094834U20750_3,2,3_79094834,Under,-115,1.86956522,1.86,20/23,207.5,,Unknown,True,207502,"['MainPointLine', 'SGP']",Game Lines,Total
0,0,True,0,Game Lines,Moneyline
0,0,True,0,Game Lines,Moneyline
0HC79094892P850_3,2,2_79094892,MEM Grizzlies,-120,1.83333334,1.83,5/6,8.5,MEM Grizzlies,Team,True,8499,"['MainPointLine', 'SGP']","[{'id': '32929', 'name': 'MEM Grizzlies', 'type': 'Team'}]",Game Lines,Spread
0HC79094892N850_1,2,2_79094892,SAC Kings,-110,1.90909091,1.90,10/11,-8.5,SAC Kings,Team,True,8501,"['MainPointLine', 'SGP']","[{'id': '32954', 'name': 'SAC Kings', 'type': 'Team'}]",Game Lines,Spread
0OU79094892O24550_1,2,3_79094892,Over,-120,1.83333334,1.83,5/6,245.5,,Unknown,True,245500,"['MainPointLine', 'SGP']",Game Lines,Total
0OU79094892U24550_3,2,3_79094892,Under,-110,1.90909091,1.90,10/11,245.5,,Unknown,True,245502,"['MainPointLine', 'SGP']",Game Lines,Total
0ML79094892_3,2,1_79094892,MEM Grizzlies,+370,4.7,4.70,37/10,MEM Grizzlies,Team,True,1279904145,['SGP'],"[{'id': '32929', 'name': 'MEM Grizzlies', 'type': 'Team'}]",Game Lines,Moneyline
0ML79094892_1,2,1_79094892,SAC Kings,-560,1.17857143,1.17,5/28,SAC Kings,Team,True,1279906141,['SGP'],"[{'id': '32954', 'name': 'SAC Kings', 'type': 'Team'}]",Game Lines,Moneyline
0HC79094805N150_3,2,2_79094805,DEN Nuggets,-110,1.90909091,1.90,10/11,-1.5,DEN Nuggets,Team,True,-1501,"['MainPointLine', 'SGP']","[{'id': '32913', 'name': 'DEN Nuggets', 'type': 'Team'}]",Game Lines,Spread
0HC79094805P150_1,2,2_79094805,GS Warriors,-120,1.83333334,1.83,5/6,1.5,GS Warriors,Team,True,-1499,"['MainPointLine', 'SGP']","[{'id': '32917', 'name': 'GS Warriors', 'type': 'Team'}]",Game Lines,Spread
0OU79094805O22050_1,2,3_79094805,Over,-115,1.86956522,1.86,20/23,220.5,,Unknown,True,220500,"['MainPointLine', 'SGP']",Game Lines,Total
0OU79094805U22050_3,2,3_79094805,Under,-115,1.86956522,1.86,20/23,220.5,,Unknown,True,220502,"['MainPointLine', 'SGP']",Game Lines,Total
0ML79094805_3,2,1_79094805,DEN Nuggets,-125,1.8,1.80,4/5,DEN Nuggets,Team,True,1279902108,['SGP'],"[{'id': '32913', 'name': 'DEN Nuggets', 'type': 'Team'}]",Game Lines,Moneyline
0ML79094805_1,2,1_79094805,GS Warriors,-105,1.95238096,1.95,20/21,GS Warriors,Team,True,1279904104,['SGP'],"[{'id': '32917', 'name': 'GS Warriors', 'type': 'Team'}]",Game Lines,Moneyline
0HC79094863P1450_3,2,2_79094863,WAS Wizards,-105,1.95238096,1.95,20/21,14.5,WAS Wizards,Team,True,14499,"['MainPointLine', 'SGP']","[{'id': '32962', 'name': 'WAS Wizards', 'type': 'Team'}]",Game Lines,Spread
0HC79094863N1450_1,2,2_79094863,POR Trail Blazers,-125,1.8,1.80,4/5,-14.5,POR Trail Blazers,Team,True,14501,"['MainPointLine', 'SGP']","[{'id': '32952', 'name': 'POR Trail Blazers', 'type': 'Team'}]",Game Lines,Spread
0OU79094863O22050_1,2,3_79094863,Over,-120,1.83333334,1.83,5/6,220.5,,Unknown,True,220500,"['MainPointLine', 'SGP']",Game Lines,Total
0OU79094863U22050_3,2,3_79094863,Under,-110,1.90909091,1.90,10/11,220.5,,Unknown,True,220502,"['MainPointLine', 'SGP']",Game Lines,Total
0ML79094863_3,2,1_79094863,WAS Wizards,+1100,12,12.00,11/1,WAS Wizards,Team,True,1279903466,['SGP'],"[{'id': '32962', 'name': 'WAS Wizards', 'type': 'Team'}]",Game Lines,Moneyline
0ML79094863_1,2,1_79094863,POR Trail Blazers,-2100,1.04761905,1.04,1/21,POR Trail Blazers,Team,True,1279905462,['SGP'],"[{'id': '32952', 'name': 'POR Trail Blazers', 'type': 'Team'}]",Game Lines,Moneyline
0HC79094921P1450_3,2,2_79094921,SA Spurs,-120,1.83333334,1.83,5/6,14.5,SA Spurs,Team,True,14499,"['MainPointLine', 'SGP']","[{'id': '32955', 'name': 'SA Spurs', 'type': 'Team'}]",Game Lines,Spread
0HC79094921N1450_1,2,2_79094921,LA Lakers,-110,1.90909091,1.90,10/11,-14.5,LA Lakers,Team,True,14501,"['MainPointLine', 'SGP']","[{'id': '32927', 'name': 'LA Lakers', 'type': 'Team'}]",Game Lines,Spread
0OU79094921O23250_1,2,3_79094921,Over,-110,1.90909091,1.90,10/11,232.5,,Unknown,True,232500,"['MainPointLine', 'SGP']",Game Lines,Total
0OU79094921U23250_3,2,3_79094921,Under,-120,1.83333334,1.83,5/6,232.5,,Unknown,True,232502,"['MainPointLine', 'SGP']",Game Lines,Total
0ML79094921_3,2,1_79094921,SA Spurs,+1000,11,11.00,10/1,SA Spurs,Team,True,1279904824,['SGP'],"[{'id': '32955', 'name': 'SA Spurs', 'type': 'Team'}]",Game Lines,Moneyline
0ML79094921_1,2,1_79094921,LA Lakers,-2100,1.04761905,1.04,1/21,LA Lakers,Team,True,1279906820,['SGP'],"[{'id': '32927', 'name': 'LA Lakers', 'type': 'Team'}]",Game Lines,Moneyline
0HC79093087N650_3,2,2_79093087,ATL Hawks,-110,1.90909091,1.90,10/11,-6.5,ATL Hawks,Team,True,-6501,"['ProgressiveParlayTeamEligible', 'MainPointLine', 'SGP']","[{'id': '32892', 'name': 'ATL Hawks', 'type': 'Team'}]",Game Lines,Spread
0HC79093087P650_1,2,2_79093087,CHA Hornets,-110,1.90909091,1.90,10/11,6.5,CHA Hornets,Team,True,-6499,"['ProgressiveParlayTeamEligible', 'MainPointLine', 'SGP']","[{'id': '32904', 'name': 'CHA Hornets', 'type': 'Team'}]",Game Lines,Spread
0OU79093087O23650_1,2,3_79093087,Over,-112,1.89285715,1.89,25/28,236.5,,Unknown,True,236500,"['ProgressiveParlayTeamEligible', 'MainPointLine', 'SGP']",Game Lines,Total
0OU79093087U23650_3,2,3_79093087,Under,-108,1.92592593,1.92,25/27,236.5,,Unknown,True,236502,"['ProgressiveParlayTeamEligible', 'MainPointLine', 'SGP']",Game Lines,Total
0ML79093087_3,2,1_79093087,ATL Hawks,-258,1.3875969,1.38,50/129,ATL Hawks,Team,True,1279863251,['SGP'],"[{'id': '32892', 'name': 'ATL Hawks', 'type': 'Team'}]",Game Lines,Moneyline
0ML79093087_1,2,1_79093087,CHA Hornets,+225,3.25,3.25,9/4,CHA Hornets,Team,True,1279865247,['SGP'],"[{'id': '32904', 'name': 'CHA Hornets', 'type': 'Team'}]",Game Lines,Moneyline
0HC79093088P1350_3,2,2_79093088,BKN Nets,-110,1.90909091,1.90,10/11,13.5,BKN Nets,Team,True,13499,"['ProgressiveParlayTeamEligible', 'MainPointLine', 'SGP']","[{'id': '32902', 'name': 'BKN Nets', 'type': 'Team'}]",Game Lines,Spread
0HC79093088N1350_1,2,2_79093088,BOS Celtics,-110,1.90909091,1.90,10/11,-13.5,BOS Celtics,Team,True,13501,"['ProgressiveParlayTeamEligible', 'MainPointLine', 'SGP']","[{'id': '32898', 'name': 'BOS Celtics', 'type': 'Team'}]",Game Lines,Spread
0OU79093088O21750_1,2,3_79093088,Over,-112,1.89285715,1.89,25/28,217.5,,Unknown,True,217500,"['ProgressiveParlayTeamEligible', 'MainPointLine', 'SGP']",Game Lines,Total
0OU79093088U21750_3,2,3_79093088,Under,-108,1.92592593,1.92,25/27,217.5,,Unknown,True,217502,"['ProgressiveParlayTeamEligible', 'MainPointLine', 'SGP']",Game Lines,Total
0ML79093088_3,2,1_79093088,BKN Nets,+625,7.25,7.25,25/4,BKN Nets,Team,True,1279863258,['SGP'],"[{'id': '32902', 'name': 'BKN Nets', 'type': 'Team'}]",Game Lines,Moneyline
0ML79093088_1,2,1_79093088,BOS Celtics,-950,1.10526316,1.10,2/19,BOS Celtics,Team,True,1279865254,['SGP'],"[{'id': '32898', 'name': 'BOS Celtics', 'type': 'Team'}]",Game Lines,Moneyline
0HC79093095P250_3,2,2_79093095,MIL Bucks,-108,1.92592593,1.92,25/27,2.5,MIL Bucks,Team,True,2499,"['ProgressiveParlayTeamEligible', 'MainPointLine', 'SGP']","[{'id': '32933', 'name': 'MIL Bucks', 'type': 'Team'}]",Game Lines,Spread
0HC79093095N250_1,2,2_79093095,GS Warriors,-112,1.89285715,1.89,25/28,-2.5,GS Warriors,Team,True,2501,"['ProgressiveParlayTeamEligible', 'MainPointLine', 'SGP']","[{'id': '32917', 'name': 'GS Warriors', 'type': 'Team'}]",Game Lines,Spread
0OU79093095O23350_1,2,3_79093095,Over,-110,1.90909091,1.90,10/11,233.5,,Unknown,True,233500,"['ProgressiveParlayTeamEligible', 'MainPointLine', 'SGP']",Game Lines,Total
0OU79093095U23350_3,2,3_79093095,Under,-110,1.90909091,1.90,10/11,233.5,,Unknown,True,233502,"['ProgressiveParlayTeamEligible', 'MainPointLine', 'SGP']",Game Lines,Total
0ML79093095_3,2,1_79093095,MIL Bucks,+120,2.2,2.20,6/5,MIL Bucks,Team,True,1279863307,['SGP'],"[{'id': '32933', 'name': 'MIL Bucks', 'type': 'Team'}]",Game Lines,Moneyline
0ML79093095_1,2,1_79093095,GS Warriors,-142,1.70422536,1.70,50/71,GS Warriors,Team,True,1279865303,['SGP'],"[{'id': '32917', 'name': 'GS Warriors', 'type': 'Team'}]",Game Lines,Moneyline
0HC79093096N350_3,2,2_79093096,CLE Cavaliers,-110,1.90909091,1.90,10/11,-3.5,CLE Cavaliers,Team,True,-3501,"['ProgressiveParlayTeamEligible', 'MainPointLine', 'SGP']","[{'id': '32908', 'name': 'CLE Cavaliers', 'type': 'Team'}]",Game Lines,Spread
0HC79093096P350_1,2,2_79093096,LA Clippers,-110,1.90909091,1.90,10/11,3.5,LA Clippers,Team,True,-3499,"['ProgressiveParlayTeamEligible', 'MainPointLine', 'SGP']","[{'id': '32925', 'name': 'LA Clippers', 'type': 'Team'}]",Game Lines,Spread
0OU79093096O23050_1,2,3_79093096,Over,-105,1.95238096,1.95,20/21,230.5,,Unknown,True,230500,"['ProgressiveParlayTeamEligible', 'MainPointLine', 'SGP']",Game Lines,Total
0OU79093096U23050_3,2,3_79093096,Under,-115,1.86956522,1.86,20/23,230.5,,Unknown,True,230502,"['ProgressiveParlayTeamEligible', 'MainPointLine', 'SGP']",Game Lines,Total
0ML79093096_3,2,1_79093096,CLE Cavaliers,-162,1.61728396,1.61,50/81,CLE Cavaliers,Team,True,1279863314,['SGP'],"[{'id': '32908', 'name': 'CLE Cavaliers', 'type': 'Team'}]",Game Lines,Moneyline
0ML79093096_1,2,1_79093096,LA Clippers,+136,2.36,2.36,34/25,LA Clippers,Team,True,1279865310,['SGP'],"[{'id': '32925', 'name': 'LA Clippers', 'type': 'Team'}]",Game Lines,Moneyline
0QA239142822#188137026_13L42648Q1-314840478Q20,2,239142822,TOR Raptors Two Points,+125,2.25,2.25,5/4,TOR Raptors,Team,188138026,"[{'id': '32957', 'name': 'TOR Raptors', 'type': 'Team'}]",Flash Props,Next Field Goal Exact Type (after Score 58-84)
0QA239142822#188137027_13L42648Q1-1116864147Q20,2,239142822,TOR Raptors Three Points,+360,4.6,4.60,18/5,TOR Raptors,Team,188138027,"[{'id': '32957', 'name': 'TOR Raptors', 'type': 'Team'}]",Flash Props,Next Field Goal Exact Type (after Score 58-84)
0QA239142822#188137020_13L42648Q11370931646Q20,2,239142822,PHO Suns Two Points,+235,3.35,3.35,47/20,PHO Suns,Team,188140020,"[{'id': '32949', 'name': 'PHO Suns', 'type': 'Team'}]",Flash Props,Next Field Goal Exact Type (after Score 58-84)
0QA239142822#188137024_13L42648Q1-1803754066Q20,2,239142822,PHO Suns Three Points,+450,5.5,5.50,9/2,PHO Suns,Team,188140024,"[{'id': '32949', 'name': 'PHO Suns', 'type': 'Team'}]",Flash Props,Next Field Goal Exact Type (after Score 58-84)
0QA239142820#188137029_15L42648Q11337398991Q20,2,239142820,TOR Raptors,-155,1.6451613,1.64,20/31,TOR Raptors,Team,188138029,"[{'id': '32957', 'name': 'TOR Raptors', 'type': 'Team'}]",Flash Props,Team to Score the Next Field Goal (after Score 58-84)
0QA239142820#188137028_13L42648Q1-1836516410Q20,2,239142820,PHO Suns,+125,2.25,2.25,5/4,PHO Suns,Team,188140028,"[{'id': '32949', 'name': 'PHO Suns', 'type': 'Team'}]",Flash Props,Team to Score the Next Field Goal (after Score 58-84)
0QA239142506#188135997_13L42648Q11920634124Q20,2,239142506,MEM Grizzlies Two Points,+115,2.15,2.15,23/20,MEM Grizzlies,Team,188136997,"[{'id': '32929', 'name': 'MEM Grizzlies', 'type': 'Team'}]",Flash Props,Next Field Goal Exact Type (after Score 78-88)
0QA239142506#188135998_13L42648Q1-1810485539Q20,2,239142506,MEM Grizzlies Three Points,+330,4.3,4.30,33/10,MEM Grizzlies,Team,188136998,"[{'id': '32929', 'name': 'MEM Grizzlies', 'type': 'Team'}]",Flash Props,Next Field Goal Exact Type (after Score 78-88)
0QA239142506#188135995_13L42648Q1872776099Q20,2,239142506,SAC Kings Two Points,+245,3.45,3.45,49/20,SAC Kings,Team,188138995,"[{'id': '32954', 'name': 'SAC Kings', 'type': 'Team'}]",Flash Props,Next Field Goal Exact Type (after Score 78-88)
0QA239142506#188135996_13L42648Q1-148838603Q20,2,239142506,SAC Kings Three Points,+500,6,6.00,5/1,SAC Kings,Team,188138996,"[{'id': '32954', 'name': 'SAC Kings', 'type': 'Team'}]",Flash Props,Next Field Goal Exact Type (after Score 78-88)
0QA239142505#188135994_15L42648Q11409004189Q20,2,239142505,MEM Grizzlies,-180,1.55555556,1.55,5/9,MEM Grizzlies,Team,188136994,"[{'id': '32929', 'name': 'MEM Grizzlies', 'type': 'Team'}]",Flash Props,Team to Score the Next Field Goal (after Score 78-88)
0QA239142505#188135993_13L42648Q11523515005Q20,2,239142505,SAC Kings,+145,2.45,2.45,29/20,SAC Kings,Team,188138993,"[{'id': '32954', 'name': 'SAC Kings', 'type': 'Team'}]",Flash Props,Team to Score the Next Field Goal (after Score 78-88)
0QA239142677#188136521_13L42648Q1-1788216751Q20,2,239142677,DEN Nuggets Two Points,+245,3.45,3.45,49/20,DEN Nuggets,Team,188137521,"[{'id': '32913', 'name': 'DEN Nuggets', 'type': 'Team'}]",Flash Props,Next Field Goal Exact Type (after Score 68-57)
0QA239142677#188136522_13L42648Q11534783706Q20,2,239142677,DEN Nuggets Three Points,+550,6.5,6.50,11/2,DEN Nuggets,Team,188137522,"[{'id': '32913', 'name': 'DEN Nuggets', 'type': 'Team'}]",Flash Props,Next Field Goal Exact Type (after Score 68-57)
0QA239142677#188136519_13L42648Q1-2007980940Q20,2,239142677,GS Warriors Two Points,+135,2.35,2.35,27/20,GS Warriors,Team,188139519,"[{'id': '32917', 'name': 'GS Warriors', 'type': 'Team'}]",Flash Props,Next Field Goal Exact Type (after Score 68-57)
0QA239142677#188136520_13L42648Q1168139200Q20,2,239142677,GS Warriors Three Points,+265,3.65,3.65,53/20,GS Warriors,Team,188139520,"[{'id': '32917', 'name': 'GS Warriors', 'type': 'Team'}]",Flash Props,Next Field Goal Exact Type (after Score 68-57)
0QA239142676#188136514_15L42648Q1504831655Q20,2,239142676,DEN Nuggets,+155,2.55,2.55,31/20,DEN Nuggets,Team,188137514,"[{'id': '32913', 'name': 'DEN Nuggets', 'type': 'Team'}]",Flash Props,Team to Score the Next Field Goal (after Score 68-57)
0QA239142676#188136512_13L42648Q11485771442Q20,2,239142676,GS Warriors,-190,1.52631579,1.52,10/19,GS Warriors,Team,188139512,"[{'id': '32917', 'name': 'GS Warriors', 'type': 'Team'}]",Flash Props,Team to Score the Next Field Goal (after Score 68-57)
0QA239142410#188135673_13L42648Q128176287Q20,2,239142410,WAS Wizards Two Points,+120,2.2,2.20,6/5,WAS Wizards,Team,188136673,"[{'id': '32962', 'name': 'WAS Wizards', 'type': 'Team'}]",Flash Props,Next Field Goal Exact Type (after Score 64-81)
0QA239142410#188135674_13L42648Q12067451869Q20,2,239142410,WAS Wizards Three Points,+340,4.4,4.40,17/5,WAS Wizards,Team,188136674,"[{'id': '32962', 'name': 'WAS Wizards', 'type': 'Team'}]",Flash Props,Next Field Goal Exact Type (after Score 64-81)
0QA239142410#188135671_13L42648Q1-166201272Q20,2,239142410,POR Trail Blazers Two Points,+210,3.1,3.10,21/10,POR Trail Blazers,Team,188138671,"[{'id': '32952', 'name': 'POR Trail Blazers', 'type': 'Team'}]",Flash Props,Next Field Goal Exact Type (after Score 64-81)
0QA239142410#188135672_13L42648Q1-1560246143Q20,2,239142410,POR Trail Blazers Three Points,+600,7,7.00,6/1,POR Trail Blazers,Team,188138672,"[{'id': '32952', 'name': 'POR Trail Blazers', 'type': 'Team'}]",Flash Props,Next Field Goal Exact Type (after Score 64-81)
0QA239142408#188135666_15L42648Q11885103021Q20,2,239142408,WAS Wizards,-170,1.5882353,1.58,10/17,WAS Wizards,Team,188136666,"[{'id': '32962', 'name': 'WAS Wizards', 'type': 'Team'}]",Flash Props,Team to Score the Next Field Goal (after Score 64-81)
0QA239142408#188135665_13L42648Q1-647124199Q20,2,239142408,POR Trail Blazers,+140,2.4,2.40,7/5,POR Trail Blazers,Team,188138665,"[{'id': '32952', 'name': 'POR Trail Blazers', 'type': 'Team'}]",Flash Props,Team to Score the Next Field Goal (after Score 64-81)
0QA239142222#188134527_13L42648Q1-796820469Q20,2,239142222,SA Spurs Two Points,+260,3.6,3.60,13/5,SA Spurs,Team,188135527,"[{'id': '32955', 'name': 'SA Spurs', 'type': 'Team'}]",Flash Props,Next Field Goal Exact Type (after Score 51-65)
0QA239142222#188134528_13L42648Q1-1971976579Q20,2,239142222,SA Spurs Three Points,+550,6.5,6.50,11/2,SA Spurs,Team,188135528,"[{'id': '32955', 'name': 'SA Spurs', 'type': 'Team'}]",Flash Props,Next Field Goal Exact Type (after Score 51-65)
0QA239142222#188134525_13L42648Q1-1022647231Q20,2,239142222,LA Lakers Two Points,+115,2.15,2.15,23/20,LA Lakers,Team,188137525,"[{'id': '32927', 'name': 'LA Lakers', 'type': 'Team'}]",Flash Props,Next Field Goal Exact Type (after Score 51-65)
0QA239142222#188134526_13L42648Q11454115840Q20,2,239142222,LA Lakers Three Points,+300,4,4.00,3/1,LA Lakers,Team,188137526,"[{'id': '32927', 'name': 'LA Lakers', 'type': 'Team'}]",Flash Props,Next Field Goal Exact Type (after Score 51-65)
0QA239142221#188134520_15L42648Q1-909882875Q20,2,239142221,SA Spurs,+160,2.6,2.60,8/5,SA Spurs,Team,188135520,"[{'id': '32955', 'name': 'SA Spurs', 'type': 'Team'}]",Flash Props,Team to Score the Next Field Goal (after Score 51-65)
0QA239142221#188134519_13L42648Q1589660518Q20,2,239142221,LA Lakers,-195,1.51282052,1.51,20/39,LA Lakers,Team,188137519,"[{'id': '32927', 'name': 'LA Lakers', 'type': 'Team'}]",Flash Props,Team to Score the Next Field Goal (after Score 51-65)
0QA239103456#187929269_13L42648Q1258387513Q20,2,239103456,8+,-1800,1.05555556,1.05,1/18,Dyson Daniels,Unknown,10569,['SGP'],"[{'id': '649551', 'name': 'Dyson Daniels', 'type': 'Player'}]",Player Points,Dyson Daniels Points
0QA239103456#187929273_13L42648Q1243631508Q20,2,239103456,10+,-700,1.14285715,1.14,1/7,Dyson Daniels,Unknown,11472,['SGP'],"[{'id': '649551', 'name': 'Dyson Daniels', 'type': 'Player'}]",Player Points,Dyson Daniels Points
0QA239103456#187929278_13L42648Q12000308824Q20,2,239103456,12+,-330,1.30303031,1.30,10/33,Dyson Daniels,Unknown,13078,['SGP'],"[{'id': '649551', 'name': 'Dyson Daniels', 'type': 'Player'}]",Player Points,Dyson Daniels Points
0QA239103456#187929286_13L42648Q11337895931Q20,2,239103456,15+,-135,1.74074075,1.74,20/27,Dyson Daniels,Unknown,17486,['SGP'],"[{'id': '649551', 'name': 'Dyson Daniels', 'type': 'Player'}]",Player Points,Dyson Daniels Points
0QA239103456#188085829_13L42648Q1-1750342611Q20,2,239103456,16+,-105,1.95238096,1.95,20/21,Dyson Daniels,Unknown,True,19529,"['MostBalancedOdds', 'SGP', 'MostBalancedGlobalProbability']","[{'id': '649551', 'name': 'Dyson Daniels', 'type': 'Player'}]",Player Points,Dyson Daniels Points
0QA239103456#187929288_13L42648Q1-1088221744Q20,2,239103456,18+,+160,2.6,2.60,8/5,Dyson Daniels,Unknown,26088,['SGP'],"[{'id': '649551', 'name': 'Dyson Daniels', 'type': 'Player'}]",Player Points,Dyson Daniels Points
0QA239103456#187929290_13L42648Q1-1697847620Q20,2,239103456,20+,+265,3.65,3.65,53/20,Dyson Daniels,Unknown,36590,['SGP'],"[{'id': '649551', 'name': 'Dyson Daniels', 'type': 'Player'}]",Player Points,Dyson Daniels Points
0QA239103456#187929291_13L42648Q11520391110Q20,2,239103456,25+,+900,10,10.00,9/1,Dyson Daniels,Unknown,100091,['SGP'],"[{'id': '649551', 'name': 'Dyson Daniels', 'type': 'Player'}]",Player Points,Dyson Daniels Points
0QA239103456#187929292_13L42648Q1-1786549384Q20,2,239103456,30+,+3500,36,36.00,35/1,Dyson Daniels,Unknown,360092,['SGP'],"[{'id': '649551', 'name': 'Dyson Daniels', 'type': 'Player'}]",Player Points,Dyson Daniels Points
0QA239103455#187929305_13L42648Q1-1665381124Q20,2,239103455,6+,-360,1.27777778,1.27,5/18,Josh Green,Unknown,12705,['SGP'],"[{'id': '527227', 'name': 'Josh Green', 'type': 'Player'}]",Player Points,Josh Green Points
0QA239103455#187929306_13L42648Q1258387513Q20,2,239103455,8+,-175,1.57142858,1.57,4/7,Josh Green,Unknown,15706,['SGP'],"[{'id': '527227', 'name': 'Josh Green', 'type': 'Player'}]",Player Points,Josh Green Points
0QA239103455#187932443_13L42648Q1-618540100Q20,2,239103455,9+,-125,1.8,1.80,4/5,Josh Green,Unknown,18043,"['SGP', 'MostBalancedGlobalProbability']","[{'id': '527227', 'name': 'Josh Green', 'type': 'Player'}]",Player Points,Josh Green Points
0QA239103455#187929308_13L42648Q1243631508Q20,2,239103455,10+,+105,2.05,2.05,21/20,Josh Green,Unknown,True,20508,"['MostBalancedOdds', 'SGP']","[{'id': '527227', 'name': 'Josh Green', 'type': 'Player'}]",Player Points,Josh Green Points
0QA239103455#187929310_13L42648Q12000308824Q20,2,239103455,12+,+195,2.95,2.95,39/20,Josh Green,Unknown,29510,['SGP'],"[{'id': '527227', 'name': 'Josh Green', 'type': 'Player'}]",Player Points,Josh Green Points
0QA239103455#187929312_13L42648Q11337895931Q20,2,239103455,15+,+450,5.5,5.50,9/2,Josh Green,Unknown,55012,['SGP'],"[{'id': '527227', 'name': 'Josh Green', 'type': 'Player'}]",Player Points,Josh Green Points
0QA239103455#187929314_13L42648Q1-1088221744Q20,2,239103455,18+,+1000,11,11.00,10/1,Josh Green,Unknown,110014,['SGP'],"[{'id': '527227', 'name': 'Josh Green', 'type': 'Player'}]",Player Points,Josh Green Points
0QA239103455#187929316_13L42648Q1-1697847620Q20,2,239103455,20+,+1800,19,19.00,18/1,Josh Green,Unknown,190016,['SGP'],"[{'id': '527227', 'name': 'Josh Green', 'type': 'Player'}]",Player Points,Josh Green Points
0QA239103473#187929377_13L42648Q1-1088221744Q20,2,239103473,18+,-1100,1.0909091,1.09,1/11,LaMelo Ball,Unknown,10977,['SGP'],"[{'id': '527219', 'name': 'LaMelo Ball', 'type': 'Player'}]",Player Points,LaMelo Ball Points
0QA239103473#187929378_13L42648Q1-1697847620Q20,2,239103473,20+,-600,1.16666667,1.16,1/6,LaMelo Ball,Unknown,11678,['SGP'],"[{'id': '527219', 'name': 'LaMelo Ball', 'type': 'Player'}]",Player Points,LaMelo Ball Points
0QA239103473#187929379_13L42648Q11520391110Q20,2,239103473,25+,-215,1.46511628,1.46,20/43,LaMelo Ball,Unknown,14679,['SGP'],"[{'id': '527219', 'name': 'LaMelo Ball', 'type': 'Player'}]",Player Points,LaMelo Ball Points
0QA239103473#187932446_13L42648Q1-1787832110Q20,2,239103473,28+,-125,1.8,1.80,4/5,LaMelo Ball,Unknown,18046,"['SGP', 'MostBalancedGlobalProbability']","[{'id': '527219', 'name': 'LaMelo Ball', 'type': 'Player'}]",Player Points,LaMelo Ball Points
0QA239103473#187929380_13L42648Q1-1786549384Q20,2,239103473,30+,+110,2.1,2.10,11/10,LaMelo Ball,Unknown,True,21080,"['MostBalancedOdds', 'SGP']","[{'id': '527219', 'name': 'LaMelo Ball', 'type': 'Player'}]",Player Points,LaMelo Ball Points
0QA239103473#187929381_13L42648Q147078906Q20,2,239103473,35+,+250,3.5,3.50,5/2,LaMelo Ball,Unknown,35081,['SGP'],"[{'id': '527219', 'name': 'LaMelo Ball', 'type': 'Player'}]",Player Points,LaMelo Ball Points
0QA239103473#187929383_13L42648Q11296223914Q20,2,239103473,40+,+550,6.5,6.50,11/2,LaMelo Ball,Unknown,65083,['SGP'],"[{'id': '527219', 'name': 'LaMelo Ball', 'type': 'Player'}]",Player Points,LaMelo Ball Points
0QA239103473#187929385_13L42648Q11086310480Q20,2,239103473,45+,+1300,14,14.00,13/1,LaMelo Ball,Unknown,140085,['SGP'],"[{'id': '527219', 'name': 'LaMelo Ball', 'type': 'Player'}]",Player Points,LaMelo Ball Points
0QA239103473#187932447_13L42648Q1-286391722Q20,2,239103473,50+,+3000,31,31.00,30/1,LaMelo Ball,Unknown,310047,['SGP'],"[{'id': '527219', 'name': 'LaMelo Ball', 'type': 'Player'}]",Player Points,LaMelo Ball Points
0QA239103440#187929183_13L42648Q1243631508Q20,2,239103440,10+,-1400,1.07142858,1.07,1/14,Mark Williams,Unknown,10783,['SGP'],"[{'id': '649564', 'name': 'Mark Williams', 'type': 'Player'}]",Player Points,Mark Williams Points
0QA239103440#187929184_13L42648Q12000308824Q20,2,239103440,12+,-650,1.15384616,1.15,2/13,Mark Williams,Unknown,11584,['SGP'],"[{'id': '649564', 'name': 'Mark Williams', 'type': 'Player'}]",Player Points,Mark Williams Points
0QA239103440#187929185_13L42648Q11337895931Q20,2,239103440,15+,-240,1.41666667,1.41,5/12,Mark Williams,Unknown,14185,['SGP'],"[{'id': '649564', 'name': 'Mark Williams', 'type': 'Player'}]",Player Points,Mark Williams Points
0QA239103440#187929187_13L42648Q1-1088221744Q20,2,239103440,18+,-120,1.83333334,1.83,5/6,Mark Williams,Unknown,True,18387,"['MostBalancedOdds', 'SGP', 'MostBalancedGlobalProbability']","[{'id': '649564', 'name': 'Mark Williams', 'type': 'Player'}]",Player Points,Mark Williams Points
0QA239103440#187929188_13L42648Q1-1697847620Q20,2,239103440,20+,+130,2.3,2.30,13/10,Mark Williams,Unknown,23088,['SGP'],"[{'id': '649564', 'name': 'Mark Williams', 'type': 'Player'}]",Player Points,Mark Williams Points
0QA239103440#187929189_13L42648Q11520391110Q20,2,239103440,25+,+390,4.9,4.90,39/10,Mark Williams,Unknown,49089,['SGP'],"[{'id': '649564', 'name': 'Mark Williams', 'type': 'Player'}]",Player Points,Mark Williams Points
0QA239103440#187929190_13L42648Q1-1786549384Q20,2,239103440,30+,+1100,12,12.00,11/1,Mark Williams,Unknown,120090,['SGP'],"[{'id': '649564', 'name': 'Mark Williams', 'type': 'Player'}]",Player Points,Mark Williams Points
0QA239103440#187932440_13L42648Q147078906Q20,2,239103440,35+,+3000,31,31.00,30/1,Mark Williams,Unknown,310040,['SGP'],"[{'id': '649564', 'name': 'Mark Williams', 'type': 'Player'}]",Player Points,Mark Williams Points
0QA239103447#187929244_13L42648Q1258387513Q20,2,239103447,8+,-2000,1.05,1.05,1/20,Onyeka Okongwu,Unknown,10544,['SGP'],"[{'id': '481752', 'name': 'Onyeka Okongwu', 'type': 'Player'}]",Player Points,Onyeka Okongwu Points
0QA239103447#187929245_13L42648Q1243631508Q20,2,239103447,10+,-750,1.13333334,1.13,2/15,Onyeka Okongwu,Unknown,11344,['SGP'],"[{'id': '481752', 'name': 'Onyeka Okongwu', 'type': 'Player'}]",Player Points,Onyeka Okongwu Points
0QA239103447#187929246_13L42648Q12000308824Q20,2,239103447,12+,-350,1.28571429,1.28,2/7,Onyeka Okongwu,Unknown,12846,['SGP'],"[{'id': '481752', 'name': 'Onyeka Okongwu', 'type': 'Player'}]",Player Points,Onyeka Okongwu Points
0QA239103447#187929248_13L42648Q11337895931Q20,2,239103447,15+,-135,1.74074075,1.74,20/27,Onyeka Okongwu,Unknown,17448,['SGP'],"[{'id': '481752', 'name': 'Onyeka Okongwu', 'type': 'Player'}]",Player Points,Onyeka Okongwu Points
0QA239103447#188080978_13L42648Q1-1750342611Q20,2,239103447,16+,-110,1.90909091,1.90,10/11,Onyeka Okongwu,Unknown,True,19078,"['MostBalancedOdds', 'SGP', 'MostBalancedGlobalProbability']","[{'id': '481752', 'name': 'Onyeka Okongwu', 'type': 'Player'}]",Player Points,Onyeka Okongwu Points
0QA239103447#187929249_13L42648Q1-1088221744Q20,2,239103447,18+,+155,2.55,2.55,31/20,Onyeka Okongwu,Unknown,25549,['SGP'],"[{'id': '481752', 'name': 'Onyeka Okongwu', 'type': 'Player'}]",Player Points,Onyeka Okongwu Points
0QA239103447#187929251_13L42648Q1-1697847620Q20,2,239103447,20+,+260,3.6,3.60,13/5,Onyeka Okongwu,Unknown,36051,['SGP'],"[{'id': '481752', 'name': 'Onyeka Okongwu', 'type': 'Player'}]",Player Points,Onyeka Okongwu Points
0QA239103447#187929255_13L42648Q11520391110Q20,2,239103447,25+,+950,10.5,10.50,19/2,Onyeka Okongwu,Unknown,105055,['SGP'],"[{'id': '481752', 'name': 'Onyeka Okongwu', 'type': 'Player'}]",Player Points,Onyeka Okongwu Points
0QA239103447#188054288_13L42648Q1-1786549384Q20,2,239103447,30+,+3500,36,36.00,35/1,Onyeka Okongwu,Unknown,360088,['SGP'],"[{'id': '481752', 'name': 'Onyeka Okongwu', 'type': 'Player'}]",Player Points,Onyeka Okongwu Points
0QA239103445#187929235_13L42648Q1-1088221744Q20,2,239103445,18+,-1800,1.05555556,1.05,1/18,Trae Young,Unknown,10535,['SGP'],"[{'id': '32850', 'name': 'Trae Young', 'type': 'Player'}]",Player Points,Trae Young Points
0QA239103445#187929236_13L42648Q1-1697847620Q20,2,239103445,20+,-1000,1.1,1.10,1/10,Trae Young,Unknown,11036,['SGP'],"[{'id': '32850', 'name': 'Trae Young', 'type': 'Player'}]",Player Points,Trae Young Points
0QA239103445#187929237_13L42648Q11520391110Q20,2,239103445,25+,-280,1.35714286,1.35,5/14,Trae Young,Unknown,13537,['SGP'],"[{'id': '32850', 'name': 'Trae Young', 'type': 'Player'}]",Player Points,Trae Young Points
0QA239103445#188015895_13L42648Q1406863793Q20,2,239103445,29+,-120,1.83333334,1.83,5/6,Trae Young,Unknown,18395,"['SGP', 'MostBalancedGlobalProbability']","[{'id': '32850', 'name': 'Trae Young', 'type': 'Player'}]",Player Points,Trae Young Points
0QA239103445#187929239_13L42648Q1-1786549384Q20,2,239103445,30+,+100,2,2.00,1/1,Trae Young,Unknown,True,20039,"['MostBalancedOdds', 'SGP']","[{'id': '32850', 'name': 'Trae Young', 'type': 'Player'}]",Player Points,Trae Young Points
0QA239103445#187929240_13L42648Q147078906Q20,2,239103445,35+,+255,3.55,3.55,51/20,Trae Young,Unknown,35540,['SGP'],"[{'id': '32850', 'name': 'Trae Young', 'type': 'Player'}]",Player Points,Trae Young Points
0QA239103445#187929241_13L42648Q11296223914Q20,2,239103445,40+,+650,7.5,7.50,13/2,Trae Young,Unknown,75041,['SGP'],"[{'id': '32850', 'name': 'Trae Young', 'type': 'Player'}]",Player Points,Trae Young Points
0QA239103445#187929242_13L42648Q11086310480Q20,2,239103445,45+,+1700,18,18.00,17/1,Trae Young,Unknown,180042,['SGP'],"[{'id': '32850', 'name': 'Trae Young', 'type': 'Player'}]",Player Points,Trae Young Points
0QA239103445#188055019_13L42648Q1-286391722Q20,2,239103445,50+,+4000,41,41.00,40/1,Trae Young,Unknown,410019,['SGP'],"[{'id': '32850', 'name': 'Trae Young', 'type': 'Player'}]",Player Points,Trae Young Points
0QA239103448#187929256_13L42648Q1258387513Q20,2,239103448,8+,-1000,1.1,1.10,1/10,Zaccharie Risacher,Unknown,11056,['SGP'],"[{'id': '800352', 'name': 'Zaccharie Risacher', 'type': 'Player'}]",Player Points,Zaccharie Risacher Points
0QA239103448#187929259_13L42648Q1243631508Q20,2,239103448,10+,-475,1.21052632,1.21,4/19,Zaccharie Risacher,Unknown,12159,['SGP'],"[{'id': '800352', 'name': 'Zaccharie Risacher', 'type': 'Player'}]",Player Points,Zaccharie Risacher Points
0QA239103448#187929262_13L42648Q12000308824Q20,2,239103448,12+,-260,1.38461539,1.38,5/13,Zaccharie Risacher,Unknown,13861,['SGP'],"[{'id': '800352', 'name': 'Zaccharie Risacher', 'type': 'Player'}]",Player Points,Zaccharie Risacher Points
0QA239103448#187929268_13L42648Q11337895931Q20,2,239103448,15+,-120,1.83333334,1.83,5/6,Zaccharie Risacher,Unknown,True,18368,"['MostBalancedOdds', 'SGP', 'MostBalancedGlobalProbability']","[{'id': '800352', 'name': 'Zaccharie Risacher', 'type': 'Player'}]",Player Points,Zaccharie Risacher Points
0QA239103448#187929271_13L42648Q1-1088221744Q20,2,239103448,18+,+160,2.6,2.60,8/5,Zaccharie Risacher,Unknown,26071,['SGP'],"[{'id': '800352', 'name': 'Zaccharie Risacher', 'type': 'Player'}]",Player Points,Zaccharie Risacher Points
0QA239103448#187929275_13L42648Q1-1697847620Q20,2,239103448,20+,+250,3.5,3.50,5/2,Zaccharie Risacher,Unknown,35075,['SGP'],"[{'id': '800352', 'name': 'Zaccharie Risacher', 'type': 'Player'}]",Player Points,Zaccharie Risacher Points
0QA239103448#187929279_13L42648Q11520391110Q20,2,239103448,25+,+700,8,8.00,7/1,Zaccharie Risacher,Unknown,80079,['SGP'],"[{'id': '800352', 'name': 'Zaccharie Risacher', 'type': 'Player'}]",Player Points,Zaccharie Risacher Points
0QA239103448#187929283_13L42648Q1-1786549384Q20,2,239103448,30+,+2000,21,21.00,20/1,Zaccharie Risacher,Unknown,210083,['SGP'],"[{'id': '800352', 'name': 'Zaccharie Risacher', 'type': 'Player'}]",Player Points,Zaccharie Risacher Points
0QA239135473#188104092_13L42648Q1243631508Q20,2,239135473,10+,-1600,1.0625,1.06,1/16,Cameron Johnson,Unknown,10692,['SGP'],"[{'id': '33316', 'name': 'Cameron Johnson', 'type': 'Player'}]",Player Points,Cameron Johnson Points
0QA239135473#188104102_13L42648Q12000308824Q20,2,239135473,12+,-750,1.13333334,1.13,2/15,Cameron Johnson,Unknown,11301,['SGP'],"[{'id': '33316', 'name': 'Cameron Johnson', 'type': 'Player'}]",Player Points,Cameron Johnson Points
0QA239135473#188104109_13L42648Q11337895931Q20,2,239135473,15+,-295,1.33898306,1.33,20/59,Cameron Johnson,Unknown,13309,['SGP'],"[{'id': '33316', 'name': 'Cameron Johnson', 'type': 'Player'}]",Player Points,Cameron Johnson Points
0QA239135473#188104117_13L42648Q1-1088221744Q20,2,239135473,18+,-140,1.71428572,1.71,5/7,Cameron Johnson,Unknown,17117,['SGP'],"[{'id': '33316', 'name': 'Cameron Johnson', 'type': 'Player'}]",Player Points,Cameron Johnson Points
0QA239135473#188106069_13L42648Q1-1665405742Q20,2,239135473,19+,-115,1.86956522,1.86,20/23,Cameron Johnson,Unknown,18669,"['SGP', 'MostBalancedGlobalProbability']","[{'id': '33316', 'name': 'Cameron Johnson', 'type': 'Player'}]",Player Points,Cameron Johnson Points
0QA239135473#188104125_13L42648Q1-1697847620Q20,2,239135473,20+,+110,2.1,2.10,11/10,Cameron Johnson,Unknown,True,21025,"['MostBalancedOdds', 'SGP']","[{'id': '33316', 'name': 'Cameron Johnson', 'type': 'Player'}]",Player Points,Cameron Johnson Points
0QA239135473#188104132_13L42648Q11520391110Q20,2,239135473,25+,+310,4.1,4.10,31/10,Cameron Johnson,Unknown,41032,['SGP'],"[{'id': '33316', 'name': 'Cameron Johnson', 'type': 'Player'}]",Player Points,Cameron Johnson Points
0QA239135473#188104139_13L42648Q1-1786549384Q20,2,239135473,30+,+900,10,10.00,9/1,Cameron Johnson,Unknown,100039,['SGP'],"[{'id': '33316', 'name': 'Cameron Johnson', 'type': 'Player'}]",Player Points,Cameron Johnson Points
0QA239135473#188104144_13L42648Q147078906Q20,2,239135473,35+,+2500,26,26.00,25/1,Cameron Johnson,Unknown,260044,['SGP'],"[{'id': '33316', 'name': 'Cameron Johnson', 'type': 'Player'}]",Player Points,Cameron Johnson Points
0QA239135455#188103990_13L42648Q1-1665381124Q20,2,239135455,6+,-1400,1.07142858,1.07,1/14,D'Angelo Russell,Unknown,10790,['SGP'],"[{'id': '33054', 'name': ""D'Angelo Russell"", 'type': 'Player'}]",Player Points,D'Angelo Russell Points
0QA239135455#188103999_13L42648Q1258387513Q20,2,239135455,8+,-575,1.17391305,1.17,4/23,D'Angelo Russell,Unknown,11799,['SGP'],"[{'id': '33054', 'name': ""D'Angelo Russell"", 'type': 'Player'}]",Player Points,D'Angelo Russell Points
0QA239135455#188104008_13L42648Q1243631508Q20,2,239135455,10+,-295,1.33898306,1.33,20/59,D'Angelo Russell,Unknown,13308,['SGP'],"[{'id': '33054', 'name': ""D'Angelo Russell"", 'type': 'Player'}]",Player Points,D'Angelo Russell Points
0QA239135455#188104017_13L42648Q12000308824Q20,2,239135455,12+,-165,1.60606061,1.60,20/33,D'Angelo Russell,Unknown,16017,['SGP'],"[{'id': '33054', 'name': ""D'Angelo Russell"", 'type': 'Player'}]",Player Points,D'Angelo Russell Points
0QA239135455#188111560_13L42648Q1-1447145193Q20,2,239135455,13+,-125,1.8,1.80,4/5,D'Angelo Russell,Unknown,True,18060,"['MostBalancedOdds', 'SGP', 'MostBalancedGlobalProbability']","[{'id': '33054', 'name': ""D'Angelo Russell"", 'type': 'Player'}]",Player Points,D'Angelo Russell Points
0QA239135455#188104035_13L42648Q11337895931Q20,2,239135455,15+,+130,2.3,2.30,13/10,D'Angelo Russell,Unknown,23035,['SGP'],"[{'id': '33054', 'name': ""D'Angelo Russell"", 'type': 'Player'}]",Player Points,D'Angelo Russell Points
0QA239135455#188104043_13L42648Q1-1088221744Q20,2,239135455,18+,+265,3.65,3.65,53/20,D'Angelo Russell,Unknown,36543,['SGP'],"[{'id': '33054', 'name': ""D'Angelo Russell"", 'type': 'Player'}]",Player Points,D'Angelo Russell Points
0QA239135455#188104047_13L42648Q1-1697847620Q20,2,239135455,20+,+425,5.25,5.25,17/4,D'Angelo Russell,Unknown,52547,['SGP'],"[{'id': '33054', 'name': ""D'Angelo Russell"", 'type': 'Player'}]",Player Points,D'Angelo Russell Points
0QA239135455#188104050_13L42648Q11520391110Q20,2,239135455,25+,+1300,14,14.00,13/1,D'Angelo Russell,Unknown,140050,['SGP'],"[{'id': '33054', 'name': ""D'Angelo Russell"", 'type': 'Player'}]",Player Points,D'Angelo Russell Points
0QA239135455#188104053_13L42648Q1-1786549384Q20,2,239135455,30+,+3500,36,36.00,35/1,D'Angelo Russell,Unknown,360053,['SGP'],"[{'id': '33054', 'name': ""D'Angelo Russell"", 'type': 'Player'}]",Player Points,D'Angelo Russell Points
0QA239135464#188104078_13L42648Q1243631508Q20,2,239135464,10+,-1400,1.07142858,1.07,1/14,Derrick White,Unknown,10778,['SGP'],"[{'id': '33364', 'name': 'Derrick White', 'type': 'Player'}]",Player Points,Derrick White Points
0QA239135464#188104079_13L42648Q12000308824Q20,2,239135464,12+,-650,1.15384616,1.15,2/13,Derrick White,Unknown,11579,['SGP'],"[{'id': '33364', 'name': 'Derrick White', 'type': 'Player'}]",Player Points,Derrick White Points
0QA239135464#188104080_13L42648Q11337895931Q20,2,239135464,15+,-280,1.35714286,1.35,5/14,Derrick White,Unknown,13580,['SGP'],"[{'id': '33364', 'name': 'Derrick White', 'type': 'Player'}]",Player Points,Derrick White Points
0QA239135464#188104082_13L42648Q1-1088221744Q20,2,239135464,18+,-135,1.74074075,1.74,20/27,Derrick White,Unknown,17482,['SGP'],"[{'id': '33364', 'name': 'Derrick White', 'type': 'Player'}]",Player Points,Derrick White Points
0QA239135464#188108262_13L42648Q1-1665405742Q20,2,239135464,19+,-110,1.90909091,1.90,10/11,Derrick White,Unknown,19062,"['SGP', 'MostBalancedGlobalProbability']","[{'id': '33364', 'name': 'Derrick White', 'type': 'Player'}]",Player Points,Derrick White Points
0QA239135464#188104083_13L42648Q1-1697847620Q20,2,239135464,20+,+110,2.1,2.10,11/10,Derrick White,Unknown,True,21083,"['MostBalancedOdds', 'SGP']","[{'id': '33364', 'name': 'Derrick White', 'type': 'Player'}]",Player Points,Derrick White Points
0QA239135464#188104084_13L42648Q11520391110Q20,2,239135464,25+,+310,4.1,4.10,31/10,Derrick White,Unknown,41084,['SGP'],"[{'id': '33364', 'name': 'Derrick White', 'type': 'Player'}]",Player Points,Derrick White Points
0QA239135464#188104085_13L42648Q1-1786549384Q20,2,239135464,30+,+850,9.5,9.50,17/2,Derrick White,Unknown,95085,['SGP'],"[{'id': '33364', 'name': 'Derrick White', 'type': 'Player'}]",Player Points,Derrick White Points
0QA239135464#188104086_13L42648Q147078906Q20,2,239135464,35+,+2200,23,23.00,22/1,Derrick White,Unknown,230086,['SGP'],"[{'id': '33364', 'name': 'Derrick White', 'type': 'Player'}]",Player Points,Derrick White Points
0QA239135447#188103974_13L42648Q1-1088221744Q20,2,239135447,18+,-1600,1.0625,1.06,1/16,Jayson Tatum,Unknown,10674,['SGP'],"[{'id': '32876', 'name': 'Jayson Tatum', 'type': 'Player'}]",Player Points,Jayson Tatum Points
0QA239135447#188103978_13L42648Q1-1697847620Q20,2,239135447,20+,-800,1.125,1.12,1/8,Jayson Tatum,Unknown,11278,['SGP'],"[{'id': '32876', 'name': 'Jayson Tatum', 'type': 'Player'}]",Player Points,Jayson Tatum Points
0QA239135447#188103983_13L42648Q11520391110Q20,2,239135447,25+,-250,1.4,1.40,2/5,Jayson Tatum,Unknown,14083,['SGP'],"[{'id': '32876', 'name': 'Jayson Tatum', 'type': 'Player'}]",Player Points,Jayson Tatum Points
0QA239135447#188108424_13L42648Q1406863793Q20,2,239135447,29+,-115,1.86956522,1.86,20/23,Jayson Tatum,Unknown,18624,"['SGP', 'MostBalancedGlobalProbability']","[{'id': '32876', 'name': 'Jayson Tatum', 'type': 'Player'}]",Player Points,Jayson Tatum Points
0QA239135447#188103991_13L42648Q1-1786549384Q20,2,239135447,30+,+105,2.05,2.05,21/20,Jayson Tatum,Unknown,True,20591,"['MostBalancedOdds', 'SGP']","[{'id': '32876', 'name': 'Jayson Tatum', 'type': 'Player'}]",Player Points,Jayson Tatum Points
0QA239135447#188104001_13L42648Q147078906Q20,2,239135447,35+,+250,3.5,3.50,5/2,Jayson Tatum,Unknown,35001,['SGP'],"[{'id': '32876', 'name': 'Jayson Tatum', 'type': 'Player'}]",Player Points,Jayson Tatum Points
0QA239135447#188104010_13L42648Q11296223914Q20,2,239135447,40+,+600,7,7.00,6/1,Jayson Tatum,Unknown,70010,['SGP'],"[{'id': '32876', 'name': 'Jayson Tatum', 'type': 'Player'}]",Player Points,Jayson Tatum Points
0QA239135447#188104019_13L42648Q11086310480Q20,2,239135447,45+,+1600,17,17.00,16/1,Jayson Tatum,Unknown,170019,['SGP'],"[{'id': '32876', 'name': 'Jayson Tatum', 'type': 'Player'}]",Player Points,Jayson Tatum Points
0QA239135447#188104028_13L42648Q1-286391722Q20,2,239135447,50+,+4000,41,41.00,40/1,Jayson Tatum,Unknown,410028,['SGP'],"[{'id': '32876', 'name': 'Jayson Tatum', 'type': 'Player'}]",Player Points,Jayson Tatum Points
0QA239135451#188103982_13L42648Q1-1665381124Q20,2,239135451,6+,-1100,1.0909091,1.09,1/11,Jrue Holiday,Unknown,10982,['SGP'],"[{'id': '33210', 'name': 'Jrue Holiday', 'type': 'Player'}]",Player Points,Jrue Holiday Points
0QA239135451#188103989_13L42648Q1258387513Q20,2,239135451,8+,-425,1.23529412,1.23,4/17,Jrue Holiday,Unknown,12389,['SGP'],"[{'id': '33210', 'name': 'Jrue Holiday', 'type': 'Player'}]",Player Points,Jrue Holiday Points
0QA239135451#188103998_13L42648Q1243631508Q20,2,239135451,10+,-215,1.46511628,1.46,20/43,Jrue Holiday,Unknown,14698,['SGP'],"[{'id': '33210', 'name': 'Jrue Holiday', 'type': 'Player'}]",Player Points,Jrue Holiday Points
0QA239135451#188104016_13L42648Q12000308824Q20,2,239135451,12+,-115,1.86956522,1.86,20/23,Jrue Holiday,Unknown,True,18616,"['MostBalancedOdds', 'SGP', 'MostBalancedGlobalProbability']","[{'id': '33210', 'name': 'Jrue Holiday', 'type': 'Player'}]",Player Points,Jrue Holiday Points
0QA239135451#188104025_13L42648Q11337895931Q20,2,239135451,15+,+185,2.85,2.85,37/20,Jrue Holiday,Unknown,28525,['SGP'],"[{'id': '33210', 'name': 'Jrue Holiday', 'type': 'Player'}]",Player Points,Jrue Holiday Points
0QA239135451#188104034_13L42648Q1-1088221744Q20,2,239135451,18+,+400,5,5.00,4/1,Jrue Holiday,Unknown,50034,['SGP'],"[{'id': '33210', 'name': 'Jrue Holiday', 'type': 'Player'}]",Player Points,Jrue Holiday Points
0QA239135451#188104042_13L42648Q1-1697847620Q20,2,239135451,20+,+700,8,8.00,7/1,Jrue Holiday,Unknown,80042,['SGP'],"[{'id': '33210', 'name': 'Jrue Holiday', 'type': 'Player'}]",Player Points,Jrue Holiday Points
0QA239135451#188106067_13L42648Q11520391110Q20,2,239135451,25+,+2500,26,26.00,25/1,Jrue Holiday,Unknown,260067,['SGP'],"[{'id': '33210', 'name': 'Jrue Holiday', 'type': 'Player'}]",Player Points,Jrue Holiday Points
0QA239135465#188104088_13L42648Q1-1665381124Q20,2,239135465,6+,-900,1.11111112,1.11,1/9,Keon Johnson,Unknown,11188,['SGP'],"[{'id': '591026', 'name': 'Keon Johnson', 'type': 'Player'}]",Player Points,Keon Johnson Points
0QA239135465#188104091_13L42648Q1258387513Q20,2,239135465,8+,-390,1.25641026,1.25,10/39,Keon Johnson,Unknown,12591,['SGP'],"[{'id': '591026', 'name': 'Keon Johnson', 'type': 'Player'}]",Player Points,Keon Johnson Points
0QA239135465#188104101_13L42648Q1243631508Q20,2,239135465,10+,-210,1.47619048,1.47,10/21,Keon Johnson,Unknown,14701,['SGP'],"[{'id': '591026', 'name': 'Keon Johnson', 'type': 'Player'}]",Player Points,Keon Johnson Points
0QA239135465#188104119_13L42648Q12000308824Q20,2,239135465,12+,-115,1.86956522,1.86,20/23,Keon Johnson,Unknown,True,18619,"['MostBalancedOdds', 'SGP', 'MostBalancedGlobalProbability']","[{'id': '591026', 'name': 'Keon Johnson', 'type': 'Player'}]",Player Points,Keon Johnson Points
0QA239135465#188104126_13L42648Q11337895931Q20,2,239135465,15+,+190,2.9,2.90,19/10,Keon Johnson,Unknown,29026,['SGP'],"[{'id': '591026', 'name': 'Keon Johnson', 'type': 'Player'}]",Player Points,Keon Johnson Points
0QA239135465#188104133_13L42648Q1-1088221744Q20,2,239135465,18+,+400,5,5.00,4/1,Keon Johnson,Unknown,50033,['SGP'],"[{'id': '591026', 'name': 'Keon Johnson', 'type': 'Player'}]",Player Points,Keon Johnson Points
0QA239135465#188104140_13L42648Q1-1697847620Q20,2,239135465,20+,+650,7.5,7.50,13/2,Keon Johnson,Unknown,75040,['SGP'],"[{'id': '591026', 'name': 'Keon Johnson', 'type': 'Player'}]",Player Points,Keon Johnson Points
0QA239135465#188104145_13L42648Q11520391110Q20,2,239135465,25+,+2200,23,23.00,22/1,Keon Johnson,Unknown,230045,['SGP'],"[{'id': '591026', 'name': 'Keon Johnson', 'type': 'Player'}]",Player Points,Keon Johnson Points
0QA239135467#188112809_13L42648Q1243631508Q20,2,239135467,10+,-2500,1.04,1.04,1/25,Kristaps Porzingis,Unknown,10409,['SGP'],"[{'id': '32998', 'name': 'Kristaps Porzingis', 'type': 'Player'}]",Player Points,Kristaps Porzingis Points
0QA239135467#188104089_13L42648Q12000308824Q20,2,239135467,12+,-1000,1.1,1.10,1/10,Kristaps Porzingis,Unknown,11089,['SGP'],"[{'id': '32998', 'name': 'Kristaps Porzingis', 'type': 'Player'}]",Player Points,Kristaps Porzingis Points
0QA239135467#188104096_13L42648Q11337895931Q20,2,239135467,15+,-390,1.25641026,1.25,10/39,Kristaps Porzingis,Unknown,12596,['SGP'],"[{'id': '32998', 'name': 'Kristaps Porzingis', 'type': 'Player'}]",Player Points,Kristaps Porzingis Points
0QA239135467#188104106_13L42648Q1-1088221744Q20,2,239135467,18+,-185,1.54054055,1.54,20/37,Kristaps Porzingis,Unknown,15406,['SGP'],"[{'id': '32998', 'name': 'Kristaps Porzingis', 'type': 'Player'}]",Player Points,Kristaps Porzingis Points
0QA239135467#188104113_13L42648Q1-1697847620Q20,2,239135467,20+,-120,1.83333334,1.83,5/6,Kristaps Porzingis,Unknown,True,18313,"['MostBalancedOdds', 'SGP', 'MostBalancedGlobalProbability']","[{'id': '32998', 'name': 'Kristaps Porzingis', 'type': 'Player'}]",Player Points,Kristaps Porzingis Points
0QA239135467#188104128_13L42648Q11520391110Q20,2,239135467,25+,+225,3.25,3.25,9/4,Kristaps Porzingis,Unknown,32528,['SGP'],"[{'id': '32998', 'name': 'Kristaps Porzingis', 'type': 'Player'}]",Player Points,Kristaps Porzingis Points
0QA239135467#188104135_13L42648Q1-1786549384Q20,2,239135467,30+,+600,7,7.00,6/1,Kristaps Porzingis,Unknown,70035,['SGP'],"[{'id': '32998', 'name': 'Kristaps Porzingis', 'type': 'Player'}]",Player Points,Kristaps Porzingis Points
0QA239135467#188104141_13L42648Q147078906Q20,2,239135467,35+,+1600,17,17.00,16/1,Kristaps Porzingis,Unknown,170041,['SGP'],"[{'id': '32998', 'name': 'Kristaps Porzingis', 'type': 'Player'}]",Player Points,Kristaps Porzingis Points
0QA239135467#188104146_13L42648Q11296223914Q20,2,239135467,40+,+4000,41,41.00,40/1,Kristaps Porzingis,Unknown,410046,['SGP'],"[{'id': '32998', 'name': 'Kristaps Porzingis', 'type': 'Player'}]",Player Points,Kristaps Porzingis Points
0QA239135458#188104069_13L42648Q1-1665381124Q20,2,239135458,6+,-750,1.13333334,1.13,2/15,Nicolas Claxton,Unknown,11368,['SGP'],"[{'id': '32924', 'name': 'Nicolas Claxton', 'type': 'Player'}]",Player Points,Nicolas Claxton Points
0QA239135458#188104070_13L42648Q1258387513Q20,2,239135458,8+,-280,1.35714286,1.35,5/14,Nicolas Claxton,Unknown,13570,['SGP'],"[{'id': '32924', 'name': 'Nicolas Claxton', 'type': 'Player'}]",Player Points,Nicolas Claxton Points
0QA239135458#188104071_13L42648Q1243631508Q20,2,239135458,10+,-130,1.76923077,1.76,10/13,Nicolas Claxton,Unknown,True,17671,"['MostBalancedOdds', 'SGP', 'MostBalancedGlobalProbability']","[{'id': '32924', 'name': 'Nicolas Claxton', 'type': 'Player'}]",Player Points,Nicolas Claxton Points
0QA239135458#188104073_13L42648Q12000308824Q20,2,239135458,12+,+145,2.45,2.45,29/20,Nicolas Claxton,Unknown,24573,['SGP'],"[{'id': '32924', 'name': 'Nicolas Claxton', 'type': 'Player'}]",Player Points,Nicolas Claxton Points
0QA239135458#188104074_13L42648Q11337895931Q20,2,239135458,15+,+400,5,5.00,4/1,Nicolas Claxton,Unknown,50074,['SGP'],"[{'id': '32924', 'name': 'Nicolas Claxton', 'type': 'Player'}]",Player Points,Nicolas Claxton Points
0QA239135458#188104075_13L42648Q1-1088221744Q20,2,239135458,18+,+1000,11,11.00,10/1,Nicolas Claxton,Unknown,110075,['SGP'],"[{'id': '32924', 'name': 'Nicolas Claxton', 'type': 'Player'}]",Player Points,Nicolas Claxton Points
0QA239135458#188104076_13L42648Q1-1697847620Q20,2,239135458,20+,+1800,19,19.00,18/1,Nicolas Claxton,Unknown,190076,['SGP'],"[{'id': '32924', 'name': 'Nicolas Claxton', 'type': 'Player'}]",Player Points,Nicolas Claxton Points
0QA239135454#188103996_13L42648Q1-1665381124Q20,2,239135454,6+,-575,1.17391305,1.17,4/23,Ziaire Williams,Unknown,11796,['SGP'],"[{'id': '591011', 'name': 'Ziaire Williams', 'type': 'Player'}]",Player Points,Ziaire Williams Points
0QA239135454#188104006_13L42648Q1258387513Q20,2,239135454,8+,-280,1.35714286,1.35,5/14,Ziaire Williams,Unknown,13506,['SGP'],"[{'id': '591011', 'name': 'Ziaire Williams', 'type': 'Player'}]",Player Points,Ziaire Williams Points
0QA239135454#188104015_13L42648Q1243631508Q20,2,239135454,10+,-145,1.68965518,1.68,20/29,Ziaire Williams,Unknown,16815,['SGP'],"[{'id': '591011', 'name': 'Ziaire Williams', 'type': 'Player'}]",Player Points,Ziaire Williams Points
0QA239135454#188104024_13L42648Q1476483878Q20,2,239135454,11+,-110,1.90909091,1.90,10/11,Ziaire Williams,Unknown,True,19024,"['MostBalancedOdds', 'SGP', 'MostBalancedGlobalProbability']","[{'id': '591011', 'name': 'Ziaire Williams', 'type': 'Player'}]",Player Points,Ziaire Williams Points
0QA239135454#188104033_13L42648Q12000308824Q20,2,239135454,12+,+125,2.25,2.25,5/4,Ziaire Williams,Unknown,22533,['SGP'],"[{'id': '591011', 'name': 'Ziaire Williams', 'type': 'Player'}]",Player Points,Ziaire Williams Points
0QA239135454#188104041_13L42648Q11337895931Q20,2,239135454,15+,+280,3.8,3.80,14/5,Ziaire Williams,Unknown,38041,['SGP'],"[{'id': '591011', 'name': 'Ziaire Williams', 'type': 'Player'}]",Player Points,Ziaire Williams Points
0QA239135454#188104046_13L42648Q1-1088221744Q20,2,239135454,18+,+600,7,7.00,6/1,Ziaire Williams,Unknown,70046,['SGP'],"[{'id': '591011', 'name': 'Ziaire Williams', 'type': 'Player'}]",Player Points,Ziaire Williams Points
0QA239135454#188104049_13L42648Q1-1697847620Q20,2,239135454,20+,+1000,11,11.00,10/1,Ziaire Williams,Unknown,110049,['SGP'],"[{'id': '591011', 'name': 'Ziaire Williams', 'type': 'Player'}]",Player Points,Ziaire Williams Points
0QA239135454#188104052_13L42648Q11520391110Q20,2,239135454,25+,+3500,36,36.00,35/1,Ziaire Williams,Unknown,360052,['SGP'],"[{'id': '591011', 'name': 'Ziaire Williams', 'type': 'Player'}]",Player Points,Ziaire Williams Points
0QA239122633#188041752_13L42648Q1243631508Q20,2,239122633,10+,-2000,1.05,1.05,1/20,Darius Garland,Unknown,10552,['SGP'],"[{'id': '32989', 'name': 'Darius Garland', 'type': 'Player'}]",Player Points,Darius Garland Points
0QA239122633#188041758_13L42648Q12000308824Q20,2,239122633,12+,-1000,1.1,1.10,1/10,Darius Garland,Unknown,11058,['SGP'],"[{'id': '32989', 'name': 'Darius Garland', 'type': 'Player'}]",Player Points,Darius Garland Points
0QA239122633#188041772_13L42648Q11337895931Q20,2,239122633,15+,-390,1.25641026,1.25,10/39,Darius Garland,Unknown,12572,['SGP'],"[{'id': '32989', 'name': 'Darius Garland', 'type': 'Player'}]",Player Points,Darius Garland Points
0QA239122633#188041780_13L42648Q1-1088221744Q20,2,239122633,18+,-185,1.54054055,1.54,20/37,Darius Garland,Unknown,15480,['SGP'],"[{'id': '32989', 'name': 'Darius Garland', 'type': 'Player'}]",Player Points,Darius Garland Points
0QA239122633#188041788_13L42648Q1-1697847620Q20,2,239122633,20+,-120,1.83333334,1.83,5/6,Darius Garland,Unknown,True,18388,"['MostBalancedOdds', 'SGP', 'MostBalancedGlobalProbability']","[{'id': '32989', 'name': 'Darius Garland', 'type': 'Player'}]",Player Points,Darius Garland Points
0QA239122633#188041795_13L42648Q11520391110Q20,2,239122633,25+,+230,3.3,3.30,23/10,Darius Garland,Unknown,33095,['SGP'],"[{'id': '32989', 'name': 'Darius Garland', 'type': 'Player'}]",Player Points,Darius Garland Points
0QA239122633#188041801_13L42648Q1-1786549384Q20,2,239122633,30+,+600,7,7.00,6/1,Darius Garland,Unknown,70001,['SGP'],"[{'id': '32989', 'name': 'Darius Garland', 'type': 'Player'}]",Player Points,Darius Garland Points
0QA239122633#188041805_13L42648Q147078906Q20,2,239122633,35+,+1600,17,17.00,16/1,Darius Garland,Unknown,170005,['SGP'],"[{'id': '32989', 'name': 'Darius Garland', 'type': 'Player'}]",Player Points,Darius Garland Points
0QA239122633#188098998_13L42648Q11296223914Q20,2,239122633,40+,+4000,41,41.00,40/1,Darius Garland,Unknown,410098,['SGP'],"[{'id': '32989', 'name': 'Darius Garland', 'type': 'Player'}]",Player Points,Darius Garland Points
0QA239122625#188041685_13L42648Q11337895931Q20,2,239122625,15+,-1200,1.08333334,1.08,1/12,Donovan Mitchell,Unknown,10885,['SGP'],"[{'id': '33398', 'name': 'Donovan Mitchell', 'type': 'Player'}]",Player Points,Donovan Mitchell Points
0QA239122625#188041695_13L42648Q1-1088221744Q20,2,239122625,18+,-500,1.2,1.20,1/5,Donovan Mitchell,Unknown,12095,['SGP'],"[{'id': '33398', 'name': 'Donovan Mitchell', 'type': 'Player'}]",Player Points,Donovan Mitchell Points
0QA239122625#188041705_13L42648Q1-1697847620Q20,2,239122625,20+,-310,1.32258065,1.32,10/31,Donovan Mitchell,Unknown,13205,['SGP'],"[{'id': '33398', 'name': 'Donovan Mitchell', 'type': 'Player'}]",Player Points,Donovan Mitchell Points
0QA239122625#188041715_13L42648Q11520391110Q20,2,239122625,25+,-110,1.90909091,1.90,10/11,Donovan Mitchell,Unknown,True,19015,"['MostBalancedOdds', 'SGP', 'MostBalancedGlobalProbability']","[{'id': '33398', 'name': 'Donovan Mitchell', 'type': 'Player'}]",Player Points,Donovan Mitchell Points
0QA239122625#188041723_13L42648Q1-1786549384Q20,2,239122625,30+,+225,3.25,3.25,9/4,Donovan Mitchell,Unknown,32523,['SGP'],"[{'id': '33398', 'name': 'Donovan Mitchell', 'type': 'Player'}]",Player Points,Donovan Mitchell Points
0QA239122625#188041730_13L42648Q147078906Q20,2,239122625,35+,+550,6.5,6.50,11/2,Donovan Mitchell,Unknown,65030,['SGP'],"[{'id': '33398', 'name': 'Donovan Mitchell', 'type': 'Player'}]",Player Points,Donovan Mitchell Points
0QA239122625#188041733_13L42648Q11296223914Q20,2,239122625,40+,+1400,15,15.00,14/1,Donovan Mitchell,Unknown,150033,['SGP'],"[{'id': '33398', 'name': 'Donovan Mitchell', 'type': 'Player'}]",Player Points,Donovan Mitchell Points
0QA239122625#188041736_13L42648Q11086310480Q20,2,239122625,45+,+3500,36,36.00,35/1,Donovan Mitchell,Unknown,360036,['SGP'],"[{'id': '33398', 'name': 'Donovan Mitchell', 'type': 'Player'}]",Player Points,Donovan Mitchell Points
0QA239122631#188041742_13L42648Q1243631508Q20,2,239122631,10+,-1400,1.07142858,1.07,1/14,Evan Mobley,Unknown,10742,['SGP'],"[{'id': '590986', 'name': 'Evan Mobley', 'type': 'Player'}]",Player Points,Evan Mobley Points
0QA239122631#188041743_13L42648Q12000308824Q20,2,239122631,12+,-650,1.15384616,1.15,2/13,Evan Mobley,Unknown,11543,['SGP'],"[{'id': '590986', 'name': 'Evan Mobley', 'type': 'Player'}]",Player Points,Evan Mobley Points
0QA239122631#188041744_13L42648Q11337895931Q20,2,239122631,15+,-260,1.38461539,1.38,5/13,Evan Mobley,Unknown,13843,['SGP'],"[{'id': '590986', 'name': 'Evan Mobley', 'type': 'Player'}]",Player Points,Evan Mobley Points
0QA239122631#188041747_13L42648Q1-1088221744Q20,2,239122631,18+,-125,1.8,1.80,4/5,Evan Mobley,Unknown,True,18047,"['MostBalancedOdds', 'SGP', 'MostBalancedGlobalProbability']","[{'id': '590986', 'name': 'Evan Mobley', 'type': 'Player'}]",Player Points,Evan Mobley Points
0QA239122631#188041749_13L42648Q1-1697847620Q20,2,239122631,20+,+130,2.3,2.30,13/10,Evan Mobley,Unknown,23049,['SGP'],"[{'id': '590986', 'name': 'Evan Mobley', 'type': 'Player'}]",Player Points,Evan Mobley Points
0QA239122631#188041754_13L42648Q11520391110Q20,2,239122631,25+,+390,4.9,4.90,39/10,Evan Mobley,Unknown,49054,['SGP'],"[{'id': '590986', 'name': 'Evan Mobley', 'type': 'Player'}]",Player Points,Evan Mobley Points
0QA239122631#188041768_13L42648Q1-1786549384Q20,2,239122631,30+,+1100,12,12.00,11/1,Evan Mobley,Unknown,120068,['SGP'],"[{'id': '590986', 'name': 'Evan Mobley', 'type': 'Player'}]",Player Points,Evan Mobley Points
0QA239122631#188110861_13L42648Q147078906Q20,2,239122631,35+,+3000,31,31.00,30/1,Evan Mobley,Unknown,310061,['SGP'],"[{'id': '590986', 'name': 'Evan Mobley', 'type': 'Player'}]",Player Points,Evan Mobley Points
0QA239122621#188041686_13L42648Q1243631508Q20,2,239122621,10+,-900,1.11111112,1.11,1/9,Ivica Zubac,Unknown,11186,['SGP'],"[{'id': '33107', 'name': 'Ivica Zubac', 'type': 'Player'}]",Player Points,Ivica Zubac Points
0QA239122621#188041696_13L42648Q12000308824Q20,2,239122621,12+,-425,1.23529412,1.23,4/17,Ivica Zubac,Unknown,12396,['SGP'],"[{'id': '33107', 'name': 'Ivica Zubac', 'type': 'Player'}]",Player Points,Ivica Zubac Points
0QA239122621#188041706_13L42648Q11337895931Q20,2,239122621,15+,-160,1.625,1.62,5/8,Ivica Zubac,Unknown,16206,['SGP'],"[{'id': '33107', 'name': 'Ivica Zubac', 'type': 'Player'}]",Player Points,Ivica Zubac Points
0QA239122621#188085599_13L42648Q1-1750342611Q20,2,239122621,16+,-130,1.76923077,1.76,10/13,Ivica Zubac,Unknown,17699,"['SGP', 'MostBalancedGlobalProbability']","[{'id': '33107', 'name': 'Ivica Zubac', 'type': 'Player'}]",Player Points,Ivica Zubac Points
0QA239122621#188041716_13L42648Q1-1088221744Q20,2,239122621,18+,+130,2.3,2.30,13/10,Ivica Zubac,Unknown,True,23016,"['MostBalancedOdds', 'SGP']","[{'id': '33107', 'name': 'Ivica Zubac', 'type': 'Player'}]",Player Points,Ivica Zubac Points
0QA239122621#188041724_13L42648Q1-1697847620Q20,2,239122621,20+,+215,3.15,3.15,43/20,Ivica Zubac,Unknown,31524,['SGP'],"[{'id': '33107', 'name': 'Ivica Zubac', 'type': 'Player'}]",Player Points,Ivica Zubac Points
0QA239122621#188041731_13L42648Q11520391110Q20,2,239122621,25+,+750,8.5,8.50,15/2,Ivica Zubac,Unknown,85031,['SGP'],"[{'id': '33107', 'name': 'Ivica Zubac', 'type': 'Player'}]",Player Points,Ivica Zubac Points
0QA239122621#188041734_13L42648Q1-1786549384Q20,2,239122621,30+,+2800,29,29.00,28/1,Ivica Zubac,Unknown,290034,['SGP'],"[{'id': '33107', 'name': 'Ivica Zubac', 'type': 'Player'}]",Player Points,Ivica Zubac Points
0QA239122617#188041662_13L42648Q11337895931Q20,2,239122617,15+,-900,1.11111112,1.11,1/9,James Harden,Unknown,11162,['SGP'],"[{'id': '33070', 'name': 'James Harden', 'type': 'Player'}]",Player Points,James Harden Points
0QA239122617#188041665_13L42648Q1-1088221744Q20,2,239122617,18+,-360,1.27777778,1.27,5/18,James Harden,Unknown,12765,['SGP'],"[{'id': '33070', 'name': 'James Harden', 'type': 'Player'}]",Player Points,James Harden Points
0QA239122617#188041671_13L42648Q1-1697847620Q20,2,239122617,20+,-225,1.44444445,1.44,4/9,James Harden,Unknown,14471,['SGP'],"[{'id': '33070', 'name': 'James Harden', 'type': 'Player'}]",Player Points,James Harden Points
0QA239122617#188114998_13L42648Q1-608087041Q20,2,239122617,23+,-115,1.86956522,1.86,20/23,James Harden,Unknown,True,18698,"['MostBalancedOdds', 'SGP', 'MostBalancedGlobalProbability']","[{'id': '33070', 'name': 'James Harden', 'type': 'Player'}]",Player Points,James Harden Points
0QA239122617#188041679_13L42648Q11520391110Q20,2,239122617,25+,+130,2.3,2.30,13/10,James Harden,Unknown,23079,['SGP'],"[{'id': '33070', 'name': 'James Harden', 'type': 'Player'}]",Player Points,James Harden Points
0QA239122617#188041699_13L42648Q1-1786549384Q20,2,239122617,30+,+340,4.4,4.40,17/5,James Harden,Unknown,44099,['SGP'],"[{'id': '33070', 'name': 'James Harden', 'type': 'Player'}]",Player Points,James Harden Points
0QA239122617#188041709_13L42648Q147078906Q20,2,239122617,35+,+900,10,10.00,9/1,James Harden,Unknown,100009,['SGP'],"[{'id': '33070', 'name': 'James Harden', 'type': 'Player'}]",Player Points,James Harden Points
0QA239122617#188041718_13L42648Q11296223914Q20,2,239122617,40+,+2500,26,26.00,25/1,James Harden,Unknown,260018,['SGP'],"[{'id': '33070', 'name': 'James Harden', 'type': 'Player'}]",Player Points,James Harden Points
0QA239122650#188041849_13L42648Q1258387513Q20,2,239122650,8+,-800,1.125,1.12,1/8,Jarrett Allen,Unknown,11249,['SGP'],"[{'id': '32914', 'name': 'Jarrett Allen', 'type': 'Player'}]",Player Points,Jarrett Allen Points
0QA239122650#188041851_13L42648Q1243631508Q20,2,239122650,10+,-370,1.27027028,1.27,10/37,Jarrett Allen,Unknown,12751,['SGP'],"[{'id': '32914', 'name': 'Jarrett Allen', 'type': 'Player'}]",Player Points,Jarrett Allen Points
0QA239122650#188041853_13L42648Q12000308824Q20,2,239122650,12+,-190,1.52631579,1.52,10/19,Jarrett Allen,Unknown,15253,['SGP'],"[{'id': '32914', 'name': 'Jarrett Allen', 'type': 'Player'}]",Player Points,Jarrett Allen Points
0QA239122650#188111598_13L42648Q1326131605Q20,2,239122650,14+,-110,1.90909091,1.90,10/11,Jarrett Allen,Unknown,True,19098,"['MostBalancedOdds', 'SGP']","[{'id': '32914', 'name': 'Jarrett Allen', 'type': 'Player'}]",Player Points,Jarrett Allen Points
0QA239122650#188041856_13L42648Q11337895931Q20,2,239122650,15+,+130,2.3,2.30,13/10,Jarrett Allen,Unknown,23056,['SGP'],"[{'id': '32914', 'name': 'Jarrett Allen', 'type': 'Player'}]",Player Points,Jarrett Allen Points
0QA239122650#188041858_13L42648Q1-1088221744Q20,2,239122650,18+,+265,3.65,3.65,53/20,Jarrett Allen,Unknown,36558,['SGP'],"[{'id': '32914', 'name': 'Jarrett Allen', 'type': 'Player'}]",Player Points,Jarrett Allen Points
0QA239122650#188041860_13L42648Q1-1697847620Q20,2,239122650,20+,+425,5.25,5.25,17/4,Jarrett Allen,Unknown,52560,['SGP'],"[{'id': '32914', 'name': 'Jarrett Allen', 'type': 'Player'}]",Player Points,Jarrett Allen Points
0QA239122650#188041861_13L42648Q11520391110Q20,2,239122650,25+,+1500,16,16.00,15/1,Jarrett Allen,Unknown,160061,['SGP'],"[{'id': '32914', 'name': 'Jarrett Allen', 'type': 'Player'}]",Player Points,Jarrett Allen Points
0QA239122632#188041770_13L42648Q11337895931Q20,2,239122632,15+,-800,1.125,1.12,1/8,Kawhi Leonard,Unknown,11270,['SGP'],"[{'id': '33102', 'name': 'Kawhi Leonard', 'type': 'Player'}]",Player Points,Kawhi Leonard Points
0QA239122632#188041778_13L42648Q1-1088221744Q20,2,239122632,18+,-360,1.27777778,1.27,5/18,Kawhi Leonard,Unknown,12778,['SGP'],"[{'id': '33102', 'name': 'Kawhi Leonard', 'type': 'Player'}]",Player Points,Kawhi Leonard Points
0QA239122632#188041786_13L42648Q1-1697847620Q20,2,239122632,20+,-225,1.44444445,1.44,4/9,Kawhi Leonard,Unknown,14486,['SGP'],"[{'id': '33102', 'name': 'Kawhi Leonard', 'type': 'Player'}]",Player Points,Kawhi Leonard Points
0QA239122632#188116242_13L42648Q1-608087041Q20,2,239122632,23+,-115,1.86956522,1.86,20/23,Kawhi Leonard,Unknown,True,18642,"['MostBalancedOdds', 'SGP', 'MostBalancedGlobalProbability']","[{'id': '33102', 'name': 'Kawhi Leonard', 'type': 'Player'}]",Player Points,Kawhi Leonard Points
0QA239122632#188041799_13L42648Q11520391110Q20,2,239122632,25+,+130,2.3,2.30,13/10,Kawhi Leonard,Unknown,23099,['SGP'],"[{'id': '33102', 'name': 'Kawhi Leonard', 'type': 'Player'}]",Player Points,Kawhi Leonard Points
0QA239122632#188041804_13L42648Q1-1786549384Q20,2,239122632,30+,+350,4.5,4.50,7/2,Kawhi Leonard,Unknown,45004,['SGP'],"[{'id': '33102', 'name': 'Kawhi Leonard', 'type': 'Player'}]",Player Points,Kawhi Leonard Points
0QA239122632#188041807_13L42648Q147078906Q20,2,239122632,35+,+950,10.5,10.50,19/2,Kawhi Leonard,Unknown,105007,['SGP'],"[{'id': '33102', 'name': 'Kawhi Leonard', 'type': 'Player'}]",Player Points,Kawhi Leonard Points
0QA239122632#188041809_13L42648Q11296223914Q20,2,239122632,40+,+2800,29,29.00,28/1,Kawhi Leonard,Unknown,290009,['SGP'],"[{'id': '33102', 'name': 'Kawhi Leonard', 'type': 'Player'}]",Player Points,Kawhi Leonard Points
0QA239122624#188041666_13L42648Q1-1665381124Q20,2,239122624,6+,-400,1.25,1.25,1/4,Max Strus,Unknown,12566,['SGP'],"[{'id': '32893', 'name': 'Max Strus', 'type': 'Player'}]",Player Points,Max Strus Points
0QA239122624#188041672_13L42648Q1258387513Q20,2,239122624,8+,-205,1.48780488,1.48,20/41,Max Strus,Unknown,14872,['SGP'],"[{'id': '32893', 'name': 'Max Strus', 'type': 'Player'}]",Player Points,Max Strus Points
0QA239122624#188041681_13L42648Q1243631508Q20,2,239122624,10+,+100,2,2.00,1/1,Max Strus,Unknown,True,20081,"['MostBalancedOdds', 'SGP', 'MostBalancedGlobalProbability']","[{'id': '32893', 'name': 'Max Strus', 'type': 'Player'}]",Player Points,Max Strus Points
0QA239122624#188041691_13L42648Q12000308824Q20,2,239122624,12+,+160,2.6,2.60,8/5,Max Strus,Unknown,26091,['SGP'],"[{'id': '32893', 'name': 'Max Strus', 'type': 'Player'}]",Player Points,Max Strus Points
0QA239122624#188041701_13L42648Q11337895931Q20,2,239122624,15+,+350,4.5,4.50,7/2,Max Strus,Unknown,45001,['SGP'],"[{'id': '32893', 'name': 'Max Strus', 'type': 'Player'}]",Player Points,Max Strus Points
0QA239122624#188041711_13L42648Q1-1088221744Q20,2,239122624,18+,+700,8,8.00,7/1,Max Strus,Unknown,80011,['SGP'],"[{'id': '32893', 'name': 'Max Strus', 'type': 'Player'}]",Player Points,Max Strus Points
0QA239122624#188041720_13L42648Q1-1697847620Q20,2,239122624,20+,+1200,13,13.00,12/1,Max Strus,Unknown,130020,['SGP'],"[{'id': '32893', 'name': 'Max Strus', 'type': 'Player'}]",Player Points,Max Strus Points
0QA239122624#188041727_13L42648Q11520391110Q20,2,239122624,25+,+4000,41,41.00,40/1,Max Strus,Unknown,410027,['SGP'],"[{'id': '32893', 'name': 'Max Strus', 'type': 'Player'}]",Player Points,Max Strus Points
0QA239122616#188085597_13L42648Q1258387513Q20,2,239122616,8+,-1200,1.08333334,1.08,1/12,Norman Powell,Unknown,10897,['SGP'],"[{'id': '33377', 'name': 'Norman Powell', 'type': 'Player'}]",Player Points,Norman Powell Points
0QA239122616#188041653_13L42648Q1243631508Q20,2,239122616,10+,-575,1.17391305,1.17,4/23,Norman Powell,Unknown,11753,['SGP'],"[{'id': '33377', 'name': 'Norman Powell', 'type': 'Player'}]",Player Points,Norman Powell Points
0QA239122616#188041654_13L42648Q12000308824Q20,2,239122616,12+,-310,1.32258065,1.32,10/31,Norman Powell,Unknown,13254,['SGP'],"[{'id': '33377', 'name': 'Norman Powell', 'type': 'Player'}]",Player Points,Norman Powell Points
0QA239122616#188041655_13L42648Q11337895931Q20,2,239122616,15+,-145,1.68965518,1.68,20/29,Norman Powell,Unknown,16855,['SGP'],"[{'id': '33377', 'name': 'Norman Powell', 'type': 'Player'}]",Player Points,Norman Powell Points
0QA239122616#188114073_13L42648Q1-1750342611Q20,2,239122616,16+,-115,1.86956522,1.86,20/23,Norman Powell,Unknown,True,18673,"['MostBalancedOdds', 'SGP', 'MostBalancedGlobalProbability']","[{'id': '33377', 'name': 'Norman Powell', 'type': 'Player'}]",Player Points,Norman Powell Points
0QA239122616#188041656_13L42648Q1-1088221744Q20,2,239122616,18+,+135,2.35,2.35,27/20,Norman Powell,Unknown,23556,['SGP'],"[{'id': '33377', 'name': 'Norman Powell', 'type': 'Player'}]",Player Points,Norman Powell Points
0QA239122616#188041657_13L42648Q1-1697847620Q20,2,239122616,20+,+205,3.05,3.05,41/20,Norman Powell,Unknown,30557,['SGP'],"[{'id': '33377', 'name': 'Norman Powell', 'type': 'Player'}]",Player Points,Norman Powell Points
0QA239122616#188041658_13L42648Q11520391110Q20,2,239122616,25+,+550,6.5,6.50,11/2,Norman Powell,Unknown,65058,['SGP'],"[{'id': '33377', 'name': 'Norman Powell', 'type': 'Player'}]",Player Points,Norman Powell Points
0QA239122616#188041659_13L42648Q1-1786549384Q20,2,239122616,30+,+1500,16,16.00,15/1,Norman Powell,Unknown,160059,['SGP'],"[{'id': '33377', 'name': 'Norman Powell', 'type': 'Player'}]",Player Points,Norman Powell Points
0QA239122616#188041661_13L42648Q147078906Q20,2,239122616,35+,+4000,41,41.00,40/1,Norman Powell,Unknown,410061,['SGP'],"[{'id': '33377', 'name': 'Norman Powell', 'type': 'Player'}]",Player Points,Norman Powell Points
0QA239103666#187930209_13L42648Q1-1448361665Q20,2,239103666,1+,-160,1.625,1.62,5/8,Dyson Daniels,Unknown,True,16209,"['MostBalancedOdds', 'SGP', 'MostBalancedGlobalProbability']","[{'id': '649551', 'name': 'Dyson Daniels', 'type': 'Player'}]",Player Threes,Dyson Daniels Three Pointers Made
0QA239103666#187930210_13L42648Q1-1510870681Q20,2,239103666,2+,+310,4.1,4.10,31/10,Dyson Daniels,Unknown,41010,['SGP'],"[{'id': '649551', 'name': 'Dyson Daniels', 'type': 'Player'}]",Player Threes,Dyson Daniels Three Pointers Made
0QA239103666#187930211_13L42648Q1-1551344353Q20,2,239103666,3+,+1100,12,12.00,11/1,Dyson Daniels,Unknown,120011,['SGP'],"[{'id': '649551', 'name': 'Dyson Daniels', 'type': 'Player'}]",Player Threes,Dyson Daniels Three Pointers Made
0QA239103652#187930145_13L42648Q1-1448361665Q20,2,239103652,1+,-525,1.1904762,1.19,4/21,Josh Green,Unknown,11945,['SGP'],"[{'id': '527227', 'name': 'Josh Green', 'type': 'Player'}]",Player Threes,Josh Green Three Pointers Made
0QA239103652#187930146_13L42648Q1-1510870681Q20,2,239103652,2+,-115,1.86956522,1.86,20/23,Josh Green,Unknown,True,18646,"['MostBalancedOdds', 'SGP', 'MostBalancedGlobalProbability']","[{'id': '527227', 'name': 'Josh Green', 'type': 'Player'}]",Player Threes,Josh Green Three Pointers Made
0QA239103652#187930147_13L42648Q1-1551344353Q20,2,239103652,3+,+255,3.55,3.55,51/20,Josh Green,Unknown,35547,['SGP'],"[{'id': '527227', 'name': 'Josh Green', 'type': 'Player'}]",Player Threes,Josh Green Three Pointers Made
0QA239103652#187930148_13L42648Q11728117274Q20,2,239103652,4+,+700,8,8.00,7/1,Josh Green,Unknown,80048,['SGP'],"[{'id': '527227', 'name': 'Josh Green', 'type': 'Player'}]",Player Threes,Josh Green Three Pointers Made
0QA239103652#187932584_13L42648Q1-1858791537Q20,2,239103652,5+,+1800,19,19.00,18/1,Josh Green,Unknown,190084,['SGP'],"[{'id': '527227', 'name': 'Josh Green', 'type': 'Player'}]",Player Threes,Josh Green Three Pointers Made
0QA239103631#187930083_13L42648Q1-1510870681Q20,2,239103631,2+,-1200,1.08333334,1.08,1/12,LaMelo Ball,Unknown,10883,['SGP'],"[{'id': '527219', 'name': 'LaMelo Ball', 'type': 'Player'}]",Player Threes,LaMelo Ball Three Pointers Made
0QA239103631#187930085_13L42648Q1-1551344353Q20,2,239103631,3+,-390,1.25641026,1.25,10/39,LaMelo Ball,Unknown,12585,['SGP'],"[{'id': '527219', 'name': 'LaMelo Ball', 'type': 'Player'}]",Player Threes,LaMelo Ball Three Pointers Made
0QA239103631#187930087_13L42648Q11728117274Q20,2,239103631,4+,-160,1.625,1.62,5/8,LaMelo Ball,Unknown,16287,"['SGP', 'MostBalancedGlobalProbability']","[{'id': '527219', 'name': 'LaMelo Ball', 'type': 'Player'}]",Player Threes,LaMelo Ball Three Pointers Made
0QA239103631#187930089_13L42648Q1-1858791537Q20,2,239103631,5+,+130,2.3,2.30,13/10,LaMelo Ball,Unknown,True,23089,"['MostBalancedOdds', 'SGP']","[{'id': '527219', 'name': 'LaMelo Ball', 'type': 'Player'}]",Player Threes,LaMelo Ball Three Pointers Made
0QA239103631#187930090_13L42648Q1-798405509Q20,2,239103631,6+,+270,3.7,3.70,27/10,LaMelo Ball,Unknown,37090,['SGP'],"[{'id': '527219', 'name': 'LaMelo Ball', 'type': 'Player'}]",Player Threes,LaMelo Ball Three Pointers Made
0QA239103631#187930091_13L42648Q1327359527Q20,2,239103631,7+,+500,6,6.00,5/1,LaMelo Ball,Unknown,60091,['SGP'],"[{'id': '527219', 'name': 'LaMelo Ball', 'type': 'Player'}]",Player Threes,LaMelo Ball Three Pointers Made
0QA239103631#187930093_13L42648Q12125812256Q20,2,239103631,8+,+1000,11,11.00,10/1,LaMelo Ball,Unknown,110093,['SGP'],"[{'id': '527219', 'name': 'LaMelo Ball', 'type': 'Player'}]",Player Threes,LaMelo Ball Three Pointers Made
0QA239103631#187932585_13L42648Q1-1020825337Q20,2,239103631,9+,+1900,20,20.00,19/1,LaMelo Ball,Unknown,200085,['SGP'],"[{'id': '527219', 'name': 'LaMelo Ball', 'type': 'Player'}]",Player Threes,LaMelo Ball Three Pointers Made
0QA239103634#187930101_13L42648Q1-1448361665Q20,2,239103634,1+,+105,2.05,2.05,21/20,Onyeka Okongwu,Unknown,True,20501,"['MostBalancedOdds', 'SGP', 'MostBalancedGlobalProbability']","[{'id': '481752', 'name': 'Onyeka Okongwu', 'type': 'Player'}]",Player Threes,Onyeka Okongwu Three Pointers Made
0QA239103634#187930102_13L42648Q1-1510870681Q20,2,239103634,2+,+550,6.5,6.50,11/2,Onyeka Okongwu,Unknown,65002,['SGP'],"[{'id': '481752', 'name': 'Onyeka Okongwu', 'type': 'Player'}]",Player Threes,Onyeka Okongwu Three Pointers Made
0QA239103634#187930103_13L42648Q1-1551344353Q20,2,239103634,3+,+2200,23,23.00,22/1,Onyeka Okongwu,Unknown,230003,['SGP'],"[{'id': '481752', 'name': 'Onyeka Okongwu', 'type': 'Player'}]",Player Threes,Onyeka Okongwu Three Pointers Made
0QA239103641#187930120_13L42648Q1-1510870681Q20,2,239103641,2+,-425,1.23529412,1.23,4/17,Trae Young,Unknown,12320,['SGP'],"[{'id': '32850', 'name': 'Trae Young', 'type': 'Player'}]",Player Threes,Trae Young Three Pointers Made
0QA239103641#187930121_13L42648Q1-1551344353Q20,2,239103641,3+,-140,1.71428572,1.71,5/7,Trae Young,Unknown,True,17121,"['MostBalancedOdds', 'SGP', 'MostBalancedGlobalProbability']","[{'id': '32850', 'name': 'Trae Young', 'type': 'Player'}]",Player Threes,Trae Young Three Pointers Made
0QA239103641#187930122_13L42648Q11728117274Q20,2,239103641,4+,+175,2.75,2.75,7/4,Trae Young,Unknown,27522,['SGP'],"[{'id': '32850', 'name': 'Trae Young', 'type': 'Player'}]",Player Threes,Trae Young Three Pointers Made
0QA239103641#187930123_13L42648Q1-1858791537Q20,2,239103641,5+,+400,5,5.00,4/1,Trae Young,Unknown,50023,['SGP'],"[{'id': '32850', 'name': 'Trae Young', 'type': 'Player'}]",Player Threes,Trae Young Three Pointers Made
0QA239103641#187930124_13L42648Q1-798405509Q20,2,239103641,6+,+950,10.5,10.50,19/2,Trae Young,Unknown,105024,['SGP'],"[{'id': '32850', 'name': 'Trae Young', 'type': 'Player'}]",Player Threes,Trae Young Three Pointers Made
0QA239103641#187930125_13L42648Q1327359527Q20,2,239103641,7+,+2200,23,23.00,22/1,Trae Young,Unknown,230025,['SGP'],"[{'id': '32850', 'name': 'Trae Young', 'type': 'Player'}]",Player Threes,Trae Young Three Pointers Made
0QA239103639#187930109_13L42648Q1-1448361665Q20,2,239103639,1+,-1200,1.08333334,1.08,1/12,Zaccharie Risacher,Unknown,10809,['SGP'],"[{'id': '800352', 'name': 'Zaccharie Risacher', 'type': 'Player'}]",Player Threes,Zaccharie Risacher Three Pointers Made
0QA239103639#187930110_13L42648Q1-1510870681Q20,2,239103639,2+,-235,1.42553192,1.42,20/47,Zaccharie Risacher,Unknown,14210,['SGP'],"[{'id': '800352', 'name': 'Zaccharie Risacher', 'type': 'Player'}]",Player Threes,Zaccharie Risacher Three Pointers Made
0QA239103639#187930111_13L42648Q1-1551344353Q20,2,239103639,3+,+120,2.2,2.20,6/5,Zaccharie Risacher,Unknown,True,22011,"['MostBalancedOdds', 'SGP', 'MostBalancedGlobalProbability']","[{'id': '800352', 'name': 'Zaccharie Risacher', 'type': 'Player'}]",Player Threes,Zaccharie Risacher Three Pointers Made
0QA239103639#187930112_13L42648Q11728117274Q20,2,239103639,4+,+295,3.95,3.95,59/20,Zaccharie Risacher,Unknown,39512,['SGP'],"[{'id': '800352', 'name': 'Zaccharie Risacher', 'type': 'Player'}]",Player Threes,Zaccharie Risacher Three Pointers Made
0QA239103639#187930113_13L42648Q1-1858791537Q20,2,239103639,5+,+650,7.5,7.50,13/2,Zaccharie Risacher,Unknown,75013,['SGP'],"[{'id': '800352', 'name': 'Zaccharie Risacher', 'type': 'Player'}]",Player Threes,Zaccharie Risacher Three Pointers Made
0QA239103639#187930114_13L42648Q1-798405509Q20,2,239103639,6+,+1700,18,18.00,17/1,Zaccharie Risacher,Unknown,180014,['SGP'],"[{'id': '800352', 'name': 'Zaccharie Risacher', 'type': 'Player'}]",Player Threes,Zaccharie Risacher Three Pointers Made
0QA239135649#188104834_13L42648Q1-1510870681Q20,2,239135649,2+,-400,1.25,1.25,1/4,Cameron Johnson,Unknown,12534,['SGP'],"[{'id': '33316', 'name': 'Cameron Johnson', 'type': 'Player'}]",Player Threes,Cameron Johnson Three Pointers Made
0QA239135649#188104835_13L42648Q1-1551344353Q20,2,239135649,3+,-140,1.71428572,1.71,5/7,Cameron Johnson,Unknown,True,17135,"['MostBalancedOdds', 'SGP', 'MostBalancedGlobalProbability']","[{'id': '33316', 'name': 'Cameron Johnson', 'type': 'Player'}]",Player Threes,Cameron Johnson Three Pointers Made
0QA239135649#188104836_13L42648Q11728117274Q20,2,239135649,4+,+180,2.8,2.80,9/5,Cameron Johnson,Unknown,28036,['SGP'],"[{'id': '33316', 'name': 'Cameron Johnson', 'type': 'Player'}]",Player Threes,Cameron Johnson Three Pointers Made
0QA239135649#188104837_13L42648Q1-1858791537Q20,2,239135649,5+,+400,5,5.00,4/1,Cameron Johnson,Unknown,50037,['SGP'],"[{'id': '33316', 'name': 'Cameron Johnson', 'type': 'Player'}]",Player Threes,Cameron Johnson Three Pointers Made
0QA239135649#188104838_13L42648Q1-798405509Q20,2,239135649,6+,+850,9.5,9.50,17/2,Cameron Johnson,Unknown,95038,['SGP'],"[{'id': '33316', 'name': 'Cameron Johnson', 'type': 'Player'}]",Player Threes,Cameron Johnson Three Pointers Made
0QA239135649#188104839_13L42648Q1327359527Q20,2,239135649,7+,+2000,21,21.00,20/1,Cameron Johnson,Unknown,210039,['SGP'],"[{'id': '33316', 'name': 'Cameron Johnson', 'type': 'Player'}]",Player Threes,Cameron Johnson Three Pointers Made
0QA239135641#188104811_13L42648Q1-1448361665Q20,2,239135641,1+,-900,1.11111112,1.11,1/9,D'Angelo Russell,Unknown,11111,['SGP'],"[{'id': '33054', 'name': ""D'Angelo Russell"", 'type': 'Player'}]",Player Threes,D'Angelo Russell Three Pointers Made
0QA239135641#188104812_13L42648Q1-1510870681Q20,2,239135641,2+,-195,1.51282052,1.51,20/39,D'Angelo Russell,Unknown,15112,"['SGP', 'MostBalancedGlobalProbability']","[{'id': '33054', 'name': ""D'Angelo Russell"", 'type': 'Player'}]",Player Threes,D'Angelo Russell Three Pointers Made
0QA239135641#188104813_13L42648Q1-1551344353Q20,2,239135641,3+,+150,2.5,2.50,6/4,D'Angelo Russell,Unknown,True,25013,"['MostBalancedOdds', 'SGP']","[{'id': '33054', 'name': ""D'Angelo Russell"", 'type': 'Player'}]",Player Threes,D'Angelo Russell Three Pointers Made
0QA239135641#188104814_13L42648Q11728117274Q20,2,239135641,4+,+370,4.7,4.70,37/10,D'Angelo Russell,Unknown,47014,['SGP'],"[{'id': '33054', 'name': ""D'Angelo Russell"", 'type': 'Player'}]",Player Threes,D'Angelo Russell Three Pointers Made
0QA239135641#188104815_13L42648Q1-1858791537Q20,2,239135641,5+,+900,10,10.00,9/1,D'Angelo Russell,Unknown,100015,['SGP'],"[{'id': '33054', 'name': ""D'Angelo Russell"", 'type': 'Player'}]",Player Threes,D'Angelo Russell Three Pointers Made
0QA239135641#188104816_13L42648Q1-798405509Q20,2,239135641,6+,+2000,21,21.00,20/1,D'Angelo Russell,Unknown,210016,['SGP'],"[{'id': '33054', 'name': ""D'Angelo Russell"", 'type': 'Player'}]",Player Threes,D'Angelo Russell Three Pointers Made
0QA239135623#188104759_13L42648Q1-1510870681Q20,2,239135623,2+,-1100,1.0909091,1.09,1/11,Derrick White,Unknown,10959,['SGP'],"[{'id': '33364', 'name': 'Derrick White', 'type': 'Player'}]",Player Threes,Derrick White Three Pointers Made
0QA239135623#188104761_13L42648Q1-1551344353Q20,2,239135623,3+,-320,1.3125,1.31,5/16,Derrick White,Unknown,13161,['SGP'],"[{'id': '33364', 'name': 'Derrick White', 'type': 'Player'}]",Player Threes,Derrick White Three Pointers Made
0QA239135623#188104763_13L42648Q11728117274Q20,2,239135623,4+,-130,1.76923077,1.76,10/13,Derrick White,Unknown,True,17663,"['MostBalancedOdds', 'SGP', 'MostBalancedGlobalProbability']","[{'id': '33364', 'name': 'Derrick White', 'type': 'Player'}]",Player Threes,Derrick White Three Pointers Made
0QA239135623#188104765_13L42648Q1-1858791537Q20,2,239135623,5+,+165,2.65,2.65,33/20,Derrick White,Unknown,26565,['SGP'],"[{'id': '33364', 'name': 'Derrick White', 'type': 'Player'}]",Player Threes,Derrick White Three Pointers Made
0QA239135623#188104766_13L42648Q1-798405509Q20,2,239135623,6+,+340,4.4,4.40,17/5,Derrick White,Unknown,44066,['SGP'],"[{'id': '33364', 'name': 'Derrick White', 'type': 'Player'}]",Player Threes,Derrick White Three Pointers Made
0QA239135623#188104767_13L42648Q1327359527Q20,2,239135623,7+,+700,8,8.00,7/1,Derrick White,Unknown,80067,['SGP'],"[{'id': '33364', 'name': 'Derrick White', 'type': 'Player'}]",Player Threes,Derrick White Three Pointers Made
0QA239135623#188104768_13L42648Q12125812256Q20,2,239135623,8+,+1500,16,16.00,15/1,Derrick White,Unknown,160068,['SGP'],"[{'id': '33364', 'name': 'Derrick White', 'type': 'Player'}]",Player Threes,Derrick White Three Pointers Made
0QA239135620#188104747_13L42648Q1-1510870681Q20,2,239135620,2+,-900,1.11111112,1.11,1/9,Jayson Tatum,Unknown,11147,['SGP'],"[{'id': '32876', 'name': 'Jayson Tatum', 'type': 'Player'}]",Player Threes,Jayson Tatum Three Pointers Made
0QA239135620#188104751_13L42648Q1-1551344353Q20,2,239135620,3+,-250,1.4,1.40,2/5,Jayson Tatum,Unknown,14051,['SGP'],"[{'id': '32876', 'name': 'Jayson Tatum', 'type': 'Player'}]",Player Threes,Jayson Tatum Three Pointers Made
0QA239135620#188104753_13L42648Q11728117274Q20,2,239135620,4+,-105,1.95238096,1.95,20/21,Jayson Tatum,Unknown,True,19553,"['MostBalancedOdds', 'SGP', 'MostBalancedGlobalProbability']","[{'id': '32876', 'name': 'Jayson Tatum', 'type': 'Player'}]",Player Threes,Jayson Tatum Three Pointers Made
0QA239135620#188104755_13L42648Q1-1858791537Q20,2,239135620,5+,+210,3.1,3.10,21/10,Jayson Tatum,Unknown,31055,['SGP'],"[{'id': '32876', 'name': 'Jayson Tatum', 'type': 'Player'}]",Player Threes,Jayson Tatum Three Pointers Made
0QA239135620#188104756_13L42648Q1-798405509Q20,2,239135620,6+,+425,5.25,5.25,17/4,Jayson Tatum,Unknown,52556,['SGP'],"[{'id': '32876', 'name': 'Jayson Tatum', 'type': 'Player'}]",Player Threes,Jayson Tatum Three Pointers Made
0QA239135620#188104757_13L42648Q1327359527Q20,2,239135620,7+,+900,10,10.00,9/1,Jayson Tatum,Unknown,100057,['SGP'],"[{'id': '32876', 'name': 'Jayson Tatum', 'type': 'Player'}]",Player Threes,Jayson Tatum Three Pointers Made
0QA239135620#188106462_13L42648Q12125812256Q20,2,239135620,8+,+2000,21,21.00,20/1,Jayson Tatum,Unknown,210062,['SGP'],"[{'id': '32876', 'name': 'Jayson Tatum', 'type': 'Player'}]",Player Threes,Jayson Tatum Three Pointers Made
0QA239135621#188104746_13L42648Q1-1448361665Q20,2,239135621,1+,-575,1.17391305,1.17,4/23,Jrue Holiday,Unknown,11746,['SGP'],"[{'id': '33210', 'name': 'Jrue Holiday', 'type': 'Player'}]",Player Threes,Jrue Holiday Three Pointers Made
0QA239135621#188104750_13L42648Q1-1510870681Q20,2,239135621,2+,-130,1.76923077,1.76,10/13,Jrue Holiday,Unknown,True,17650,"['MostBalancedOdds', 'SGP', 'MostBalancedGlobalProbability']","[{'id': '33210', 'name': 'Jrue Holiday', 'type': 'Player'}]",Player Threes,Jrue Holiday Three Pointers Made
0QA239135621#188104752_13L42648Q1-1551344353Q20,2,239135621,3+,+245,3.45,3.45,49/20,Jrue Holiday,Unknown,34552,['SGP'],"[{'id': '33210', 'name': 'Jrue Holiday', 'type': 'Player'}]",Player Threes,Jrue Holiday Three Pointers Made
0QA239135621#188104754_13L42648Q11728117274Q20,2,239135621,4+,+700,8,8.00,7/1,Jrue Holiday,Unknown,80054,['SGP'],"[{'id': '33210', 'name': 'Jrue Holiday', 'type': 'Player'}]",Player Threes,Jrue Holiday Three Pointers Made
0QA239135621#188104758_13L42648Q1-1858791537Q20,2,239135621,5+,+1900,20,20.00,19/1,Jrue Holiday,Unknown,200058,['SGP'],"[{'id': '33210', 'name': 'Jrue Holiday', 'type': 'Player'}]",Player Threes,Jrue Holiday Three Pointers Made
0QA239135632#188104790_13L42648Q1-1448361665Q20,2,239135632,1+,-475,1.21052632,1.21,4/19,Keon Johnson,Unknown,12190,['SGP'],"[{'id': '591026', 'name': 'Keon Johnson', 'type': 'Player'}]",Player Threes,Keon Johnson Three Pointers Made
0QA239135632#188104791_13L42648Q1-1510870681Q20,2,239135632,2+,-110,1.90909091,1.90,10/11,Keon Johnson,Unknown,True,19091,"['MostBalancedOdds', 'SGP', 'MostBalancedGlobalProbability']","[{'id': '591026', 'name': 'Keon Johnson', 'type': 'Player'}]",Player Threes,Keon Johnson Three Pointers Made
0QA239135632#188104792_13L42648Q1-1551344353Q20,2,239135632,3+,+275,3.75,3.75,11/4,Keon Johnson,Unknown,37592,['SGP'],"[{'id': '591026', 'name': 'Keon Johnson', 'type': 'Player'}]",Player Threes,Keon Johnson Three Pointers Made
0QA239135632#188104793_13L42648Q11728117274Q20,2,239135632,4+,+750,8.5,8.50,15/2,Keon Johnson,Unknown,85093,['SGP'],"[{'id': '591026', 'name': 'Keon Johnson', 'type': 'Player'}]",Player Threes,Keon Johnson Three Pointers Made
0QA239135632#188104794_13L42648Q1-1858791537Q20,2,239135632,5+,+2000,21,21.00,20/1,Keon Johnson,Unknown,210094,['SGP'],"[{'id': '591026', 'name': 'Keon Johnson', 'type': 'Player'}]",Player Threes,Keon Johnson Three Pointers Made
0QA239135628#188104774_13L42648Q1-1448361665Q20,2,239135628,1+,-1200,1.08333334,1.08,1/12,Kristaps Porzingis,Unknown,10874,['SGP'],"[{'id': '32998', 'name': 'Kristaps Porzingis', 'type': 'Player'}]",Player Threes,Kristaps Porzingis Three Pointers Made
0QA239135628#188104775_13L42648Q1-1510870681Q20,2,239135628,2+,-235,1.42553192,1.42,20/47,Kristaps Porzingis,Unknown,14275,['SGP'],"[{'id': '32998', 'name': 'Kristaps Porzingis', 'type': 'Player'}]",Player Threes,Kristaps Porzingis Three Pointers Made
0QA239135628#188104776_13L42648Q1-1551344353Q20,2,239135628,3+,+120,2.2,2.20,6/5,Kristaps Porzingis,Unknown,True,22076,"['MostBalancedOdds', 'SGP', 'MostBalancedGlobalProbability']","[{'id': '32998', 'name': 'Kristaps Porzingis', 'type': 'Player'}]",Player Threes,Kristaps Porzingis Three Pointers Made
0QA239135628#188104777_13L42648Q11728117274Q20,2,239135628,4+,+310,4.1,4.10,31/10,Kristaps Porzingis,Unknown,41077,['SGP'],"[{'id': '32998', 'name': 'Kristaps Porzingis', 'type': 'Player'}]",Player Threes,Kristaps Porzingis Three Pointers Made
0QA239135628#188104778_13L42648Q1-1858791537Q20,2,239135628,5+,+750,8.5,8.50,15/2,Kristaps Porzingis,Unknown,85078,['SGP'],"[{'id': '32998', 'name': 'Kristaps Porzingis', 'type': 'Player'}]",Player Threes,Kristaps Porzingis Three Pointers Made
0QA239135628#188104779_13L42648Q1-798405509Q20,2,239135628,6+,+1800,19,19.00,18/1,Kristaps Porzingis,Unknown,190079,['SGP'],"[{'id': '32998', 'name': 'Kristaps Porzingis', 'type': 'Player'}]",Player Threes,Kristaps Porzingis Three Pointers Made
0QA239135635#188104799_13L42648Q1-1448361665Q20,2,239135635,1+,-750,1.13333334,1.13,2/15,Ziaire Williams,Unknown,11398,['SGP'],"[{'id': '591011', 'name': 'Ziaire Williams', 'type': 'Player'}]",Player Threes,Ziaire Williams Three Pointers Made
0QA239135635#188104801_13L42648Q1-1510870681Q20,2,239135635,2+,-165,1.60606061,1.60,20/33,Ziaire Williams,Unknown,True,16001,"['MostBalancedOdds', 'SGP', 'MostBalancedGlobalProbability']","[{'id': '591011', 'name': 'Ziaire Williams', 'type': 'Player'}]",Player Threes,Ziaire Williams Three Pointers Made
0QA239135635#188104802_13L42648Q1-1551344353Q20,2,239135635,3+,+180,2.8,2.80,9/5,Ziaire Williams,Unknown,28002,['SGP'],"[{'id': '591011', 'name': 'Ziaire Williams', 'type': 'Player'}]",Player Threes,Ziaire Williams Three Pointers Made
0QA239135635#188104803_13L42648Q11728117274Q20,2,239135635,4+,+450,5.5,5.50,9/2,Ziaire Williams,Unknown,55003,['SGP'],"[{'id': '591011', 'name': 'Ziaire Williams', 'type': 'Player'}]",Player Threes,Ziaire Williams Three Pointers Made
0QA239135635#188104804_13L42648Q1-1858791537Q20,2,239135635,5+,+1200,13,13.00,12/1,Ziaire Williams,Unknown,130004,['SGP'],"[{'id': '591011', 'name': 'Ziaire Williams', 'type': 'Player'}]",Player Threes,Ziaire Williams Three Pointers Made
0QA239103540#187929739_13L42648Q1-229357969Q20,2,239103540,4+,-800,1.125,1.12,1/8,Dyson Daniels,Unknown,11239,['SGP'],"[{'id': '649551', 'name': 'Dyson Daniels', 'type': 'Player'}]",Player Rebounds,Dyson Daniels Rebounds
0QA239103540#187929740_13L42648Q1-1582761298Q20,2,239103540,5+,-340,1.29411765,1.29,5/17,Dyson Daniels,Unknown,12940,['SGP'],"[{'id': '649551', 'name': 'Dyson Daniels', 'type': 'Player'}]",Player Rebounds,Dyson Daniels Rebounds
0QA239103540#187929741_13L42648Q1-1108369128Q20,2,239103540,6+,-170,1.5882353,1.58,10/17,Dyson Daniels,Unknown,15841,['SGP'],"[{'id': '649551', 'name': 'Dyson Daniels', 'type': 'Player'}]",Player Rebounds,Dyson Daniels Rebounds
0QA239103540#187929742_13L42648Q1-450813817Q20,2,239103540,7+,+110,2.1,2.10,11/10,Dyson Daniels,Unknown,True,21042,"['MostBalancedOdds', 'SGP', 'MostBalancedGlobalProbability']","[{'id': '649551', 'name': 'Dyson Daniels', 'type': 'Player'}]",Player Rebounds,Dyson Daniels Rebounds
0QA239103540#187929744_13L42648Q1-2004755240Q20,2,239103540,8+,+195,2.95,2.95,39/20,Dyson Daniels,Unknown,29544,['SGP'],"[{'id': '649551', 'name': 'Dyson Daniels', 'type': 'Player'}]",Player Rebounds,Dyson Daniels Rebounds
0QA239103540#187929746_13L42648Q1339796107Q20,2,239103540,9+,+340,4.4,4.40,17/5,Dyson Daniels,Unknown,44046,['SGP'],"[{'id': '649551', 'name': 'Dyson Daniels', 'type': 'Player'}]",Player Rebounds,Dyson Daniels Rebounds
0QA239103540#187929749_13L42648Q1-2101785278Q20,2,239103540,10+,+600,7,7.00,6/1,Dyson Daniels,Unknown,70049,['SGP'],"[{'id': '649551', 'name': 'Dyson Daniels', 'type': 'Player'}]",Player Rebounds,Dyson Daniels Rebounds
0QA239103540#187929752_13L42648Q12143959624Q20,2,239103540,11+,+1000,11,11.00,10/1,Dyson Daniels,Unknown,110052,['SGP'],"[{'id': '649551', 'name': 'Dyson Daniels', 'type': 'Player'}]",Player Rebounds,Dyson Daniels Rebounds
0QA239103540#187929755_13L42648Q1-118151535Q20,2,239103540,12+,+1800,19,19.00,18/1,Dyson Daniels,Unknown,190055,['SGP'],"[{'id': '649551', 'name': 'Dyson Daniels', 'type': 'Player'}]",Player Rebounds,Dyson Daniels Rebounds
0QA239103536#187929726_13L42648Q1-1997881667Q20,2,239103536,3+,-165,1.60606061,1.60,20/33,Josh Green,Unknown,16026,"['SGP', 'MostBalancedGlobalProbability']","[{'id': '527227', 'name': 'Josh Green', 'type': 'Player'}]",Player Rebounds,Josh Green Rebounds
0QA239103536#187929727_13L42648Q1-229357969Q20,2,239103536,4+,+150,2.5,2.50,6/4,Josh Green,Unknown,True,25027,"['MostBalancedOdds', 'SGP']","[{'id': '527227', 'name': 'Josh Green', 'type': 'Player'}]",Player Rebounds,Josh Green Rebounds
0QA239103536#187929728_13L42648Q1-1582761298Q20,2,239103536,5+,+330,4.3,4.30,33/10,Josh Green,Unknown,43028,['SGP'],"[{'id': '527227', 'name': 'Josh Green', 'type': 'Player'}]",Player Rebounds,Josh Green Rebounds
0QA239103536#187929729_13L42648Q1-1108369128Q20,2,239103536,6+,+750,8.5,8.50,15/2,Josh Green,Unknown,85029,['SGP'],"[{'id': '527227', 'name': 'Josh Green', 'type': 'Player'}]",Player Rebounds,Josh Green Rebounds
0QA239103536#187929730_13L42648Q1-450813817Q20,2,239103536,7+,+1600,17,17.00,16/1,Josh Green,Unknown,170030,['SGP'],"[{'id': '527227', 'name': 'Josh Green', 'type': 'Player'}]",Player Rebounds,Josh Green Rebounds
0QA239103526#187929649_13L42648Q1-1997881667Q20,2,239103526,3+,-800,1.125,1.12,1/8,LaMelo Ball,Unknown,11249,['SGP'],"[{'id': '527219', 'name': 'LaMelo Ball', 'type': 'Player'}]",Player Rebounds,LaMelo Ball Rebounds
0QA239103526#187929650_13L42648Q1-229357969Q20,2,239103526,4+,-310,1.32258065,1.32,10/31,LaMelo Ball,Unknown,13250,['SGP'],"[{'id': '527219', 'name': 'LaMelo Ball', 'type': 'Player'}]",Player Rebounds,LaMelo Ball Rebounds
0QA239103526#187929651_13L42648Q1-1582761298Q20,2,239103526,5+,-145,1.68965518,1.68,20/29,LaMelo Ball,Unknown,16851,"['SGP', 'MostBalancedGlobalProbability']","[{'id': '527219', 'name': 'LaMelo Ball', 'type': 'Player'}]",Player Rebounds,LaMelo Ball Rebounds
0QA239103526#187929652_13L42648Q1-1108369128Q20,2,239103526,6+,+135,2.35,2.35,27/20,LaMelo Ball,Unknown,True,23552,"['MostBalancedOdds', 'SGP']","[{'id': '527219', 'name': 'LaMelo Ball', 'type': 'Player'}]",Player Rebounds,LaMelo Ball Rebounds
0QA239103526#187929653_13L42648Q1-450813817Q20,2,239103526,7+,+250,3.5,3.50,5/2,LaMelo Ball,Unknown,35053,['SGP'],"[{'id': '527219', 'name': 'LaMelo Ball', 'type': 'Player'}]",Player Rebounds,LaMelo Ball Rebounds
0QA239103526#187929654_13L42648Q1-2004755240Q20,2,239103526,8+,+475,5.75,5.75,19/4,LaMelo Ball,Unknown,57554,['SGP'],"[{'id': '527219', 'name': 'LaMelo Ball', 'type': 'Player'}]",Player Rebounds,LaMelo Ball Rebounds
0QA239103526#187929655_13L42648Q1339796107Q20,2,239103526,9+,+850,9.5,9.50,17/2,LaMelo Ball,Unknown,95055,['SGP'],"[{'id': '527219', 'name': 'LaMelo Ball', 'type': 'Player'}]",Player Rebounds,LaMelo Ball Rebounds
0QA239103526#187929656_13L42648Q1-2101785278Q20,2,239103526,10+,+1600,17,17.00,16/1,LaMelo Ball,Unknown,170056,['SGP'],"[{'id': '527219', 'name': 'LaMelo Ball', 'type': 'Player'}]",Player Rebounds,LaMelo Ball Rebounds
0QA239103513#187929588_13L42648Q1-450813817Q20,2,239103513,7+,-1600,1.0625,1.06,1/16,Mark Williams,Unknown,10688,['SGP'],"[{'id': '649564', 'name': 'Mark Williams', 'type': 'Player'}]",Player Rebounds,Mark Williams Rebounds
0QA239103513#187929589_13L42648Q1-2004755240Q20,2,239103513,8+,-800,1.125,1.12,1/8,Mark Williams,Unknown,11289,['SGP'],"[{'id': '649564', 'name': 'Mark Williams', 'type': 'Player'}]",Player Rebounds,Mark Williams Rebounds
0QA239103513#187929590_13L42648Q1339796107Q20,2,239103513,9+,-475,1.21052632,1.21,4/19,Mark Williams,Unknown,12190,['SGP'],"[{'id': '649564', 'name': 'Mark Williams', 'type': 'Player'}]",Player Rebounds,Mark Williams Rebounds
0QA239103513#187929591_13L42648Q1-2101785278Q20,2,239103513,10+,-280,1.35714286,1.35,5/14,Mark Williams,Unknown,13591,['SGP'],"[{'id': '649564', 'name': 'Mark Williams', 'type': 'Player'}]",Player Rebounds,Mark Williams Rebounds
0QA239103513#187929592_13L42648Q12143959624Q20,2,239103513,11+,-180,1.55555556,1.55,5/9,Mark Williams,Unknown,15592,['SGP'],"[{'id': '649564', 'name': 'Mark Williams', 'type': 'Player'}]",Player Rebounds,Mark Williams Rebounds
0QA239103513#187929593_13L42648Q1-118151535Q20,2,239103513,12+,-120,1.83333334,1.83,5/6,Mark Williams,Unknown,18393,"['SGP', 'MostBalancedGlobalProbability']","[{'id': '649564', 'name': 'Mark Williams', 'type': 'Player'}]",Player Rebounds,Mark Williams Rebounds
0QA239103513#187929594_13L42648Q1-1022020967Q20,2,239103513,13+,+120,2.2,2.20,6/5,Mark Williams,Unknown,True,22094,"['MostBalancedOdds', 'SGP']","[{'id': '649564', 'name': 'Mark Williams', 'type': 'Player'}]",Player Rebounds,Mark Williams Rebounds
0QA239103513#187929595_13L42648Q11675679849Q20,2,239103513,14+,+175,2.75,2.75,7/4,Mark Williams,Unknown,27595,['SGP'],"[{'id': '649564', 'name': 'Mark Williams', 'type': 'Player'}]",Player Rebounds,Mark Williams Rebounds
0QA239103513#187929596_13L42648Q1-2128621549Q20,2,239103513,15+,+250,3.5,3.50,5/2,Mark Williams,Unknown,35096,['SGP'],"[{'id': '649564', 'name': 'Mark Williams', 'type': 'Player'}]",Player Rebounds,Mark Williams Rebounds
0QA239103513#187929597_13L42648Q1-1342156406Q20,2,239103513,16+,+360,4.6,4.60,18/5,Mark Williams,Unknown,46097,['SGP'],"[{'id': '649564', 'name': 'Mark Williams', 'type': 'Player'}]",Player Rebounds,Mark Williams Rebounds
0QA239103513#187929598_13L42648Q1-873140469Q20,2,239103513,17+,+500,6,6.00,5/1,Mark Williams,Unknown,60098,['SGP'],"[{'id': '649564', 'name': 'Mark Williams', 'type': 'Player'}]",Player Rebounds,Mark Williams Rebounds
0QA239103513#187929599_13L42648Q11038799918Q20,2,239103513,18+,+700,8,8.00,7/1,Mark Williams,Unknown,80099,['SGP'],"[{'id': '649564', 'name': 'Mark Williams', 'type': 'Player'}]",Player Rebounds,Mark Williams Rebounds
0QA239103513#187929600_13L42648Q11878796647Q20,2,239103513,19+,+1100,12,12.00,11/1,Mark Williams,Unknown,120000,['SGP'],"[{'id': '649564', 'name': 'Mark Williams', 'type': 'Player'}]",Player Rebounds,Mark Williams Rebounds
0QA239103513#187929601_13L42648Q1-1253370852Q20,2,239103513,20+,+1500,16,16.00,15/1,Mark Williams,Unknown,160001,['SGP'],"[{'id': '649564', 'name': 'Mark Williams', 'type': 'Player'}]",Player Rebounds,Mark Williams Rebounds
0QA239103545#187929771_13L42648Q1-2004755240Q20,2,239103545,8+,-1200,1.08333334,1.08,1/12,Onyeka Okongwu,Unknown,10871,['SGP'],"[{'id': '481752', 'name': 'Onyeka Okongwu', 'type': 'Player'}]",Player Rebounds,Onyeka Okongwu Rebounds
0QA239103545#187929772_13L42648Q1339796107Q20,2,239103545,9+,-650,1.15384616,1.15,2/13,Onyeka Okongwu,Unknown,11572,['SGP'],"[{'id': '481752', 'name': 'Onyeka Okongwu', 'type': 'Player'}]",Player Rebounds,Onyeka Okongwu Rebounds
0QA239103545#187929773_13L42648Q1-2101785278Q20,2,239103545,10+,-360,1.27777778,1.27,5/18,Onyeka Okongwu,Unknown,12773,['SGP'],"[{'id': '481752', 'name': 'Onyeka Okongwu', 'type': 'Player'}]",Player Rebounds,Onyeka Okongwu Rebounds
0QA239103545#187929774_13L42648Q12143959624Q20,2,239103545,11+,-220,1.45454546,1.45,5/11,Onyeka Okongwu,Unknown,14574,['SGP'],"[{'id': '481752', 'name': 'Onyeka Okongwu', 'type': 'Player'}]",Player Rebounds,Onyeka Okongwu Rebounds
0QA239103545#187929775_13L42648Q1-118151535Q20,2,239103545,12+,-140,1.71428572,1.71,5/7,Onyeka Okongwu,Unknown,17175,"['SGP', 'MostBalancedGlobalProbability']","[{'id': '481752', 'name': 'Onyeka Okongwu', 'type': 'Player'}]",Player Rebounds,Onyeka Okongwu Rebounds
0QA239103545#187929776_13L42648Q1-1022020967Q20,2,239103545,13+,+110,2.1,2.10,11/10,Onyeka Okongwu,Unknown,True,21076,"['MostBalancedOdds', 'SGP']","[{'id': '481752', 'name': 'Onyeka Okongwu', 'type': 'Player'}]",Player Rebounds,Onyeka Okongwu Rebounds
0QA239103545#187929777_13L42648Q11675679849Q20,2,239103545,14+,+170,2.7,2.70,17/10,Onyeka Okongwu,Unknown,27077,['SGP'],"[{'id': '481752', 'name': 'Onyeka Okongwu', 'type': 'Player'}]",Player Rebounds,Onyeka Okongwu Rebounds
0QA239103545#187929778_13L42648Q1-2128621549Q20,2,239103545,15+,+255,3.55,3.55,51/20,Onyeka Okongwu,Unknown,35578,['SGP'],"[{'id': '481752', 'name': 'Onyeka Okongwu', 'type': 'Player'}]",Player Rebounds,Onyeka Okongwu Rebounds
0QA239103545#187929779_13L42648Q1-1342156406Q20,2,239103545,16+,+380,4.8,4.80,19/5,Onyeka Okongwu,Unknown,48079,['SGP'],"[{'id': '481752', 'name': 'Onyeka Okongwu', 'type': 'Player'}]",Player Rebounds,Onyeka Okongwu Rebounds
0QA239103545#187929780_13L42648Q1-873140469Q20,2,239103545,17+,+550,6.5,6.50,11/2,Onyeka Okongwu,Unknown,65080,['SGP'],"[{'id': '481752', 'name': 'Onyeka Okongwu', 'type': 'Player'}]",Player Rebounds,Onyeka Okongwu Rebounds
0QA239103545#187929781_13L42648Q11038799918Q20,2,239103545,18+,+850,9.5,9.50,17/2,Onyeka Okongwu,Unknown,95081,['SGP'],"[{'id': '481752', 'name': 'Onyeka Okongwu', 'type': 'Player'}]",Player Rebounds,Onyeka Okongwu Rebounds
0QA239103545#187944244_13L42648Q11878796647Q20,2,239103545,19+,+1300,14,14.00,13/1,Onyeka Okongwu,Unknown,140044,['SGP'],"[{'id': '481752', 'name': 'Onyeka Okongwu', 'type': 'Player'}]",Player Rebounds,Onyeka Okongwu Rebounds
0QA239103545#188023972_13L42648Q1-1253370852Q20,2,239103545,20+,+2000,21,21.00,20/1,Onyeka Okongwu,Unknown,210072,['SGP'],"[{'id': '481752', 'name': 'Onyeka Okongwu', 'type': 'Player'}]",Player Rebounds,Onyeka Okongwu Rebounds
0QA239103515#187929620_13L42648Q1-1997881667Q20,2,239103515,3+,-225,1.44444445,1.44,4/9,Trae Young,Unknown,14420,['SGP'],"[{'id': '32850', 'name': 'Trae Young', 'type': 'Player'}]",Player Rebounds,Trae Young Rebounds
0QA239103515#187929621_13L42648Q1-229357969Q20,2,239103515,4+,+110,2.1,2.10,11/10,Trae Young,Unknown,True,21021,"['MostBalancedOdds', 'SGP', 'MostBalancedGlobalProbability']","[{'id': '32850', 'name': 'Trae Young', 'type': 'Player'}]",Player Rebounds,Trae Young Rebounds
0QA239103515#187929622_13L42648Q1-1582761298Q20,2,239103515,5+,+235,3.35,3.35,47/20,Trae Young,Unknown,33522,['SGP'],"[{'id': '32850', 'name': 'Trae Young', 'type': 'Player'}]",Player Rebounds,Trae Young Rebounds
0QA239103515#187929623_13L42648Q1-1108369128Q20,2,239103515,6+,+500,6,6.00,5/1,Trae Young,Unknown,60023,['SGP'],"[{'id': '32850', 'name': 'Trae Young', 'type': 'Player'}]",Player Rebounds,Trae Young Rebounds
0QA239103515#187929624_13L42648Q1-450813817Q20,2,239103515,7+,+1100,12,12.00,11/1,Trae Young,Unknown,120024,['SGP'],"[{'id': '32850', 'name': 'Trae Young', 'type': 'Player'}]",Player Rebounds,Trae Young Rebounds
0QA239103515#188015108_13L42648Q1-2004755240Q20,2,239103515,8+,+2200,23,23.00,22/1,Trae Young,Unknown,230008,['SGP'],"[{'id': '32850', 'name': 'Trae Young', 'type': 'Player'}]",Player Rebounds,Trae Young Rebounds
0QA239103529#187929673_13L42648Q1-1997881667Q20,2,239103529,3+,-600,1.16666667,1.16,1/6,Zaccharie Risacher,Unknown,11673,['SGP'],"[{'id': '800352', 'name': 'Zaccharie Risacher', 'type': 'Player'}]",Player Rebounds,Zaccharie Risacher Rebounds
0QA239103529#187929677_13L42648Q1-229357969Q20,2,239103529,4+,-250,1.4,1.40,2/5,Zaccharie Risacher,Unknown,14077,['SGP'],"[{'id': '800352', 'name': 'Zaccharie Risacher', 'type': 'Player'}]",Player Rebounds,Zaccharie Risacher Rebounds
0QA239103529#187929681_13L42648Q1-1582761298Q20,2,239103529,5+,-125,1.8,1.80,4/5,Zaccharie Risacher,Unknown,True,18081,"['MostBalancedOdds', 'SGP', 'MostBalancedGlobalProbability']","[{'id': '800352', 'name': 'Zaccharie Risacher', 'type': 'Player'}]",Player Rebounds,Zaccharie Risacher Rebounds
0QA239103529#187929685_13L42648Q1-1108369128Q20,2,239103529,6+,+150,2.5,2.50,6/4,Zaccharie Risacher,Unknown,25085,['SGP'],"[{'id': '800352', 'name': 'Zaccharie Risacher', 'type': 'Player'}]",Player Rebounds,Zaccharie Risacher Rebounds
0QA239103529#187929688_13L42648Q1-450813817Q20,2,239103529,7+,+275,3.75,3.75,11/4,Zaccharie Risacher,Unknown,37588,['SGP'],"[{'id': '800352', 'name': 'Zaccharie Risacher', 'type': 'Player'}]",Player Rebounds,Zaccharie Risacher Rebounds
0QA239103529#187929691_13L42648Q1-2004755240Q20,2,239103529,8+,+500,6,6.00,5/1,Zaccharie Risacher,Unknown,60091,['SGP'],"[{'id': '800352', 'name': 'Zaccharie Risacher', 'type': 'Player'}]",Player Rebounds,Zaccharie Risacher Rebounds
0QA239103529#187929694_13L42648Q1339796107Q20,2,239103529,9+,+900,10,10.00,9/1,Zaccharie Risacher,Unknown,100094,['SGP'],"[{'id': '800352', 'name': 'Zaccharie Risacher', 'type': 'Player'}]",Player Rebounds,Zaccharie Risacher Rebounds
0QA239103529#187995504_13L42648Q1-2101785278Q20,2,239103529,10+,+1500,16,16.00,15/1,Zaccharie Risacher,Unknown,160004,['SGP'],"[{'id': '800352', 'name': 'Zaccharie Risacher', 'type': 'Player'}]",Player Rebounds,Zaccharie Risacher Rebounds
0QA239103529#187996353_13L42648Q12143959624Q20,2,239103529,11+,+2500,26,26.00,25/1,Zaccharie Risacher,Unknown,260053,['SGP'],"[{'id': '800352', 'name': 'Zaccharie Risacher', 'type': 'Player'}]",Player Rebounds,Zaccharie Risacher Rebounds
0QA239135500#188104221_13L42648Q1-1997881667Q20,2,239135500,3+,-650,1.15384616,1.15,2/13,Cameron Johnson,Unknown,11521,['SGP'],"[{'id': '33316', 'name': 'Cameron Johnson', 'type': 'Player'}]",Player Rebounds,Cameron Johnson Rebounds
0QA239135500#188104224_13L42648Q1-229357969Q20,2,239135500,4+,-245,1.40816327,1.40,20/49,Cameron Johnson,Unknown,14024,['SGP'],"[{'id': '33316', 'name': 'Cameron Johnson', 'type': 'Player'}]",Player Rebounds,Cameron Johnson Rebounds
0QA239135500#188104227_13L42648Q1-1582761298Q20,2,239135500,5+,-115,1.86956522,1.86,20/23,Cameron Johnson,Unknown,True,18627,"['MostBalancedOdds', 'SGP', 'MostBalancedGlobalProbability']","[{'id': '33316', 'name': 'Cameron Johnson', 'type': 'Player'}]",Player Rebounds,Cameron Johnson Rebounds
0QA239135500#188104230_13L42648Q1-1108369128Q20,2,239135500,6+,+170,2.7,2.70,17/10,Cameron Johnson,Unknown,27030,['SGP'],"[{'id': '33316', 'name': 'Cameron Johnson', 'type': 'Player'}]",Player Rebounds,Cameron Johnson Rebounds
0QA239135500#188104233_13L42648Q1-450813817Q20,2,239135500,7+,+340,4.4,4.40,17/5,Cameron Johnson,Unknown,44033,['SGP'],"[{'id': '33316', 'name': 'Cameron Johnson', 'type': 'Player'}]",Player Rebounds,Cameron Johnson Rebounds
0QA239135500#188104236_13L42648Q1-2004755240Q20,2,239135500,8+,+650,7.5,7.50,13/2,Cameron Johnson,Unknown,75036,['SGP'],"[{'id': '33316', 'name': 'Cameron Johnson', 'type': 'Player'}]",Player Rebounds,Cameron Johnson Rebounds
0QA239135500#188104244_13L42648Q1339796107Q20,2,239135500,9+,+1300,14,14.00,13/1,Cameron Johnson,Unknown,140044,['SGP'],"[{'id': '33316', 'name': 'Cameron Johnson', 'type': 'Player'}]",Player Rebounds,Cameron Johnson Rebounds
0QA239135500#188118811_13L42648Q1-2101785278Q20,2,239135500,10+,+2500,26,26.00,25/1,Cameron Johnson,Unknown,260011,['SGP'],"[{'id': '33316', 'name': 'Cameron Johnson', 'type': 'Player'}]",Player Rebounds,Cameron Johnson Rebounds
0QA239135498#188104239_13L42648Q1-1997881667Q20,2,239135498,3+,-110,1.90909091,1.90,10/11,D'Angelo Russell,Unknown,True,19039,"['MostBalancedOdds', 'SGP', 'MostBalancedGlobalProbability']","[{'id': '33054', 'name': ""D'Angelo Russell"", 'type': 'Player'}]",Player Rebounds,D'Angelo Russell Rebounds
0QA239135498#188104248_13L42648Q1-229357969Q20,2,239135498,4+,+230,3.3,3.30,23/10,D'Angelo Russell,Unknown,33048,['SGP'],"[{'id': '33054', 'name': ""D'Angelo Russell"", 'type': 'Player'}]",Player Rebounds,D'Angelo Russell Rebounds
0QA239135498#188104253_13L42648Q1-1582761298Q20,2,239135498,5+,+550,6.5,6.50,11/2,D'Angelo Russell,Unknown,65053,['SGP'],"[{'id': '33054', 'name': ""D'Angelo Russell"", 'type': 'Player'}]",Player Rebounds,D'Angelo Russell Rebounds
0QA239135498#188104259_13L42648Q1-1108369128Q20,2,239135498,6+,+1200,13,13.00,12/1,D'Angelo Russell,Unknown,130059,['SGP'],"[{'id': '33054', 'name': ""D'Angelo Russell"", 'type': 'Player'}]",Player Rebounds,D'Angelo Russell Rebounds
0QA239135509#188104247_13L42648Q1-1997881667Q20,2,239135509,3+,-800,1.125,1.12,1/8,Derrick White,Unknown,11247,['SGP'],"[{'id': '33364', 'name': 'Derrick White', 'type': 'Player'}]",Player Rebounds,Derrick White Rebounds
0QA239135509#188104251_13L42648Q1-229357969Q20,2,239135509,4+,-300,1.33333334,1.33,1/3,Derrick White,Unknown,13351,['SGP'],"[{'id': '33364', 'name': 'Derrick White', 'type': 'Player'}]",Player Rebounds,Derrick White Rebounds
0QA239135509#188104257_13L42648Q1-1582761298Q20,2,239135509,5+,-135,1.74074075,1.74,20/27,Derrick White,Unknown,True,17457,"['MostBalancedOdds', 'SGP', 'MostBalancedGlobalProbability']","[{'id': '33364', 'name': 'Derrick White', 'type': 'Player'}]",Player Rebounds,Derrick White Rebounds
0QA239135509#188104262_13L42648Q1-1108369128Q20,2,239135509,6+,+145,2.45,2.45,29/20,Derrick White,Unknown,24562,['SGP'],"[{'id': '33364', 'name': 'Derrick White', 'type': 'Player'}]",Player Rebounds,Derrick White Rebounds
0QA239135509#188104267_13L42648Q1-450813817Q20,2,239135509,7+,+280,3.8,3.80,14/5,Derrick White,Unknown,38067,['SGP'],"[{'id': '33364', 'name': 'Derrick White', 'type': 'Player'}]",Player Rebounds,Derrick White Rebounds
0QA239135509#188104270_13L42648Q1-2004755240Q20,2,239135509,8+,+550,6.5,6.50,11/2,Derrick White,Unknown,65070,['SGP'],"[{'id': '33364', 'name': 'Derrick White', 'type': 'Player'}]",Player Rebounds,Derrick White Rebounds
0QA239135509#188104272_13L42648Q1339796107Q20,2,239135509,9+,+1000,11,11.00,10/1,Derrick White,Unknown,110072,['SGP'],"[{'id': '33364', 'name': 'Derrick White', 'type': 'Player'}]",Player Rebounds,Derrick White Rebounds
0QA239135509#188118110_13L42648Q1-2101785278Q20,2,239135509,10+,+2000,21,21.00,20/1,Derrick White,Unknown,210010,['SGP'],"[{'id': '33364', 'name': 'Derrick White', 'type': 'Player'}]",Player Rebounds,Derrick White Rebounds
0QA239135512#188104279_13L42648Q1-1582761298Q20,2,239135512,5+,-1800,1.05555556,1.05,1/18,Jayson Tatum,Unknown,10579,['SGP'],"[{'id': '32876', 'name': 'Jayson Tatum', 'type': 'Player'}]",Player Rebounds,Jayson Tatum Rebounds
0QA239135512#188104280_13L42648Q1-1108369128Q20,2,239135512,6+,-700,1.14285715,1.14,1/7,Jayson Tatum,Unknown,11479,['SGP'],"[{'id': '32876', 'name': 'Jayson Tatum', 'type': 'Player'}]",Player Rebounds,Jayson Tatum Rebounds
0QA239135512#188104281_13L42648Q1-450813817Q20,2,239135512,7+,-340,1.29411765,1.29,5/17,Jayson Tatum,Unknown,12981,['SGP'],"[{'id': '32876', 'name': 'Jayson Tatum', 'type': 'Player'}]",Player Rebounds,Jayson Tatum Rebounds
0QA239135512#188104282_13L42648Q1-2004755240Q20,2,239135512,8+,-195,1.51282052,1.51,20/39,Jayson Tatum,Unknown,15182,['SGP'],"[{'id': '32876', 'name': 'Jayson Tatum', 'type': 'Player'}]",Player Rebounds,Jayson Tatum Rebounds
0QA239135512#188104283_13L42648Q1339796107Q20,2,239135512,9+,-115,1.86956522,1.86,20/23,Jayson Tatum,Unknown,True,18683,"['MostBalancedOdds', 'SGP', 'MostBalancedGlobalProbability']","[{'id': '32876', 'name': 'Jayson Tatum', 'type': 'Player'}]",Player Rebounds,Jayson Tatum Rebounds
0QA239135512#188104284_13L42648Q1-2101785278Q20,2,239135512,10+,+150,2.5,2.50,6/4,Jayson Tatum,Unknown,25084,['SGP'],"[{'id': '32876', 'name': 'Jayson Tatum', 'type': 'Player'}]",Player Rebounds,Jayson Tatum Rebounds
0QA239135512#188104285_13L42648Q12143959624Q20,2,239135512,11+,+255,3.55,3.55,51/20,Jayson Tatum,Unknown,35585,['SGP'],"[{'id': '32876', 'name': 'Jayson Tatum', 'type': 'Player'}]",Player Rebounds,Jayson Tatum Rebounds
0QA239135512#188104286_13L42648Q1-118151535Q20,2,239135512,12+,+425,5.25,5.25,17/4,Jayson Tatum,Unknown,52586,['SGP'],"[{'id': '32876', 'name': 'Jayson Tatum', 'type': 'Player'}]",Player Rebounds,Jayson Tatum Rebounds
0QA239135512#188104287_13L42648Q1-1022020967Q20,2,239135512,13+,+650,7.5,7.50,13/2,Jayson Tatum,Unknown,75087,['SGP'],"[{'id': '32876', 'name': 'Jayson Tatum', 'type': 'Player'}]",Player Rebounds,Jayson Tatum Rebounds
0QA239135512#188104288_13L42648Q11675679849Q20,2,239135512,14+,+1100,12,12.00,11/1,Jayson Tatum,Unknown,120088,['SGP'],"[{'id': '32876', 'name': 'Jayson Tatum', 'type': 'Player'}]",Player Rebounds,Jayson Tatum Rebounds
0QA239135512#188104289_13L42648Q1-2128621549Q20,2,239135512,15+,+1900,20,20.00,19/1,Jayson Tatum,Unknown,200089,['SGP'],"[{'id': '32876', 'name': 'Jayson Tatum', 'type': 'Player'}]",Player Rebounds,Jayson Tatum Rebounds
0QA239135513#188104320_13L42648Q1-1997881667Q20,2,239135513,3+,-750,1.13333334,1.13,2/15,Jrue Holiday,Unknown,11319,['SGP'],"[{'id': '33210', 'name': 'Jrue Holiday', 'type': 'Player'}]",Player Rebounds,Jrue Holiday Rebounds
0QA239135513#188104324_13L42648Q1-229357969Q20,2,239135513,4+,-275,1.36363637,1.36,4/11,Jrue Holiday,Unknown,13624,['SGP'],"[{'id': '33210', 'name': 'Jrue Holiday', 'type': 'Player'}]",Player Rebounds,Jrue Holiday Rebounds
0QA239135513#188104329_13L42648Q1-1582761298Q20,2,239135513,5+,-125,1.8,1.80,4/5,Jrue Holiday,Unknown,True,18029,"['MostBalancedOdds', 'SGP', 'MostBalancedGlobalProbability']","[{'id': '33210', 'name': 'Jrue Holiday', 'type': 'Player'}]",Player Rebounds,Jrue Holiday Rebounds
0QA239135513#188104333_13L42648Q1-1108369128Q20,2,239135513,6+,+155,2.55,2.55,31/20,Jrue Holiday,Unknown,25533,['SGP'],"[{'id': '33210', 'name': 'Jrue Holiday', 'type': 'Player'}]",Player Rebounds,Jrue Holiday Rebounds
0QA239135513#188104338_13L42648Q1-450813817Q20,2,239135513,7+,+300,4,4.00,3/1,Jrue Holiday,Unknown,40038,['SGP'],"[{'id': '33210', 'name': 'Jrue Holiday', 'type': 'Player'}]",Player Rebounds,Jrue Holiday Rebounds
0QA239135513#188104340_13L42648Q1-2004755240Q20,2,239135513,8+,+550,6.5,6.50,11/2,Jrue Holiday,Unknown,65040,['SGP'],"[{'id': '33210', 'name': 'Jrue Holiday', 'type': 'Player'}]",Player Rebounds,Jrue Holiday Rebounds
0QA239135513#188104347_13L42648Q1339796107Q20,2,239135513,9+,+1100,12,12.00,11/1,Jrue Holiday,Unknown,120047,['SGP'],"[{'id': '33210', 'name': 'Jrue Holiday', 'type': 'Player'}]",Player Rebounds,Jrue Holiday Rebounds
0QA239135513#188105303_13L42648Q1-2101785278Q20,2,239135513,10+,+2200,23,23.00,22/1,Jrue Holiday,Unknown,230003,['SGP'],"[{'id': '33210', 'name': 'Jrue Holiday', 'type': 'Player'}]",Player Rebounds,Jrue Holiday Rebounds
0QA239135485#188104203_13L42648Q1-1997881667Q20,2,239135485,3+,-280,1.35714286,1.35,5/14,Keon Johnson,Unknown,13503,['SGP'],"[{'id': '591026', 'name': 'Keon Johnson', 'type': 'Player'}]",Player Rebounds,Keon Johnson Rebounds
0QA239135485#188104204_13L42648Q1-229357969Q20,2,239135485,4+,-120,1.83333334,1.83,5/6,Keon Johnson,Unknown,True,18304,"['MostBalancedOdds', 'SGP', 'MostBalancedGlobalProbability']","[{'id': '591026', 'name': 'Keon Johnson', 'type': 'Player'}]",Player Rebounds,Keon Johnson Rebounds
0QA239135485#188104205_13L42648Q1-1582761298Q20,2,239135485,5+,+175,2.75,2.75,7/4,Keon Johnson,Unknown,27505,['SGP'],"[{'id': '591026', 'name': 'Keon Johnson', 'type': 'Player'}]",Player Rebounds,Keon Johnson Rebounds
0QA239135485#188104206_13L42648Q1-1108369128Q20,2,239135485,6+,+360,4.6,4.60,18/5,Keon Johnson,Unknown,46006,['SGP'],"[{'id': '591026', 'name': 'Keon Johnson', 'type': 'Player'}]",Player Rebounds,Keon Johnson Rebounds
0QA239135485#188104207_13L42648Q1-450813817Q20,2,239135485,7+,+700,8,8.00,7/1,Keon Johnson,Unknown,80007,['SGP'],"[{'id': '591026', 'name': 'Keon Johnson', 'type': 'Player'}]",Player Rebounds,Keon Johnson Rebounds
0QA239135485#188104208_13L42648Q1-2004755240Q20,2,239135485,8+,+1400,15,15.00,14/1,Keon Johnson,Unknown,150008,['SGP'],"[{'id': '591026', 'name': 'Keon Johnson', 'type': 'Player'}]",Player Rebounds,Keon Johnson Rebounds
0QA239135510#188104290_13L42648Q1-229357969Q20,2,239135510,4+,-900,1.11111112,1.11,1/9,Kristaps Porzingis,Unknown,11190,['SGP'],"[{'id': '32998', 'name': 'Kristaps Porzingis', 'type': 'Player'}]",Player Rebounds,Kristaps Porzingis Rebounds
0QA239135510#188104291_13L42648Q1-1582761298Q20,2,239135510,5+,-370,1.27027028,1.27,10/37,Kristaps Porzingis,Unknown,12791,['SGP'],"[{'id': '32998', 'name': 'Kristaps Porzingis', 'type': 'Player'}]",Player Rebounds,Kristaps Porzingis Rebounds
0QA239135510#188104292_13L42648Q1-1108369128Q20,2,239135510,6+,-185,1.54054055,1.54,20/37,Kristaps Porzingis,Unknown,15492,['SGP'],"[{'id': '32998', 'name': 'Kristaps Porzingis', 'type': 'Player'}]",Player Rebounds,Kristaps Porzingis Rebounds
0QA239135510#188104293_13L42648Q1-450813817Q20,2,239135510,7+,+100,2,2.00,1/1,Kristaps Porzingis,Unknown,True,20093,"['MostBalancedOdds', 'SGP', 'MostBalancedGlobalProbability']","[{'id': '32998', 'name': 'Kristaps Porzingis', 'type': 'Player'}]",Player Rebounds,Kristaps Porzingis Rebounds
0QA239135510#188104294_13L42648Q1-2004755240Q20,2,239135510,8+,+185,2.85,2.85,37/20,Kristaps Porzingis,Unknown,28594,['SGP'],"[{'id': '32998', 'name': 'Kristaps Porzingis', 'type': 'Player'}]",Player Rebounds,Kristaps Porzingis Rebounds
0QA239135510#188104295_13L42648Q1339796107Q20,2,239135510,9+,+320,4.2,4.20,16/5,Kristaps Porzingis,Unknown,42095,['SGP'],"[{'id': '32998', 'name': 'Kristaps Porzingis', 'type': 'Player'}]",Player Rebounds,Kristaps Porzingis Rebounds
0QA239135510#188104296_13L42648Q1-2101785278Q20,2,239135510,10+,+550,6.5,6.50,11/2,Kristaps Porzingis,Unknown,65096,['SGP'],"[{'id': '32998', 'name': 'Kristaps Porzingis', 'type': 'Player'}]",Player Rebounds,Kristaps Porzingis Rebounds
0QA239135510#188104297_13L42648Q12143959624Q20,2,239135510,11+,+950,10.5,10.50,19/2,Kristaps Porzingis,Unknown,105097,['SGP'],"[{'id': '32998', 'name': 'Kristaps Porzingis', 'type': 'Player'}]",Player Rebounds,Kristaps Porzingis Rebounds
0QA239135510#188104298_13L42648Q1-118151535Q20,2,239135510,12+,+1700,18,18.00,17/1,Kristaps Porzingis,Unknown,180098,['SGP'],"[{'id': '32998', 'name': 'Kristaps Porzingis', 'type': 'Player'}]",Player Rebounds,Kristaps Porzingis Rebounds
0QA239135517#188104305_13L42648Q1-229357969Q20,2,239135517,4+,-1800,1.05555556,1.05,1/18,Nicolas Claxton,Unknown,10505,['SGP'],"[{'id': '32924', 'name': 'Nicolas Claxton', 'type': 'Player'}]",Player Rebounds,Nicolas Claxton Rebounds
0QA239135517#188104306_13L42648Q1-1582761298Q20,2,239135517,5+,-700,1.14285715,1.14,1/7,Nicolas Claxton,Unknown,11405,['SGP'],"[{'id': '32924', 'name': 'Nicolas Claxton', 'type': 'Player'}]",Player Rebounds,Nicolas Claxton Rebounds
0QA239135517#188104307_13L42648Q1-1108369128Q20,2,239135517,6+,-330,1.30303031,1.30,10/33,Nicolas Claxton,Unknown,13007,['SGP'],"[{'id': '32924', 'name': 'Nicolas Claxton', 'type': 'Player'}]",Player Rebounds,Nicolas Claxton Rebounds
0QA239135517#188104308_13L42648Q1-450813817Q20,2,239135517,7+,-180,1.55555556,1.55,5/9,Nicolas Claxton,Unknown,15508,['SGP'],"[{'id': '32924', 'name': 'Nicolas Claxton', 'type': 'Player'}]",Player Rebounds,Nicolas Claxton Rebounds
0QA239135517#188104309_13L42648Q1-2004755240Q20,2,239135517,8+,-105,1.95238096,1.95,20/21,Nicolas Claxton,Unknown,True,19509,"['MostBalancedOdds', 'SGP', 'MostBalancedGlobalProbability']","[{'id': '32924', 'name': 'Nicolas Claxton', 'type': 'Player'}]",Player Rebounds,Nicolas Claxton Rebounds
0QA239135517#188104310_13L42648Q1339796107Q20,2,239135517,9+,+165,2.65,2.65,33/20,Nicolas Claxton,Unknown,26510,['SGP'],"[{'id': '32924', 'name': 'Nicolas Claxton', 'type': 'Player'}]",Player Rebounds,Nicolas Claxton Rebounds
0QA239135517#188104311_13L42648Q1-2101785278Q20,2,239135517,10+,+275,3.75,3.75,11/4,Nicolas Claxton,Unknown,37511,['SGP'],"[{'id': '32924', 'name': 'Nicolas Claxton', 'type': 'Player'}]",Player Rebounds,Nicolas Claxton Rebounds
0QA239135517#188104312_13L42648Q12143959624Q20,2,239135517,11+,+450,5.5,5.50,9/2,Nicolas Claxton,Unknown,55012,['SGP'],"[{'id': '32924', 'name': 'Nicolas Claxton', 'type': 'Player'}]",Player Rebounds,Nicolas Claxton Rebounds
0QA239135517#188104313_13L42648Q1-118151535Q20,2,239135517,12+,+750,8.5,8.50,15/2,Nicolas Claxton,Unknown,85013,['SGP'],"[{'id': '32924', 'name': 'Nicolas Claxton', 'type': 'Player'}]",Player Rebounds,Nicolas Claxton Rebounds
0QA239135517#188104315_13L42648Q1-1022020967Q20,2,239135517,13+,+1200,13,13.00,12/1,Nicolas Claxton,Unknown,130015,['SGP'],"[{'id': '32924', 'name': 'Nicolas Claxton', 'type': 'Player'}]",Player Rebounds,Nicolas Claxton Rebounds
0QA239135517#188104317_13L42648Q11675679849Q20,2,239135517,14+,+2000,21,21.00,20/1,Nicolas Claxton,Unknown,210017,['SGP'],"[{'id': '32924', 'name': 'Nicolas Claxton', 'type': 'Player'}]",Player Rebounds,Nicolas Claxton Rebounds
0QA239135507#188104240_13L42648Q1-1997881667Q20,2,239135507,3+,-650,1.15384616,1.15,2/13,Ziaire Williams,Unknown,11540,['SGP'],"[{'id': '591011', 'name': 'Ziaire Williams', 'type': 'Player'}]",Player Rebounds,Ziaire Williams Rebounds
0QA239135507#188104249_13L42648Q1-229357969Q20,2,239135507,4+,-260,1.38461539,1.38,5/13,Ziaire Williams,Unknown,13848,['SGP'],"[{'id': '591011', 'name': 'Ziaire Williams', 'type': 'Player'}]",Player Rebounds,Ziaire Williams Rebounds
0QA239135507#188104252_13L42648Q1-1582761298Q20,2,239135507,5+,-125,1.8,1.80,4/5,Ziaire Williams,Unknown,True,18052,"['MostBalancedOdds', 'SGP', 'MostBalancedGlobalProbability']","[{'id': '591011', 'name': 'Ziaire Williams', 'type': 'Player'}]",Player Rebounds,Ziaire Williams Rebounds
0QA239135507#188104258_13L42648Q1-1108369128Q20,2,239135507,6+,+160,2.6,2.60,8/5,Ziaire Williams,Unknown,26058,['SGP'],"[{'id': '591011', 'name': 'Ziaire Williams', 'type': 'Player'}]",Player Rebounds,Ziaire Williams Rebounds
0QA239135507#188104263_13L42648Q1-450813817Q20,2,239135507,7+,+295,3.95,3.95,59/20,Ziaire Williams,Unknown,39563,['SGP'],"[{'id': '591011', 'name': 'Ziaire Williams', 'type': 'Player'}]",Player Rebounds,Ziaire Williams Rebounds
0QA239135507#188104268_13L42648Q1-2004755240Q20,2,239135507,8+,+500,6,6.00,5/1,Ziaire Williams,Unknown,60068,['SGP'],"[{'id': '591011', 'name': 'Ziaire Williams', 'type': 'Player'}]",Player Rebounds,Ziaire Williams Rebounds
0QA239135507#188104271_13L42648Q1339796107Q20,2,239135507,9+,+950,10.5,10.50,19/2,Ziaire Williams,Unknown,105071,['SGP'],"[{'id': '591011', 'name': 'Ziaire Williams', 'type': 'Player'}]",Player Rebounds,Ziaire Williams Rebounds
0QA239135507#188104273_13L42648Q1-2101785278Q20,2,239135507,10+,+1800,19,19.00,18/1,Ziaire Williams,Unknown,190073,['SGP'],"[{'id': '591011', 'name': 'Ziaire Williams', 'type': 'Player'}]",Player Rebounds,Ziaire Williams Rebounds
0QA239103475#187929388_13L42648Q1-1776130718Q20,2,239103475,3+,-600,1.16666667,1.16,1/6,Dyson Daniels,Unknown,11688,['SGP'],"[{'id': '649551', 'name': 'Dyson Daniels', 'type': 'Player'}]",Player Assists,Dyson Daniels Assists
0QA239103475#187929389_13L42648Q11039188610Q20,2,239103475,4+,-235,1.42553192,1.42,20/47,Dyson Daniels,Unknown,14289,['SGP'],"[{'id': '649551', 'name': 'Dyson Daniels', 'type': 'Player'}]",Player Assists,Dyson Daniels Assists
0QA239103475#187929390_13L42648Q1-1511404617Q20,2,239103475,5+,-110,1.90909091,1.90,10/11,Dyson Daniels,Unknown,True,19090,"['MostBalancedOdds', 'SGP', 'MostBalancedGlobalProbability']","[{'id': '649551', 'name': 'Dyson Daniels', 'type': 'Player'}]",Player Assists,Dyson Daniels Assists
0QA239103475#187929391_13L42648Q1-833856974Q20,2,239103475,6+,+180,2.8,2.80,9/5,Dyson Daniels,Unknown,28091,['SGP'],"[{'id': '649551', 'name': 'Dyson Daniels', 'type': 'Player'}]",Player Assists,Dyson Daniels Assists
0QA239103475#187929392_13L42648Q1134019390Q20,2,239103475,7+,+340,4.4,4.40,17/5,Dyson Daniels,Unknown,44092,['SGP'],"[{'id': '649551', 'name': 'Dyson Daniels', 'type': 'Player'}]",Player Assists,Dyson Daniels Assists
0QA239103475#187929393_13L42648Q11299227114Q20,2,239103475,8+,+650,7.5,7.50,13/2,Dyson Daniels,Unknown,75093,['SGP'],"[{'id': '649551', 'name': 'Dyson Daniels', 'type': 'Player'}]",Player Assists,Dyson Daniels Assists
0QA239103475#187929395_13L42648Q11830929501Q20,2,239103475,9+,+1200,13,13.00,12/1,Dyson Daniels,Unknown,130095,['SGP'],"[{'id': '649551', 'name': 'Dyson Daniels', 'type': 'Player'}]",Player Assists,Dyson Daniels Assists
0QA239103475#187932470_13L42648Q11495474364Q20,2,239103475,10+,+2200,23,23.00,22/1,Dyson Daniels,Unknown,230070,['SGP'],"[{'id': '649551', 'name': 'Dyson Daniels', 'type': 'Player'}]",Player Assists,Dyson Daniels Assists
0QA239103474#187929382_13L42648Q1-1359154435Q20,2,239103474,2+,-175,1.57142858,1.57,4/7,Josh Green,Unknown,15782,"['SGP', 'MostBalancedGlobalProbability']","[{'id': '527227', 'name': 'Josh Green', 'type': 'Player'}]",Player Assists,Josh Green Assists
0QA239103474#187929384_13L42648Q1-1776130718Q20,2,239103474,3+,+170,2.7,2.70,17/10,Josh Green,Unknown,True,27084,"['MostBalancedOdds', 'SGP']","[{'id': '527227', 'name': 'Josh Green', 'type': 'Player'}]",Player Assists,Josh Green Assists
0QA239103474#187929386_13L42648Q11039188610Q20,2,239103474,4+,+425,5.25,5.25,17/4,Josh Green,Unknown,52586,['SGP'],"[{'id': '527227', 'name': 'Josh Green', 'type': 'Player'}]",Player Assists,Josh Green Assists
0QA239103474#187929387_13L42648Q1-1511404617Q20,2,239103474,5+,+1100,12,12.00,11/1,Josh Green,Unknown,120087,['SGP'],"[{'id': '527227', 'name': 'Josh Green', 'type': 'Player'}]",Player Assists,Josh Green Assists
0QA239103474#188054418_13L42648Q1-833856974Q20,2,239103474,6+,+2500,26,26.00,25/1,Josh Green,Unknown,260018,['SGP'],"[{'id': '527227', 'name': 'Josh Green', 'type': 'Player'}]",Player Assists,Josh Green Assists
0QA239103476#187929396_13L42648Q1-1511404617Q20,2,239103476,5+,-1200,1.08333334,1.08,1/12,LaMelo Ball,Unknown,10896,['SGP'],"[{'id': '527219', 'name': 'LaMelo Ball', 'type': 'Player'}]",Player Assists,LaMelo Ball Assists
0QA239103476#187929398_13L42648Q1-833856974Q20,2,239103476,6+,-550,1.18181819,1.18,2/11,LaMelo Ball,Unknown,11898,['SGP'],"[{'id': '527219', 'name': 'LaMelo Ball', 'type': 'Player'}]",Player Assists,LaMelo Ball Assists
0QA239103476#187929400_13L42648Q1134019390Q20,2,239103476,7+,-280,1.35714286,1.35,5/14,LaMelo Ball,Unknown,13500,['SGP'],"[{'id': '527219', 'name': 'LaMelo Ball', 'type': 'Player'}]",Player Assists,LaMelo Ball Assists
0QA239103476#187929402_13L42648Q11299227114Q20,2,239103476,8+,-155,1.6451613,1.64,20/31,LaMelo Ball,Unknown,16402,['SGP'],"[{'id': '527219', 'name': 'LaMelo Ball', 'type': 'Player'}]",Player Assists,LaMelo Ball Assists
0QA239103476#187929407_13L42648Q11830929501Q20,2,239103476,9+,+110,2.1,2.10,11/10,LaMelo Ball,Unknown,True,21007,"['MostBalancedOdds', 'SGP', 'MostBalancedGlobalProbability']","[{'id': '527219', 'name': 'LaMelo Ball', 'type': 'Player'}]",Player Assists,LaMelo Ball Assists
0QA239103476#187929412_13L42648Q11495474364Q20,2,239103476,10+,+185,2.85,2.85,37/20,LaMelo Ball,Unknown,28512,['SGP'],"[{'id': '527219', 'name': 'LaMelo Ball', 'type': 'Player'}]",Player Assists,LaMelo Ball Assists
0QA239103476#187929415_13L42648Q1307596304Q20,2,239103476,11+,+320,4.2,4.20,16/5,LaMelo Ball,Unknown,42015,['SGP'],"[{'id': '527219', 'name': 'LaMelo Ball', 'type': 'Player'}]",Player Assists,LaMelo Ball Assists
0QA239103476#187929417_13L42648Q1-672172181Q20,2,239103476,12+,+500,6,6.00,5/1,LaMelo Ball,Unknown,60017,['SGP'],"[{'id': '527219', 'name': 'LaMelo Ball', 'type': 'Player'}]",Player Assists,LaMelo Ball Assists
0QA239103476#187929420_13L42648Q1865735208Q20,2,239103476,13+,+850,9.5,9.50,17/2,LaMelo Ball,Unknown,95020,['SGP'],"[{'id': '527219', 'name': 'LaMelo Ball', 'type': 'Player'}]",Player Assists,LaMelo Ball Assists
0QA239103476#187929424_13L42648Q1689961279Q20,2,239103476,14+,+1500,16,16.00,15/1,LaMelo Ball,Unknown,160024,['SGP'],"[{'id': '527219', 'name': 'LaMelo Ball', 'type': 'Player'}]",Player Assists,LaMelo Ball Assists
0QA239103476#187932451_13L42648Q1-1553406289Q20,2,239103476,15+,+2500,26,26.00,25/1,LaMelo Ball,Unknown,260051,['SGP'],"[{'id': '527219', 'name': 'LaMelo Ball', 'type': 'Player'}]",Player Assists,LaMelo Ball Assists
0QA239103450#187929281_13L42648Q1-1776130718Q20,2,239103450,3+,+130,2.3,2.30,13/10,Mark Williams,Unknown,True,23081,"['MostBalancedOdds', 'SGP', 'MostBalancedGlobalProbability']","[{'id': '649564', 'name': 'Mark Williams', 'type': 'Player'}]",Player Assists,Mark Williams Assists
0QA239103450#187929285_13L42648Q11039188610Q20,2,239103450,4+,+320,4.2,4.20,16/5,Mark Williams,Unknown,42085,['SGP'],"[{'id': '649564', 'name': 'Mark Williams', 'type': 'Player'}]",Player Assists,Mark Williams Assists
0QA239103450#187929287_13L42648Q1-1511404617Q20,2,239103450,5+,+750,8.5,8.50,15/2,Mark Williams,Unknown,85087,['SGP'],"[{'id': '649564', 'name': 'Mark Williams', 'type': 'Player'}]",Player Assists,Mark Williams Assists
0QA239103450#187929289_13L42648Q1-833856974Q20,2,239103450,6+,+1700,18,18.00,17/1,Mark Williams,Unknown,180089,['SGP'],"[{'id': '649564', 'name': 'Mark Williams', 'type': 'Player'}]",Player Assists,Mark Williams Assists
0QA239103506#187929541_13L42648Q1-1776130718Q20,2,239103506,3+,+140,2.4,2.40,7/5,Onyeka Okongwu,Unknown,True,24041,"['MostBalancedOdds', 'SGP', 'MostBalancedGlobalProbability']","[{'id': '481752', 'name': 'Onyeka Okongwu', 'type': 'Player'}]",Player Assists,Onyeka Okongwu Assists
0QA239103506#187929542_13L42648Q11039188610Q20,2,239103506,4+,+350,4.5,4.50,7/2,Onyeka Okongwu,Unknown,45042,['SGP'],"[{'id': '481752', 'name': 'Onyeka Okongwu', 'type': 'Player'}]",Player Assists,Onyeka Okongwu Assists
0QA239103506#187929543_13L42648Q1-1511404617Q20,2,239103506,5+,+850,9.5,9.50,17/2,Onyeka Okongwu,Unknown,95043,['SGP'],"[{'id': '481752', 'name': 'Onyeka Okongwu', 'type': 'Player'}]",Player Assists,Onyeka Okongwu Assists
0QA239103506#187929544_13L42648Q1-833856974Q20,2,239103506,6+,+2000,21,21.00,20/1,Onyeka Okongwu,Unknown,210044,['SGP'],"[{'id': '481752', 'name': 'Onyeka Okongwu', 'type': 'Player'}]",Player Assists,Onyeka Okongwu Assists
0QA239103482#187929409_13L42648Q11299227114Q20,2,239103482,8+,-1400,1.07142858,1.07,1/14,Trae Young,Unknown,10709,['SGP'],"[{'id': '32850', 'name': 'Trae Young', 'type': 'Player'}]",Player Assists,Trae Young Assists
0QA239103482#187929413_13L42648Q11830929501Q20,2,239103482,9+,-650,1.15384616,1.15,2/13,Trae Young,Unknown,11513,['SGP'],"[{'id': '32850', 'name': 'Trae Young', 'type': 'Player'}]",Player Assists,Trae Young Assists
0QA239103482#187929416_13L42648Q11495474364Q20,2,239103482,10+,-350,1.28571429,1.28,2/7,Trae Young,Unknown,12816,['SGP'],"[{'id': '32850', 'name': 'Trae Young', 'type': 'Player'}]",Player Assists,Trae Young Assists
0QA239103482#187929418_13L42648Q1307596304Q20,2,239103482,11+,-205,1.48780488,1.48,20/41,Trae Young,Unknown,14818,['SGP'],"[{'id': '32850', 'name': 'Trae Young', 'type': 'Player'}]",Player Assists,Trae Young Assists
0QA239103482#187929421_13L42648Q1-672172181Q20,2,239103482,12+,-125,1.8,1.80,4/5,Trae Young,Unknown,18021,"['SGP', 'MostBalancedGlobalProbability']","[{'id': '32850', 'name': 'Trae Young', 'type': 'Player'}]",Player Assists,Trae Young Assists
0QA239103482#187929425_13L42648Q1865735208Q20,2,239103482,13+,+125,2.25,2.25,5/4,Trae Young,Unknown,True,22525,"['MostBalancedOdds', 'SGP']","[{'id': '32850', 'name': 'Trae Young', 'type': 'Player'}]",Player Assists,Trae Young Assists
0QA239103482#187929428_13L42648Q1689961279Q20,2,239103482,14+,+190,2.9,2.90,19/10,Trae Young,Unknown,29028,['SGP'],"[{'id': '32850', 'name': 'Trae Young', 'type': 'Player'}]",Player Assists,Trae Young Assists
0QA239103482#187929431_13L42648Q1-1553406289Q20,2,239103482,15+,+295,3.95,3.95,59/20,Trae Young,Unknown,39531,['SGP'],"[{'id': '32850', 'name': 'Trae Young', 'type': 'Player'}]",Player Assists,Trae Young Assists
0QA239103482#187929434_13L42648Q1401943934Q20,2,239103482,16+,+475,5.75,5.75,19/4,Trae Young,Unknown,57534,['SGP'],"[{'id': '32850', 'name': 'Trae Young', 'type': 'Player'}]",Player Assists,Trae Young Assists
0QA239103482#187929437_13L42648Q1-2053606323Q20,2,239103482,17+,+750,8.5,8.50,15/2,Trae Young,Unknown,85037,['SGP'],"[{'id': '32850', 'name': 'Trae Young', 'type': 'Player'}]",Player Assists,Trae Young Assists
0QA239103482#187929440_13L42648Q1544939481Q20,2,239103482,18+,+1200,13,13.00,12/1,Trae Young,Unknown,130040,['SGP'],"[{'id': '32850', 'name': 'Trae Young', 'type': 'Player'}]",Player Assists,Trae Young Assists
0QA239103482#187929442_13L42648Q1-579906237Q20,2,239103482,19+,+2000,21,21.00,20/1,Trae Young,Unknown,210042,['SGP'],"[{'id': '32850', 'name': 'Trae Young', 'type': 'Player'}]",Player Assists,Trae Young Assists
0QA239103490#187929472_13L42648Q1-1359154435Q20,2,239103490,2+,+150,2.5,2.50,6/4,Zaccharie Risacher,Unknown,True,25072,"['MostBalancedOdds', 'SGP', 'MostBalancedGlobalProbability']","[{'id': '800352', 'name': 'Zaccharie Risacher', 'type': 'Player'}]",Player Assists,Zaccharie Risacher Assists
0QA239103490#187929473_13L42648Q1-1776130718Q20,2,239103490,3+,+475,5.75,5.75,19/4,Zaccharie Risacher,Unknown,57573,['SGP'],"[{'id': '800352', 'name': 'Zaccharie Risacher', 'type': 'Player'}]",Player Assists,Zaccharie Risacher Assists
0QA239103490#187929474_13L42648Q11039188610Q20,2,239103490,4+,+1400,15,15.00,14/1,Zaccharie Risacher,Unknown,150074,['SGP'],"[{'id': '800352', 'name': 'Zaccharie Risacher', 'type': 'Player'}]",Player Assists,Zaccharie Risacher Assists
0QA239135476#188104148_13L42648Q1-1776130718Q20,2,239135476,3+,-225,1.44444445,1.44,4/9,Cameron Johnson,Unknown,14448,['SGP'],"[{'id': '33316', 'name': 'Cameron Johnson', 'type': 'Player'}]",Player Assists,Cameron Johnson Assists
0QA239135476#188104150_13L42648Q11039188610Q20,2,239135476,4+,+110,2.1,2.10,11/10,Cameron Johnson,Unknown,True,21050,"['MostBalancedOdds', 'SGP', 'MostBalancedGlobalProbability']","[{'id': '33316', 'name': 'Cameron Johnson', 'type': 'Player'}]",Player Assists,Cameron Johnson Assists
0QA239135476#188104152_13L42648Q1-1511404617Q20,2,239135476,5+,+240,3.4,3.40,12/5,Cameron Johnson,Unknown,34052,['SGP'],"[{'id': '33316', 'name': 'Cameron Johnson', 'type': 'Player'}]",Player Assists,Cameron Johnson Assists
0QA239135476#188104154_13L42648Q1-833856974Q20,2,239135476,6+,+500,6,6.00,5/1,Cameron Johnson,Unknown,60054,['SGP'],"[{'id': '33316', 'name': 'Cameron Johnson', 'type': 'Player'}]",Player Assists,Cameron Johnson Assists
0QA239135476#188104157_13L42648Q1134019390Q20,2,239135476,7+,+1000,11,11.00,10/1,Cameron Johnson,Unknown,110057,['SGP'],"[{'id': '33316', 'name': 'Cameron Johnson', 'type': 'Player'}]",Player Assists,Cameron Johnson Assists
0QA239135476#188129468_13L42648Q11299227114Q20,2,239135476,8+,+2200,23,23.00,22/1,Cameron Johnson,Unknown,230068,['SGP'],"[{'id': '33316', 'name': 'Cameron Johnson', 'type': 'Player'}]",Player Assists,Cameron Johnson Assists
0QA239135527#188104378_13L42648Q1-1776130718Q20,2,239135527,3+,-1200,1.08333334,1.08,1/12,D'Angelo Russell,Unknown,10878,['SGP'],"[{'id': '33054', 'name': ""D'Angelo Russell"", 'type': 'Player'}]",Player Assists,D'Angelo Russell Assists
0QA239135527#188104379_13L42648Q11039188610Q20,2,239135527,4+,-450,1.22222223,1.22,2/9,D'Angelo Russell,Unknown,12279,['SGP'],"[{'id': '33054', 'name': ""D'Angelo Russell"", 'type': 'Player'}]",Player Assists,D'Angelo Russell Assists
0QA239135527#188104380_13L42648Q1-1511404617Q20,2,239135527,5+,-205,1.48780488,1.48,20/41,D'Angelo Russell,Unknown,14880,['SGP'],"[{'id': '33054', 'name': ""D'Angelo Russell"", 'type': 'Player'}]",Player Assists,D'Angelo Russell Assists
0QA239135527#188104381_13L42648Q1-833856974Q20,2,239135527,6+,-105,1.95238096,1.95,20/21,D'Angelo Russell,Unknown,True,19581,"['MostBalancedOdds', 'SGP', 'MostBalancedGlobalProbability']","[{'id': '33054', 'name': ""D'Angelo Russell"", 'type': 'Player'}]",Player Assists,D'Angelo Russell Assists
0QA239135527#188104382_13L42648Q1134019390Q20,2,239135527,7+,+170,2.7,2.70,17/10,D'Angelo Russell,Unknown,27082,['SGP'],"[{'id': '33054', 'name': ""D'Angelo Russell"", 'type': 'Player'}]",Player Assists,D'Angelo Russell Assists
0QA239135527#188104383_13L42648Q11299227114Q20,2,239135527,8+,+300,4,4.00,3/1,D'Angelo Russell,Unknown,40083,['SGP'],"[{'id': '33054', 'name': ""D'Angelo Russell"", 'type': 'Player'}]",Player Assists,D'Angelo Russell Assists
0QA239135527#188104384_13L42648Q11830929501Q20,2,239135527,9+,+500,6,6.00,5/1,D'Angelo Russell,Unknown,60084,['SGP'],"[{'id': '33054', 'name': ""D'Angelo Russell"", 'type': 'Player'}]",Player Assists,D'Angelo Russell Assists
0QA239135527#188104385_13L42648Q11495474364Q20,2,239135527,10+,+900,10,10.00,9/1,D'Angelo Russell,Unknown,100085,['SGP'],"[{'id': '33054', 'name': ""D'Angelo Russell"", 'type': 'Player'}]",Player Assists,D'Angelo Russell Assists
0QA239135527#188104386_13L42648Q1307596304Q20,2,239135527,11+,+1500,16,16.00,15/1,D'Angelo Russell,Unknown,160086,['SGP'],"[{'id': '33054', 'name': ""D'Angelo Russell"", 'type': 'Player'}]",Player Assists,D'Angelo Russell Assists
0QA239135474#188104093_13L42648Q1-1776130718Q20,2,239135474,3+,-1000,1.1,1.10,1/10,Derrick White,Unknown,11093,['SGP'],"[{'id': '33364', 'name': 'Derrick White', 'type': 'Player'}]",Player Assists,Derrick White Assists
0QA239135474#188104104_13L42648Q11039188610Q20,2,239135474,4+,-370,1.27027028,1.27,10/37,Derrick White,Unknown,12704,['SGP'],"[{'id': '33364', 'name': 'Derrick White', 'type': 'Player'}]",Player Assists,Derrick White Assists
0QA239135474#188104115_13L42648Q1-1511404617Q20,2,239135474,5+,-160,1.625,1.62,5/8,Derrick White,Unknown,16215,"['SGP', 'MostBalancedGlobalProbability']","[{'id': '33364', 'name': 'Derrick White', 'type': 'Player'}]",Player Assists,Derrick White Assists
0QA239135474#188104123_13L42648Q1-833856974Q20,2,239135474,6+,+120,2.2,2.20,6/5,Derrick White,Unknown,True,22023,"['MostBalancedOdds', 'SGP']","[{'id': '33364', 'name': 'Derrick White', 'type': 'Player'}]",Player Assists,Derrick White Assists
0QA239135474#188104130_13L42648Q1134019390Q20,2,239135474,7+,+230,3.3,3.30,23/10,Derrick White,Unknown,33030,['SGP'],"[{'id': '33364', 'name': 'Derrick White', 'type': 'Player'}]",Player Assists,Derrick White Assists
0QA239135474#188104137_13L42648Q11299227114Q20,2,239135474,8+,+425,5.25,5.25,17/4,Derrick White,Unknown,52537,['SGP'],"[{'id': '33364', 'name': 'Derrick White', 'type': 'Player'}]",Player Assists,Derrick White Assists
0QA239135474#188104142_13L42648Q11830929501Q20,2,239135474,9+,+800,9,9.00,8/1,Derrick White,Unknown,90042,['SGP'],"[{'id': '33364', 'name': 'Derrick White', 'type': 'Player'}]",Player Assists,Derrick White Assists
0QA239135474#188104147_13L42648Q11495474364Q20,2,239135474,10+,+1500,16,16.00,15/1,Derrick White,Unknown,160047,['SGP'],"[{'id': '33364', 'name': 'Derrick White', 'type': 'Player'}]",Player Assists,Derrick White Assists
0QA239135472#188104156_13L42648Q11039188610Q20,2,239135472,4+,-1100,1.0909091,1.09,1/11,Jayson Tatum,Unknown,10956,['SGP'],"[{'id': '32876', 'name': 'Jayson Tatum', 'type': 'Player'}]",Player Assists,Jayson Tatum Assists
0QA239135472#188104159_13L42648Q1-1511404617Q20,2,239135472,5+,-475,1.21052632,1.21,4/19,Jayson Tatum,Unknown,12159,['SGP'],"[{'id': '32876', 'name': 'Jayson Tatum', 'type': 'Player'}]",Player Assists,Jayson Tatum Assists
0QA239135472#188104160_13L42648Q1-833856974Q20,2,239135472,6+,-220,1.45454546,1.45,5/11,Jayson Tatum,Unknown,14560,['SGP'],"[{'id': '32876', 'name': 'Jayson Tatum', 'type': 'Player'}]",Player Assists,Jayson Tatum Assists
0QA239135472#188104161_13L42648Q1134019390Q20,2,239135472,7+,-115,1.86956522,1.86,20/23,Jayson Tatum,Unknown,True,18661,"['MostBalancedOdds', 'SGP', 'MostBalancedGlobalProbability']","[{'id': '32876', 'name': 'Jayson Tatum', 'type': 'Player'}]",Player Assists,Jayson Tatum Assists
0QA239135472#188104162_13L42648Q11299227114Q20,2,239135472,8+,+160,2.6,2.60,8/5,Jayson Tatum,Unknown,26062,['SGP'],"[{'id': '32876', 'name': 'Jayson Tatum', 'type': 'Player'}]",Player Assists,Jayson Tatum Assists
0QA239135472#188104163_13L42648Q11830929501Q20,2,239135472,9+,+280,3.8,3.80,14/5,Jayson Tatum,Unknown,38063,['SGP'],"[{'id': '32876', 'name': 'Jayson Tatum', 'type': 'Player'}]",Player Assists,Jayson Tatum Assists
0QA239135472#188104164_13L42648Q11495474364Q20,2,239135472,10+,+500,6,6.00,5/1,Jayson Tatum,Unknown,60064,['SGP'],"[{'id': '32876', 'name': 'Jayson Tatum', 'type': 'Player'}]",Player Assists,Jayson Tatum Assists
0QA239135472#188104165_13L42648Q1307596304Q20,2,239135472,11+,+850,9.5,9.50,17/2,Jayson Tatum,Unknown,95065,['SGP'],"[{'id': '32876', 'name': 'Jayson Tatum', 'type': 'Player'}]",Player Assists,Jayson Tatum Assists
0QA239135472#188104166_13L42648Q1-672172181Q20,2,239135472,12+,+1600,17,17.00,16/1,Jayson Tatum,Unknown,170066,['SGP'],"[{'id': '32876', 'name': 'Jayson Tatum', 'type': 'Player'}]",Player Assists,Jayson Tatum Assists
0QA239135472#188106071_13L42648Q1865735208Q20,2,239135472,13+,+2800,29,29.00,28/1,Jayson Tatum,Unknown,290071,['SGP'],"[{'id': '32876', 'name': 'Jayson Tatum', 'type': 'Player'}]",Player Assists,Jayson Tatum Assists
0QA239135471#188104097_13L42648Q1-1776130718Q20,2,239135471,3+,-650,1.15384616,1.15,2/13,Jrue Holiday,Unknown,11597,['SGP'],"[{'id': '33210', 'name': 'Jrue Holiday', 'type': 'Player'}]",Player Assists,Jrue Holiday Assists
0QA239135471#188104107_13L42648Q11039188610Q20,2,239135471,4+,-230,1.43478261,1.43,10/23,Jrue Holiday,Unknown,14307,['SGP'],"[{'id': '33210', 'name': 'Jrue Holiday', 'type': 'Player'}]",Player Assists,Jrue Holiday Assists
0QA239135471#188104112_13L42648Q1-1511404617Q20,2,239135471,5+,-110,1.90909091,1.90,10/11,Jrue Holiday,Unknown,True,19012,"['MostBalancedOdds', 'SGP', 'MostBalancedGlobalProbability']","[{'id': '33210', 'name': 'Jrue Holiday', 'type': 'Player'}]",Player Assists,Jrue Holiday Assists
0QA239135471#188104120_13L42648Q1-833856974Q20,2,239135471,6+,+180,2.8,2.80,9/5,Jrue Holiday,Unknown,28020,['SGP'],"[{'id': '33210', 'name': 'Jrue Holiday', 'type': 'Player'}]",Player Assists,Jrue Holiday Assists
0QA239135471#188104127_13L42648Q1134019390Q20,2,239135471,7+,+350,4.5,4.50,7/2,Jrue Holiday,Unknown,45027,['SGP'],"[{'id': '33210', 'name': 'Jrue Holiday', 'type': 'Player'}]",Player Assists,Jrue Holiday Assists
0QA239135471#188104134_13L42648Q11299227114Q20,2,239135471,8+,+650,7.5,7.50,13/2,Jrue Holiday,Unknown,75034,['SGP'],"[{'id': '33210', 'name': 'Jrue Holiday', 'type': 'Player'}]",Player Assists,Jrue Holiday Assists
0QA239135471#188106070_13L42648Q11830929501Q20,2,239135471,9+,+1300,14,14.00,13/1,Jrue Holiday,Unknown,140070,['SGP'],"[{'id': '33210', 'name': 'Jrue Holiday', 'type': 'Player'}]",Player Assists,Jrue Holiday Assists
0QA239135471#188115540_13L42648Q11495474364Q20,2,239135471,10+,+2500,26,26.00,25/1,Jrue Holiday,Unknown,260040,['SGP'],"[{'id': '33210', 'name': 'Jrue Holiday', 'type': 'Player'}]",Player Assists,Jrue Holiday Assists
0QA239135501#188104213_13L42648Q1-1776130718Q20,2,239135501,3+,+135,2.35,2.35,27/20,Keon Johnson,Unknown,True,23513,"['MostBalancedOdds', 'SGP', 'MostBalancedGlobalProbability']","[{'id': '591026', 'name': 'Keon Johnson', 'type': 'Player'}]",Player Assists,Keon Johnson Assists
0QA239135501#188104216_13L42648Q11039188610Q20,2,239135501,4+,+340,4.4,4.40,17/5,Keon Johnson,Unknown,44016,['SGP'],"[{'id': '591026', 'name': 'Keon Johnson', 'type': 'Player'}]",Player Assists,Keon Johnson Assists
0QA239135501#188104219_13L42648Q1-1511404617Q20,2,239135501,5+,+850,9.5,9.50,17/2,Keon Johnson,Unknown,95019,['SGP'],"[{'id': '591026', 'name': 'Keon Johnson', 'type': 'Player'}]",Player Assists,Keon Johnson Assists
0QA239135501#188104222_13L42648Q1-833856974Q20,2,239135501,6+,+2000,21,21.00,20/1,Keon Johnson,Unknown,210022,['SGP'],"[{'id': '591026', 'name': 'Keon Johnson', 'type': 'Player'}]",Player Assists,Keon Johnson Assists
0QA239135462#188104057_13L42648Q1-1776130718Q20,2,239135462,3+,+140,2.4,2.40,7/5,Kristaps Porzingis,Unknown,True,24057,"['MostBalancedOdds', 'SGP', 'MostBalancedGlobalProbability']","[{'id': '32998', 'name': 'Kristaps Porzingis', 'type': 'Player'}]",Player Assists,Kristaps Porzingis Assists
0QA239135462#188104058_13L42648Q11039188610Q20,2,239135462,4+,+360,4.6,4.60,18/5,Kristaps Porzingis,Unknown,46058,['SGP'],"[{'id': '32998', 'name': 'Kristaps Porzingis', 'type': 'Player'}]",Player Assists,Kristaps Porzingis Assists
0QA239135462#188104059_13L42648Q1-1511404617Q20,2,239135462,5+,+900,10,10.00,9/1,Kristaps Porzingis,Unknown,100059,['SGP'],"[{'id': '32998', 'name': 'Kristaps Porzingis', 'type': 'Player'}]",Player Assists,Kristaps Porzingis Assists
0QA239135462#188104061_13L42648Q1-833856974Q20,2,239135462,6+,+2200,23,23.00,22/1,Kristaps Porzingis,Unknown,230061,['SGP'],"[{'id': '32998', 'name': 'Kristaps Porzingis', 'type': 'Player'}]",Player Assists,Kristaps Porzingis Assists
0QA239135564#188104538_13L42648Q1-1776130718Q20,2,239135564,3+,+125,2.25,2.25,5/4,Nicolas Claxton,Unknown,True,22538,"['MostBalancedOdds', 'SGP', 'MostBalancedGlobalProbability']","[{'id': '32924', 'name': 'Nicolas Claxton', 'type': 'Player'}]",Player Assists,Nicolas Claxton Assists
0QA239135564#188104539_13L42648Q11039188610Q20,2,239135564,4+,+320,4.2,4.20,16/5,Nicolas Claxton,Unknown,42039,['SGP'],"[{'id': '32924', 'name': 'Nicolas Claxton', 'type': 'Player'}]",Player Assists,Nicolas Claxton Assists
0QA239135564#188104540_13L42648Q1-1511404617Q20,2,239135564,5+,+750,8.5,8.50,15/2,Nicolas Claxton,Unknown,85040,['SGP'],"[{'id': '32924', 'name': 'Nicolas Claxton', 'type': 'Player'}]",Player Assists,Nicolas Claxton Assists
0QA239135564#188104541_13L42648Q1-833856974Q20,2,239135564,6+,+2000,21,21.00,20/1,Nicolas Claxton,Unknown,210041,['SGP'],"[{'id': '32924', 'name': 'Nicolas Claxton', 'type': 'Player'}]",Player Assists,Nicolas Claxton Assists
0QA239135484#188104187_13L42648Q1-1359154435Q20,2,239135484,2+,-105,1.95238096,1.95,20/21,Ziaire Williams,Unknown,True,19587,"['MostBalancedOdds', 'SGP', 'MostBalancedGlobalProbability']","[{'id': '591011', 'name': 'Ziaire Williams', 'type': 'Player'}]",Player Assists,Ziaire Williams Assists
0QA239135484#188104190_13L42648Q1-1776130718Q20,2,239135484,3+,+300,4,4.00,3/1,Ziaire Williams,Unknown,40090,['SGP'],"[{'id': '591011', 'name': 'Ziaire Williams', 'type': 'Player'}]",Player Assists,Ziaire Williams Assists
0QA239135484#188104193_13L42648Q11039188610Q20,2,239135484,4+,+850,9.5,9.50,17/2,Ziaire Williams,Unknown,95093,['SGP'],"[{'id': '591011', 'name': 'Ziaire Williams', 'type': 'Player'}]",Player Assists,Ziaire Williams Assists
0QA239135484#188104195_13L42648Q1-1511404617Q20,2,239135484,5+,+2200,23,23.00,22/1,Ziaire Williams,Unknown,230095,['SGP'],"[{'id': '591011', 'name': 'Ziaire Williams', 'type': 'Player'}]",Player Assists,Ziaire Williams Assists
0QA239122644#188041811_13L42648Q1-1776130718Q20,2,239122644,3+,-1000,1.1,1.10,1/10,Donovan Mitchell,Unknown,11011,['SGP'],"[{'id': '33398', 'name': 'Donovan Mitchell', 'type': 'Player'}]",Player Assists,Donovan Mitchell Assists
0QA239122644#188041812_13L42648Q11039188610Q20,2,239122644,4+,-380,1.2631579,1.26,5/19,Donovan Mitchell,Unknown,12612,['SGP'],"[{'id': '33398', 'name': 'Donovan Mitchell', 'type': 'Player'}]",Player Assists,Donovan Mitchell Assists
0QA239122644#188041813_13L42648Q1-1511404617Q20,2,239122644,5+,-180,1.55555556,1.55,5/9,Donovan Mitchell,Unknown,15513,['SGP'],"[{'id': '33398', 'name': 'Donovan Mitchell', 'type': 'Player'}]",Player Assists,Donovan Mitchell Assists
0QA239122644#188041814_13L42648Q1-833856974Q20,2,239122644,6+,+110,2.1,2.10,11/10,Donovan Mitchell,Unknown,True,21014,"['MostBalancedOdds', 'SGP', 'MostBalancedGlobalProbability']","[{'id': '33398', 'name': 'Donovan Mitchell', 'type': 'Player'}]",Player Assists,Donovan Mitchell Assists
0QA239122644#188041815_13L42648Q1134019390Q20,2,239122644,7+,+210,3.1,3.10,21/10,Donovan Mitchell,Unknown,31015,['SGP'],"[{'id': '33398', 'name': 'Donovan Mitchell', 'type': 'Player'}]",Player Assists,Donovan Mitchell Assists
0QA239122644#188041816_13L42648Q11299227114Q20,2,239122644,8+,+380,4.8,4.80,19/5,Donovan Mitchell,Unknown,48016,['SGP'],"[{'id': '33398', 'name': 'Donovan Mitchell', 'type': 'Player'}]",Player Assists,Donovan Mitchell Assists
0QA239122644#188041817_13L42648Q11830929501Q20,2,239122644,9+,+700,8,8.00,7/1,Donovan Mitchell,Unknown,80017,['SGP'],"[{'id': '33398', 'name': 'Donovan Mitchell', 'type': 'Player'}]",Player Assists,Donovan Mitchell Assists
0QA239122644#188041818_13L42648Q11495474364Q20,2,239122644,10+,+1300,14,14.00,13/1,Donovan Mitchell,Unknown,140018,['SGP'],"[{'id': '33398', 'name': 'Donovan Mitchell', 'type': 'Player'}]",Player Assists,Donovan Mitchell Assists
0QA239122644#188073671_13L42648Q1307596304Q20,2,239122644,11+,+2500,26,26.00,25/1,Donovan Mitchell,Unknown,260071,['SGP'],"[{'id': '33398', 'name': 'Donovan Mitchell', 'type': 'Player'}]",Player Assists,Donovan Mitchell Assists
0QA239122655#188041838_13L42648Q1-1776130718Q20,2,239122655,3+,-195,1.51282052,1.51,20/39,Evan Mobley,Unknown,15138,['SGP'],"[{'id': '590986', 'name': 'Evan Mobley', 'type': 'Player'}]",Player Assists,Evan Mobley Assists
0QA239122655#188041840_13L42648Q11039188610Q20,2,239122655,4+,+120,2.2,2.20,6/5,Evan Mobley,Unknown,True,22040,"['MostBalancedOdds', 'SGP', 'MostBalancedGlobalProbability']","[{'id': '590986', 'name': 'Evan Mobley', 'type': 'Player'}]",Player Assists,Evan Mobley Assists
0QA239122655#188041842_13L42648Q1-1511404617Q20,2,239122655,5+,+260,3.6,3.60,13/5,Evan Mobley,Unknown,36042,['SGP'],"[{'id': '590986', 'name': 'Evan Mobley', 'type': 'Player'}]",Player Assists,Evan Mobley Assists
0QA239122655#188041844_13L42648Q1-833856974Q20,2,239122655,6+,+550,6.5,6.50,11/2,Evan Mobley,Unknown,65044,['SGP'],"[{'id': '590986', 'name': 'Evan Mobley', 'type': 'Player'}]",Player Assists,Evan Mobley Assists
0QA239122655#188041847_13L42648Q1134019390Q20,2,239122655,7+,+1200,13,13.00,12/1,Evan Mobley,Unknown,130047,['SGP'],"[{'id': '590986', 'name': 'Evan Mobley', 'type': 'Player'}]",Player Assists,Evan Mobley Assists
0QA239122655#188041854_13L42648Q11299227114Q20,2,239122655,8+,+2200,23,23.00,22/1,Evan Mobley,Unknown,230054,['SGP'],"[{'id': '590986', 'name': 'Evan Mobley', 'type': 'Player'}]",Player Assists,Evan Mobley Assists
0QA239122635#188041746_13L42648Q1-1511404617Q20,2,239122635,5+,-1800,1.05555556,1.05,1/18,James Harden,Unknown,10546,['SGP'],"[{'id': '33070', 'name': 'James Harden', 'type': 'Player'}]",Player Assists,James Harden Assists
0QA239122635#188041748_13L42648Q1-833856974Q20,2,239122635,6+,-700,1.14285715,1.14,1/7,James Harden,Unknown,11447,['SGP'],"[{'id': '33070', 'name': 'James Harden', 'type': 'Player'}]",Player Assists,James Harden Assists
0QA239122635#188041753_13L42648Q1134019390Q20,2,239122635,7+,-360,1.27777778,1.27,5/18,James Harden,Unknown,12753,['SGP'],"[{'id': '33070', 'name': 'James Harden', 'type': 'Player'}]",Player Assists,James Harden Assists
0QA239122635#188041759_13L42648Q11299227114Q20,2,239122635,8+,-200,1.5,1.50,1/2,James Harden,Unknown,15059,['SGP'],"[{'id': '33070', 'name': 'James Harden', 'type': 'Player'}]",Player Assists,James Harden Assists
0QA239122635#188041775_13L42648Q11830929501Q20,2,239122635,9+,-115,1.86956522,1.86,20/23,James Harden,Unknown,True,18675,"['MostBalancedOdds', 'SGP', 'MostBalancedGlobalProbability']","[{'id': '33070', 'name': 'James Harden', 'type': 'Player'}]",Player Assists,James Harden Assists
0QA239122635#188041783_13L42648Q11495474364Q20,2,239122635,10+,+150,2.5,2.50,6/4,James Harden,Unknown,25083,['SGP'],"[{'id': '33070', 'name': 'James Harden', 'type': 'Player'}]",Player Assists,James Harden Assists
0QA239122635#188041791_13L42648Q1307596304Q20,2,239122635,11+,+250,3.5,3.50,5/2,James Harden,Unknown,35091,['SGP'],"[{'id': '33070', 'name': 'James Harden', 'type': 'Player'}]",Player Assists,James Harden Assists
0QA239122635#188041797_13L42648Q1-672172181Q20,2,239122635,12+,+400,5,5.00,4/1,James Harden,Unknown,50097,['SGP'],"[{'id': '33070', 'name': 'James Harden', 'type': 'Player'}]",Player Assists,James Harden Assists
0QA239122635#188041802_13L42648Q1865735208Q20,2,239122635,13+,+700,8,8.00,7/1,James Harden,Unknown,80002,['SGP'],"[{'id': '33070', 'name': 'James Harden', 'type': 'Player'}]",Player Assists,James Harden Assists
0QA239122635#188041806_13L42648Q1689961279Q20,2,239122635,14+,+1100,12,12.00,11/1,James Harden,Unknown,120006,['SGP'],"[{'id': '33070', 'name': 'James Harden', 'type': 'Player'}]",Player Assists,James Harden Assists
0QA239122635#188041808_13L42648Q1-1553406289Q20,2,239122635,15+,+1900,20,20.00,19/1,James Harden,Unknown,200008,['SGP'],"[{'id': '33070', 'name': 'James Harden', 'type': 'Player'}]",Player Assists,James Harden Assists
0QA239122677#188041948_13L42648Q1-1776130718Q20,2,239122677,3+,-175,1.57142858,1.57,4/7,Kawhi Leonard,Unknown,15748,"['SGP', 'MostBalancedGlobalProbability']","[{'id': '33102', 'name': 'Kawhi Leonard', 'type': 'Player'}]",Player Assists,Kawhi Leonard Assists
0QA239122677#188041950_13L42648Q11039188610Q20,2,239122677,4+,+135,2.35,2.35,27/20,Kawhi Leonard,Unknown,True,23550,"['MostBalancedOdds', 'SGP']","[{'id': '33102', 'name': 'Kawhi Leonard', 'type': 'Player'}]",Player Assists,Kawhi Leonard Assists
0QA239122677#188041952_13L42648Q1-1511404617Q20,2,239122677,5+,+320,4.2,4.20,16/5,Kawhi Leonard,Unknown,42052,['SGP'],"[{'id': '33102', 'name': 'Kawhi Leonard', 'type': 'Player'}]",Player Assists,Kawhi Leonard Assists
0QA239122677#188041953_13L42648Q1-833856974Q20,2,239122677,6+,+700,8,8.00,7/1,Kawhi Leonard,Unknown,80053,['SGP'],"[{'id': '33102', 'name': 'Kawhi Leonard', 'type': 'Player'}]",Player Assists,Kawhi Leonard Assists
0QA239122677#188041954_13L42648Q1134019390Q20,2,239122677,7+,+1500,16,16.00,15/1,Kawhi Leonard,Unknown,160054,['SGP'],"[{'id': '33102', 'name': 'Kawhi Leonard', 'type': 'Player'}]",Player Assists,Kawhi Leonard Assists
0QA239122707#188042079_13L42648Q1-1776130718Q20,2,239122707,3+,-165,1.60606061,1.60,20/33,Max Strus,Unknown,16079,"['SGP', 'MostBalancedGlobalProbability']","[{'id': '32893', 'name': 'Max Strus', 'type': 'Player'}]",Player Assists,Max Strus Assists
0QA239122707#188042088_13L42648Q11039188610Q20,2,239122707,4+,+145,2.45,2.45,29/20,Max Strus,Unknown,True,24588,"['MostBalancedOdds', 'SGP']","[{'id': '32893', 'name': 'Max Strus', 'type': 'Player'}]",Player Assists,Max Strus Assists
0QA239122707#188042096_13L42648Q1-1511404617Q20,2,239122707,5+,+320,4.2,4.20,16/5,Max Strus,Unknown,42096,['SGP'],"[{'id': '32893', 'name': 'Max Strus', 'type': 'Player'}]",Player Assists,Max Strus Assists
0QA239122707#188042104_13L42648Q1-833856974Q20,2,239122707,6+,+700,8,8.00,7/1,Max Strus,Unknown,80004,['SGP'],"[{'id': '32893', 'name': 'Max Strus', 'type': 'Player'}]",Player Assists,Max Strus Assists
0QA239122707#188042110_13L42648Q1134019390Q20,2,239122707,7+,+1500,16,16.00,15/1,Max Strus,Unknown,160010,['SGP'],"[{'id': '32893', 'name': 'Max Strus', 'type': 'Player'}]",Player Assists,Max Strus Assists
0QA239103604#187930017_13L42648Q11188862214Q20,2,239103604,20+,-525,1.1904762,1.19,4/21,Dyson Daniels,Unknown,11917,['SGP'],"[{'id': '649551', 'name': 'Dyson Daniels', 'type': 'Player'}]",Player Combos,Dyson Daniels Points + Rebounds + Assists
0QA239103604#187930018_13L42648Q1-1688762664Q20,2,239103604,25+,-160,1.625,1.62,5/8,Dyson Daniels,Unknown,16218,['SGP'],"[{'id': '649551', 'name': 'Dyson Daniels', 'type': 'Player'}]",Player Combos,Dyson Daniels Points + Rebounds + Assists
0QA239103604#187934053_13L42648Q1-2054800325Q20,2,239103604,26+,-130,1.76923077,1.76,10/13,Dyson Daniels,Unknown,True,17653,"['MostBalancedOdds', 'SGP', 'MostBalancedGlobalProbability']","[{'id': '649551', 'name': 'Dyson Daniels', 'type': 'Player'}]",Player Combos,Dyson Daniels Points + Rebounds + Assists
0QA239103604#187930019_13L42648Q1-510067049Q20,2,239103604,30+,+180,2.8,2.80,9/5,Dyson Daniels,Unknown,28019,['SGP'],"[{'id': '649551', 'name': 'Dyson Daniels', 'type': 'Player'}]",Player Combos,Dyson Daniels Points + Rebounds + Assists
0QA239103604#187930020_13L42648Q1478794995Q20,2,239103604,35+,+475,5.75,5.75,19/4,Dyson Daniels,Unknown,57520,['SGP'],"[{'id': '649551', 'name': 'Dyson Daniels', 'type': 'Player'}]",Player Combos,Dyson Daniels Points + Rebounds + Assists
0QA239103604#187930021_13L42648Q1-1155553128Q20,2,239103604,40+,+1200,13,13.00,12/1,Dyson Daniels,Unknown,130021,['SGP'],"[{'id': '649551', 'name': 'Dyson Daniels', 'type': 'Player'}]",Player Combos,Dyson Daniels Points + Rebounds + Assists
0QA239103592#187929961_13L42648Q1-2023603400Q20,2,239103592,10+,-450,1.22222223,1.22,2/9,Josh Green,Unknown,12261,['SGP'],"[{'id': '527227', 'name': 'Josh Green', 'type': 'Player'}]",Player Combos,Josh Green Points + Rebounds + Assists
0QA239103592#187932479_13L42648Q1583016820Q20,2,239103592,14+,-130,1.76923077,1.76,10/13,Josh Green,Unknown,17679,"['SGP', 'MostBalancedGlobalProbability']","[{'id': '527227', 'name': 'Josh Green', 'type': 'Player'}]",Player Combos,Josh Green Points + Rebounds + Assists
0QA239103592#187929963_13L42648Q1-1458628324Q20,2,239103592,15+,+100,2,2.00,1/1,Josh Green,Unknown,True,20063,"['MostBalancedOdds', 'SGP']","[{'id': '527227', 'name': 'Josh Green', 'type': 'Player'}]",Player Combos,Josh Green Points + Rebounds + Assists
0QA239103592#187929964_13L42648Q11188862214Q20,2,239103592,20+,+350,4.5,4.50,7/2,Josh Green,Unknown,45064,['SGP'],"[{'id': '527227', 'name': 'Josh Green', 'type': 'Player'}]",Player Combos,Josh Green Points + Rebounds + Assists
0QA239103592#187929965_13L42648Q1-1688762664Q20,2,239103592,25+,+1200,13,13.00,12/1,Josh Green,Unknown,130065,['SGP'],"[{'id': '527227', 'name': 'Josh Green', 'type': 'Player'}]",Player Combos,Josh Green Points + Rebounds + Assists
0QA239103611#187930034_13L42648Q1-510067049Q20,2,239103611,30+,-800,1.125,1.12,1/8,LaMelo Ball,Unknown,11234,['SGP'],"[{'id': '527219', 'name': 'LaMelo Ball', 'type': 'Player'}]",Player Combos,LaMelo Ball Points + Rebounds + Assists
0QA239103611#187930035_13L42648Q1478794995Q20,2,239103611,35+,-310,1.32258065,1.32,10/31,LaMelo Ball,Unknown,13235,['SGP'],"[{'id': '527219', 'name': 'LaMelo Ball', 'type': 'Player'}]",Player Combos,LaMelo Ball Points + Rebounds + Assists
0QA239103611#187930037_13L42648Q1-1155553128Q20,2,239103611,40+,-150,1.66666667,1.66,4/6,LaMelo Ball,Unknown,16637,['SGP'],"[{'id': '527219', 'name': 'LaMelo Ball', 'type': 'Player'}]",Player Combos,LaMelo Ball Points + Rebounds + Assists
0QA239103611#187997227_13L42648Q1384827411Q20,2,239103611,41+,-130,1.76923077,1.76,10/13,LaMelo Ball,Unknown,True,17627,"['MostBalancedOdds', 'SGP']","[{'id': '527219', 'name': 'LaMelo Ball', 'type': 'Player'}]",Player Combos,LaMelo Ball Points + Rebounds + Assists
0QA239103611#187930038_13L42648Q1-163272724Q20,2,239103611,45+,+135,2.35,2.35,27/20,LaMelo Ball,Unknown,23538,['SGP'],"[{'id': '527219', 'name': 'LaMelo Ball', 'type': 'Player'}]",Player Combos,LaMelo Ball Points + Rebounds + Assists
0QA239103611#187930039_13L42648Q1569782190Q20,2,239103611,50+,+265,3.65,3.65,53/20,LaMelo Ball,Unknown,36539,['SGP'],"[{'id': '527219', 'name': 'LaMelo Ball', 'type': 'Player'}]",Player Combos,LaMelo Ball Points + Rebounds + Assists
0QA239103611#187930040_13L42648Q11359599935Q20,2,239103611,55+,+500,6,6.00,5/1,LaMelo Ball,Unknown,60040,['SGP'],"[{'id': '527219', 'name': 'LaMelo Ball', 'type': 'Player'}]",Player Combos,LaMelo Ball Points + Rebounds + Assists
0QA239103611#187930041_13L42648Q1625847645Q20,2,239103611,60+,+1000,11,11.00,10/1,LaMelo Ball,Unknown,110041,['SGP'],"[{'id': '527219', 'name': 'LaMelo Ball', 'type': 'Player'}]",Player Combos,LaMelo Ball Points + Rebounds + Assists
0QA239103611#187932504_13L42648Q1-239647412Q20,2,239103611,65+,+2000,21,21.00,20/1,LaMelo Ball,Unknown,210004,['SGP'],"[{'id': '527219', 'name': 'LaMelo Ball', 'type': 'Player'}]",Player Combos,LaMelo Ball Points + Rebounds + Assists
0QA239103530#187929676_13L42648Q11188862214Q20,2,239103530,20+,-1600,1.0625,1.06,1/16,Mark Williams,Unknown,10676,['SGP'],"[{'id': '649564', 'name': 'Mark Williams', 'type': 'Player'}]",Player Combos,Mark Williams Points + Rebounds + Assists
0QA239103530#187929680_13L42648Q1-1688762664Q20,2,239103530,25+,-425,1.23529412,1.23,4/17,Mark Williams,Unknown,12380,['SGP'],"[{'id': '649564', 'name': 'Mark Williams', 'type': 'Player'}]",Player Combos,Mark Williams Points + Rebounds + Assists
0QA239103530#187929687_13L42648Q1-510067049Q20,2,239103530,30+,-165,1.60606061,1.60,20/33,Mark Williams,Unknown,16087,['SGP'],"[{'id': '649564', 'name': 'Mark Williams', 'type': 'Player'}]",Player Combos,Mark Williams Points + Rebounds + Assists
0QA239103530#187932487_13L42648Q1-708443722Q20,2,239103530,32+,-120,1.83333334,1.83,5/6,Mark Williams,Unknown,True,18387,"['MostBalancedOdds', 'SGP', 'MostBalancedGlobalProbability']","[{'id': '649564', 'name': 'Mark Williams', 'type': 'Player'}]",Player Combos,Mark Williams Points + Rebounds + Assists
0QA239103530#187929690_13L42648Q1478794995Q20,2,239103530,35+,+135,2.35,2.35,27/20,Mark Williams,Unknown,23590,['SGP'],"[{'id': '649564', 'name': 'Mark Williams', 'type': 'Player'}]",Player Combos,Mark Williams Points + Rebounds + Assists
0QA239103530#187929693_13L42648Q1-1155553128Q20,2,239103530,40+,+295,3.95,3.95,59/20,Mark Williams,Unknown,39593,['SGP'],"[{'id': '649564', 'name': 'Mark Williams', 'type': 'Player'}]",Player Combos,Mark Williams Points + Rebounds + Assists
0QA239103530#187929695_13L42648Q1-163272724Q20,2,239103530,45+,+650,7.5,7.50,13/2,Mark Williams,Unknown,75095,['SGP'],"[{'id': '649564', 'name': 'Mark Williams', 'type': 'Player'}]",Player Combos,Mark Williams Points + Rebounds + Assists
0QA239103530#187932488_13L42648Q1569782190Q20,2,239103530,50+,+1400,15,15.00,14/1,Mark Williams,Unknown,150088,['SGP'],"[{'id': '649564', 'name': 'Mark Williams', 'type': 'Player'}]",Player Combos,Mark Williams Points + Rebounds + Assists
0QA239103550#187929799_13L42648Q11188862214Q20,2,239103550,20+,-1400,1.07142858,1.07,1/14,Onyeka Okongwu,Unknown,10799,['SGP'],"[{'id': '481752', 'name': 'Onyeka Okongwu', 'type': 'Player'}]",Player Combos,Onyeka Okongwu Points + Rebounds + Assists
0QA239103550#187929800_13L42648Q1-1688762664Q20,2,239103550,25+,-340,1.29411765,1.29,5/17,Onyeka Okongwu,Unknown,12900,['SGP'],"[{'id': '481752', 'name': 'Onyeka Okongwu', 'type': 'Player'}]",Player Combos,Onyeka Okongwu Points + Rebounds + Assists
0QA239103550#187929802_13L42648Q1-510067049Q20,2,239103550,30+,-115,1.86956522,1.86,20/23,Onyeka Okongwu,Unknown,True,18602,"['MostBalancedOdds', 'SGP', 'MostBalancedGlobalProbability']","[{'id': '481752', 'name': 'Onyeka Okongwu', 'type': 'Player'}]",Player Combos,Onyeka Okongwu Points + Rebounds + Assists
0QA239103550#187929803_13L42648Q1478794995Q20,2,239103550,35+,+230,3.3,3.30,23/10,Onyeka Okongwu,Unknown,33003,['SGP'],"[{'id': '481752', 'name': 'Onyeka Okongwu', 'type': 'Player'}]",Player Combos,Onyeka Okongwu Points + Rebounds + Assists
0QA239103550#187929804_13L42648Q1-1155553128Q20,2,239103550,40+,+600,7,7.00,6/1,Onyeka Okongwu,Unknown,70004,['SGP'],"[{'id': '481752', 'name': 'Onyeka Okongwu', 'type': 'Player'}]",Player Combos,Onyeka Okongwu Points + Rebounds + Assists
0QA239103550#187941490_13L42648Q1-163272724Q20,2,239103550,45+,+1700,18,18.00,17/1,Onyeka Okongwu,Unknown,180090,['SGP'],"[{'id': '481752', 'name': 'Onyeka Okongwu', 'type': 'Player'}]",Player Combos,Onyeka Okongwu Points + Rebounds + Assists
0QA239103560#187929861_13L42648Q1478794995Q20,2,239103560,35+,-650,1.15384616,1.15,2/13,Trae Young,Unknown,11561,['SGP'],"[{'id': '32850', 'name': 'Trae Young', 'type': 'Player'}]",Player Combos,Trae Young Points + Rebounds + Assists
0QA239103560#187929862_13L42648Q1-1155553128Q20,2,239103560,40+,-240,1.41666667,1.41,5/12,Trae Young,Unknown,14162,['SGP'],"[{'id': '32850', 'name': 'Trae Young', 'type': 'Player'}]",Player Combos,Trae Young Points + Rebounds + Assists
0QA239103560#188015113_13L42648Q1-1238012690Q20,2,239103560,44+,-125,1.8,1.80,4/5,Trae Young,Unknown,18013,"['SGP', 'MostBalancedGlobalProbability']","[{'id': '32850', 'name': 'Trae Young', 'type': 'Player'}]",Player Combos,Trae Young Points + Rebounds + Assists
0QA239103560#187929864_13L42648Q1-163272724Q20,2,239103560,45+,-105,1.95238096,1.95,20/21,Trae Young,Unknown,True,19564,"['MostBalancedOdds', 'SGP']","[{'id': '32850', 'name': 'Trae Young', 'type': 'Player'}]",Player Combos,Trae Young Points + Rebounds + Assists
0QA239103560#187929865_13L42648Q1569782190Q20,2,239103560,50+,+205,3.05,3.05,41/20,Trae Young,Unknown,30565,['SGP'],"[{'id': '32850', 'name': 'Trae Young', 'type': 'Player'}]",Player Combos,Trae Young Points + Rebounds + Assists
0QA239103560#187929866_13L42648Q11359599935Q20,2,239103560,55+,+450,5.5,5.50,9/2,Trae Young,Unknown,55066,['SGP'],"[{'id': '32850', 'name': 'Trae Young', 'type': 'Player'}]",Player Combos,Trae Young Points + Rebounds + Assists
0QA239103560#187929867_13L42648Q1625847645Q20,2,239103560,60+,+1000,11,11.00,10/1,Trae Young,Unknown,110067,['SGP'],"[{'id': '32850', 'name': 'Trae Young', 'type': 'Player'}]",Player Combos,Trae Young Points + Rebounds + Assists
0QA239103560#187941026_13L42648Q1-239647412Q20,2,239103560,65+,+2000,21,21.00,20/1,Trae Young,Unknown,210026,['SGP'],"[{'id': '32850', 'name': 'Trae Young', 'type': 'Player'}]",Player Combos,Trae Young Points + Rebounds + Assists
0QA239103599#187929991_13L42648Q1-1458628324Q20,2,239103599,15+,-475,1.21052632,1.21,4/19,Zaccharie Risacher,Unknown,12191,['SGP'],"[{'id': '800352', 'name': 'Zaccharie Risacher', 'type': 'Player'}]",Player Combos,Zaccharie Risacher Points + Rebounds + Assists
0QA239103599#187929995_13L42648Q11188862214Q20,2,239103599,20+,-150,1.66666667,1.66,4/6,Zaccharie Risacher,Unknown,16695,['SGP'],"[{'id': '800352', 'name': 'Zaccharie Risacher', 'type': 'Player'}]",Player Combos,Zaccharie Risacher Points + Rebounds + Assists
0QA239103599#187932981_13L42648Q1-1168432903Q20,2,239103599,21+,-120,1.83333334,1.83,5/6,Zaccharie Risacher,Unknown,True,18381,"['MostBalancedOdds', 'SGP', 'MostBalancedGlobalProbability']","[{'id': '800352', 'name': 'Zaccharie Risacher', 'type': 'Player'}]",Player Combos,Zaccharie Risacher Points + Rebounds + Assists
0QA239103599#187929997_13L42648Q1-1688762664Q20,2,239103599,25+,+175,2.75,2.75,7/4,Zaccharie Risacher,Unknown,27597,['SGP'],"[{'id': '800352', 'name': 'Zaccharie Risacher', 'type': 'Player'}]",Player Combos,Zaccharie Risacher Points + Rebounds + Assists
0QA239103599#187929999_13L42648Q1-510067049Q20,2,239103599,30+,+425,5.25,5.25,17/4,Zaccharie Risacher,Unknown,52599,['SGP'],"[{'id': '800352', 'name': 'Zaccharie Risacher', 'type': 'Player'}]",Player Combos,Zaccharie Risacher Points + Rebounds + Assists
0QA239103599#187930001_13L42648Q1478794995Q20,2,239103599,35+,+1000,11,11.00,10/1,Zaccharie Risacher,Unknown,110001,['SGP'],"[{'id': '800352', 'name': 'Zaccharie Risacher', 'type': 'Player'}]",Player Combos,Zaccharie Risacher Points + Rebounds + Assists
0QA239103599#187995671_13L42648Q1-1155553128Q20,2,239103599,40+,+2800,29,29.00,28/1,Zaccharie Risacher,Unknown,290071,['SGP'],"[{'id': '800352', 'name': 'Zaccharie Risacher', 'type': 'Player'}]",Player Combos,Zaccharie Risacher Points + Rebounds + Assists
0QA239135529#188104394_13L42648Q11188862214Q20,2,239135529,20+,-525,1.1904762,1.19,4/21,Cameron Johnson,Unknown,11994,['SGP'],"[{'id': '33316', 'name': 'Cameron Johnson', 'type': 'Player'}]",Player Combos,Cameron Johnson Points + Rebounds + Assists
0QA239135529#188104395_13L42648Q1-1688762664Q20,2,239135529,25+,-170,1.5882353,1.58,10/17,Cameron Johnson,Unknown,15895,['SGP'],"[{'id': '33316', 'name': 'Cameron Johnson', 'type': 'Player'}]",Player Combos,Cameron Johnson Points + Rebounds + Assists
0QA239135529#188129471_13L42648Q175274806Q20,2,239135529,27+,-110,1.90909091,1.90,10/11,Cameron Johnson,Unknown,True,19071,"['MostBalancedOdds', 'SGP', 'MostBalancedGlobalProbability']","[{'id': '33316', 'name': 'Cameron Johnson', 'type': 'Player'}]",Player Combos,Cameron Johnson Points + Rebounds + Assists
0QA239135529#188104396_13L42648Q1-510067049Q20,2,239135529,30+,+155,2.55,2.55,31/20,Cameron Johnson,Unknown,25596,['SGP'],"[{'id': '33316', 'name': 'Cameron Johnson', 'type': 'Player'}]",Player Combos,Cameron Johnson Points + Rebounds + Assists
0QA239135529#188104397_13L42648Q1478794995Q20,2,239135529,35+,+380,4.8,4.80,19/5,Cameron Johnson,Unknown,48097,['SGP'],"[{'id': '33316', 'name': 'Cameron Johnson', 'type': 'Player'}]",Player Combos,Cameron Johnson Points + Rebounds + Assists
0QA239135529#188104398_13L42648Q1-1155553128Q20,2,239135529,40+,+950,10.5,10.50,19/2,Cameron Johnson,Unknown,105098,['SGP'],"[{'id': '33316', 'name': 'Cameron Johnson', 'type': 'Player'}]",Player Combos,Cameron Johnson Points + Rebounds + Assists
0QA239135529#188129472_13L42648Q1-163272724Q20,2,239135529,45+,+2200,23,23.00,22/1,Cameron Johnson,Unknown,230072,['SGP'],"[{'id': '33316', 'name': 'Cameron Johnson', 'type': 'Player'}]",Player Combos,Cameron Johnson Points + Rebounds + Assists
0QA239135602#188104687_13L42648Q1-1458628324Q20,2,239135602,15+,-500,1.2,1.20,1/5,D'Angelo Russell,Unknown,12087,['SGP'],"[{'id': '33054', 'name': ""D'Angelo Russell"", 'type': 'Player'}]",Player Combos,D'Angelo Russell Points + Rebounds + Assists
0QA239135602#188104688_13L42648Q11188862214Q20,2,239135602,20+,-155,1.6451613,1.64,20/31,D'Angelo Russell,Unknown,16488,['SGP'],"[{'id': '33054', 'name': ""D'Angelo Russell"", 'type': 'Player'}]",Player Combos,D'Angelo Russell Points + Rebounds + Assists
0QA239135602#188104689_13L42648Q1-1168432903Q20,2,239135602,21+,-125,1.8,1.80,4/5,D'Angelo Russell,Unknown,True,18089,"['MostBalancedOdds', 'SGP', 'MostBalancedGlobalProbability']","[{'id': '33054', 'name': ""D'Angelo Russell"", 'type': 'Player'}]",Player Combos,D'Angelo Russell Points + Rebounds + Assists
0QA239135602#188104690_13L42648Q1-1688762664Q20,2,239135602,25+,+175,2.75,2.75,7/4,D'Angelo Russell,Unknown,27590,['SGP'],"[{'id': '33054', 'name': ""D'Angelo Russell"", 'type': 'Player'}]",Player Combos,D'Angelo Russell Points + Rebounds + Assists
0QA239135602#188104691_13L42648Q1-510067049Q20,2,239135602,30+,+425,5.25,5.25,17/4,D'Angelo Russell,Unknown,52591,['SGP'],"[{'id': '33054', 'name': ""D'Angelo Russell"", 'type': 'Player'}]",Player Combos,D'Angelo Russell Points + Rebounds + Assists
0QA239135602#188104692_13L42648Q1478794995Q20,2,239135602,35+,+1100,12,12.00,11/1,D'Angelo Russell,Unknown,120092,['SGP'],"[{'id': '33054', 'name': ""D'Angelo Russell"", 'type': 'Player'}]",Player Combos,D'Angelo Russell Points + Rebounds + Assists
0QA239135602#188104693_13L42648Q1-1155553128Q20,2,239135602,40+,+2500,26,26.00,25/1,D'Angelo Russell,Unknown,260093,['SGP'],"[{'id': '33054', 'name': ""D'Angelo Russell"", 'type': 'Player'}]",Player Combos,D'Angelo Russell Points + Rebounds + Assists
0QA239135570#188104562_13L42648Q11188862214Q20,2,239135570,20+,-750,1.13333334,1.13,2/15,Derrick White,Unknown,11361,['SGP'],"[{'id': '33364', 'name': 'Derrick White', 'type': 'Player'}]",Player Combos,Derrick White Points + Rebounds + Assists
0QA239135570#188104563_13L42648Q1-1688762664Q20,2,239135570,25+,-240,1.41666667,1.41,5/12,Derrick White,Unknown,14163,['SGP'],"[{'id': '33364', 'name': 'Derrick White', 'type': 'Player'}]",Player Combos,Derrick White Points + Rebounds + Assists
0QA239135570#188118111_13L42648Q1730158165Q20,2,239135570,29+,-110,1.90909091,1.90,10/11,Derrick White,Unknown,19011,"['SGP', 'MostBalancedGlobalProbability']","[{'id': '33364', 'name': 'Derrick White', 'type': 'Player'}]",Player Combos,Derrick White Points + Rebounds + Assists
0QA239135570#188104565_13L42648Q1-510067049Q20,2,239135570,30+,+105,2.05,2.05,21/20,Derrick White,Unknown,True,20565,"['MostBalancedOdds', 'SGP']","[{'id': '33364', 'name': 'Derrick White', 'type': 'Player'}]",Player Combos,Derrick White Points + Rebounds + Assists
0QA239135570#188104566_13L42648Q1478794995Q20,2,239135570,35+,+255,3.55,3.55,51/20,Derrick White,Unknown,35566,['SGP'],"[{'id': '33364', 'name': 'Derrick White', 'type': 'Player'}]",Player Combos,Derrick White Points + Rebounds + Assists
0QA239135570#188104567_13L42648Q1-1155553128Q20,2,239135570,40+,+550,6.5,6.50,11/2,Derrick White,Unknown,65067,['SGP'],"[{'id': '33364', 'name': 'Derrick White', 'type': 'Player'}]",Player Combos,Derrick White Points + Rebounds + Assists
0QA239135570#188106106_13L42648Q1-163272724Q20,2,239135570,45+,+1400,15,15.00,14/1,Derrick White,Unknown,150006,['SGP'],"[{'id': '33364', 'name': 'Derrick White', 'type': 'Player'}]",Player Combos,Derrick White Points + Rebounds + Assists
0QA239135580#188112838_13L42648Q1-510067049Q20,2,239135580,30+,-1800,1.05555556,1.05,1/18,Jayson Tatum,Unknown,10538,['SGP'],"[{'id': '32876', 'name': 'Jayson Tatum', 'type': 'Player'}]",Player Combos,Jayson Tatum Points + Rebounds + Assists
0QA239135580#188104603_13L42648Q1478794995Q20,2,239135580,35+,-550,1.18181819,1.18,2/11,Jayson Tatum,Unknown,11803,['SGP'],"[{'id': '32876', 'name': 'Jayson Tatum', 'type': 'Player'}]",Player Combos,Jayson Tatum Points + Rebounds + Assists
0QA239135580#188104605_13L42648Q1-1155553128Q20,2,239135580,40+,-225,1.44444445,1.44,4/9,Jayson Tatum,Unknown,14405,['SGP'],"[{'id': '32876', 'name': 'Jayson Tatum', 'type': 'Player'}]",Player Combos,Jayson Tatum Points + Rebounds + Assists
0QA239135580#188112439_13L42648Q1-1238012690Q20,2,239135580,44+,-120,1.83333334,1.83,5/6,Jayson Tatum,Unknown,18339,"['SGP', 'MostBalancedGlobalProbability']","[{'id': '32876', 'name': 'Jayson Tatum', 'type': 'Player'}]",Player Combos,Jayson Tatum Points + Rebounds + Assists
0QA239135580#188104606_13L42648Q1-163272724Q20,2,239135580,45+,-105,1.95238096,1.95,20/21,Jayson Tatum,Unknown,True,19506,"['MostBalancedOdds', 'SGP']","[{'id': '32876', 'name': 'Jayson Tatum', 'type': 'Player'}]",Player Combos,Jayson Tatum Points + Rebounds + Assists
0QA239135580#188104607_13L42648Q1569782190Q20,2,239135580,50+,+200,3,3.00,2/1,Jayson Tatum,Unknown,30007,['SGP'],"[{'id': '32876', 'name': 'Jayson Tatum', 'type': 'Player'}]",Player Combos,Jayson Tatum Points + Rebounds + Assists
0QA239135580#188104608_13L42648Q11359599935Q20,2,239135580,55+,+425,5.25,5.25,17/4,Jayson Tatum,Unknown,52508,['SGP'],"[{'id': '32876', 'name': 'Jayson Tatum', 'type': 'Player'}]",Player Combos,Jayson Tatum Points + Rebounds + Assists
0QA239135580#188104609_13L42648Q1625847645Q20,2,239135580,60+,+900,10,10.00,9/1,Jayson Tatum,Unknown,100009,['SGP'],"[{'id': '32876', 'name': 'Jayson Tatum', 'type': 'Player'}]",Player Combos,Jayson Tatum Points + Rebounds + Assists
0QA239135580#188104610_13L42648Q1-239647412Q20,2,239135580,65+,+2000,21,21.00,20/1,Jayson Tatum,Unknown,210010,['SGP'],"[{'id': '32876', 'name': 'Jayson Tatum', 'type': 'Player'}]",Player Combos,Jayson Tatum Points + Rebounds + Assists
0QA239135594#188104657_13L42648Q1-1458628324Q20,2,239135594,15+,-650,1.15384616,1.15,2/13,Jrue Holiday,Unknown,11557,['SGP'],"[{'id': '33210', 'name': 'Jrue Holiday', 'type': 'Player'}]",Player Combos,Jrue Holiday Points + Rebounds + Assists
0QA239135594#188104660_13L42648Q11188862214Q20,2,239135594,20+,-160,1.625,1.62,5/8,Jrue Holiday,Unknown,16260,['SGP'],"[{'id': '33210', 'name': 'Jrue Holiday', 'type': 'Player'}]",Player Combos,Jrue Holiday Points + Rebounds + Assists
0QA239135594#188112831_13L42648Q1-1168432903Q20,2,239135594,21+,-130,1.76923077,1.76,10/13,Jrue Holiday,Unknown,True,17631,"['MostBalancedOdds', 'SGP', 'MostBalancedGlobalProbability']","[{'id': '33210', 'name': 'Jrue Holiday', 'type': 'Player'}]",Player Combos,Jrue Holiday Points + Rebounds + Assists
0QA239135594#188104662_13L42648Q1-1688762664Q20,2,239135594,25+,+185,2.85,2.85,37/20,Jrue Holiday,Unknown,28562,['SGP'],"[{'id': '33210', 'name': 'Jrue Holiday', 'type': 'Player'}]",Player Combos,Jrue Holiday Points + Rebounds + Assists
0QA239135594#188104664_13L42648Q1-510067049Q20,2,239135594,30+,+500,6,6.00,5/1,Jrue Holiday,Unknown,60064,['SGP'],"[{'id': '33210', 'name': 'Jrue Holiday', 'type': 'Player'}]",Player Combos,Jrue Holiday Points + Rebounds + Assists
0QA239135594#188106107_13L42648Q1478794995Q20,2,239135594,35+,+1500,16,16.00,15/1,Jrue Holiday,Unknown,160007,['SGP'],"[{'id': '33210', 'name': 'Jrue Holiday', 'type': 'Player'}]",Player Combos,Jrue Holiday Points + Rebounds + Assists
0QA239135583#188104616_13L42648Q1-2023603400Q20,2,239135583,10+,-1200,1.08333334,1.08,1/12,Keon Johnson,Unknown,10816,['SGP'],"[{'id': '591026', 'name': 'Keon Johnson', 'type': 'Player'}]",Player Combos,Keon Johnson Points + Rebounds + Assists
0QA239135583#188104617_13L42648Q1-1458628324Q20,2,239135583,15+,-235,1.42553192,1.42,20/47,Keon Johnson,Unknown,14217,['SGP'],"[{'id': '591026', 'name': 'Keon Johnson', 'type': 'Player'}]",Player Combos,Keon Johnson Points + Rebounds + Assists
0QA239135583#188111224_13L42648Q1540455033Q20,2,239135583,18+,-115,1.86956522,1.86,20/23,Keon Johnson,Unknown,True,18624,"['MostBalancedOdds', 'SGP', 'MostBalancedGlobalProbability']","[{'id': '591026', 'name': 'Keon Johnson', 'type': 'Player'}]",Player Combos,Keon Johnson Points + Rebounds + Assists
0QA239135583#188104619_13L42648Q11188862214Q20,2,239135583,20+,+135,2.35,2.35,27/20,Keon Johnson,Unknown,23519,['SGP'],"[{'id': '591026', 'name': 'Keon Johnson', 'type': 'Player'}]",Player Combos,Keon Johnson Points + Rebounds + Assists
0QA239135583#188104620_13L42648Q1-1688762664Q20,2,239135583,25+,+390,4.9,4.90,39/10,Keon Johnson,Unknown,49020,['SGP'],"[{'id': '591026', 'name': 'Keon Johnson', 'type': 'Player'}]",Player Combos,Keon Johnson Points + Rebounds + Assists
0QA239135583#188104621_13L42648Q1-510067049Q20,2,239135583,30+,+1100,12,12.00,11/1,Keon Johnson,Unknown,120021,['SGP'],"[{'id': '591026', 'name': 'Keon Johnson', 'type': 'Player'}]",Player Combos,Keon Johnson Points + Rebounds + Assists
0QA239135561#188104574_13L42648Q11188862214Q20,2,239135561,20+,-750,1.13333334,1.13,2/15,Kristaps Porzingis,Unknown,11373,['SGP'],"[{'id': '32998', 'name': 'Kristaps Porzingis', 'type': 'Player'}]",Player Combos,Kristaps Porzingis Points + Rebounds + Assists
0QA239135561#188104575_13L42648Q1-1688762664Q20,2,239135561,25+,-230,1.43478261,1.43,10/23,Kristaps Porzingis,Unknown,14375,['SGP'],"[{'id': '32998', 'name': 'Kristaps Porzingis', 'type': 'Player'}]",Player Combos,Kristaps Porzingis Points + Rebounds + Assists
0QA239135561#188116092_13L42648Q1730158165Q20,2,239135561,29+,-110,1.90909091,1.90,10/11,Kristaps Porzingis,Unknown,19092,"['SGP', 'MostBalancedGlobalProbability']","[{'id': '32998', 'name': 'Kristaps Porzingis', 'type': 'Player'}]",Player Combos,Kristaps Porzingis Points + Rebounds + Assists
0QA239135561#188104576_13L42648Q1-510067049Q20,2,239135561,30+,+110,2.1,2.10,11/10,Kristaps Porzingis,Unknown,True,21076,"['MostBalancedOdds', 'SGP']","[{'id': '32998', 'name': 'Kristaps Porzingis', 'type': 'Player'}]",Player Combos,Kristaps Porzingis Points + Rebounds + Assists
0QA239135561#188104578_13L42648Q1478794995Q20,2,239135561,35+,+255,3.55,3.55,51/20,Kristaps Porzingis,Unknown,35578,['SGP'],"[{'id': '32998', 'name': 'Kristaps Porzingis', 'type': 'Player'}]",Player Combos,Kristaps Porzingis Points + Rebounds + Assists
0QA239135561#188104579_13L42648Q1-1155553128Q20,2,239135561,40+,+600,7,7.00,6/1,Kristaps Porzingis,Unknown,70079,['SGP'],"[{'id': '32998', 'name': 'Kristaps Porzingis', 'type': 'Player'}]",Player Combos,Kristaps Porzingis Points + Rebounds + Assists
0QA239135561#188104580_13L42648Q1-163272724Q20,2,239135561,45+,+1400,15,15.00,14/1,Kristaps Porzingis,Unknown,150080,['SGP'],"[{'id': '32998', 'name': 'Kristaps Porzingis', 'type': 'Player'}]",Player Combos,Kristaps Porzingis Points + Rebounds + Assists
0QA239135546#188104467_13L42648Q1-1458628324Q20,2,239135546,15+,-450,1.22222223,1.22,2/9,Nicolas Claxton,Unknown,12267,['SGP'],"[{'id': '32924', 'name': 'Nicolas Claxton', 'type': 'Player'}]",Player Combos,Nicolas Claxton Points + Rebounds + Assists
0QA239135546#188104469_13L42648Q11188862214Q20,2,239135546,20+,-115,1.86956522,1.86,20/23,Nicolas Claxton,Unknown,True,18669,"['MostBalancedOdds', 'SGP', 'MostBalancedGlobalProbability']","[{'id': '32924', 'name': 'Nicolas Claxton', 'type': 'Player'}]",Player Combos,Nicolas Claxton Points + Rebounds + Assists
0QA239135546#188104474_13L42648Q1-1688762664Q20,2,239135546,25+,+285,3.85,3.85,57/20,Nicolas Claxton,Unknown,38574,['SGP'],"[{'id': '32924', 'name': 'Nicolas Claxton', 'type': 'Player'}]",Player Combos,Nicolas Claxton Points + Rebounds + Assists
0QA239135546#188104477_13L42648Q1-510067049Q20,2,239135546,30+,+900,10,10.00,9/1,Nicolas Claxton,Unknown,100077,['SGP'],"[{'id': '32924', 'name': 'Nicolas Claxton', 'type': 'Player'}]",Player Combos,Nicolas Claxton Points + Rebounds + Assists
0QA239135585#188104626_13L42648Q1-2023603400Q20,2,239135585,10+,-1000,1.1,1.10,1/10,Ziaire Williams,Unknown,11026,['SGP'],"[{'id': '591011', 'name': 'Ziaire Williams', 'type': 'Player'}]",Player Combos,Ziaire Williams Points + Rebounds + Assists
0QA239135585#188104627_13L42648Q1-1458628324Q20,2,239135585,15+,-195,1.51282052,1.51,20/39,Ziaire Williams,Unknown,15127,['SGP'],"[{'id': '591011', 'name': 'Ziaire Williams', 'type': 'Player'}]",Player Combos,Ziaire Williams Points + Rebounds + Assists
0QA239135585#188104628_13L42648Q1-804713955Q20,2,239135585,17+,-120,1.83333334,1.83,5/6,Ziaire Williams,Unknown,True,18328,"['MostBalancedOdds', 'SGP', 'MostBalancedGlobalProbability']","[{'id': '591011', 'name': 'Ziaire Williams', 'type': 'Player'}]",Player Combos,Ziaire Williams Points + Rebounds + Assists
0QA239135585#188104629_13L42648Q11188862214Q20,2,239135585,20+,+165,2.65,2.65,33/20,Ziaire Williams,Unknown,26529,['SGP'],"[{'id': '591011', 'name': 'Ziaire Williams', 'type': 'Player'}]",Player Combos,Ziaire Williams Points + Rebounds + Assists
0QA239135585#188104630_13L42648Q1-1688762664Q20,2,239135585,25+,+500,6,6.00,5/1,Ziaire Williams,Unknown,60030,['SGP'],"[{'id': '591011', 'name': 'Ziaire Williams', 'type': 'Player'}]",Player Combos,Ziaire Williams Points + Rebounds + Assists
0QA239135585#188104631_13L42648Q1-510067049Q20,2,239135585,30+,+1500,16,16.00,15/1,Ziaire Williams,Unknown,160031,['SGP'],"[{'id': '591011', 'name': 'Ziaire Williams', 'type': 'Player'}]",Player Combos,Ziaire Williams Points + Rebounds + Assists
0QA239104177#187997221_13L42648Q1175325914Q20,2,239104177,10+,-1400,1.07142858,1.07,1/14,,Unknown,10721,Combined Player Props,LaMelo Ball & Mark Williams - Points - Both Players Each To Score
0QA239104177#187932361_13L42648Q11307062652Q20,2,239104177,15+,-215,1.46511628,1.46,20/43,,Unknown,14661,Combined Player Props,LaMelo Ball & Mark Williams - Points - Both Players Each To Score
0QA239104177#187932362_13L42648Q1-125855955Q20,2,239104177,20+,+175,2.75,2.75,7/4,,Unknown,27562,Combined Player Props,LaMelo Ball & Mark Williams - Points - Both Players Each To Score
0QA239104177#187932363_13L42648Q11923443628Q20,2,239104177,25+,+650,7.5,7.50,13/2,,Unknown,75063,Combined Player Props,LaMelo Ball & Mark Williams - Points - Both Players Each To Score
0QA239103398#187929021_13L42648Q1-125855955Q20,2,239103398,20+,-370,1.27027028,1.27,10/37,,Unknown,12721,Combined Player Props,LaMelo Ball & Trae Young - Points - Both Players Each To Score
0QA239103398#187929022_13L42648Q11923443628Q20,2,239103398,25+,-105,1.95238096,1.95,20/21,,Unknown,19522,Combined Player Props,LaMelo Ball & Trae Young - Points - Both Players Each To Score
0QA239103398#187929023_13L42648Q12007991813Q20,2,239103398,30+,+295,3.95,3.95,59/20,,Unknown,39523,Combined Player Props,LaMelo Ball & Trae Young - Points - Both Players Each To Score
0QA239103398#187932835_13L42648Q1-458975646Q20,2,239103398,35+,+900,10,10.00,9/1,,Unknown,100035,Combined Player Props,LaMelo Ball & Trae Young - Points - Both Players Each To Score
0QA239130763#188080956_13L42648Q1175325914Q20,2,239130763,10+,-750,1.13333334,1.13,2/15,,Unknown,11355,Combined Player Props,Onyeka Okongwu & LaMelo Ball - Points - Both Players Each To Score
0QA239130763#188080957_13L42648Q11307062652Q20,2,239130763,15+,-135,1.74074075,1.74,20/27,,Unknown,17457,Combined Player Props,Onyeka Okongwu & LaMelo Ball - Points - Both Players Each To Score
0QA239130763#188080958_13L42648Q1-125855955Q20,2,239130763,20+,+295,3.95,3.95,59/20,,Unknown,39558,Combined Player Props,Onyeka Okongwu & LaMelo Ball - Points - Both Players Each To Score
0QA239130764#188080960_13L42648Q1175325914Q20,2,239130764,10+,-475,1.21052632,1.21,4/19,,Unknown,12160,Combined Player Props,Onyeka Okongwu & Mark Williams - Points - Both Players Each To Score
0QA239130764#188080961_13L42648Q11307062652Q20,2,239130764,15+,+135,2.35,2.35,27/20,,Unknown,23561,Combined Player Props,Onyeka Okongwu & Mark Williams - Points - Both Players Each To Score
0QA239130764#188080962_13L42648Q1-125855955Q20,2,239130764,20+,+600,7,7.00,6/1,,Unknown,70062,Combined Player Props,Onyeka Okongwu & Mark Williams - Points - Both Players Each To Score
0QA239130762#188080953_13L42648Q1175325914Q20,2,239130762,10+,-800,1.125,1.12,1/8,,Unknown,11253,Combined Player Props,Onyeka Okongwu & Trae Young - Points - Both Players Each To Score
0QA239130762#188080954_13L42648Q11307062652Q20,2,239130762,15+,-130,1.76923077,1.76,10/13,,Unknown,17654,Combined Player Props,Onyeka Okongwu & Trae Young - Points - Both Players Each To Score
0QA239130762#188080955_13L42648Q1-125855955Q20,2,239130762,20+,+300,4,4.00,3/1,,Unknown,40055,Combined Player Props,Onyeka Okongwu & Trae Young - Points - Both Players Each To Score
0QA239104176#187932357_13L42648Q11307062652Q20,2,239104176,15+,-240,1.41666667,1.41,5/12,,Unknown,14157,Combined Player Props,Trae Young & Mark Williams - Points - Both Players Each To Score
0QA239104176#187932358_13L42648Q1-125855955Q20,2,239104176,20+,+145,2.45,2.45,29/20,,Unknown,24558,Combined Player Props,Trae Young & Mark Williams - Points - Both Players Each To Score
0QA239104176#187932359_13L42648Q11923443628Q20,2,239104176,25+,+500,6,6.00,5/1,,Unknown,60059,Combined Player Props,Trae Young & Mark Williams - Points - Both Players Each To Score
0QA239135394#188103774_13L42648Q1175325914Q20,2,239135394,10+,-235,1.42553192,1.42,20/47,,Unknown,14274,Combined Player Props,D'Angelo Russell & Cameron Johnson - Points - Both Players Each To Score
0QA239135394#188103776_13L42648Q11307062652Q20,2,239135394,15+,+205,3.05,3.05,41/20,,Unknown,30576,Combined Player Props,D'Angelo Russell & Cameron Johnson - Points - Both Players Each To Score
0QA239135394#188103777_13L42648Q1-125855955Q20,2,239135394,20+,+950,10.5,10.50,19/2,,Unknown,105077,Combined Player Props,D'Angelo Russell & Cameron Johnson - Points - Both Players Each To Score
0QA239135390#188103754_13L42648Q11307062652Q20,2,239135390,15+,-285,1.3508772,1.35,20/57,,Unknown,13554,Combined Player Props,Jayson Tatum & Cameron Johnson - Points - Both Players Each To Score
0QA239135390#188103755_13L42648Q1-125855955Q20,2,239135390,20+,+130,2.3,2.30,13/10,,Unknown,23055,Combined Player Props,Jayson Tatum & Cameron Johnson - Points - Both Players Each To Score
0QA239135390#188103756_13L42648Q11923443628Q20,2,239135390,25+,+425,5.25,5.25,17/4,,Unknown,52556,Combined Player Props,Jayson Tatum & Cameron Johnson - Points - Both Players Each To Score
0QA239135397#188103786_13L42648Q1175325914Q20,2,239135397,10+,-310,1.32258065,1.32,10/31,,Unknown,13286,Combined Player Props,Jayson Tatum & D'Angelo Russell - Points - Both Players Each To Score
0QA239135397#188103787_13L42648Q11307062652Q20,2,239135397,15+,+130,2.3,2.30,13/10,,Unknown,23087,Combined Player Props,Jayson Tatum & D'Angelo Russell - Points - Both Players Each To Score
0QA239135397#188103788_13L42648Q1-125855955Q20,2,239135397,20+,+425,5.25,5.25,17/4,,Unknown,52588,Combined Player Props,Jayson Tatum & D'Angelo Russell - Points - Both Players Each To Score
0QA239135395#188103778_13L42648Q11307062652Q20,2,239135395,15+,-265,1.3773585,1.37,20/53,,Unknown,13778,Combined Player Props,Jayson Tatum & Kristaps Porzingis - Points - Both Players Each To Score
0QA239135395#188103779_13L42648Q1-125855955Q20,2,239135395,20+,+145,2.45,2.45,29/20,,Unknown,24579,Combined Player Props,Jayson Tatum & Kristaps Porzingis - Points - Both Players Each To Score
0QA239135395#188103781_13L42648Q11923443628Q20,2,239135395,25+,+550,6.5,6.50,11/2,,Unknown,65081,Combined Player Props,Jayson Tatum & Kristaps Porzingis - Points - Both Players Each To Score
0QA239135396#188103780_13L42648Q1175325914Q20,2,239135396,10+,-900,1.11111112,1.11,1/9,,Unknown,11180,Combined Player Props,Kristaps Porzingis & Cameron Johnson - Points - Both Players Each To Score
0QA239135396#188103782_13L42648Q11307062652Q20,2,239135396,15+,-155,1.6451613,1.64,20/31,,Unknown,16482,Combined Player Props,Kristaps Porzingis & Cameron Johnson - Points - Both Players Each To Score
0QA239135396#188103784_13L42648Q1-125855955Q20,2,239135396,20+,+255,3.55,3.55,51/20,,Unknown,35584,Combined Player Props,Kristaps Porzingis & Cameron Johnson - Points - Both Players Each To Score
0QA239135396#188103785_13L42648Q11923443628Q20,2,239135396,25+,+1000,11,11.00,10/1,,Unknown,110085,Combined Player Props,Kristaps Porzingis & Cameron Johnson - Points - Both Players Each To Score
0QA239135391#188103750_13L42648Q1175325914Q20,2,239135391,10+,-255,1.39215687,1.39,20/51,,Unknown,13949,Combined Player Props,Kristaps Porzingis & D'Angelo Russell - Points - Both Players Each To Score
0QA239135391#188103751_13L42648Q11307062652Q20,2,239135391,15+,+175,2.75,2.75,7/4,,Unknown,27551,Combined Player Props,Kristaps Porzingis & D'Angelo Russell - Points - Both Players Each To Score
0QA239135391#188103752_13L42648Q1-125855955Q20,2,239135391,20+,+750,8.5,8.50,15/2,,Unknown,85052,Combined Player Props,Kristaps Porzingis & D'Angelo Russell - Points - Both Players Each To Score
0QA239122564#188041459_13L42648Q11307062652Q20,2,239122564,15+,-270,1.37037038,1.37,10/27,,Unknown,13759,Combined Player Props,Donovan Mitchell & Darius Garland - Points - Both Players Each To Score
0QA239122564#188041460_13L42648Q1-125855955Q20,2,239122564,20+,+140,2.4,2.40,7/5,,Unknown,24060,Combined Player Props,Donovan Mitchell & Darius Garland - Points - Both Players Each To Score
0QA239122564#188041461_13L42648Q11923443628Q20,2,239122564,25+,+500,6,6.00,5/1,,Unknown,60061,Combined Player Props,Donovan Mitchell & Darius Garland - Points - Both Players Each To Score
0QA239122562#188041452_13L42648Q11307062652Q20,2,239122562,15+,-255,1.39215687,1.39,20/51,,Unknown,13951,Combined Player Props,James Harden & Darius Garland - Points - Both Players Each To Score
0QA239122562#188041453_13L42648Q1-125855955Q20,2,239122562,20+,+150,2.5,2.50,6/4,,Unknown,25053,Combined Player Props,James Harden & Darius Garland - Points - Both Players Each To Score
0QA239122562#188041454_13L42648Q11923443628Q20,2,239122562,25+,+550,6.5,6.50,11/2,,Unknown,65054,Combined Player Props,James Harden & Darius Garland - Points - Both Players Each To Score
0QA239122563#188041455_13L42648Q11307062652Q20,2,239122563,15+,-475,1.21052632,1.21,4/19,,Unknown,12155,Combined Player Props,James Harden & Donovan Mitchell - Points - Both Players Each To Score
0QA239122563#188041456_13L42648Q1-125855955Q20,2,239122563,20+,-115,1.86956522,1.86,20/23,,Unknown,18656,Combined Player Props,James Harden & Donovan Mitchell - Points - Both Players Each To Score
0QA239122563#188041457_13L42648Q11923443628Q20,2,239122563,25+,+300,4,4.00,3/1,,Unknown,40057,Combined Player Props,James Harden & Donovan Mitchell - Points - Both Players Each To Score
0QA239122563#188041458_13L42648Q12007991813Q20,2,239122563,30+,+1000,11,11.00,10/1,,Unknown,110058,Combined Player Props,James Harden & Donovan Mitchell - Points - Both Players Each To Score
0QA239122565#188041462_13L42648Q11307062652Q20,2,239122565,15+,-400,1.25,1.25,1/4,,Unknown,12562,Combined Player Props,James Harden & Kawhi Leonard - Points - Both Players Each To Score
0QA239122565#188041463_13L42648Q1-125855955Q20,2,239122565,20+,+115,2.15,2.15,23/20,,Unknown,21563,Combined Player Props,James Harden & Kawhi Leonard - Points - Both Players Each To Score
0QA239122565#188041464_13L42648Q11923443628Q20,2,239122565,25+,+425,5.25,5.25,17/4,,Unknown,52564,Combined Player Props,James Harden & Kawhi Leonard - Points - Both Players Each To Score
0QA239122567#188041469_13L42648Q11307062652Q20,2,239122567,15+,-250,1.4,1.40,2/5,,Unknown,14069,Combined Player Props,Kawhi Leonard & Darius Garland - Points - Both Players Each To Score
0QA239122567#188041470_13L42648Q1-125855955Q20,2,239122567,20+,+155,2.55,2.55,31/20,,Unknown,25570,Combined Player Props,Kawhi Leonard & Darius Garland - Points - Both Players Each To Score
0QA239122567#188041471_13L42648Q11923443628Q20,2,239122567,25+,+550,6.5,6.50,11/2,,Unknown,65071,Combined Player Props,Kawhi Leonard & Darius Garland - Points - Both Players Each To Score
0QA239122566#188041465_13L42648Q11307062652Q20,2,239122566,15+,-475,1.21052632,1.21,4/19,,Unknown,12165,Combined Player Props,Kawhi Leonard & Donovan Mitchell - Points - Both Players Each To Score
0QA239122566#188041466_13L42648Q1-125855955Q20,2,239122566,20+,-115,1.86956522,1.86,20/23,,Unknown,18666,Combined Player Props,Kawhi Leonard & Donovan Mitchell - Points - Both Players Each To Score
0QA239122566#188041467_13L42648Q11923443628Q20,2,239122566,25+,+300,4,4.00,3/1,,Unknown,40067,Combined Player Props,Kawhi Leonard & Donovan Mitchell - Points - Both Players Each To Score
0QA239122566#188073589_13L42648Q12007991813Q20,2,239122566,30+,+1100,12,12.00,11/1,,Unknown,120089,Combined Player Props,Kawhi Leonard & Donovan Mitchell - Points - Both Players Each To Score
0QA239104188#187932398_13L42648Q1-499088908Q20,2,239104188,25+,-330,1.30303031,1.30,10/33,,Unknown,13098,Either Player Props,LaMelo Ball or Mark Williams - Either Players Points Scored
0QA239104188#187932399_13L42648Q1-477943804Q20,2,239104188,30+,-115,1.86956522,1.86,20/23,,Unknown,18699,Either Player Props,LaMelo Ball or Mark Williams - Either Players Points Scored
0QA239104188#187932400_13L42648Q1-1705158100Q20,2,239104188,35+,+215,3.15,3.15,43/20,,Unknown,31500,Either Player Props,LaMelo Ball or Mark Williams - Either Players Points Scored
0QA239104188#187932401_13L42648Q1-1458613049Q20,2,239104188,40+,+500,6,6.00,5/1,,Unknown,60001,Either Player Props,LaMelo Ball or Mark Williams - Either Players Points Scored
0QA239103421#187929103_13L42648Q1-499088908Q20,2,239103421,25+,-1400,1.07142858,1.07,1/14,,Unknown,10703,Either Player Props,LaMelo Ball or Trae Young - Either Players Points Scored
0QA239103421#187929104_13L42648Q1-477943804Q20,2,239103421,30+,-290,1.34482759,1.34,10/29,,Unknown,13404,Either Player Props,LaMelo Ball or Trae Young - Either Players Points Scored
0QA239103421#187929105_13L42648Q1-1705158100Q20,2,239103421,35+,+105,2.05,2.05,21/20,,Unknown,20505,Either Player Props,LaMelo Ball or Trae Young - Either Players Points Scored
0QA239103421#187929106_13L42648Q1-1458613049Q20,2,239103421,40+,+280,3.8,3.80,14/5,,Unknown,38006,Either Player Props,LaMelo Ball or Trae Young - Either Players Points Scored
0QA239103421#187932406_13L42648Q1-258082446Q20,2,239103421,45+,+700,8,8.00,7/1,,Unknown,80006,Either Player Props,LaMelo Ball or Trae Young - Either Players Points Scored
0QA239130767#188080969_13L42648Q1-1846134987Q20,2,239130767,20+,-1000,1.1,1.10,1/10,,Unknown,11069,Either Player Props,Onyeka Okongwu or LaMelo Ball - Either Players Points Scored
0QA239130767#188080970_13L42648Q1-499088908Q20,2,239130767,25+,-265,1.3773585,1.37,20/53,,Unknown,13770,Either Player Props,Onyeka Okongwu or LaMelo Ball - Either Players Points Scored
0QA239130767#188080971_13L42648Q1-477943804Q20,2,239130767,30+,+100,2,2.00,1/1,,Unknown,20071,Either Player Props,Onyeka Okongwu or LaMelo Ball - Either Players Points Scored
0QA239130767#188080972_13L42648Q1-1705158100Q20,2,239130767,35+,+230,3.3,3.30,23/10,,Unknown,33072,Either Player Props,Onyeka Okongwu or LaMelo Ball - Either Players Points Scored
0QA239130767#188080973_13L42648Q1-1458613049Q20,2,239130767,40+,+500,6,6.00,5/1,,Unknown,60073,Either Player Props,Onyeka Okongwu or LaMelo Ball - Either Players Points Scored
0QA239130768#188080974_13L42648Q1-342312156Q20,2,239130768,15+,-800,1.125,1.12,1/8,,Unknown,11274,Either Player Props,Onyeka Okongwu or Mark Williams - Either Players Points Scored
0QA239130768#188080975_13L42648Q1-1846134987Q20,2,239130768,20+,-145,1.68965518,1.68,20/29,,Unknown,16875,Either Player Props,Onyeka Okongwu or Mark Williams - Either Players Points Scored
0QA239130768#188080976_13L42648Q1-499088908Q20,2,239130768,25+,+250,3.5,3.50,5/2,,Unknown,35076,Either Player Props,Onyeka Okongwu or Mark Williams - Either Players Points Scored
0QA239130768#188080977_13L42648Q1-477943804Q20,2,239130768,30+,+800,9,9.00,8/1,,Unknown,90077,Either Player Props,Onyeka Okongwu or Mark Williams - Either Players Points Scored
0QA239130766#188080965_13L42648Q1-499088908Q20,2,239130766,25+,-340,1.29411765,1.29,5/17,,Unknown,12965,Either Player Props,Onyeka Okongwu or Trae Young - Either Players Points Scored
0QA239130766#188080966_13L42648Q1-477943804Q20,2,239130766,30+,-110,1.90909091,1.90,10/11,,Unknown,19066,Either Player Props,Onyeka Okongwu or Trae Young - Either Players Points Scored
0QA239130766#188080967_13L42648Q1-1705158100Q20,2,239130766,35+,+230,3.3,3.30,23/10,,Unknown,33067,Either Player Props,Onyeka Okongwu or Trae Young - Either Players Points Scored
0QA239130766#188080968_13L42648Q1-1458613049Q20,2,239130766,40+,+550,6.5,6.50,11/2,,Unknown,65068,Either Player Props,Onyeka Okongwu or Trae Young - Either Players Points Scored
0QA239104187#187932394_13L42648Q1-499088908Q20,2,239104187,25+,-400,1.25,1.25,1/4,,Unknown,12594,Either Player Props,Trae Young or Mark Williams - Either Players Points Scored
0QA239104187#187932395_13L42648Q1-477943804Q20,2,239104187,30+,-120,1.83333334,1.83,5/6,,Unknown,18395,Either Player Props,Trae Young or Mark Williams - Either Players Points Scored
0QA239104187#187932396_13L42648Q1-1705158100Q20,2,239104187,35+,+220,3.2,3.20,11/5,,Unknown,32096,Either Player Props,Trae Young or Mark Williams - Either Players Points Scored
0QA239104187#187932397_13L42648Q1-1458613049Q20,2,239104187,40+,+550,6.5,6.50,11/2,,Unknown,65097,Either Player Props,Trae Young or Mark Williams - Either Players Points Scored
0QA239135418#188103869_13L42648Q1-342312156Q20,2,239135418,15+,-750,1.13333334,1.13,2/15,,Unknown,11368,Either Player Props,D'Angelo Russell or Cameron Johnson - Either Players Points Scored
0QA239135418#188103870_13L42648Q1-1846134987Q20,2,239135418,20+,-145,1.68965518,1.68,20/29,,Unknown,16870,Either Player Props,D'Angelo Russell or Cameron Johnson - Either Players Points Scored
0QA239135418#188103871_13L42648Q1-499088908Q20,2,239135418,25+,+225,3.25,3.25,9/4,,Unknown,32571,Either Player Props,D'Angelo Russell or Cameron Johnson - Either Players Points Scored
0QA239135418#188103872_13L42648Q1-477943804Q20,2,239135418,30+,+700,8,8.00,7/1,,Unknown,80072,Either Player Props,D'Angelo Russell or Cameron Johnson - Either Players Points Scored
0QA239135416#188103861_13L42648Q1-499088908Q20,2,239135416,25+,-390,1.25641026,1.25,10/39,,Unknown,12561,Either Player Props,Jayson Tatum or Cameron Johnson - Either Players Points Scored
0QA239135416#188103862_13L42648Q1-477943804Q20,2,239135416,30+,-125,1.8,1.80,4/5,,Unknown,18062,Either Player Props,Jayson Tatum or Cameron Johnson - Either Players Points Scored
0QA239135416#188103863_13L42648Q1-1705158100Q20,2,239135416,35+,+210,3.1,3.10,21/10,,Unknown,31063,Either Player Props,Jayson Tatum or Cameron Johnson - Either Players Points Scored
0QA239135416#188103864_13L42648Q1-1458613049Q20,2,239135416,40+,+550,6.5,6.50,11/2,,Unknown,65064,Either Player Props,Jayson Tatum or Cameron Johnson - Either Players Points Scored
0QA239135421#188112426_13L42648Q1-1846134987Q20,2,239135421,20+,-1200,1.08333334,1.08,1/12,,Unknown,10826,Either Player Props,Jayson Tatum or D'Angelo Russell - Either Players Points Scored
0QA239135421#188103882_13L42648Q1-499088908Q20,2,239135421,25+,-310,1.32258065,1.32,10/31,,Unknown,13282,Either Player Props,Jayson Tatum or D'Angelo Russell - Either Players Points Scored
0QA239135421#188103883_13L42648Q1-477943804Q20,2,239135421,30+,-105,1.95238096,1.95,20/21,,Unknown,19583,Either Player Props,Jayson Tatum or D'Angelo Russell - Either Players Points Scored
0QA239135421#188103884_13L42648Q1-1705158100Q20,2,239135421,35+,+225,3.25,3.25,9/4,,Unknown,32584,Either Player Props,Jayson Tatum or D'Angelo Russell - Either Players Points Scored
0QA239135421#188103885_13L42648Q1-1458613049Q20,2,239135421,40+,+550,6.5,6.50,11/2,,Unknown,65085,Either Player Props,Jayson Tatum or D'Angelo Russell - Either Players Points Scored
0QA239135419#188103877_13L42648Q1-499088908Q20,2,239135419,25+,-425,1.23529412,1.23,4/17,,Unknown,12377,Either Player Props,Jayson Tatum or Kristaps Porzingis - Either Players Points Scored
0QA239135419#188103878_13L42648Q1-477943804Q20,2,239135419,30+,-125,1.8,1.80,4/5,,Unknown,18078,Either Player Props,Jayson Tatum or Kristaps Porzingis - Either Players Points Scored
0QA239135419#188103879_13L42648Q1-1705158100Q20,2,239135419,35+,+215,3.15,3.15,43/20,,Unknown,31579,Either Player Props,Jayson Tatum or Kristaps Porzingis - Either Players Points Scored
0QA239135419#188103880_13L42648Q1-1458613049Q20,2,239135419,40+,+550,6.5,6.50,11/2,,Unknown,65080,Either Player Props,Jayson Tatum or Kristaps Porzingis - Either Players Points Scored
0QA239135420#188103873_13L42648Q1-1846134987Q20,2,239135420,20+,-330,1.30303031,1.30,10/33,,Unknown,13073,Either Player Props,Kristaps Porzingis or Cameron Johnson - Either Players Points Scored
0QA239135420#188103874_13L42648Q1-499088908Q20,2,239135420,25+,+110,2.1,2.10,11/10,,Unknown,21074,Either Player Props,Kristaps Porzingis or Cameron Johnson - Either Players Points Scored
0QA239135420#188103875_13L42648Q1-477943804Q20,2,239135420,30+,+340,4.4,4.40,17/5,,Unknown,44075,Either Player Props,Kristaps Porzingis or Cameron Johnson - Either Players Points Scored
0QA239135420#188103876_13L42648Q1-1705158100Q20,2,239135420,35+,+950,10.5,10.50,19/2,,Unknown,105076,Either Player Props,Kristaps Porzingis or Cameron Johnson - Either Players Points Scored
0QA239135417#188112425_13L42648Q1-342312156Q20,2,239135417,15+,-900,1.11111112,1.11,1/9,,Unknown,11125,Either Player Props,Kristaps Porzingis or D'Angelo Russell - Either Players Points Scored
0QA239135417#188103865_13L42648Q1-1846134987Q20,2,239135417,20+,-175,1.57142858,1.57,4/7,,Unknown,15765,Either Player Props,Kristaps Porzingis or D'Angelo Russell - Either Players Points Scored
0QA239135417#188103866_13L42648Q1-499088908Q20,2,239135417,25+,+180,2.8,2.80,9/5,,Unknown,28066,Either Player Props,Kristaps Porzingis or D'Angelo Russell - Either Players Points Scored
0QA239135417#188103867_13L42648Q1-477943804Q20,2,239135417,30+,+475,5.75,5.75,19/4,,Unknown,57567,Either Player Props,Kristaps Porzingis or D'Angelo Russell - Either Players Points Scored
0QA239122595#188041551_13L42648Q1-1846134987Q20,2,239122595,20+,-1000,1.1,1.10,1/10,,Unknown,11051,Either Player Props,Donovan Mitchell or Darius Garland - Either Players Points Scored
0QA239122595#188041552_13L42648Q1-499088908Q20,2,239122595,25+,-225,1.44444445,1.44,4/9,,Unknown,14452,Either Player Props,Donovan Mitchell or Darius Garland - Either Players Points Scored
0QA239122595#188041553_13L42648Q1-477943804Q20,2,239122595,30+,+140,2.4,2.40,7/5,,Unknown,24053,Either Player Props,Donovan Mitchell or Darius Garland - Either Players Points Scored
0QA239122595#188041554_13L42648Q1-1705158100Q20,2,239122595,35+,+390,4.9,4.90,39/10,,Unknown,49054,Either Player Props,Donovan Mitchell or Darius Garland - Either Players Points Scored
0QA239122595#188041555_13L42648Q1-1458613049Q20,2,239122595,40+,+1000,11,11.00,10/1,,Unknown,110055,Either Player Props,Donovan Mitchell or Darius Garland - Either Players Points Scored
0QA239122594#188041556_13L42648Q1-1846134987Q20,2,239122594,20+,-650,1.15384616,1.15,2/13,,Unknown,11556,Either Player Props,James Harden or Darius Garland - Either Players Points Scored
0QA239122594#188041557_13L42648Q1-499088908Q20,2,239122594,25+,-155,1.6451613,1.64,20/31,,Unknown,16457,Either Player Props,James Harden or Darius Garland - Either Players Points Scored
0QA239122594#188041558_13L42648Q1-477943804Q20,2,239122594,30+,+195,2.95,2.95,39/20,,Unknown,29558,Either Player Props,James Harden or Darius Garland - Either Players Points Scored
0QA239122594#188041559_13L42648Q1-1705158100Q20,2,239122594,35+,+550,6.5,6.50,11/2,,Unknown,65059,Either Player Props,James Harden or Darius Garland - Either Players Points Scored
0QA239122593#188116240_13L42648Q1-1846134987Q20,2,239122593,20+,-1400,1.07142858,1.07,1/14,,Unknown,10740,Either Player Props,James Harden or Donovan Mitchell - Either Players Points Scored
0QA239122593#188041561_13L42648Q1-499088908Q20,2,239122593,25+,-280,1.35714286,1.35,5/14,,Unknown,13561,Either Player Props,James Harden or Donovan Mitchell - Either Players Points Scored
0QA239122593#188041562_13L42648Q1-477943804Q20,2,239122593,30+,+115,2.15,2.15,23/20,,Unknown,21562,Either Player Props,James Harden or Donovan Mitchell - Either Players Points Scored
0QA239122593#188041563_13L42648Q1-1705158100Q20,2,239122593,35+,+330,4.3,4.30,33/10,,Unknown,43063,Either Player Props,James Harden or Donovan Mitchell - Either Players Points Scored
0QA239122593#188041564_13L42648Q1-1458613049Q20,2,239122593,40+,+850,9.5,9.50,17/2,,Unknown,95064,Either Player Props,James Harden or Donovan Mitchell - Either Players Points Scored
0QA239122596#188114493_13L42648Q1-1846134987Q20,2,239122596,20+,-1400,1.07142858,1.07,1/14,,Unknown,10793,Either Player Props,James Harden or Kawhi Leonard - Either Players Points Scored
0QA239122596#188041565_13L42648Q1-499088908Q20,2,239122596,25+,-235,1.42553192,1.42,20/47,,Unknown,14265,Either Player Props,James Harden or Kawhi Leonard - Either Players Points Scored
0QA239122596#188041566_13L42648Q1-477943804Q20,2,239122596,30+,+145,2.45,2.45,29/20,,Unknown,24566,Either Player Props,James Harden or Kawhi Leonard - Either Players Points Scored
0QA239122596#188041567_13L42648Q1-1705158100Q20,2,239122596,35+,+425,5.25,5.25,17/4,,Unknown,52567,Either Player Props,James Harden or Kawhi Leonard - Either Players Points Scored
0QA239122598#188041574_13L42648Q1-1846134987Q20,2,239122598,20+,-650,1.15384616,1.15,2/13,,Unknown,11574,Either Player Props,Kawhi Leonard or Darius Garland - Either Players Points Scored
0QA239122598#188041575_13L42648Q1-499088908Q20,2,239122598,25+,-160,1.625,1.62,5/8,,Unknown,16275,Either Player Props,Kawhi Leonard or Darius Garland - Either Players Points Scored
0QA239122598#188041576_13L42648Q1-477943804Q20,2,239122598,30+,+200,3,3.00,2/1,,Unknown,30076,Either Player Props,Kawhi Leonard or Darius Garland - Either Players Points Scored
0QA239122598#188041577_13L42648Q1-1705158100Q20,2,239122598,35+,+550,6.5,6.50,11/2,,Unknown,65077,Either Player Props,Kawhi Leonard or Darius Garland - Either Players Points Scored
0QA239122597#188041569_13L42648Q1-1846134987Q20,2,239122597,20+,-1400,1.07142858,1.07,1/14,,Unknown,10769,Either Player Props,Kawhi Leonard or Donovan Mitchell - Either Players Points Scored
0QA239122597#188041570_13L42648Q1-499088908Q20,2,239122597,25+,-280,1.35714286,1.35,5/14,,Unknown,13570,Either Player Props,Kawhi Leonard or Donovan Mitchell - Either Players Points Scored
0QA239122597#188041571_13L42648Q1-477943804Q20,2,239122597,30+,+115,2.15,2.15,23/20,,Unknown,21571,Either Player Props,Kawhi Leonard or Donovan Mitchell - Either Players Points Scored
0QA239122597#188041572_13L42648Q1-1705158100Q20,2,239122597,35+,+330,4.3,4.30,33/10,,Unknown,43072,Either Player Props,Kawhi Leonard or Donovan Mitchell - Either Players Points Scored
0QA239122597#188041573_13L42648Q1-1458613049Q20,2,239122597,40+,+900,10,10.00,9/1,,Unknown,100073,Either Player Props,Kawhi Leonard or Donovan Mitchell - Either Players Points Scored
0QA239128521#188068231_13L42648Q1-1052893519Q20,2,239128521,12+,-130,1.76923077,1.76,10/13,Brandon Clarke,Unknown,True,17631,"['MostBalancedOdds', 'SGP', 'MostBalancedGlobalProbability']","[{'id': '33148', 'name': 'Brandon Clarke', 'type': 'Player'}]",Live Player Points,Brandon Clarke Points
0QA239128521#188068233_13L42648Q11776394068Q20,2,239128521,15+,+245,3.45,3.45,49/20,Brandon Clarke,Unknown,34533,['SGP'],"[{'id': '33148', 'name': 'Brandon Clarke', 'type': 'Player'}]",Live Player Points,Brandon Clarke Points
0QA239128521#188068236_13L42648Q1-1732659040Q20,2,239128521,18+,+700,8,8.00,7/1,Brandon Clarke,Unknown,80036,['SGP'],"[{'id': '33148', 'name': 'Brandon Clarke', 'type': 'Player'}]",Live Player Points,Brandon Clarke Points
0QA239128544#188068363_13L42648Q1-691096698Q20,2,239128544,20+,-275,1.36363637,1.36,4/11,DeMar DeRozan,Unknown,13663,['SGP'],"[{'id': '33357', 'name': 'DeMar DeRozan', 'type': 'Player'}]",Live Player Points,DeMar DeRozan Points
0QA239128544#188068366_13L42648Q1-2093521500Q20,2,239128544,22+,-115,1.86956522,1.86,20/23,DeMar DeRozan,Unknown,True,18666,"['MostBalancedOdds', 'SGP', 'MostBalancedGlobalProbability']","[{'id': '33357', 'name': 'DeMar DeRozan', 'type': 'Player'}]",Live Player Points,DeMar DeRozan Points
0QA239128544#188068369_13L42648Q188360458Q20,2,239128544,25+,+255,3.55,3.55,51/20,DeMar DeRozan,Unknown,35569,['SGP'],"[{'id': '33357', 'name': 'DeMar DeRozan', 'type': 'Player'}]",Live Player Points,DeMar DeRozan Points
0QA239128528#188128480_13L42648Q1-1238194128Q20,2,239128528,40+,-135,1.74074075,1.74,20/27,Desmond Bane,Unknown,True,17480,"['MostBalancedOdds', 'SGP', 'MostBalancedGlobalProbability']","[{'id': '527237', 'name': 'Desmond Bane', 'type': 'Player'}]",Live Player Points,Desmond Bane Points
0QA239128528#188130091_13L42648Q12130041766Q20,2,239128528,45+,+390,4.9,4.90,39/10,Desmond Bane,Unknown,49091,['SGP'],"[{'id': '527237', 'name': 'Desmond Bane', 'type': 'Player'}]",Live Player Points,Desmond Bane Points
0QA239128542#188069085_13L42648Q1-1052893519Q20,2,239128542,12+,+200,3,3.00,2/1,Domantas Sabonis,Unknown,True,30085,"['MostBalancedOdds', 'SGP', 'MostBalancedGlobalProbability']","[{'id': '33091', 'name': 'Domantas Sabonis', 'type': 'Player'}]",Live Player Points,Domantas Sabonis Points
0QA239128542#188068339_13L42648Q11776394068Q20,2,239128542,15+,+950,10.5,10.50,19/2,Domantas Sabonis,Unknown,105039,['SGP'],"[{'id': '33091', 'name': 'Domantas Sabonis', 'type': 'Player'}]",Live Player Points,Domantas Sabonis Points
0QA239128546#188128667_13L42648Q11776394068Q20,2,239128546,15+,-250,1.4,1.40,2/5,Jaren Jackson Jr.,Unknown,14067,['SGP'],"[{'id': '33142', 'name': 'Jaren Jackson Jr.', 'type': 'Player'}]",Live Player Points,Jaren Jackson Jr. Points
0QA239128546#188134957_13L42648Q11148349463Q20,2,239128546,17+,-110,1.90909091,1.90,10/11,Jaren Jackson Jr.,Unknown,True,19057,"['MostBalancedOdds', 'SGP', 'MostBalancedGlobalProbability']","[{'id': '33142', 'name': 'Jaren Jackson Jr.', 'type': 'Player'}]",Live Player Points,Jaren Jackson Jr. Points
0QA239128546#188071997_13L42648Q1-1732659040Q20,2,239128546,18+,+135,2.35,2.35,27/20,Jaren Jackson Jr.,Unknown,23597,['SGP'],"[{'id': '33142', 'name': 'Jaren Jackson Jr.', 'type': 'Player'}]",Live Player Points,Jaren Jackson Jr. Points
0QA239128546#188068365_13L42648Q1-691096698Q20,2,239128546,20+,+285,3.85,3.85,57/20,Jaren Jackson Jr.,Unknown,38565,['SGP'],"[{'id': '33142', 'name': 'Jaren Jackson Jr.', 'type': 'Player'}]",Live Player Points,Jaren Jackson Jr. Points
0QA239128520#188068235_13L42648Q1-1052893519Q20,2,239128520,12+,+235,3.35,3.35,47/20,Jaylen Wells,Unknown,True,33535,"['MostBalancedOdds', 'SGP', 'MostBalancedGlobalProbability']","[{'id': '800655', 'name': 'Jaylen Wells', 'type': 'Player'}]",Live Player Points,Jaylen Wells Points
0QA239128520#188068238_13L42648Q11776394068Q20,2,239128520,15+,+700,8,8.00,7/1,Jaylen Wells,Unknown,80038,['SGP'],"[{'id': '800655', 'name': 'Jaylen Wells', 'type': 'Player'}]",Live Player Points,Jaylen Wells Points
0QA239128543#188068349_13L42648Q1-1732659040Q20,2,239128543,18+,+105,2.05,2.05,21/20,Keegan Murray,Unknown,True,20549,"['MostBalancedOdds', 'SGP', 'MostBalancedGlobalProbability']","[{'id': '649547', 'name': 'Keegan Murray', 'type': 'Player'}]",Live Player Points,Keegan Murray Points
0QA239128543#188068350_13L42648Q1-691096698Q20,2,239128543,20+,+265,3.65,3.65,53/20,Keegan Murray,Unknown,36550,['SGP'],"[{'id': '649547', 'name': 'Keegan Murray', 'type': 'Player'}]",Live Player Points,Keegan Murray Points
0QA239128545#188068367_13L42648Q11776394068Q20,2,239128545,15+,+145,2.45,2.45,29/20,Keon Ellis,Unknown,True,24567,"['MostBalancedOdds', 'SGP', 'MostBalancedGlobalProbability']","[{'id': '649606', 'name': 'Keon Ellis', 'type': 'Player'}]",Live Player Points,Keon Ellis Points
0QA239128545#188078862_13L42648Q1-1732659040Q20,2,239128545,18+,+425,5.25,5.25,17/4,Keon Ellis,Unknown,52562,['SGP'],"[{'id': '649606', 'name': 'Keon Ellis', 'type': 'Player'}]",Live Player Points,Keon Ellis Points
0QA239128545#188089902_13L42648Q1-691096698Q20,2,239128545,20+,+750,8.5,8.50,15/2,Keon Ellis,Unknown,85002,['SGP'],"[{'id': '649606', 'name': 'Keon Ellis', 'type': 'Player'}]",Live Player Points,Keon Ellis Points
0QA239128574#188068438_13L42648Q1-1052893519Q20,2,239128574,12+,+215,3.15,3.15,43/20,Luke Kennard,Unknown,True,31538,"['MostBalancedOdds', 'SGP', 'MostBalancedGlobalProbability']","[{'id': '33042', 'name': 'Luke Kennard', 'type': 'Player'}]",Live Player Points,Luke Kennard Points
0QA239128574#188068440_13L42648Q11776394068Q20,2,239128574,15+,+700,8,8.00,7/1,Luke Kennard,Unknown,80040,['SGP'],"[{'id': '33042', 'name': 'Luke Kennard', 'type': 'Player'}]",Live Player Points,Luke Kennard Points
0QA239128573#188068446_13L42648Q188360458Q20,2,239128573,25+,+105,2.05,2.05,21/20,Malik Monk,Unknown,True,20546,"['MostBalancedOdds', 'SGP', 'MostBalancedGlobalProbability']","[{'id': '32941', 'name': 'Malik Monk', 'type': 'Player'}]",Live Player Points,Malik Monk Points
0QA239128573#188068448_13L42648Q1-2136610075Q20,2,239128573,30+,+650,7.5,7.50,13/2,Malik Monk,Unknown,75048,['SGP'],"[{'id': '32941', 'name': 'Malik Monk', 'type': 'Player'}]",Live Player Points,Malik Monk Points
0QA239128529#188068272_13L42648Q11776394068Q20,2,239128529,15+,+360,4.6,4.60,18/5,Zach Edey,Unknown,True,46072,"['MostBalancedOdds', 'SGP', 'MostBalancedGlobalProbability']","[{'id': '726300', 'name': 'Zach Edey', 'type': 'Player'}]",Live Player Points,Zach Edey Points
0QA239128529#188076490_13L42648Q1-1732659040Q20,2,239128529,18+,+900,10,10.00,9/1,Zach Edey,Unknown,100090,['SGP'],"[{'id': '726300', 'name': 'Zach Edey', 'type': 'Player'}]",Live Player Points,Zach Edey Points
0QA239128527#188068268_13L42648Q188360458Q20,2,239128527,25+,-120,1.83333334,1.83,5/6,Zach LaVine,Unknown,True,18368,"['MostBalancedOdds', 'SGP', 'MostBalancedGlobalProbability']","[{'id': '32963', 'name': 'Zach LaVine', 'type': 'Player'}]",Live Player Points,Zach LaVine Points
0QA239128527#188068269_13L42648Q1-2136610075Q20,2,239128527,30+,+425,5.25,5.25,17/4,Zach LaVine,Unknown,52569,['SGP'],"[{'id': '32963', 'name': 'Zach LaVine', 'type': 'Player'}]",Live Player Points,Zach LaVine Points
0QA239134758#188119861_13L42648Q1-691096698Q20,2,239134758,20+,+125,2.25,2.25,5/4,Gary Payton II,Unknown,True,22561,"['MostBalancedOdds', 'SGP', 'MostBalancedGlobalProbability']","[{'id': '116047', 'name': 'Gary Payton II', 'type': 'Player'}]",Live Player Points,Gary Payton II Points
0QA239134758#188132084_13L42648Q188360458Q20,2,239134758,25+,+950,10.5,10.50,19/2,Gary Payton II,Unknown,105084,['SGP'],"[{'id': '116047', 'name': 'Gary Payton II', 'type': 'Player'}]",Live Player Points,Gary Payton II Points
0QA239129368#188072525_13L42648Q1-1732659040Q20,2,239129368,18+,-285,1.3508772,1.35,20/57,Jimmy Butler,Unknown,13525,['SGP'],"[{'id': '33155', 'name': 'Jimmy Butler', 'type': 'Player'}]",Live Player Points,Jimmy Butler Points
0QA239129368#188072529_13L42648Q1-691096698Q20,2,239129368,20+,-120,1.83333334,1.83,5/6,Jimmy Butler,Unknown,True,18329,"['MostBalancedOdds', 'SGP', 'MostBalancedGlobalProbability']","[{'id': '33155', 'name': 'Jimmy Butler', 'type': 'Player'}]",Live Player Points,Jimmy Butler Points
0QA239129368#188072533_13L42648Q188360458Q20,2,239129368,25+,+500,6,6.00,5/1,Jimmy Butler,Unknown,60033,['SGP'],"[{'id': '33155', 'name': 'Jimmy Butler', 'type': 'Player'}]",Live Player Points,Jimmy Butler Points
0QA239129325#188072336_13L42648Q188360458Q20,2,239129325,25+,-240,1.41666667,1.41,5/12,Michael Porter Jr.,Unknown,14136,['SGP'],"[{'id': '33026', 'name': 'Michael Porter Jr.', 'type': 'Player'}]",Live Player Points,Michael Porter Jr. Points
0QA239129325#188114468_13L42648Q1-102098148Q20,2,239129325,27+,-115,1.86956522,1.86,20/23,Michael Porter Jr.,Unknown,True,18668,"['MostBalancedOdds', 'SGP', 'MostBalancedGlobalProbability']","[{'id': '33026', 'name': 'Michael Porter Jr.', 'type': 'Player'}]",Live Player Points,Michael Porter Jr. Points
0QA239129325#188072337_13L42648Q1-2136610075Q20,2,239129325,30+,+225,3.25,3.25,9/4,Michael Porter Jr.,Unknown,32537,['SGP'],"[{'id': '33026', 'name': 'Michael Porter Jr.', 'type': 'Player'}]",Live Player Points,Michael Porter Jr. Points
0QA239129325#188083237_13L42648Q1-2078290019Q20,2,239129325,35+,+1000,11,11.00,10/1,Michael Porter Jr.,Unknown,110037,['SGP'],"[{'id': '33026', 'name': 'Michael Porter Jr.', 'type': 'Player'}]",Live Player Points,Michael Porter Jr. Points
0QA239129370#188072524_13L42648Q1-806301197Q20,2,239129370,10+,-115,1.86956522,1.86,20/23,Moses Moody,Unknown,True,18624,"['MostBalancedOdds', 'SGP', 'MostBalancedGlobalProbability']","[{'id': '591015', 'name': 'Moses Moody', 'type': 'Player'}]",Live Player Points,Moses Moody Points
0QA239129370#188072528_13L42648Q1-1052893519Q20,2,239129370,12+,+195,2.95,2.95,39/20,Moses Moody,Unknown,29528,['SGP'],"[{'id': '591015', 'name': 'Moses Moody', 'type': 'Player'}]",Live Player Points,Moses Moody Points
0QA239129370#188072535_13L42648Q11776394068Q20,2,239129370,15+,+550,6.5,6.50,11/2,Moses Moody,Unknown,65035,['SGP'],"[{'id': '591015', 'name': 'Moses Moody', 'type': 'Player'}]",Live Player Points,Moses Moody Points
0QA239129326#188072339_13L42648Q1-1052893519Q20,2,239129326,12+,+130,2.3,2.30,13/10,Peyton Watson,Unknown,True,23039,"['MostBalancedOdds', 'SGP', 'MostBalancedGlobalProbability']","[{'id': '649577', 'name': 'Peyton Watson', 'type': 'Player'}]",Live Player Points,Peyton Watson Points
0QA239129326#188072340_13L42648Q11776394068Q20,2,239129326,15+,+400,5,5.00,4/1,Peyton Watson,Unknown,50040,['SGP'],"[{'id': '649577', 'name': 'Peyton Watson', 'type': 'Player'}]",Live Player Points,Peyton Watson Points
0QA239129326#188072341_13L42648Q1-1732659040Q20,2,239129326,18+,+1200,13,13.00,12/1,Peyton Watson,Unknown,130041,['SGP'],"[{'id': '649577', 'name': 'Peyton Watson', 'type': 'Player'}]",Live Player Points,Peyton Watson Points
0QA239129318#188118318_13L42648Q1-806301197Q20,2,239129318,10+,-165,1.60606061,1.60,20/33,Russell Westbrook,Unknown,16018,['SGP'],"[{'id': '33068', 'name': 'Russell Westbrook', 'type': 'Player'}]",Live Player Points,Russell Westbrook Points
0QA239129318#188136414_13L42648Q1-1673081763Q20,2,239129318,11+,-120,1.83333334,1.83,5/6,Russell Westbrook,Unknown,18314,"['SGP', 'MostBalancedGlobalProbability']","[{'id': '33068', 'name': 'Russell Westbrook', 'type': 'Player'}]",Live Player Points,Russell Westbrook Points
0QA239129318#188089386_13L42648Q1-1052893519Q20,2,239129318,12+,+120,2.2,2.20,6/5,Russell Westbrook,Unknown,True,22086,"['MostBalancedOdds', 'SGP']","[{'id': '33068', 'name': 'Russell Westbrook', 'type': 'Player'}]",Live Player Points,Russell Westbrook Points
0QA239129318#188072251_13L42648Q11776394068Q20,2,239129318,15+,+310,4.1,4.10,31/10,Russell Westbrook,Unknown,41051,['SGP'],"[{'id': '33068', 'name': 'Russell Westbrook', 'type': 'Player'}]",Live Player Points,Russell Westbrook Points
0QA239129318#188072252_13L42648Q1-1732659040Q20,2,239129318,18+,+800,9,9.00,8/1,Russell Westbrook,Unknown,90052,['SGP'],"[{'id': '33068', 'name': 'Russell Westbrook', 'type': 'Player'}]",Live Player Points,Russell Westbrook Points
0QA239129464#188073121_13L42648Q188360458Q20,2,239129464,25+,-140,1.71428572,1.71,5/7,Stephen Curry,Unknown,True,17121,"['MostBalancedOdds', 'SGP', 'MostBalancedGlobalProbability']","[{'id': '33049', 'name': 'Stephen Curry', 'type': 'Player'}]",Live Player Points,Stephen Curry Points
0QA239129464#188073123_13L42648Q1-2136610075Q20,2,239129464,30+,+300,4,4.00,3/1,Stephen Curry,Unknown,40023,['SGP'],"[{'id': '33049', 'name': 'Stephen Curry', 'type': 'Player'}]",Live Player Points,Stephen Curry Points
0QA239129464#188073124_13L42648Q1-2078290019Q20,2,239129464,35+,+1100,12,12.00,11/1,Stephen Curry,Unknown,120024,['SGP'],"[{'id': '33049', 'name': 'Stephen Curry', 'type': 'Player'}]",Live Player Points,Stephen Curry Points
0QA239129360#188072505_13L42648Q188360458Q20,2,239129360,25+,+145,2.45,2.45,29/20,Alexandre Sarr,Unknown,True,24505,"['MostBalancedOdds', 'SGP', 'MostBalancedGlobalProbability']","[{'id': '800353', 'name': 'Alexandre Sarr', 'type': 'Player'}]",Live Player Points,Alexandre Sarr Points
0QA239129398#188072777_13L42648Q1-2136610075Q20,2,239129398,30+,+115,2.15,2.15,23/20,Anfernee Simons,Unknown,True,21577,"['MostBalancedOdds', 'SGP', 'MostBalancedGlobalProbability']","[{'id': '33330', 'name': 'Anfernee Simons', 'type': 'Player'}]",Live Player Points,Anfernee Simons Points
0QA239129398#188072778_13L42648Q1-2078290019Q20,2,239129398,35+,+650,7.5,7.50,13/2,Anfernee Simons,Unknown,75078,['SGP'],"[{'id': '33330', 'name': 'Anfernee Simons', 'type': 'Player'}]",Live Player Points,Anfernee Simons Points
0QA239129357#188072489_13L42648Q1-806301197Q20,2,239129357,10+,+115,2.15,2.15,23/20,Carlton Carrington,Unknown,True,21589,"['MostBalancedOdds', 'SGP', 'MostBalancedGlobalProbability']","[{'id': '800372', 'name': 'Carlton Carrington', 'type': 'Player'}]",Live Player Points,Carlton Carrington Points
0QA239129357#188072490_13L42648Q1-1052893519Q20,2,239129357,12+,+230,3.3,3.30,23/10,Carlton Carrington,Unknown,33090,['SGP'],"[{'id': '800372', 'name': 'Carlton Carrington', 'type': 'Player'}]",Live Player Points,Carlton Carrington Points
0QA239129357#188072491_13L42648Q11776394068Q20,2,239129357,15+,+600,7,7.00,6/1,Carlton Carrington,Unknown,70091,['SGP'],"[{'id': '800372', 'name': 'Carlton Carrington', 'type': 'Player'}]",Live Player Points,Carlton Carrington Points
0QA239129397#188072770_13L42648Q1-691096698Q20,2,239129397,20+,-135,1.74074075,1.74,20/27,Deni Avdija,Unknown,True,17470,"['MostBalancedOdds', 'SGP', 'MostBalancedGlobalProbability']","[{'id': '527254', 'name': 'Deni Avdija', 'type': 'Player'}]",Live Player Points,Deni Avdija Points
0QA239129397#188072771_13L42648Q188360458Q20,2,239129397,25+,+650,7.5,7.50,13/2,Deni Avdija,Unknown,75071,['SGP'],"[{'id': '527254', 'name': 'Deni Avdija', 'type': 'Player'}]",Live Player Points,Deni Avdija Points
0QA239129408#188072819_13L42648Q1-1052893519Q20,2,239129408,12+,+255,3.55,3.55,51/20,Donovan Clingan,Unknown,True,35519,"['MostBalancedOdds', 'SGP', 'MostBalancedGlobalProbability']","[{'id': '800354', 'name': 'Donovan Clingan', 'type': 'Player'}]",Live Player Points,Donovan Clingan Points
0QA239129408#188072820_13L42648Q11776394068Q20,2,239129408,15+,+950,10.5,10.50,19/2,Donovan Clingan,Unknown,105020,['SGP'],"[{'id': '800354', 'name': 'Donovan Clingan', 'type': 'Player'}]",Live Player Points,Donovan Clingan Points
0QA239129399#188078557_13L42648Q11776394068Q20,2,239129399,15+,+125,2.25,2.25,5/4,Jordan Poole,Unknown,True,22557,"['MostBalancedOdds', 'SGP', 'MostBalancedGlobalProbability']","[{'id': '33061', 'name': 'Jordan Poole', 'type': 'Player'}]",Live Player Points,Jordan Poole Points
0QA239129399#188072784_13L42648Q1-1732659040Q20,2,239129399,18+,+475,5.75,5.75,19/4,Jordan Poole,Unknown,57584,['SGP'],"[{'id': '33061', 'name': 'Jordan Poole', 'type': 'Player'}]",Live Player Points,Jordan Poole Points
0QA239129399#188072785_13L42648Q1-691096698Q20,2,239129399,20+,+1100,12,12.00,11/1,Jordan Poole,Unknown,120085,['SGP'],"[{'id': '33061', 'name': 'Jordan Poole', 'type': 'Player'}]",Live Player Points,Jordan Poole Points
0QA239129406#188072816_13L42648Q1-1732659040Q20,2,239129406,18+,+260,3.6,3.60,13/5,Kyshawn George,Unknown,True,36016,"['MostBalancedOdds', 'SGP', 'MostBalancedGlobalProbability']","[{'id': '800401', 'name': 'Kyshawn George', 'type': 'Player'}]",Live Player Points,Kyshawn George Points
0QA239129406#188072817_13L42648Q1-691096698Q20,2,239129406,20+,+600,7,7.00,6/1,Kyshawn George,Unknown,70017,['SGP'],"[{'id': '800401', 'name': 'Kyshawn George', 'type': 'Player'}]",Live Player Points,Kyshawn George Points
0QA239129396#188072792_13L42648Q1-1052893519Q20,2,239129396,12+,-185,1.54054055,1.54,20/37,Scoot Henderson,Unknown,15492,['SGP'],"[{'id': '713756', 'name': 'Scoot Henderson', 'type': 'Player'}]",Live Player Points,Scoot Henderson Points
0QA239129396#188097309_13L42648Q11419171202Q20,2,239129396,13+,-120,1.83333334,1.83,5/6,Scoot Henderson,Unknown,True,18309,"['MostBalancedOdds', 'SGP', 'MostBalancedGlobalProbability']","[{'id': '713756', 'name': 'Scoot Henderson', 'type': 'Player'}]",Live Player Points,Scoot Henderson Points
0QA239129396#188072793_13L42648Q11776394068Q20,2,239129396,15+,+175,2.75,2.75,7/4,Scoot Henderson,Unknown,27593,['SGP'],"[{'id': '713756', 'name': 'Scoot Henderson', 'type': 'Player'}]",Live Player Points,Scoot Henderson Points
0QA239129396#188072794_13L42648Q1-1732659040Q20,2,239129396,18+,+475,5.75,5.75,19/4,Scoot Henderson,Unknown,57594,['SGP'],"[{'id': '713756', 'name': 'Scoot Henderson', 'type': 'Player'}]",Live Player Points,Scoot Henderson Points
0QA239129396#188072795_13L42648Q1-691096698Q20,2,239129396,20+,+900,10,10.00,9/1,Scoot Henderson,Unknown,100095,['SGP'],"[{'id': '713756', 'name': 'Scoot Henderson', 'type': 'Player'}]",Live Player Points,Scoot Henderson Points
0QA239129401#188072781_13L42648Q1-691096698Q20,2,239129401,20+,+130,2.3,2.30,13/10,Shaedon Sharpe,Unknown,True,23081,"['MostBalancedOdds', 'SGP', 'MostBalancedGlobalProbability']","[{'id': '649550', 'name': 'Shaedon Sharpe', 'type': 'Player'}]",Live Player Points,Shaedon Sharpe Points
0QA239129401#188072782_13L42648Q188360458Q20,2,239129401,25+,+850,9.5,9.50,17/2,Shaedon Sharpe,Unknown,95082,['SGP'],"[{'id': '649550', 'name': 'Shaedon Sharpe', 'type': 'Player'}]",Live Player Points,Shaedon Sharpe Points
0QA239133738#188095321_13L42648Q1-691096698Q20,2,239133738,20+,-260,1.38461539,1.38,5/13,Austin Reaves,Unknown,13820,['SGP'],"[{'id': '591721', 'name': 'Austin Reaves', 'type': 'Player'}]",Live Player Points,Austin Reaves Points
0QA239133738#188114425_13L42648Q1-2093521500Q20,2,239133738,22+,-130,1.76923077,1.76,10/13,Austin Reaves,Unknown,True,17625,"['MostBalancedOdds', 'SGP', 'MostBalancedGlobalProbability']","[{'id': '591721', 'name': 'Austin Reaves', 'type': 'Player'}]",Live Player Points,Austin Reaves Points
0QA239133738#188095325_13L42648Q188360458Q20,2,239133738,25+,+195,2.95,2.95,39/20,Austin Reaves,Unknown,29525,['SGP'],"[{'id': '591721', 'name': 'Austin Reaves', 'type': 'Player'}]",Live Player Points,Austin Reaves Points
0QA239133738#188095327_13L42648Q1-2136610075Q20,2,239133738,30+,+850,9.5,9.50,17/2,Austin Reaves,Unknown,95027,['SGP'],"[{'id': '591721', 'name': 'Austin Reaves', 'type': 'Player'}]",Live Player Points,Austin Reaves Points
0QA239134138#188098453_13L42648Q1-1052893519Q20,2,239134138,12+,+230,3.3,3.30,23/10,Chris Paul,Unknown,True,33053,"['MostBalancedOdds', 'SGP', 'MostBalancedGlobalProbability']","[{'id': '33246', 'name': 'Chris Paul', 'type': 'Player'}]",Live Player Points,Chris Paul Points
0QA239134138#188098454_13L42648Q11776394068Q20,2,239134138,15+,+850,9.5,9.50,17/2,Chris Paul,Unknown,95054,['SGP'],"[{'id': '33246', 'name': 'Chris Paul', 'type': 'Player'}]",Live Player Points,Chris Paul Points
0QA239133671#188095037_13L42648Q11776394068Q20,2,239133671,15+,-265,1.3773585,1.37,20/53,Dalton Knecht,Unknown,13737,['SGP'],"[{'id': '800374', 'name': 'Dalton Knecht', 'type': 'Player'}]",Live Player Points,Dalton Knecht Points
0QA239133671#188124794_13L42648Q11148349463Q20,2,239133671,17+,-115,1.86956522,1.86,20/23,Dalton Knecht,Unknown,True,18694,"['MostBalancedOdds', 'SGP', 'MostBalancedGlobalProbability']","[{'id': '800374', 'name': 'Dalton Knecht', 'type': 'Player'}]",Live Player Points,Dalton Knecht Points
0QA239133671#188095038_13L42648Q1-1732659040Q20,2,239133671,18+,+120,2.2,2.20,6/5,Dalton Knecht,Unknown,22038,['SGP'],"[{'id': '800374', 'name': 'Dalton Knecht', 'type': 'Player'}]",Live Player Points,Dalton Knecht Points
0QA239133671#188095039_13L42648Q1-691096698Q20,2,239133671,20+,+235,3.35,3.35,47/20,Dalton Knecht,Unknown,33539,['SGP'],"[{'id': '800374', 'name': 'Dalton Knecht', 'type': 'Player'}]",Live Player Points,Dalton Knecht Points
0QA239133671#188123821_13L42648Q188360458Q20,2,239133671,25+,+1200,13,13.00,12/1,Dalton Knecht,Unknown,130021,['SGP'],"[{'id': '800374', 'name': 'Dalton Knecht', 'type': 'Player'}]",Live Player Points,Dalton Knecht Points
0QA239133708#188109701_13L42648Q11595505916Q20,2,239133708,24+,-140,1.71428572,1.71,5/7,Devin Vassell,Unknown,17101,"['SGP', 'MostBalancedGlobalProbability']","[{'id': '527223', 'name': 'Devin Vassell', 'type': 'Player'}]",Live Player Points,Devin Vassell Points
0QA239133708#188095197_13L42648Q188360458Q20,2,239133708,25+,+100,2,2.00,1/1,Devin Vassell,Unknown,True,20097,"['MostBalancedOdds', 'SGP']","[{'id': '527223', 'name': 'Devin Vassell', 'type': 'Player'}]",Live Player Points,Devin Vassell Points
0QA239133708#188095201_13L42648Q1-2136610075Q20,2,239133708,30+,+475,5.75,5.75,19/4,Devin Vassell,Unknown,57501,['SGP'],"[{'id': '527223', 'name': 'Devin Vassell', 'type': 'Player'}]",Live Player Points,Devin Vassell Points
0QA239133712#188095206_13L42648Q1-1052893519Q20,2,239133712,12+,+100,2,2.00,1/1,Dorian Finney-Smith,Unknown,True,20006,"['MostBalancedOdds', 'SGP', 'MostBalancedGlobalProbability']","[{'id': '33001', 'name': 'Dorian Finney-Smith', 'type': 'Player'}]",Live Player Points,Dorian Finney-Smith Points
0QA239133712#188095208_13L42648Q11776394068Q20,2,239133712,15+,+360,4.6,4.60,18/5,Dorian Finney-Smith,Unknown,46008,['SGP'],"[{'id': '33001', 'name': 'Dorian Finney-Smith', 'type': 'Player'}]",Live Player Points,Dorian Finney-Smith Points
0QA239133712#188095210_13L42648Q1-1732659040Q20,2,239133712,18+,+1100,12,12.00,11/1,Dorian Finney-Smith,Unknown,120010,['SGP'],"[{'id': '33001', 'name': 'Dorian Finney-Smith', 'type': 'Player'}]",Live Player Points,Dorian Finney-Smith Points
0QA239133672#188094990_13L42648Q1-1052893519Q20,2,239133672,12+,-185,1.54054055,1.54,20/37,Harrison Barnes,Unknown,15490,['SGP'],"[{'id': '33337', 'name': 'Harrison Barnes', 'type': 'Player'}]",Live Player Points,Harrison Barnes Points
0QA239133672#188094991_13L42648Q11419171202Q20,2,239133672,13+,-115,1.86956522,1.86,20/23,Harrison Barnes,Unknown,True,18691,"['MostBalancedOdds', 'SGP', 'MostBalancedGlobalProbability']","[{'id': '33337', 'name': 'Harrison Barnes', 'type': 'Player'}]",Live Player Points,Harrison Barnes Points
0QA239133672#188094992_13L42648Q11776394068Q20,2,239133672,15+,+180,2.8,2.80,9/5,Harrison Barnes,Unknown,28092,['SGP'],"[{'id': '33337', 'name': 'Harrison Barnes', 'type': 'Player'}]",Live Player Points,Harrison Barnes Points
0QA239133672#188094993_13L42648Q1-1732659040Q20,2,239133672,18+,+500,6,6.00,5/1,Harrison Barnes,Unknown,60093,['SGP'],"[{'id': '33337', 'name': 'Harrison Barnes', 'type': 'Player'}]",Live Player Points,Harrison Barnes Points
0QA239133672#188094994_13L42648Q1-691096698Q20,2,239133672,20+,+1000,11,11.00,10/1,Harrison Barnes,Unknown,110094,['SGP'],"[{'id': '33337', 'name': 'Harrison Barnes', 'type': 'Player'}]",Live Player Points,Harrison Barnes Points
0QA239133707#188095185_13L42648Q1-806301197Q20,2,239133707,10+,-125,1.8,1.80,4/5,Jaxson Hayes,Unknown,True,18085,"['MostBalancedOdds', 'SGP', 'MostBalancedGlobalProbability']","[{'id': '33224', 'name': 'Jaxson Hayes', 'type': 'Player'}]",Live Player Points,Jaxson Hayes Points
0QA239133707#188095190_13L42648Q1-1052893519Q20,2,239133707,12+,+190,2.9,2.90,19/10,Jaxson Hayes,Unknown,29090,['SGP'],"[{'id': '33224', 'name': 'Jaxson Hayes', 'type': 'Player'}]",Live Player Points,Jaxson Hayes Points
0QA239133707#188095194_13L42648Q11776394068Q20,2,239133707,15+,+600,7,7.00,6/1,Jaxson Hayes,Unknown,70094,['SGP'],"[{'id': '33224', 'name': 'Jaxson Hayes', 'type': 'Player'}]",Live Player Points,Jaxson Hayes Points
0QA239133682#188095045_13L42648Q1-806301197Q20,2,239133682,10+,-170,1.5882353,1.58,10/17,Jeremy Sochan,Unknown,15845,['SGP'],"[{'id': '649556', 'name': 'Jeremy Sochan', 'type': 'Player'}]",Live Player Points,Jeremy Sochan Points
0QA239133682#188095911_13L42648Q1-1673081763Q20,2,239133682,11+,-115,1.86956522,1.86,20/23,Jeremy Sochan,Unknown,True,18611,"['MostBalancedOdds', 'SGP', 'MostBalancedGlobalProbability']","[{'id': '649556', 'name': 'Jeremy Sochan', 'type': 'Player'}]",Live Player Points,Jeremy Sochan Points
0QA239133682#188095046_13L42648Q1-1052893519Q20,2,239133682,12+,+135,2.35,2.35,27/20,Jeremy Sochan,Unknown,23546,['SGP'],"[{'id': '649556', 'name': 'Jeremy Sochan', 'type': 'Player'}]",Live Player Points,Jeremy Sochan Points
0QA239133682#188095047_13L42648Q11776394068Q20,2,239133682,15+,+450,5.5,5.50,9/2,Jeremy Sochan,Unknown,55047,['SGP'],"[{'id': '649556', 'name': 'Jeremy Sochan', 'type': 'Player'}]",Live Player Points,Jeremy Sochan Points
0QA239133678#188101536_13L42648Q1-806301197Q20,2,239133678,10+,-130,1.76923077,1.76,10/13,Keldon Johnson,Unknown,True,17636,"['MostBalancedOdds', 'SGP', 'MostBalancedGlobalProbability']","[{'id': '33369', 'name': 'Keldon Johnson', 'type': 'Player'}]",Live Player Points,Keldon Johnson Points
0QA239133678#188095007_13L42648Q1-1052893519Q20,2,239133678,12+,+155,2.55,2.55,31/20,Keldon Johnson,Unknown,25507,['SGP'],"[{'id': '33369', 'name': 'Keldon Johnson', 'type': 'Player'}]",Live Player Points,Keldon Johnson Points
0QA239133678#188095008_13L42648Q11776394068Q20,2,239133678,15+,+425,5.25,5.25,17/4,Keldon Johnson,Unknown,52508,['SGP'],"[{'id': '33369', 'name': 'Keldon Johnson', 'type': 'Player'}]",Live Player Points,Keldon Johnson Points
0QA239133678#188095009_13L42648Q1-1732659040Q20,2,239133678,18+,+1100,12,12.00,11/1,Keldon Johnson,Unknown,120009,['SGP'],"[{'id': '33369', 'name': 'Keldon Johnson', 'type': 'Player'}]",Live Player Points,Keldon Johnson Points
0QA239133705#188095177_13L42648Q1-2136610075Q20,2,239133705,30+,-190,1.52631579,1.52,10/19,Luka Doncic,Unknown,15277,['SGP'],"[{'id': '33005', 'name': 'Luka Doncic', 'type': 'Player'}]",Live Player Points,Luka Doncic Points
0QA239133705#188095179_13L42648Q1215684226Q20,2,239133705,32+,-110,1.90909091,1.90,10/11,Luka Doncic,Unknown,True,19079,"['MostBalancedOdds', 'SGP', 'MostBalancedGlobalProbability']","[{'id': '33005', 'name': 'Luka Doncic', 'type': 'Player'}]",Live Player Points,Luka Doncic Points
0QA239133705#188095181_13L42648Q1-2078290019Q20,2,239133705,35+,+200,3,3.00,2/1,Luka Doncic,Unknown,30081,['SGP'],"[{'id': '33005', 'name': 'Luka Doncic', 'type': 'Player'}]",Live Player Points,Luka Doncic Points
0QA239133705#188095182_13L42648Q1-1238194128Q20,2,239133705,40+,+700,8,8.00,7/1,Luka Doncic,Unknown,80082,['SGP'],"[{'id': '33005', 'name': 'Luka Doncic', 'type': 'Player'}]",Live Player Points,Luka Doncic Points
0QA239133717#188127045_13L42648Q1-1052893519Q20,2,239133717,12+,-425,1.23529412,1.23,4/17,Stephon Castle,Unknown,12345,['SGP'],"[{'id': '800351', 'name': 'Stephon Castle', 'type': 'Player'}]",Live Player Points,Stephon Castle Points
0QA239133717#188095224_13L42648Q11776394068Q20,2,239133717,15+,-120,1.83333334,1.83,5/6,Stephon Castle,Unknown,True,18324,"['MostBalancedOdds', 'SGP', 'MostBalancedGlobalProbability']","[{'id': '800351', 'name': 'Stephon Castle', 'type': 'Player'}]",Live Player Points,Stephon Castle Points
0QA239133717#188095225_13L42648Q1-1732659040Q20,2,239133717,18+,+230,3.3,3.30,23/10,Stephon Castle,Unknown,33025,['SGP'],"[{'id': '800351', 'name': 'Stephon Castle', 'type': 'Player'}]",Live Player Points,Stephon Castle Points
0QA239133717#188095226_13L42648Q1-691096698Q20,2,239133717,20+,+450,5.5,5.50,9/2,Stephon Castle,Unknown,55026,['SGP'],"[{'id': '800351', 'name': 'Stephon Castle', 'type': 'Player'}]",Live Player Points,Stephon Castle Points
0QA239127661#188130577_13L42648Q1-86556549Q20,2,239127661,8+,+295,3.95,3.95,59/20,Desmond Bane,Unknown,True,39577,"['MostBalancedOdds', 'SGP', 'MostBalancedGlobalProbability']","[{'id': '527237', 'name': 'Desmond Bane', 'type': 'Player'}]",Live Player Threes,Desmond Bane Three Pointers Made
0QA239127642#188062434_13L42648Q1792914876Q20,2,239127642,4+,+500,6,6.00,5/1,Keegan Murray,Unknown,True,60034,"['MostBalancedOdds', 'SGP', 'MostBalancedGlobalProbability']","[{'id': '649547', 'name': 'Keegan Murray', 'type': 'Player'}]",Live Player Threes,Keegan Murray Three Pointers Made
0QA239127643#188132276_13L42648Q11793868708Q20,2,239127643,5+,+380,4.8,4.80,19/5,Keon Ellis,Unknown,True,48076,"['MostBalancedOdds', 'SGP', 'MostBalancedGlobalProbability']","[{'id': '649606', 'name': 'Keon Ellis', 'type': 'Player'}]",Live Player Threes,Keon Ellis Three Pointers Made
0QA239127648#188062178_13L42648Q1817018290Q20,2,239127648,2+,+380,4.8,4.80,19/5,Luke Kennard,Unknown,True,48078,"['MostBalancedOdds', 'SGP', 'MostBalancedGlobalProbability']","[{'id': '33042', 'name': 'Luke Kennard', 'type': 'Player'}]",Live Player Threes,Luke Kennard Three Pointers Made
0QA239127645#188062842_13L42648Q1792914876Q20,2,239127645,4+,+330,4.3,4.30,33/10,Malik Monk,Unknown,True,43042,"['MostBalancedOdds', 'SGP', 'MostBalancedGlobalProbability']","[{'id': '32941', 'name': 'Malik Monk', 'type': 'Player'}]",Live Player Threes,Malik Monk Three Pointers Made
0QA239127658#188062282_13L42648Q1817018290Q20,2,239127658,2+,+450,5.5,5.50,9/2,Vince Williams Jr.,Unknown,True,55082,"['MostBalancedOdds', 'SGP', 'MostBalancedGlobalProbability']","[{'id': '649702', 'name': 'Vince Williams Jr.', 'type': 'Player'}]",Live Player Threes,Vince Williams Jr. Three Pointers Made
0QA239127665#188062894_13L42648Q11793868708Q20,2,239127665,5+,+185,2.85,2.85,37/20,Zach LaVine,Unknown,True,28594,"['MostBalancedOdds', 'SGP', 'MostBalancedGlobalProbability']","[{'id': '32963', 'name': 'Zach LaVine', 'type': 'Player'}]",Live Player Threes,Zach LaVine Three Pointers Made
0QA239127609#188075644_13L42648Q1792914876Q20,2,239127609,4+,+400,5,5.00,4/1,Aaron Gordon,Unknown,True,50044,"['MostBalancedOdds', 'SGP', 'MostBalancedGlobalProbability']","[{'id': '33270', 'name': 'Aaron Gordon', 'type': 'Player'}]",Live Player Threes,Aaron Gordon Three Pointers Made
0QA239127610#188062230_13L42648Q1792914876Q20,2,239127610,4+,+180,2.8,2.80,9/5,Michael Porter Jr.,Unknown,True,28030,"['MostBalancedOdds', 'SGP', 'MostBalancedGlobalProbability']","[{'id': '33026', 'name': 'Michael Porter Jr.', 'type': 'Player'}]",Live Player Threes,Michael Porter Jr. Three Pointers Made
0QA239127610#188062232_13L42648Q11793868708Q20,2,239127610,5+,+600,7,7.00,6/1,Michael Porter Jr.,Unknown,70032,['SGP'],"[{'id': '33026', 'name': 'Michael Porter Jr.', 'type': 'Player'}]",Live Player Threes,Michael Porter Jr. Three Pointers Made
0QA239127590#188062166_13L42648Q1817018290Q20,2,239127590,2+,+360,4.6,4.60,18/5,Moses Moody,Unknown,True,46066,"['MostBalancedOdds', 'SGP', 'MostBalancedGlobalProbability']","[{'id': '591015', 'name': 'Moses Moody', 'type': 'Player'}]",Live Player Threes,Moses Moody Three Pointers Made
0QA239127598#188062189_13L42648Q1817018290Q20,2,239127598,2+,+270,3.7,3.70,27/10,Russell Westbrook,Unknown,True,37089,"['MostBalancedOdds', 'SGP', 'MostBalancedGlobalProbability']","[{'id': '33068', 'name': 'Russell Westbrook', 'type': 'Player'}]",Live Player Threes,Russell Westbrook Three Pointers Made
0QA239127593#188062105_13L42648Q11793868708Q20,2,239127593,5+,-185,1.54054055,1.54,20/37,Stephen Curry,Unknown,15405,"['SGP', 'MostBalancedGlobalProbability']","[{'id': '33049', 'name': 'Stephen Curry', 'type': 'Player'}]",Live Player Threes,Stephen Curry Three Pointers Made
0QA239127593#188062106_13L42648Q1150699448Q20,2,239127593,6+,+170,2.7,2.70,17/10,Stephen Curry,Unknown,True,27006,"['MostBalancedOdds', 'SGP']","[{'id': '33049', 'name': 'Stephen Curry', 'type': 'Player'}]",Live Player Threes,Stephen Curry Three Pointers Made
0QA239127593#188062107_13L42648Q1-1846553793Q20,2,239127593,7+,+450,5.5,5.50,9/2,Stephen Curry,Unknown,55007,['SGP'],"[{'id': '33049', 'name': 'Stephen Curry', 'type': 'Player'}]",Live Player Threes,Stephen Curry Three Pointers Made
0QA239127604#188062120_13L42648Q1150699448Q20,2,239127604,6+,+175,2.75,2.75,7/4,Anfernee Simons,Unknown,True,27520,"['MostBalancedOdds', 'SGP', 'MostBalancedGlobalProbability']","[{'id': '33330', 'name': 'Anfernee Simons', 'type': 'Player'}]",Live Player Threes,Anfernee Simons Three Pointers Made
0QA239127604#188074639_13L42648Q1-1846553793Q20,2,239127604,7+,+600,7,7.00,6/1,Anfernee Simons,Unknown,70039,['SGP'],"[{'id': '33330', 'name': 'Anfernee Simons', 'type': 'Player'}]",Live Player Threes,Anfernee Simons Three Pointers Made
0QA239127605#188062156_13L42648Q1817018290Q20,2,239127605,2+,+550,6.5,6.50,11/2,Carlton Carrington,Unknown,True,65056,"['MostBalancedOdds', 'SGP', 'MostBalancedGlobalProbability']","[{'id': '800372', 'name': 'Carlton Carrington', 'type': 'Player'}]",Live Player Threes,Carlton Carrington Three Pointers Made
0QA239127603#188091751_13L42648Q1792914876Q20,2,239127603,4+,+425,5.25,5.25,17/4,Duop Reath,Unknown,True,52551,"['MostBalancedOdds', 'SGP', 'MostBalancedGlobalProbability']","[{'id': '58790', 'name': 'Duop Reath', 'type': 'Player'}]",Live Player Threes,Duop Reath Three Pointers Made
0QA239127614#188062098_13L42648Q1-1188316551Q20,2,239127614,3+,+450,5.5,5.50,9/2,Kyshawn George,Unknown,True,55098,"['MostBalancedOdds', 'SGP', 'MostBalancedGlobalProbability']","[{'id': '800401', 'name': 'Kyshawn George', 'type': 'Player'}]",Live Player Threes,Kyshawn George Three Pointers Made
0QA239127600#188062115_13L42648Q1-1188316551Q20,2,239127600,3+,+425,5.25,5.25,17/4,Scoot Henderson,Unknown,True,52515,"['MostBalancedOdds', 'SGP', 'MostBalancedGlobalProbability']","[{'id': '713756', 'name': 'Scoot Henderson', 'type': 'Player'}]",Live Player Threes,Scoot Henderson Three Pointers Made
0QA239127602#188062157_13L42648Q1792914876Q20,2,239127602,4+,+500,6,6.00,5/1,Shaedon Sharpe,Unknown,True,60057,"['MostBalancedOdds', 'SGP', 'MostBalancedGlobalProbability']","[{'id': '649550', 'name': 'Shaedon Sharpe', 'type': 'Player'}]",Live Player Threes,Shaedon Sharpe Three Pointers Made
0QA239132518#188088335_13L42648Q1792914876Q20,2,239132518,4+,+135,2.35,2.35,27/20,Austin Reaves,Unknown,True,23535,"['MostBalancedOdds', 'SGP', 'MostBalancedGlobalProbability']","[{'id': '591721', 'name': 'Austin Reaves', 'type': 'Player'}]",Live Player Threes,Austin Reaves Three Pointers Made
0QA239132518#188088336_13L42648Q11793868708Q20,2,239132518,5+,+450,5.5,5.50,9/2,Austin Reaves,Unknown,55036,['SGP'],"[{'id': '591721', 'name': 'Austin Reaves', 'type': 'Player'}]",Live Player Threes,Austin Reaves Three Pointers Made
0QA239132526#188098427_13L42648Q1792914876Q20,2,239132526,4+,+450,5.5,5.50,9/2,Chris Paul,Unknown,True,55027,"['MostBalancedOdds', 'SGP', 'MostBalancedGlobalProbability']","[{'id': '33246', 'name': 'Chris Paul', 'type': 'Player'}]",Live Player Threes,Chris Paul Three Pointers Made
0QA239132517#188088339_13L42648Q1792914876Q20,2,239132517,4+,+165,2.65,2.65,33/20,Dalton Knecht,Unknown,True,26539,"['MostBalancedOdds', 'SGP', 'MostBalancedGlobalProbability']","[{'id': '800374', 'name': 'Dalton Knecht', 'type': 'Player'}]",Live Player Threes,Dalton Knecht Three Pointers Made
0QA239132517#188123822_13L42648Q11793868708Q20,2,239132517,5+,+600,7,7.00,6/1,Dalton Knecht,Unknown,70022,['SGP'],"[{'id': '800374', 'name': 'Dalton Knecht', 'type': 'Player'}]",Live Player Threes,Dalton Knecht Three Pointers Made
0QA239132532#188088362_13L42648Q11793868708Q20,2,239132532,5+,+125,2.25,2.25,5/4,Devin Vassell,Unknown,True,22562,"['MostBalancedOdds', 'SGP', 'MostBalancedGlobalProbability']","[{'id': '527223', 'name': 'Devin Vassell', 'type': 'Player'}]",Live Player Threes,Devin Vassell Three Pointers Made
0QA239132532#188124589_13L42648Q1150699448Q20,2,239132532,6+,+425,5.25,5.25,17/4,Devin Vassell,Unknown,52589,['SGP'],"[{'id': '527223', 'name': 'Devin Vassell', 'type': 'Player'}]",Live Player Threes,Devin Vassell Three Pointers Made
0QA239132516#188088365_13L42648Q1792914876Q20,2,239132516,4+,+255,3.55,3.55,51/20,Dorian Finney-Smith,Unknown,True,35565,"['MostBalancedOdds', 'SGP', 'MostBalancedGlobalProbability']","[{'id': '33001', 'name': 'Dorian Finney-Smith', 'type': 'Player'}]",Live Player Threes,Dorian Finney-Smith Three Pointers Made
0QA239132519#188088367_13L42648Q1-1188316551Q20,2,239132519,3+,+220,3.2,3.20,11/5,Gabe Vincent,Unknown,True,32067,"['MostBalancedOdds', 'SGP', 'MostBalancedGlobalProbability']","[{'id': '36560', 'name': 'Gabe Vincent', 'type': 'Player'}]",Live Player Threes,Gabe Vincent Three Pointers Made
0QA239132524#188088372_13L42648Q1-1188316551Q20,2,239132524,3+,+295,3.95,3.95,59/20,Harrison Barnes,Unknown,True,39572,"['MostBalancedOdds', 'SGP', 'MostBalancedGlobalProbability']","[{'id': '33337', 'name': 'Harrison Barnes', 'type': 'Player'}]",Live Player Threes,Harrison Barnes Three Pointers Made
0QA239132531#188088357_13L42648Q1817018290Q20,2,239132531,2+,+380,4.8,4.80,19/5,Keldon Johnson,Unknown,True,48057,"['MostBalancedOdds', 'SGP', 'MostBalancedGlobalProbability']","[{'id': '33369', 'name': 'Keldon Johnson', 'type': 'Player'}]",Live Player Threes,Keldon Johnson Three Pointers Made
0QA239132520#188088350_13L42648Q1-1188316551Q20,2,239132520,3+,-130,1.76923077,1.76,10/13,Luka Doncic,Unknown,True,17650,"['MostBalancedOdds', 'SGP', 'MostBalancedGlobalProbability']","[{'id': '33005', 'name': 'Luka Doncic', 'type': 'Player'}]",Live Player Threes,Luka Doncic Three Pointers Made
0QA239132520#188088351_13L42648Q1792914876Q20,2,239132520,4+,+235,3.35,3.35,47/20,Luka Doncic,Unknown,33551,['SGP'],"[{'id': '33005', 'name': 'Luka Doncic', 'type': 'Player'}]",Live Player Threes,Luka Doncic Three Pointers Made
0QA239132522#188088356_13L42648Q1817018290Q20,2,239132522,2+,+500,6,6.00,5/1,Sandro Mamukelashvili,Unknown,True,60056,"['MostBalancedOdds', 'SGP', 'MostBalancedGlobalProbability']","[{'id': '591058', 'name': 'Sandro Mamukelashvili', 'type': 'Player'}]",Live Player Threes,Sandro Mamukelashvili Three Pointers Made
0QA239132528#188088348_13L42648Q1-1188316551Q20,2,239132528,3+,+450,5.5,5.50,9/2,Stephon Castle,Unknown,True,55048,"['MostBalancedOdds', 'SGP', 'MostBalancedGlobalProbability']","[{'id': '800351', 'name': 'Stephon Castle', 'type': 'Player'}]",Live Player Threes,Stephon Castle Three Pointers Made
0QA239128556#188068386_13L42648Q11732376275Q20,2,239128556,6+,-390,1.25641026,1.25,10/39,Brandon Clarke,Unknown,12586,['SGP'],"[{'id': '33148', 'name': 'Brandon Clarke', 'type': 'Player'}]",Live Player Rebounds,Brandon Clarke Rebounds
0QA239128556#188135317_13L42648Q11354795352Q20,2,239128556,7+,-130,1.76923077,1.76,10/13,Brandon Clarke,Unknown,True,17617,"['MostBalancedOdds', 'SGP', 'MostBalancedGlobalProbability']","[{'id': '33148', 'name': 'Brandon Clarke', 'type': 'Player'}]",Live Player Rebounds,Brandon Clarke Rebounds
0QA239128556#188068387_13L42648Q11701146871Q20,2,239128556,8+,+185,2.85,2.85,37/20,Brandon Clarke,Unknown,28587,['SGP'],"[{'id': '33148', 'name': 'Brandon Clarke', 'type': 'Player'}]",Live Player Rebounds,Brandon Clarke Rebounds
0QA239128524#188089801_13L42648Q11701146871Q20,2,239128524,8+,+310,4.1,4.10,31/10,DeMar DeRozan,Unknown,True,41001,"['MostBalancedOdds', 'SGP', 'MostBalancedGlobalProbability']","[{'id': '33357', 'name': 'DeMar DeRozan', 'type': 'Player'}]",Live Player Rebounds,DeMar DeRozan Rebounds
0QA239128518#188068224_13L42648Q11732376275Q20,2,239128518,6+,-180,1.55555556,1.55,5/9,Desmond Bane,Unknown,True,15524,"['MostBalancedOdds', 'SGP', 'MostBalancedGlobalProbability']","[{'id': '527237', 'name': 'Desmond Bane', 'type': 'Player'}]",Live Player Rebounds,Desmond Bane Rebounds
0QA239128518#188068227_13L42648Q11701146871Q20,2,239128518,8+,+425,5.25,5.25,17/4,Desmond Bane,Unknown,52527,['SGP'],"[{'id': '527237', 'name': 'Desmond Bane', 'type': 'Player'}]",Live Player Rebounds,Desmond Bane Rebounds
0QA239128548#188132534_13L42648Q1-959133270Q20,2,239128548,4+,-220,1.45454546,1.45,5/11,Domantas Sabonis,Unknown,14534,['SGP'],"[{'id': '33091', 'name': 'Domantas Sabonis', 'type': 'Player'}]",Live Player Rebounds,Domantas Sabonis Rebounds
0QA239128548#188132721_13L42648Q1315867809Q20,2,239128548,5+,+110,2.1,2.10,11/10,Domantas Sabonis,Unknown,True,21021,"['MostBalancedOdds', 'SGP', 'MostBalancedGlobalProbability']","[{'id': '33091', 'name': 'Domantas Sabonis', 'type': 'Player'}]",Live Player Rebounds,Domantas Sabonis Rebounds
0QA239128548#188117018_13L42648Q11732376275Q20,2,239128548,6+,+245,3.45,3.45,49/20,Domantas Sabonis,Unknown,34518,['SGP'],"[{'id': '33091', 'name': 'Domantas Sabonis', 'type': 'Player'}]",Live Player Rebounds,Domantas Sabonis Rebounds
0QA239128491#188075869_13L42648Q1-959133270Q20,2,239128491,4+,-110,1.90909091,1.90,10/11,Jaren Jackson Jr.,Unknown,True,19069,"['MostBalancedOdds', 'SGP', 'MostBalancedGlobalProbability']","[{'id': '33142', 'name': 'Jaren Jackson Jr.', 'type': 'Player'}]",Live Player Rebounds,Jaren Jackson Jr. Rebounds
0QA239128532#188068286_13L42648Q11732376275Q20,2,239128532,6+,+425,5.25,5.25,17/4,Jaylen Wells,Unknown,True,52586,"['MostBalancedOdds', 'SGP', 'MostBalancedGlobalProbability']","[{'id': '800655', 'name': 'Jaylen Wells', 'type': 'Player'}]",Live Player Rebounds,Jaylen Wells Rebounds
0QA239128531#188069462_13L42648Q1627765711Q20,2,239128531,10+,+200,3,3.00,2/1,Keegan Murray,Unknown,True,30062,"['MostBalancedOdds', 'SGP', 'MostBalancedGlobalProbability']","[{'id': '649547', 'name': 'Keegan Murray', 'type': 'Player'}]",Live Player Rebounds,Keegan Murray Rebounds
0QA239128519#188068221_13L42648Q1-959133270Q20,2,239128519,4+,+110,2.1,2.10,11/10,Luke Kennard,Unknown,True,21021,"['MostBalancedOdds', 'SGP', 'MostBalancedGlobalProbability']","[{'id': '33042', 'name': 'Luke Kennard', 'type': 'Player'}]",Live Player Rebounds,Luke Kennard Rebounds
0QA239128551#188068355_13L42648Q1-959133270Q20,2,239128551,4+,+130,2.3,2.30,13/10,Malik Monk,Unknown,True,23055,"['MostBalancedOdds', 'SGP', 'MostBalancedGlobalProbability']","[{'id': '32941', 'name': 'Malik Monk', 'type': 'Player'}]",Live Player Rebounds,Malik Monk Rebounds
0QA239128557#188068389_13L42648Q1627765711Q20,2,239128557,10+,-105,1.95238096,1.95,20/21,Zach Edey,Unknown,True,19589,"['MostBalancedOdds', 'SGP', 'MostBalancedGlobalProbability']","[{'id': '726300', 'name': 'Zach Edey', 'type': 'Player'}]",Live Player Rebounds,Zach Edey Rebounds
0QA239128557#188068390_13L42648Q1996830450Q20,2,239128557,12+,+200,3,3.00,2/1,Zach Edey,Unknown,30090,['SGP'],"[{'id': '726300', 'name': 'Zach Edey', 'type': 'Player'}]",Live Player Rebounds,Zach Edey Rebounds
0QA239128517#188068223_13L42648Q1-959133270Q20,2,239128517,4+,+115,2.15,2.15,23/20,Zach LaVine,Unknown,True,21523,"['MostBalancedOdds', 'SGP', 'MostBalancedGlobalProbability']","[{'id': '32963', 'name': 'Zach LaVine', 'type': 'Player'}]",Live Player Rebounds,Zach LaVine Rebounds
0QA239129438#188073022_13L42648Q11732376275Q20,2,239129438,6+,-125,1.8,1.80,4/5,Draymond Green,Unknown,True,18022,"['MostBalancedOdds', 'SGP', 'MostBalancedGlobalProbability']","[{'id': '33052', 'name': 'Draymond Green', 'type': 'Player'}]",Live Player Rebounds,Draymond Green Rebounds
0QA239129438#188073024_13L42648Q11701146871Q20,2,239129438,8+,+450,5.5,5.50,9/2,Draymond Green,Unknown,55024,['SGP'],"[{'id': '33052', 'name': 'Draymond Green', 'type': 'Player'}]",Live Player Rebounds,Draymond Green Rebounds
0QA239129465#188073118_13L42648Q11732376275Q20,2,239129465,6+,-250,1.4,1.40,2/5,Jimmy Butler,Unknown,14018,['SGP'],"[{'id': '33155', 'name': 'Jimmy Butler', 'type': 'Player'}]",Live Player Rebounds,Jimmy Butler Rebounds
0QA239129465#188136576_13L42648Q11354795352Q20,2,239129465,7+,+115,2.15,2.15,23/20,Jimmy Butler,Unknown,True,21576,"['MostBalancedOdds', 'SGP', 'MostBalancedGlobalProbability']","[{'id': '33155', 'name': 'Jimmy Butler', 'type': 'Player'}]",Live Player Rebounds,Jimmy Butler Rebounds
0QA239129465#188073119_13L42648Q11701146871Q20,2,239129465,8+,+295,3.95,3.95,59/20,Jimmy Butler,Unknown,39519,['SGP'],"[{'id': '33155', 'name': 'Jimmy Butler', 'type': 'Player'}]",Live Player Rebounds,Jimmy Butler Rebounds
0QA239129437#188073019_13L42648Q1-959133270Q20,2,239129437,4+,-450,1.22222223,1.22,2/9,Jonathan Kuminga,Unknown,12219,['SGP'],"[{'id': '590990', 'name': 'Jonathan Kuminga', 'type': 'Player'}]",Live Player Rebounds,Jonathan Kuminga Rebounds
0QA239129437#188073020_13L42648Q1315867809Q20,2,239129437,5+,-150,1.66666667,1.66,4/6,Jonathan Kuminga,Unknown,True,16620,"['MostBalancedOdds', 'SGP', 'MostBalancedGlobalProbability']","[{'id': '590990', 'name': 'Jonathan Kuminga', 'type': 'Player'}]",Live Player Rebounds,Jonathan Kuminga Rebounds
0QA239129437#188073021_13L42648Q11732376275Q20,2,239129437,6+,+160,2.6,2.60,8/5,Jonathan Kuminga,Unknown,26021,['SGP'],"[{'id': '590990', 'name': 'Jonathan Kuminga', 'type': 'Player'}]",Live Player Rebounds,Jonathan Kuminga Rebounds
0QA239129329#188072353_13L42648Q11701146871Q20,2,239129329,8+,-140,1.71428572,1.71,5/7,Michael Porter Jr.,Unknown,True,17153,"['MostBalancedOdds', 'SGP', 'MostBalancedGlobalProbability']","[{'id': '33026', 'name': 'Michael Porter Jr.', 'type': 'Player'}]",Live Player Rebounds,Michael Porter Jr. Rebounds
0QA239129329#188072354_13L42648Q1627765711Q20,2,239129329,10+,+380,4.8,4.80,19/5,Michael Porter Jr.,Unknown,48054,['SGP'],"[{'id': '33026', 'name': 'Michael Porter Jr.', 'type': 'Player'}]",Live Player Rebounds,Michael Porter Jr. Rebounds
0QA239129321#188072265_13L42648Q11732376275Q20,2,239129321,6+,-160,1.625,1.62,5/8,Peyton Watson,Unknown,True,16265,"['MostBalancedOdds', 'SGP', 'MostBalancedGlobalProbability']","[{'id': '649577', 'name': 'Peyton Watson', 'type': 'Player'}]",Live Player Rebounds,Peyton Watson Rebounds
0QA239129321#188081494_13L42648Q11701146871Q20,2,239129321,8+,+400,5,5.00,4/1,Peyton Watson,Unknown,50094,['SGP'],"[{'id': '649577', 'name': 'Peyton Watson', 'type': 'Player'}]",Live Player Rebounds,Peyton Watson Rebounds
0QA239129440#188073030_13L42648Q1-959133270Q20,2,239129440,4+,+100,2,2.00,1/1,Quinten Post,Unknown,True,20030,"['MostBalancedOdds', 'SGP', 'MostBalancedGlobalProbability']","[{'id': '800666', 'name': 'Quinten Post', 'type': 'Player'}]",Live Player Rebounds,Quinten Post Rebounds
0QA239129440#188073032_13L42648Q11732376275Q20,2,239129440,6+,+550,6.5,6.50,11/2,Quinten Post,Unknown,65032,['SGP'],"[{'id': '800666', 'name': 'Quinten Post', 'type': 'Player'}]",Live Player Rebounds,Quinten Post Rebounds
0QA239129320#188072260_13L42648Q1627765711Q20,2,239129320,10+,-140,1.71428572,1.71,5/7,Russell Westbrook,Unknown,True,17160,"['MostBalancedOdds', 'SGP', 'MostBalancedGlobalProbability']","[{'id': '33068', 'name': 'Russell Westbrook', 'type': 'Player'}]",Live Player Rebounds,Russell Westbrook Rebounds
0QA239129320#188114858_13L42648Q1996830450Q20,2,239129320,12+,+320,4.2,4.20,16/5,Russell Westbrook,Unknown,42058,['SGP'],"[{'id': '33068', 'name': 'Russell Westbrook', 'type': 'Player'}]",Live Player Rebounds,Russell Westbrook Rebounds
0QA239129436#188073010_13L42648Q1-959133270Q20,2,239129436,4+,-105,1.95238096,1.95,20/21,Stephen Curry,Unknown,True,19510,"['MostBalancedOdds', 'SGP', 'MostBalancedGlobalProbability']","[{'id': '33049', 'name': 'Stephen Curry', 'type': 'Player'}]",Live Player Rebounds,Stephen Curry Rebounds
0QA239129362#188072496_13L42648Q11732376275Q20,2,239129362,6+,-150,1.66666667,1.66,4/6,Alexandre Sarr,Unknown,True,16696,"['MostBalancedOdds', 'SGP', 'MostBalancedGlobalProbability']","[{'id': '800353', 'name': 'Alexandre Sarr', 'type': 'Player'}]",Live Player Rebounds,Alexandre Sarr Rebounds
0QA239129362#188072500_13L42648Q11701146871Q20,2,239129362,8+,+475,5.75,5.75,19/4,Alexandre Sarr,Unknown,57500,['SGP'],"[{'id': '800353', 'name': 'Alexandre Sarr', 'type': 'Player'}]",Live Player Rebounds,Alexandre Sarr Rebounds
0QA239129361#188072513_13L42648Q11701146871Q20,2,239129361,8+,-380,1.2631579,1.26,5/19,Deni Avdija,Unknown,12613,['SGP'],"[{'id': '527254', 'name': 'Deni Avdija', 'type': 'Player'}]",Live Player Rebounds,Deni Avdija Rebounds
0QA239129361#188072514_13L42648Q1-1091662269Q20,2,239129361,9+,-125,1.8,1.80,4/5,Deni Avdija,Unknown,True,18014,"['MostBalancedOdds', 'SGP', 'MostBalancedGlobalProbability']","[{'id': '527254', 'name': 'Deni Avdija', 'type': 'Player'}]",Live Player Rebounds,Deni Avdija Rebounds
0QA239129361#188072515_13L42648Q1627765711Q20,2,239129361,10+,+200,3,3.00,2/1,Deni Avdija,Unknown,30015,['SGP'],"[{'id': '527254', 'name': 'Deni Avdija', 'type': 'Player'}]",Live Player Rebounds,Deni Avdija Rebounds
0QA239129405#188072809_13L42648Q1-1594122419Q20,2,239129405,15+,+120,2.2,2.20,6/5,Donovan Clingan,Unknown,True,22009,"['MostBalancedOdds', 'SGP', 'MostBalancedGlobalProbability']","[{'id': '800354', 'name': 'Donovan Clingan', 'type': 'Player'}]",Live Player Rebounds,Donovan Clingan Rebounds
0QA239129378#188072563_13L42648Q11732376275Q20,2,239129378,6+,+260,3.6,3.60,13/5,Kyshawn George,Unknown,True,36063,"['MostBalancedOdds', 'SGP', 'MostBalancedGlobalProbability']","[{'id': '800401', 'name': 'Kyshawn George', 'type': 'Player'}]",Live Player Rebounds,Kyshawn George Rebounds
0QA239129407#188072811_13L42648Q1-959133270Q20,2,239129407,4+,-110,1.90909091,1.90,10/11,Scoot Henderson,Unknown,True,19011,"['MostBalancedOdds', 'SGP', 'MostBalancedGlobalProbability']","[{'id': '713756', 'name': 'Scoot Henderson', 'type': 'Player'}]",Live Player Rebounds,Scoot Henderson Rebounds
0QA239129407#188072812_13L42648Q11732376275Q20,2,239129407,6+,+475,5.75,5.75,19/4,Scoot Henderson,Unknown,57512,['SGP'],"[{'id': '713756', 'name': 'Scoot Henderson', 'type': 'Player'}]",Live Player Rebounds,Scoot Henderson Rebounds
0QA239129409#188072827_13L42648Q11701146871Q20,2,239129409,8+,+160,2.6,2.60,8/5,Shaedon Sharpe,Unknown,True,26027,"['MostBalancedOdds', 'SGP', 'MostBalancedGlobalProbability']","[{'id': '649550', 'name': 'Shaedon Sharpe', 'type': 'Player'}]",Live Player Rebounds,Shaedon Sharpe Rebounds
0QA239133716#188095221_13L42648Q1-959133270Q20,2,239133716,4+,-330,1.30303031,1.30,10/33,Austin Reaves,Unknown,13021,['SGP'],"[{'id': '591721', 'name': 'Austin Reaves', 'type': 'Player'}]",Live Player Rebounds,Austin Reaves Rebounds
0QA239133716#188095942_13L42648Q1315867809Q20,2,239133716,5+,-110,1.90909091,1.90,10/11,Austin Reaves,Unknown,True,19042,"['MostBalancedOdds', 'SGP', 'MostBalancedGlobalProbability']","[{'id': '591721', 'name': 'Austin Reaves', 'type': 'Player'}]",Live Player Rebounds,Austin Reaves Rebounds
0QA239133716#188095222_13L42648Q11732376275Q20,2,239133716,6+,+220,3.2,3.20,11/5,Austin Reaves,Unknown,32022,['SGP'],"[{'id': '591721', 'name': 'Austin Reaves', 'type': 'Player'}]",Live Player Rebounds,Austin Reaves Rebounds
0QA239134488#188100448_13L42648Q1-959133270Q20,2,239134488,4+,-110,1.90909091,1.90,10/11,Chris Paul,Unknown,True,19048,"['MostBalancedOdds', 'SGP', 'MostBalancedGlobalProbability']","[{'id': '33246', 'name': 'Chris Paul', 'type': 'Player'}]",Live Player Rebounds,Chris Paul Rebounds
0QA239133684#188095031_13L42648Q11732376275Q20,2,239133684,6+,+270,3.7,3.70,27/10,Dalton Knecht,Unknown,True,37031,"['MostBalancedOdds', 'SGP', 'MostBalancedGlobalProbability']","[{'id': '800374', 'name': 'Dalton Knecht', 'type': 'Player'}]",Live Player Rebounds,Dalton Knecht Rebounds
0QA239133719#188115125_13L42648Q11701146871Q20,2,239133719,8+,+175,2.75,2.75,7/4,Devin Vassell,Unknown,True,27525,"['MostBalancedOdds', 'SGP', 'MostBalancedGlobalProbability']","[{'id': '527223', 'name': 'Devin Vassell', 'type': 'Player'}]",Live Player Rebounds,Devin Vassell Rebounds
0QA239133718#188095229_13L42648Q1-959133270Q20,2,239133718,4+,+105,2.05,2.05,21/20,Harrison Barnes,Unknown,True,20529,"['MostBalancedOdds', 'SGP', 'MostBalancedGlobalProbability']","[{'id': '33337', 'name': 'Harrison Barnes', 'type': 'Player'}]",Live Player Rebounds,Harrison Barnes Rebounds
0QA239133739#188095330_13L42648Q1-959133270Q20,2,239133739,4+,-110,1.90909091,1.90,10/11,Jarred Vanderbilt,Unknown,True,19030,"['MostBalancedOdds', 'SGP', 'MostBalancedGlobalProbability']","[{'id': '33027', 'name': 'Jarred Vanderbilt', 'type': 'Player'}]",Live Player Rebounds,Jarred Vanderbilt Rebounds
0QA239133739#188095332_13L42648Q11732376275Q20,2,239133739,6+,+425,5.25,5.25,17/4,Jarred Vanderbilt,Unknown,52532,['SGP'],"[{'id': '33027', 'name': 'Jarred Vanderbilt', 'type': 'Player'}]",Live Player Rebounds,Jarred Vanderbilt Rebounds
0QA239133715#188095217_13L42648Q11732376275Q20,2,239133715,6+,-450,1.22222223,1.22,2/9,Jaxson Hayes,Unknown,12217,['SGP'],"[{'id': '33224', 'name': 'Jaxson Hayes', 'type': 'Player'}]",Live Player Rebounds,Jaxson Hayes Rebounds
0QA239133715#188095218_13L42648Q11354795352Q20,2,239133715,7+,-155,1.6451613,1.64,20/31,Jaxson Hayes,Unknown,16418,"['SGP', 'MostBalancedGlobalProbability']","[{'id': '33224', 'name': 'Jaxson Hayes', 'type': 'Player'}]",Live Player Rebounds,Jaxson Hayes Rebounds
0QA239133715#188095219_13L42648Q11701146871Q20,2,239133715,8+,+155,2.55,2.55,31/20,Jaxson Hayes,Unknown,True,25519,"['MostBalancedOdds', 'SGP']","[{'id': '33224', 'name': 'Jaxson Hayes', 'type': 'Player'}]",Live Player Rebounds,Jaxson Hayes Rebounds
0QA239133688#188129652_13L42648Q1-959133270Q20,2,239133688,4+,-150,1.66666667,1.66,4/6,Jeremy Sochan,Unknown,True,16652,"['MostBalancedOdds', 'SGP', 'MostBalancedGlobalProbability']","[{'id': '649556', 'name': 'Jeremy Sochan', 'type': 'Player'}]",Live Player Rebounds,Jeremy Sochan Rebounds
0QA239133688#188095050_13L42648Q11732376275Q20,2,239133688,6+,+350,4.5,4.50,7/2,Jeremy Sochan,Unknown,45050,['SGP'],"[{'id': '649556', 'name': 'Jeremy Sochan', 'type': 'Player'}]",Live Player Rebounds,Jeremy Sochan Rebounds
0QA239133695#188095093_13L42648Q1-959133270Q20,2,239133695,4+,-120,1.83333334,1.83,5/6,Julian Champagnie,Unknown,True,18393,"['MostBalancedOdds', 'SGP', 'MostBalancedGlobalProbability']","[{'id': '650222', 'name': 'Julian Champagnie', 'type': 'Player'}]",Live Player Rebounds,Julian Champagnie Rebounds
0QA239133740#188095317_13L42648Q1627765711Q20,2,239133740,10+,-245,1.40816327,1.40,20/49,Luka Doncic,Unknown,14017,['SGP'],"[{'id': '33005', 'name': 'Luka Doncic', 'type': 'Player'}]",Live Player Rebounds,Luka Doncic Rebounds
0QA239133740#188134984_13L42648Q1854805293Q20,2,239133740,11+,-115,1.86956522,1.86,20/23,Luka Doncic,Unknown,True,18684,"['MostBalancedOdds', 'SGP', 'MostBalancedGlobalProbability']","[{'id': '33005', 'name': 'Luka Doncic', 'type': 'Player'}]",Live Player Rebounds,Luka Doncic Rebounds
0QA239133740#188095318_13L42648Q1996830450Q20,2,239133740,12+,+180,2.8,2.80,9/5,Luka Doncic,Unknown,28018,['SGP'],"[{'id': '33005', 'name': 'Luka Doncic', 'type': 'Player'}]",Live Player Rebounds,Luka Doncic Rebounds
0QA239128530#188076830_13L42648Q1-1099073115Q20,2,239128530,10+,-115,1.86956522,1.86,20/23,DeMar DeRozan,Unknown,True,18630,"['MostBalancedOdds', 'SGP', 'MostBalancedGlobalProbability']","[{'id': '33357', 'name': 'DeMar DeRozan', 'type': 'Player'}]",Live Player Assists,DeMar DeRozan Assists
0QA239128547#188086441_13L42648Q11378501633Q20,2,239128547,4+,+105,2.05,2.05,21/20,Desmond Bane,Unknown,True,20541,"['MostBalancedOdds', 'SGP', 'MostBalancedGlobalProbability']","[{'id': '527237', 'name': 'Desmond Bane', 'type': 'Player'}]",Live Player Assists,Desmond Bane Assists
0QA239128547#188068351_13L42648Q1236288914Q20,2,239128547,6+,+600,7,7.00,6/1,Desmond Bane,Unknown,70051,['SGP'],"[{'id': '527237', 'name': 'Desmond Bane', 'type': 'Player'}]",Live Player Assists,Desmond Bane Assists
0QA239128550#188068375_13L42648Q1236288914Q20,2,239128550,6+,-135,1.74074075,1.74,20/27,Domantas Sabonis,Unknown,True,17475,"['MostBalancedOdds', 'SGP', 'MostBalancedGlobalProbability']","[{'id': '33091', 'name': 'Domantas Sabonis', 'type': 'Player'}]",Live Player Assists,Domantas Sabonis Assists
0QA239140912#188129261_13L42648Q1236288914Q20,2,239140912,6+,+150,2.5,2.50,6/4,Keon Ellis,Unknown,True,25061,"['MostBalancedOdds', 'SGP', 'MostBalancedGlobalProbability']","[{'id': '649606', 'name': 'Keon Ellis', 'type': 'Player'}]",Live Player Assists,Keon Ellis Assists
0QA239128523#188101995_13L42648Q1-1099073115Q20,2,239128523,10+,+155,2.55,2.55,31/20,Luke Kennard,Unknown,True,25595,"['MostBalancedOdds', 'SGP', 'MostBalancedGlobalProbability']","[{'id': '33042', 'name': 'Luke Kennard', 'type': 'Player'}]",Live Player Assists,Luke Kennard Assists
0QA239128575#188068449_13L42648Q1-63303393Q20,2,239128575,8+,+200,3,3.00,2/1,Malik Monk,Unknown,True,30049,"['MostBalancedOdds', 'SGP', 'MostBalancedGlobalProbability']","[{'id': '32941', 'name': 'Malik Monk', 'type': 'Player'}]",Live Player Assists,Malik Monk Assists
0QA239128522#188068234_13L42648Q11378501633Q20,2,239128522,4+,+140,2.4,2.40,7/5,Zach LaVine,Unknown,True,24034,"['MostBalancedOdds', 'SGP', 'MostBalancedGlobalProbability']","[{'id': '32963', 'name': 'Zach LaVine', 'type': 'Player'}]",Live Player Assists,Zach LaVine Assists
0QA239129319#188131591_13L42648Q11378501633Q20,2,239129319,4+,-320,1.3125,1.31,5/16,Draymond Green,Unknown,13191,['SGP'],"[{'id': '33052', 'name': 'Draymond Green', 'type': 'Player'}]",Live Player Assists,Draymond Green Assists
0QA239129319#188123032_13L42648Q1-302306987Q20,2,239129319,5+,+100,2,2.00,1/1,Draymond Green,Unknown,True,20032,"['MostBalancedOdds', 'SGP', 'MostBalancedGlobalProbability']","[{'id': '33052', 'name': 'Draymond Green', 'type': 'Player'}]",Live Player Assists,Draymond Green Assists
0QA239129319#188072247_13L42648Q1236288914Q20,2,239129319,6+,+255,3.55,3.55,51/20,Draymond Green,Unknown,35547,['SGP'],"[{'id': '33052', 'name': 'Draymond Green', 'type': 'Player'}]",Live Player Assists,Draymond Green Assists
0QA239129377#188072560_13L42648Q1-63303393Q20,2,239129377,8+,-105,1.95238096,1.95,20/21,Jimmy Butler,Unknown,True,19560,"['MostBalancedOdds', 'SGP', 'MostBalancedGlobalProbability']","[{'id': '33155', 'name': 'Jimmy Butler', 'type': 'Player'}]",Live Player Assists,Jimmy Butler Assists
0QA239129377#188072561_13L42648Q1-1099073115Q20,2,239129377,10+,+600,7,7.00,6/1,Jimmy Butler,Unknown,70061,['SGP'],"[{'id': '33155', 'name': 'Jimmy Butler', 'type': 'Player'}]",Live Player Assists,Jimmy Butler Assists
0QA239129372#188119676_13L42648Q1-923493540Q20,2,239129372,18+,-105,1.95238096,1.95,20/21,Russell Westbrook,Unknown,True,19576,"['MostBalancedOdds', 'SGP', 'MostBalancedGlobalProbability']","[{'id': '33068', 'name': 'Russell Westbrook', 'type': 'Player'}]",Live Player Assists,Russell Westbrook Assists
0QA239129372#188125164_13L42648Q11949533234Q20,2,239129372,20+,+390,4.9,4.90,39/10,Russell Westbrook,Unknown,49064,['SGP'],"[{'id': '33068', 'name': 'Russell Westbrook', 'type': 'Player'}]",Live Player Assists,Russell Westbrook Assists
0QA239129433#188073006_13L42648Q1236288914Q20,2,239129433,6+,-260,1.38461539,1.38,5/13,Stephen Curry,Unknown,13805,['SGP'],"[{'id': '33049', 'name': 'Stephen Curry', 'type': 'Player'}]",Live Player Assists,Stephen Curry Assists
0QA239129433#188073007_13L42648Q1674384231Q20,2,239129433,7+,+110,2.1,2.10,11/10,Stephen Curry,Unknown,True,21007,"['MostBalancedOdds', 'SGP', 'MostBalancedGlobalProbability']","[{'id': '33049', 'name': 'Stephen Curry', 'type': 'Player'}]",Live Player Assists,Stephen Curry Assists
0QA239129433#188073008_13L42648Q1-63303393Q20,2,239129433,8+,+295,3.95,3.95,59/20,Stephen Curry,Unknown,39508,['SGP'],"[{'id': '33049', 'name': 'Stephen Curry', 'type': 'Player'}]",Live Player Assists,Stephen Curry Assists
0QA239129404#188072804_13L42648Q11378501633Q20,2,239129404,4+,-115,1.86956522,1.86,20/23,Anfernee Simons,Unknown,True,18604,"['MostBalancedOdds', 'SGP', 'MostBalancedGlobalProbability']","[{'id': '33330', 'name': 'Anfernee Simons', 'type': 'Player'}]",Live Player Assists,Anfernee Simons Assists
0QA239133709#188095192_13L42648Q1236288914Q20,2,239133709,6+,-165,1.60606061,1.60,20/33,Austin Reaves,Unknown,True,16092,"['MostBalancedOdds', 'SGP', 'MostBalancedGlobalProbability']","[{'id': '591721', 'name': 'Austin Reaves', 'type': 'Player'}]",Live Player Assists,Austin Reaves Assists
0QA239133709#188095200_13L42648Q1-63303393Q20,2,239133709,8+,+350,4.5,4.50,7/2,Austin Reaves,Unknown,45000,['SGP'],"[{'id': '591721', 'name': 'Austin Reaves', 'type': 'Player'}]",Live Player Assists,Austin Reaves Assists
0QA239133711#188095195_13L42648Q1-63303393Q20,2,239133711,8+,-160,1.625,1.62,5/8,Chris Paul,Unknown,True,16295,"['MostBalancedOdds', 'SGP', 'MostBalancedGlobalProbability']","[{'id': '33246', 'name': 'Chris Paul', 'type': 'Player'}]",Live Player Assists,Chris Paul Assists
0QA239133711#188095199_13L42648Q1-1099073115Q20,2,239133711,10+,+330,4.3,4.30,33/10,Chris Paul,Unknown,43099,['SGP'],"[{'id': '33246', 'name': 'Chris Paul', 'type': 'Player'}]",Live Player Assists,Chris Paul Assists
0QA239133710#188095203_13L42648Q1-63303393Q20,2,239133710,8+,-425,1.23529412,1.23,4/17,Luka Doncic,Unknown,12303,['SGP'],"[{'id': '33005', 'name': 'Luka Doncic', 'type': 'Player'}]",Live Player Assists,Luka Doncic Assists
0QA239133710#188095205_13L42648Q11502850715Q20,2,239133710,9+,-160,1.625,1.62,5/8,Luka Doncic,Unknown,16205,"['SGP', 'MostBalancedGlobalProbability']","[{'id': '33005', 'name': 'Luka Doncic', 'type': 'Player'}]",Live Player Assists,Luka Doncic Assists
0QA239133710#188095207_13L42648Q1-1099073115Q20,2,239133710,10+,+140,2.4,2.40,7/5,Luka Doncic,Unknown,True,24007,"['MostBalancedOdds', 'SGP']","[{'id': '33005', 'name': 'Luka Doncic', 'type': 'Player'}]",Live Player Assists,Luka Doncic Assists
0QA239128570#188068428_13L42648Q1-420432923Q20,2,239128570,35+,-400,1.25,1.25,1/4,DeMar DeRozan,Unknown,12528,['SGP'],"[{'id': '33357', 'name': 'DeMar DeRozan', 'type': 'Player'}]",Live Player Combos,DeMar DeRozan Points + Rebounds + Assists
0QA239128570#188086257_13L42648Q1267839322Q20,2,239128570,37+,-170,1.5882353,1.58,10/17,DeMar DeRozan,Unknown,15857,"['SGP', 'MostBalancedGlobalProbability']","[{'id': '33357', 'name': 'DeMar DeRozan', 'type': 'Player'}]",Live Player Combos,DeMar DeRozan Points + Rebounds + Assists
0QA239128570#188068429_13L42648Q1-649449370Q20,2,239128570,40+,+160,2.6,2.60,8/5,DeMar DeRozan,Unknown,True,26029,"['MostBalancedOdds', 'SGP']","[{'id': '33357', 'name': 'DeMar DeRozan', 'type': 'Player'}]",Live Player Combos,DeMar DeRozan Points + Rebounds + Assists
0QA239128571#188133134_13L42648Q1-2093322029Q20,2,239128571,49+,-155,1.6451613,1.64,20/31,Desmond Bane,Unknown,16434,['SGP'],"[{'id': '527237', 'name': 'Desmond Bane', 'type': 'Player'}]",Live Player Combos,Desmond Bane Points + Rebounds + Assists
0QA239128571#188129788_13L42648Q1-1090662673Q20,2,239128571,50+,-110,1.90909091,1.90,10/11,Desmond Bane,Unknown,True,19088,"['MostBalancedOdds', 'SGP', 'MostBalancedGlobalProbability']","[{'id': '527237', 'name': 'Desmond Bane', 'type': 'Player'}]",Live Player Combos,Desmond Bane Points + Rebounds + Assists
0QA239128571#188130567_13L42648Q1-307117079Q20,2,239128571,55+,+390,4.9,4.90,39/10,Desmond Bane,Unknown,49067,['SGP'],"[{'id': '527237', 'name': 'Desmond Bane', 'type': 'Player'}]",Live Player Combos,Desmond Bane Points + Rebounds + Assists
0QA239128580#188132271_13L42648Q1-363862103Q20,2,239128580,20+,-145,1.68965518,1.68,20/29,Domantas Sabonis,Unknown,True,16871,"['MostBalancedOdds', 'SGP', 'MostBalancedGlobalProbability']","[{'id': '33091', 'name': 'Domantas Sabonis', 'type': 'Player'}]",Live Player Combos,Domantas Sabonis Points + Rebounds + Assists
0QA239128580#188082737_13L42648Q1184170805Q20,2,239128580,25+,+550,6.5,6.50,11/2,Domantas Sabonis,Unknown,65037,['SGP'],"[{'id': '33091', 'name': 'Domantas Sabonis', 'type': 'Player'}]",Live Player Combos,Domantas Sabonis Points + Rebounds + Assists
0QA239128583#188134983_13L42648Q1-128715196Q20,2,239128583,24+,-130,1.76923077,1.76,10/13,Jaren Jackson Jr.,Unknown,17683,"['SGP', 'MostBalancedGlobalProbability']","[{'id': '33142', 'name': 'Jaren Jackson Jr.', 'type': 'Player'}]",Live Player Combos,Jaren Jackson Jr. Points + Rebounds + Assists
0QA239128583#188124972_13L42648Q1184170805Q20,2,239128583,25+,+110,2.1,2.10,11/10,Jaren Jackson Jr.,Unknown,True,21072,"['MostBalancedOdds', 'SGP']","[{'id': '33142', 'name': 'Jaren Jackson Jr.', 'type': 'Player'}]",Live Player Combos,Jaren Jackson Jr. Points + Rebounds + Assists
0QA239128583#188068556_13L42648Q12128373199Q20,2,239128583,30+,+600,7,7.00,6/1,Jaren Jackson Jr.,Unknown,70056,['SGP'],"[{'id': '33142', 'name': 'Jaren Jackson Jr.', 'type': 'Player'}]",Live Player Combos,Jaren Jackson Jr. Points + Rebounds + Assists
0QA239129808#188075885_13L42648Q1-363862103Q20,2,239129808,20+,+260,3.6,3.60,13/5,Jaylen Wells,Unknown,True,36085,"['MostBalancedOdds', 'SGP', 'MostBalancedGlobalProbability']","[{'id': '800655', 'name': 'Jaylen Wells', 'type': 'Player'}]",Live Player Combos,Jaylen Wells Points + Rebounds + Assists
0QA239128581#188068545_13L42648Q1-363862103Q20,2,239128581,20+,-330,1.30303031,1.30,10/33,Luke Kennard,Unknown,13045,['SGP'],"[{'id': '33042', 'name': 'Luke Kennard', 'type': 'Player'}]",Live Player Combos,Luke Kennard Points + Rebounds + Assists
0QA239128581#188068546_13L42648Q11102054790Q20,2,239128581,21+,-215,1.46511628,1.46,20/43,Luke Kennard,Unknown,14646,"['SGP', 'MostBalancedGlobalProbability']","[{'id': '33042', 'name': 'Luke Kennard', 'type': 'Player'}]",Live Player Combos,Luke Kennard Points + Rebounds + Assists
0QA239128581#188068547_13L42648Q1184170805Q20,2,239128581,25+,+195,2.95,2.95,39/20,Luke Kennard,Unknown,True,29547,"['MostBalancedOdds', 'SGP']","[{'id': '33042', 'name': 'Luke Kennard', 'type': 'Player'}]",Live Player Combos,Luke Kennard Points + Rebounds + Assists
0QA239128586#188077961_13L42648Q1-1340914431Q20,2,239128586,34+,-150,1.66666667,1.66,4/6,Malik Monk,Unknown,16661,"['SGP', 'MostBalancedGlobalProbability']","[{'id': '32941', 'name': 'Malik Monk', 'type': 'Player'}]",Live Player Combos,Malik Monk Points + Rebounds + Assists
0QA239128586#188068571_13L42648Q1-420432923Q20,2,239128586,35+,-105,1.95238096,1.95,20/21,Malik Monk,Unknown,True,19571,"['MostBalancedOdds', 'SGP']","[{'id': '32941', 'name': 'Malik Monk', 'type': 'Player'}]",Live Player Combos,Malik Monk Points + Rebounds + Assists
0QA239128586#188073953_13L42648Q1-649449370Q20,2,239128586,40+,+500,6,6.00,5/1,Malik Monk,Unknown,60053,['SGP'],"[{'id': '32941', 'name': 'Malik Monk', 'type': 'Player'}]",Live Player Combos,Malik Monk Points + Rebounds + Assists
0QA239128536#188068300_13L42648Q12128373199Q20,2,239128536,30+,-215,1.46511628,1.46,20/43,Zach LaVine,Unknown,14600,['SGP'],"[{'id': '32963', 'name': 'Zach LaVine', 'type': 'Player'}]",Live Player Combos,Zach LaVine Points + Rebounds + Assists
0QA239128536#188069544_13L42648Q1-1494944342Q20,2,239128536,31+,-145,1.68965518,1.68,20/29,Zach LaVine,Unknown,True,16844,"['MostBalancedOdds', 'SGP', 'MostBalancedGlobalProbability']","[{'id': '32963', 'name': 'Zach LaVine', 'type': 'Player'}]",Live Player Combos,Zach LaVine Points + Rebounds + Assists
0QA239128536#188068301_13L42648Q1-420432923Q20,2,239128536,35+,+230,3.3,3.30,23/10,Zach LaVine,Unknown,33001,['SGP'],"[{'id': '32963', 'name': 'Zach LaVine', 'type': 'Player'}]",Live Player Combos,Zach LaVine Points + Rebounds + Assists
0QA239129444#188136147_13L42648Q1-1358728104Q20,2,239129444,18+,-135,1.74074075,1.74,20/27,Draymond Green,Unknown,True,17447,"['MostBalancedOdds', 'SGP', 'MostBalancedGlobalProbability']","[{'id': '33052', 'name': 'Draymond Green', 'type': 'Player'}]",Live Player Combos,Draymond Green Points + Rebounds + Assists
0QA239129444#188073039_13L42648Q1-363862103Q20,2,239129444,20+,+165,2.65,2.65,33/20,Draymond Green,Unknown,26539,['SGP'],"[{'id': '33052', 'name': 'Draymond Green', 'type': 'Player'}]",Live Player Combos,Draymond Green Points + Rebounds + Assists
0QA239129470#188073149_13L42648Q12128373199Q20,2,239129470,30+,-525,1.1904762,1.19,4/21,Jimmy Butler,Unknown,11949,['SGP'],"[{'id': '33155', 'name': 'Jimmy Butler', 'type': 'Player'}]",Live Player Combos,Jimmy Butler Points + Rebounds + Assists
0QA239129470#188121295_13L42648Q11651298463Q20,2,239129470,33+,-165,1.60606061,1.60,20/33,Jimmy Butler,Unknown,16095,"['SGP', 'MostBalancedGlobalProbability']","[{'id': '33155', 'name': 'Jimmy Butler', 'type': 'Player'}]",Live Player Combos,Jimmy Butler Points + Rebounds + Assists
0QA239129470#188073151_13L42648Q1-420432923Q20,2,239129470,35+,+120,2.2,2.20,6/5,Jimmy Butler,Unknown,True,22051,"['MostBalancedOdds', 'SGP']","[{'id': '33155', 'name': 'Jimmy Butler', 'type': 'Player'}]",Live Player Combos,Jimmy Butler Points + Rebounds + Assists
0QA239129470#188073156_13L42648Q1-649449370Q20,2,239129470,40+,+550,6.5,6.50,11/2,Jimmy Butler,Unknown,65056,['SGP'],"[{'id': '33155', 'name': 'Jimmy Butler', 'type': 'Player'}]",Live Player Combos,Jimmy Butler Points + Rebounds + Assists
0QA239129387#188072635_13L42648Q1-420432923Q20,2,239129387,35+,-340,1.29411765,1.29,5/17,Russell Westbrook,Unknown,12935,['SGP'],"[{'id': '33068', 'name': 'Russell Westbrook', 'type': 'Player'}]",Live Player Combos,Russell Westbrook Points + Rebounds + Assists
0QA239129387#188114646_13L42648Q1-857756694Q20,2,239129387,38+,-130,1.76923077,1.76,10/13,Russell Westbrook,Unknown,17646,"['SGP', 'MostBalancedGlobalProbability']","[{'id': '33068', 'name': 'Russell Westbrook', 'type': 'Player'}]",Live Player Combos,Russell Westbrook Points + Rebounds + Assists
0QA239129387#188072636_13L42648Q1-649449370Q20,2,239129387,40+,+130,2.3,2.30,13/10,Russell Westbrook,Unknown,True,23036,"['MostBalancedOdds', 'SGP']","[{'id': '33068', 'name': 'Russell Westbrook', 'type': 'Player'}]",Live Player Combos,Russell Westbrook Points + Rebounds + Assists
0QA239129387#188077793_13L42648Q1-531003262Q20,2,239129387,45+,+500,6,6.00,5/1,Russell Westbrook,Unknown,60093,['SGP'],"[{'id': '33068', 'name': 'Russell Westbrook', 'type': 'Player'}]",Live Player Combos,Russell Westbrook Points + Rebounds + Assists
0QA239129471#188073152_13L42648Q1-420432923Q20,2,239129471,35+,-130,1.76923077,1.76,10/13,Stephen Curry,Unknown,True,17652,"['MostBalancedOdds', 'SGP', 'MostBalancedGlobalProbability']","[{'id': '33049', 'name': 'Stephen Curry', 'type': 'Player'}]",Live Player Combos,Stephen Curry Points + Rebounds + Assists
0QA239129471#188073160_13L42648Q1-649449370Q20,2,239129471,40+,+285,3.85,3.85,57/20,Stephen Curry,Unknown,38560,['SGP'],"[{'id': '33049', 'name': 'Stephen Curry', 'type': 'Player'}]",Live Player Combos,Stephen Curry Points + Rebounds + Assists
0QA239129427#188072922_13L42648Q12128373199Q20,2,239129427,30+,-390,1.25641026,1.25,10/39,Deni Avdija,Unknown,12522,['SGP'],"[{'id': '527254', 'name': 'Deni Avdija', 'type': 'Player'}]",Live Player Combos,Deni Avdija Points + Rebounds + Assists
0QA239129427#188074649_13L42648Q1-813125365Q20,2,239129427,32+,-150,1.66666667,1.66,4/6,Deni Avdija,Unknown,True,16649,"['MostBalancedOdds', 'SGP', 'MostBalancedGlobalProbability']","[{'id': '527254', 'name': 'Deni Avdija', 'type': 'Player'}]",Live Player Combos,Deni Avdija Points + Rebounds + Assists
0QA239129427#188072924_13L42648Q1-420432923Q20,2,239129427,35+,+210,3.1,3.10,21/10,Deni Avdija,Unknown,31024,['SGP'],"[{'id': '527254', 'name': 'Deni Avdija', 'type': 'Player'}]",Live Player Combos,Deni Avdija Points + Rebounds + Assists
0QA239136616#188109494_13L42648Q1184170805Q20,2,239136616,25+,-370,1.27027028,1.27,10/37,Donovan Clingan,Unknown,12794,['SGP'],"[{'id': '800354', 'name': 'Donovan Clingan', 'type': 'Player'}]",Live Player Combos,Donovan Clingan Points + Rebounds + Assists
0QA239136616#188131332_13L42648Q11268912206Q20,2,239136616,26+,-205,1.48780488,1.48,20/41,Donovan Clingan,Unknown,True,14832,"['MostBalancedOdds', 'SGP', 'MostBalancedGlobalProbability']","[{'id': '800354', 'name': 'Donovan Clingan', 'type': 'Player'}]",Live Player Combos,Donovan Clingan Points + Rebounds + Assists
0QA239136616#188109895_13L42648Q12128373199Q20,2,239136616,30+,+270,3.7,3.70,27/10,Donovan Clingan,Unknown,37095,['SGP'],"[{'id': '800354', 'name': 'Donovan Clingan', 'type': 'Player'}]",Live Player Combos,Donovan Clingan Points + Rebounds + Assists
0QA239129420#188111517_13L42648Q1291166733Q20,2,239129420,19+,-150,1.66666667,1.66,4/6,Scoot Henderson,Unknown,16617,['SGP'],"[{'id': '713756', 'name': 'Scoot Henderson', 'type': 'Player'}]",Live Player Combos,Scoot Henderson Points + Rebounds + Assists
0QA239129420#188072875_13L42648Q1-363862103Q20,2,239129420,20+,-110,1.90909091,1.90,10/11,Scoot Henderson,Unknown,True,19075,"['MostBalancedOdds', 'SGP', 'MostBalancedGlobalProbability']","[{'id': '713756', 'name': 'Scoot Henderson', 'type': 'Player'}]",Live Player Combos,Scoot Henderson Points + Rebounds + Assists
0QA239129420#188072877_13L42648Q1184170805Q20,2,239129420,25+,+400,5,5.00,4/1,Scoot Henderson,Unknown,50077,['SGP'],"[{'id': '713756', 'name': 'Scoot Henderson', 'type': 'Player'}]",Live Player Combos,Scoot Henderson Points + Rebounds + Assists
0QA239129424#188072910_13L42648Q12128373199Q20,2,239129424,30+,+115,2.15,2.15,23/20,Shaedon Sharpe,Unknown,True,21510,"['MostBalancedOdds', 'SGP', 'MostBalancedGlobalProbability']","[{'id': '649550', 'name': 'Shaedon Sharpe', 'type': 'Player'}]",Live Player Combos,Shaedon Sharpe Points + Rebounds + Assists
0QA239129424#188072911_13L42648Q1-420432923Q20,2,239129424,35+,+600,7,7.00,6/1,Shaedon Sharpe,Unknown,70011,['SGP'],"[{'id': '649550', 'name': 'Shaedon Sharpe', 'type': 'Player'}]",Live Player Combos,Shaedon Sharpe Points + Rebounds + Assists
0QA239133746#188095466_13L42648Q12128373199Q20,2,239133746,30+,-285,1.3508772,1.35,20/57,Austin Reaves,Unknown,13566,['SGP'],"[{'id': '591721', 'name': 'Austin Reaves', 'type': 'Player'}]",Live Player Combos,Austin Reaves Points + Rebounds + Assists
0QA239133746#188134545_13L42648Q1-813125365Q20,2,239133746,32+,-155,1.6451613,1.64,20/31,Austin Reaves,Unknown,16445,"['SGP', 'MostBalancedGlobalProbability']","[{'id': '591721', 'name': 'Austin Reaves', 'type': 'Player'}]",Live Player Combos,Austin Reaves Points + Rebounds + Assists
0QA239133746#188095354_13L42648Q1-420432923Q20,2,239133746,35+,+155,2.55,2.55,31/20,Austin Reaves,Unknown,True,25554,"['MostBalancedOdds', 'SGP']","[{'id': '591721', 'name': 'Austin Reaves', 'type': 'Player'}]",Live Player Combos,Austin Reaves Points + Rebounds + Assists
0QA239133746#188095356_13L42648Q1-649449370Q20,2,239133746,40+,+550,6.5,6.50,11/2,Austin Reaves,Unknown,65056,['SGP'],"[{'id': '591721', 'name': 'Austin Reaves', 'type': 'Player'}]",Live Player Combos,Austin Reaves Points + Rebounds + Assists
0QA239133731#188095275_13L42648Q1-363862103Q20,2,239133731,20+,-235,1.42553192,1.42,20/47,Chris Paul,Unknown,14275,['SGP'],"[{'id': '33246', 'name': 'Chris Paul', 'type': 'Player'}]",Live Player Combos,Chris Paul Points + Rebounds + Assists
0QA239133731#188125147_13L42648Q1841748041Q20,2,239133731,22+,+100,2,2.00,1/1,Chris Paul,Unknown,True,20047,"['MostBalancedOdds', 'SGP', 'MostBalancedGlobalProbability']","[{'id': '33246', 'name': 'Chris Paul', 'type': 'Player'}]",Live Player Combos,Chris Paul Points + Rebounds + Assists
0QA239133731#188098456_13L42648Q1184170805Q20,2,239133731,25+,+310,4.1,4.10,31/10,Chris Paul,Unknown,41056,['SGP'],"[{'id': '33246', 'name': 'Chris Paul', 'type': 'Player'}]",Live Player Combos,Chris Paul Points + Rebounds + Assists
0QA239139815#188125406_13L42648Q1-128715196Q20,2,239139815,24+,-125,1.8,1.80,4/5,Dalton Knecht,Unknown,18006,"['SGP', 'MostBalancedGlobalProbability']","[{'id': '800374', 'name': 'Dalton Knecht', 'type': 'Player'}]",Live Player Combos,Dalton Knecht Points + Rebounds + Assists
0QA239139815#188124941_13L42648Q1184170805Q20,2,239139815,25+,+115,2.15,2.15,23/20,Dalton Knecht,Unknown,True,21541,"['MostBalancedOdds', 'SGP']","[{'id': '800374', 'name': 'Dalton Knecht', 'type': 'Player'}]",Live Player Combos,Dalton Knecht Points + Rebounds + Assists
0QA239139815#188124942_13L42648Q12128373199Q20,2,239139815,30+,+500,6,6.00,5/1,Dalton Knecht,Unknown,60042,['SGP'],"[{'id': '800374', 'name': 'Dalton Knecht', 'type': 'Player'}]",Live Player Combos,Dalton Knecht Points + Rebounds + Assists
0QA239134140#188098462_13L42648Q1-363862103Q20,2,239134140,20+,+115,2.15,2.15,23/20,Harrison Barnes,Unknown,True,21562,"['MostBalancedOdds', 'SGP', 'MostBalancedGlobalProbability']","[{'id': '33337', 'name': 'Harrison Barnes', 'type': 'Player'}]",Live Player Combos,Harrison Barnes Points + Rebounds + Assists
0QA239134140#188098463_13L42648Q1184170805Q20,2,239134140,25+,+550,6.5,6.50,11/2,Harrison Barnes,Unknown,65063,['SGP'],"[{'id': '33337', 'name': 'Harrison Barnes', 'type': 'Player'}]",Live Player Combos,Harrison Barnes Points + Rebounds + Assists
0QA239139921#188128910_13L42648Q1291166733Q20,2,239139921,19+,-125,1.8,1.80,4/5,Jaxson Hayes,Unknown,18010,"['SGP', 'MostBalancedGlobalProbability']","[{'id': '33224', 'name': 'Jaxson Hayes', 'type': 'Player'}]",Live Player Combos,Jaxson Hayes Points + Rebounds + Assists
0QA239139921#188125298_13L42648Q1-363862103Q20,2,239139921,20+,+115,2.15,2.15,23/20,Jaxson Hayes,Unknown,True,21598,"['MostBalancedOdds', 'SGP']","[{'id': '33224', 'name': 'Jaxson Hayes', 'type': 'Player'}]",Live Player Combos,Jaxson Hayes Points + Rebounds + Assists
0QA239133744#188095347_13L42648Q1-1090662673Q20,2,239133744,50+,-165,1.60606061,1.60,20/33,Luka Doncic,Unknown,True,16047,"['MostBalancedOdds', 'SGP', 'MostBalancedGlobalProbability']","[{'id': '33005', 'name': 'Luka Doncic', 'type': 'Player'}]",Live Player Combos,Luka Doncic Points + Rebounds + Assists
0QA239133744#188095349_13L42648Q1-307117079Q20,2,239133744,55+,+205,3.05,3.05,41/20,Luka Doncic,Unknown,30549,['SGP'],"[{'id': '33005', 'name': 'Luka Doncic', 'type': 'Player'}]",Live Player Combos,Luka Doncic Points + Rebounds + Assists
0QA239132533#188101490_13L42648Q1337262809Q20,2,239132533,4+,+320,4.2,4.20,16/5,Luka Doncic,Unknown,True,42090,"['MostBalancedOdds', 'SGP', 'MostBalancedGlobalProbability']","[{'id': '33005', 'name': 'Luka Doncic', 'type': 'Player'}]",Live Player Defense,Luka Doncic Steals
0HC79094841P50_3,2,2_79094841,TOR Raptors,-120,1.83333334,1.83,5/6,0.5,TOR Raptors,Team,True,499,"['MainPointLine', 'SGP']","[{'id': '32957', 'name': 'TOR Raptors', 'type': 'Team'}]",Halves,Spread 2nd Half
0HC79094841N50_1,2,2_79094841,PHO Suns,-110,1.90909091,1.90,10/11,-0.5,PHO Suns,Team,True,501,"['MainPointLine', 'SGP']","[{'id': '32949', 'name': 'PHO Suns', 'type': 'Team'}]",Halves,Spread 2nd Half
0OU79094841O10650_1,2,3_79094841,Over,-110,1.90909091,1.90,10/11,106.5,,Unknown,True,106500,"['MainPointLine', 'SGP']",Halves,Total 2nd Half
0OU79094841U10650_3,2,3_79094841,Under,-120,1.83333334,1.83,5/6,106.5,,Unknown,True,106502,"['MainPointLine', 'SGP']",Halves,Total 2nd Half
0ML79094841_3,2,1_79094841,TOR Raptors,-110,1.90909091,1.90,10/11,TOR Raptors,Team,True,1279903307,['SGP'],"[{'id': '32957', 'name': 'TOR Raptors', 'type': 'Team'}]",Halves,Moneyline 2nd Half
0ML79094841_1,2,1_79094841,PHO Suns,-120,1.83333334,1.83,5/6,PHO Suns,Team,True,1279905092,['SGP'],"[{'id': '32949', 'name': 'PHO Suns', 'type': 'Team'}]",Halves,Moneyline 2nd Half
0HC79094899N250_3,2,2_79094899,MEM Grizzlies,-120,1.83333334,1.83,5/6,-2.5,MEM Grizzlies,Team,True,-2501,"['MainPointLine', 'SGP']","[{'id': '32929', 'name': 'MEM Grizzlies', 'type': 'Team'}]",Halves,Spread 2nd Half
0HC79094899P250_1,2,2_79094899,SAC Kings,-110,1.90909091,1.90,10/11,2.5,SAC Kings,Team,True,-2499,"['MainPointLine', 'SGP']","[{'id': '32954', 'name': 'SAC Kings', 'type': 'Team'}]",Halves,Spread 2nd Half
0OU79094899O12650_1,2,3_79094899,Over,-120,1.83333334,1.83,5/6,126.5,,Unknown,True,126500,"['MainPointLine', 'SGP']",Halves,Total 2nd Half
0OU79094899U12650_3,2,3_79094899,Under,-110,1.90909091,1.90,10/11,126.5,,Unknown,True,126502,"['MainPointLine', 'SGP']",Halves,Total 2nd Half
0ML79094899_3,2,1_79094899,MEM Grizzlies,-195,1.51282052,1.51,20/39,MEM Grizzlies,Team,True,1279904665,['SGP'],"[{'id': '32929', 'name': 'MEM Grizzlies', 'type': 'Team'}]",Halves,Moneyline 2nd Half
0ML79094899_1,2,1_79094899,SAC Kings,+150,2.5,2.50,6/4,SAC Kings,Team,True,1279906450,['SGP'],"[{'id': '32954', 'name': 'SAC Kings', 'type': 'Team'}]",Halves,Moneyline 2nd Half
0HC79094812P1050_3,2,2_79094812,DEN Nuggets,-110,1.90909091,1.90,10/11,10.5,DEN Nuggets,Team,True,10499,"['MainPointLine', 'SGP']","[{'id': '32913', 'name': 'DEN Nuggets', 'type': 'Team'}]",Halves,Spread 2nd Half
0HC79094812N1050_1,2,2_79094812,GS Warriors,-120,1.83333334,1.83,5/6,-10.5,GS Warriors,Team,True,10501,"['MainPointLine', 'SGP']","[{'id': '32917', 'name': 'GS Warriors', 'type': 'Team'}]",Halves,Spread 2nd Half
0OU79094812O10850_1,2,3_79094812,Over,-115,1.86956522,1.86,20/23,108.5,,Unknown,True,108500,"['MainPointLine', 'SGP']",Halves,Total 2nd Half
0OU79094812U10850_3,2,3_79094812,Under,-115,1.86956522,1.86,20/23,108.5,,Unknown,True,108502,"['MainPointLine', 'SGP']",Halves,Total 2nd Half
0ML79094812_3,2,1_79094812,DEN Nuggets,+700,8,8.00,7/1,DEN Nuggets,Team,True,1279902628,['SGP'],"[{'id': '32913', 'name': 'DEN Nuggets', 'type': 'Team'}]",Halves,Moneyline 2nd Half
0ML79094812_1,2,1_79094812,GS Warriors,-1300,1.07692308,1.07,1/13,GS Warriors,Team,True,1279904413,['SGP'],"[{'id': '32917', 'name': 'GS Warriors', 'type': 'Team'}]",Halves,Moneyline 2nd Half
0HC79094870P650_3,2,2_79094870,WAS Wizards,-120,1.83333334,1.83,5/6,6.5,WAS Wizards,Team,True,6499,"['MainPointLine', 'SGP']","[{'id': '32962', 'name': 'WAS Wizards', 'type': 'Team'}]",Halves,Spread 2nd Half
0HC79094870N650_1,2,2_79094870,POR Trail Blazers,-110,1.90909091,1.90,10/11,-6.5,POR Trail Blazers,Team,True,6501,"['MainPointLine', 'SGP']","[{'id': '32952', 'name': 'POR Trail Blazers', 'type': 'Team'}]",Halves,Spread 2nd Half
0OU79094870O11250_1,2,3_79094870,Over,-120,1.83333334,1.83,5/6,112.5,,Unknown,True,112500,['MainPointLine'],Halves,Total 2nd Half
0OU79094870U11250_3,2,3_79094870,Under,-110,1.90909091,1.90,10/11,112.5,,Unknown,True,112502,['MainPointLine'],Halves,Total 2nd Half
0ML79094870_3,2,1_79094870,WAS Wizards,+240,3.4,3.40,12/5,WAS Wizards,Team,True,1279903986,['SGP'],"[{'id': '32962', 'name': 'WAS Wizards', 'type': 'Team'}]",Halves,Moneyline 2nd Half
0ML79094870_1,2,1_79094870,POR Trail Blazers,-330,1.30303031,1.30,10/33,POR Trail Blazers,Team,True,1279905771,['SGP'],"[{'id': '32952', 'name': 'POR Trail Blazers', 'type': 'Team'}]",Halves,Moneyline 2nd Half
0HC79094928P50_3,2,2_79094928,SA Spurs,-120,1.83333334,1.83,5/6,0.5,SA Spurs,Team,True,499,"['MainPointLine', 'SGP']","[{'id': '32955', 'name': 'SA Spurs', 'type': 'Team'}]",Halves,Spread 2nd Half
0HC79094928N50_1,2,2_79094928,LA Lakers,-110,1.90909091,1.90,10/11,-0.5,LA Lakers,Team,True,501,"['MainPointLine', 'SGP']","[{'id': '32927', 'name': 'LA Lakers', 'type': 'Team'}]",Halves,Spread 2nd Half
0OU79094928O11650_1,2,3_79094928,Over,-115,1.86956522,1.86,20/23,116.5,,Unknown,True,116500,"['MainPointLine', 'SGP']",Halves,Total 2nd Half
0OU79094928U11650_3,2,3_79094928,Under,-115,1.86956522,1.86,20/23,116.5,,Unknown,True,116502,"['MainPointLine', 'SGP']",Halves,Total 2nd Half
0ML79094928_3,2,1_79094928,SA Spurs,-115,1.86956522,1.86,20/23,SA Spurs,Team,True,1279905344,['SGP'],"[{'id': '32955', 'name': 'SA Spurs', 'type': 'Team'}]",Halves,Moneyline 2nd Half
0ML79094928_1,2,1_79094928,LA Lakers,-115,1.86956522,1.86,20/23,LA Lakers,Team,True,1279907129,['SGP'],"[{'id': '32927', 'name': 'LA Lakers', 'type': 'Team'}]",Halves,Moneyline 2nd Half
0HC79094896N150_3,2,2_79094896,MEM Grizzlies,-125,1.8,1.80,4/5,-1.5,MEM Grizzlies,Team,True,-1501,"['MainPointLine', 'SGP']","[{'id': '32929', 'name': 'MEM Grizzlies', 'type': 'Team'}]",Quarters,Spread 3rd Quarter
0HC79094896P150_1,2,2_79094896,SAC Kings,-105,1.95238096,1.95,20/21,1.5,SAC Kings,Team,True,-1499,"['MainPointLine', 'SGP']","[{'id': '32954', 'name': 'SAC Kings', 'type': 'Team'}]",Quarters,Spread 3rd Quarter
0OU79094896O6750_1,2,3_79094896,Over,-130,1.76923077,1.76,10/13,67.5,,Unknown,True,67500,"['MainPointLine', 'SGP']",Quarters,Total 3rd Quarter
0OU79094896U6750_3,2,3_79094896,Under,+100,2,2.00,1/1,67.5,,Unknown,True,67502,"['MainPointLine', 'SGP']",Quarters,Total 3rd Quarter
0ML79094896_3,2,1_79094896,MEM Grizzlies,-210,1.47619048,1.47,10/21,MEM Grizzlies,Team,True,1279904655,['SGP'],"[{'id': '32929', 'name': 'MEM Grizzlies', 'type': 'Team'}]",Quarters,Moneyline 3rd Quarter
0ML79094896_1,2,1_79094896,SAC Kings,+160,2.6,2.60,8/5,SAC Kings,Team,True,1279906441,['SGP'],"[{'id': '32954', 'name': 'SAC Kings', 'type': 'Team'}]",Quarters,Moneyline 3rd Quarter
0HC79094809P550_3,2,2_79094809,DEN Nuggets,-125,1.8,1.80,4/5,5.5,DEN Nuggets,Team,True,5499,"['MainPointLine', 'SGP']","[{'id': '32913', 'name': 'DEN Nuggets', 'type': 'Team'}]",Quarters,Spread 3rd Quarter
0HC79094809N550_1,2,2_79094809,GS Warriors,-105,1.95238096,1.95,20/21,-5.5,GS Warriors,Team,True,5501,"['MainPointLine', 'SGP']","[{'id': '32917', 'name': 'GS Warriors', 'type': 'Team'}]",Quarters,Spread 3rd Quarter
0OU79094809O5350_1,2,3_79094809,Over,-125,1.8,1.80,4/5,53.5,,Unknown,True,53500,"['MainPointLine', 'SGP']",Quarters,Total 3rd Quarter
0OU79094809U5350_3,2,3_79094809,Under,-105,1.95238096,1.95,20/21,53.5,,Unknown,True,53502,"['MainPointLine', 'SGP']",Quarters,Total 3rd Quarter
0ML79094809_3,2,1_79094809,DEN Nuggets,+280,3.8,3.80,14/5,DEN Nuggets,Team,True,1279902618,['SGP'],"[{'id': '32913', 'name': 'DEN Nuggets', 'type': 'Team'}]",Quarters,Moneyline 3rd Quarter
0ML79094809_1,2,1_79094809,GS Warriors,-395,1.25316456,1.25,20/79,GS Warriors,Team,True,1279904404,['SGP'],"[{'id': '32917', 'name': 'GS Warriors', 'type': 'Team'}]",Quarters,Moneyline 3rd Quarter
0HC79094867P850_3,2,2_79094867,WAS Wizards,-130,1.76923077,1.76,10/13,8.5,WAS Wizards,Team,True,8499,"['MainPointLine', 'SGP']","[{'id': '32962', 'name': 'WAS Wizards', 'type': 'Team'}]",Quarters,Spread 3rd Quarter
0HC79094867N850_1,2,2_79094867,POR Trail Blazers,+100,2,2.00,1/1,-8.5,POR Trail Blazers,Team,True,8501,"['MainPointLine', 'SGP']","[{'id': '32952', 'name': 'POR Trail Blazers', 'type': 'Team'}]",Quarters,Spread 3rd Quarter
0OU79094867O5850_1,2,3_79094867,Over,-115,1.86956522,1.86,20/23,58.5,,Unknown,True,58500,['MainPointLine'],Quarters,Total 3rd Quarter
0OU79094867U5850_3,2,3_79094867,Under,-115,1.86956522,1.86,20/23,58.5,,Unknown,True,58502,['MainPointLine'],Quarters,Total 3rd Quarter
0ML79094867_3,2,1_79094867,WAS Wizards,+950,10.5,10.50,19/2,WAS Wizards,Team,True,1279903976,['SGP'],"[{'id': '32962', 'name': 'WAS Wizards', 'type': 'Team'}]",Quarters,Moneyline 3rd Quarter
0ML79094867_1,2,1_79094867,POR Trail Blazers,-1950,1.05128206,1.05,2/39,POR Trail Blazers,Team,True,1279905762,['SGP'],"[{'id': '32952', 'name': 'POR Trail Blazers', 'type': 'Team'}]",Quarters,Moneyline 3rd Quarter
0HC79094925P250_3,2,2_79094925,SA Spurs,-125,1.8,1.80,4/5,2.5,SA Spurs,Team,True,2499,"['MainPointLine', 'SGP']","[{'id': '32955', 'name': 'SA Spurs', 'type': 'Team'}]",Quarters,Spread 3rd Quarter
0HC79094925N250_1,2,2_79094925,LA Lakers,-105,1.95238096,1.95,20/21,-2.5,LA Lakers,Team,True,2501,"['MainPointLine', 'SGP']","[{'id': '32927', 'name': 'LA Lakers', 'type': 'Team'}]",Quarters,Spread 3rd Quarter
0OU79094925O6050_1,2,3_79094925,Over,-110,1.90909091,1.90,10/11,60.5,,Unknown,True,60500,"['MainPointLine', 'SGP']",Quarters,Total 3rd Quarter
0OU79094925U6050_3,2,3_79094925,Under,-120,1.83333334,1.83,5/6,60.5,,Unknown,True,60502,"['MainPointLine', 'SGP']",Quarters,Total 3rd Quarter
0ML79094925_3,2,1_79094925,SA Spurs,+130,2.3,2.30,13/10,SA Spurs,Team,True,1279905334,['SGP'],"[{'id': '32955', 'name': 'SA Spurs', 'type': 'Team'}]",Quarters,Moneyline 3rd Quarter
0ML79094925_1,2,1_79094925,LA Lakers,-166,1.60240964,1.60,50/83,LA Lakers,Team,True,1279907120,['SGP'],"[{'id': '32927', 'name': 'LA Lakers', 'type': 'Team'}]",Quarters,Moneyline 3rd Quarter
0QA239127802#188064881_13L42648Q1166904247Q20,2,239127802,1+,+100,2,2.00,1/1,PHO Suns,Unknown,20081,"[{'id': '32949', 'name': 'PHO Suns', 'type': 'Team'}]",Game Threes,"PHO Suns Total Three Pointers Made - Last 3 Mins (Q4, 03.00-0.00)"
0QA239127802#188064883_13L42648Q1279280911Q20,2,239127802,2+,+600,7,7.00,6/1,PHO Suns,Unknown,70083,"[{'id': '32949', 'name': 'PHO Suns', 'type': 'Team'}]",Game Threes,"PHO Suns Total Three Pointers Made - Last 3 Mins (Q4, 03.00-0.00)"
0QA239127802#188064885_13L42648Q1412602393Q20,2,239127802,3+,+3000,31,31.00,30/1,PHO Suns,Unknown,310085,"[{'id': '32949', 'name': 'PHO Suns', 'type': 'Team'}]",Game Threes,"PHO Suns Total Three Pointers Made - Last 3 Mins (Q4, 03.00-0.00)"
0QA239127794#188064888_13L42648Q1166904247Q20,2,239127794,1+,-230,1.43478261,1.43,10/23,TOR Raptors,Unknown,14388,"[{'id': '32957', 'name': 'TOR Raptors', 'type': 'Team'}]",Game Threes,"TOR Raptors Total Three Pointers Made - Last 3 Mins (Q4, 03.00-0.00)"
0QA239127794#188064890_13L42648Q1279280911Q20,2,239127794,2+,+225,3.25,3.25,9/4,TOR Raptors,Unknown,32590,"[{'id': '32957', 'name': 'TOR Raptors', 'type': 'Team'}]",Game Threes,"TOR Raptors Total Three Pointers Made - Last 3 Mins (Q4, 03.00-0.00)"
0QA239127794#188064893_13L42648Q1412602393Q20,2,239127794,3+,+950,10.5,10.50,19/2,TOR Raptors,Unknown,105093,"[{'id': '32957', 'name': 'TOR Raptors', 'type': 'Team'}]",Game Threes,"TOR Raptors Total Three Pointers Made - Last 3 Mins (Q4, 03.00-0.00)"
0QA239127737#188064417_13L42648Q1166904247Q20,2,239127737,1+,-240,1.41666667,1.41,5/12,MEM Grizzlies,Unknown,14117,"[{'id': '32929', 'name': 'MEM Grizzlies', 'type': 'Team'}]",Game Threes,"MEM Grizzlies Total Three Pointers Made - Last 3 Mins (Q4, 03.00-0.00)"
0QA239127737#188064418_13L42648Q1279280911Q20,2,239127737,2+,+215,3.15,3.15,43/20,MEM Grizzlies,Unknown,31518,"[{'id': '32929', 'name': 'MEM Grizzlies', 'type': 'Team'}]",Game Threes,"MEM Grizzlies Total Three Pointers Made - Last 3 Mins (Q4, 03.00-0.00)"
0QA239127737#188064419_13L42648Q1412602393Q20,2,239127737,3+,+850,9.5,9.50,17/2,MEM Grizzlies,Unknown,95019,"[{'id': '32929', 'name': 'MEM Grizzlies', 'type': 'Team'}]",Game Threes,"MEM Grizzlies Total Three Pointers Made - Last 3 Mins (Q4, 03.00-0.00)"
0QA239127738#188064426_13L42648Q1166904247Q20,2,239127738,1+,-135,1.74074075,1.74,20/27,SAC Kings,Unknown,17426,"[{'id': '32954', 'name': 'SAC Kings', 'type': 'Team'}]",Game Threes,"SAC Kings Total Three Pointers Made - Last 3 Mins (Q4, 03.00-0.00)"
0QA239127738#188064427_13L42648Q1279280911Q20,2,239127738,2+,+400,5,5.00,4/1,SAC Kings,Unknown,50027,"[{'id': '32954', 'name': 'SAC Kings', 'type': 'Team'}]",Game Threes,"SAC Kings Total Three Pointers Made - Last 3 Mins (Q4, 03.00-0.00)"
0QA239127738#188064428_13L42648Q1412602393Q20,2,239127738,3+,+2000,21,21.00,20/1,SAC Kings,Unknown,210028,"[{'id': '32954', 'name': 'SAC Kings', 'type': 'Team'}]",Game Threes,"SAC Kings Total Three Pointers Made - Last 3 Mins (Q4, 03.00-0.00)"
0QA239127720#188063565_13L42648Q1166904247Q20,2,239127720,1+,-105,1.95238096,1.95,20/21,DEN Nuggets,Unknown,19565,"[{'id': '32913', 'name': 'DEN Nuggets', 'type': 'Team'}]",Game Threes,"DEN Nuggets Total Three Pointers Made - Last 3 Mins (Q4, 03.00-0.00)"
0QA239127720#188063567_13L42648Q1279280911Q20,2,239127720,2+,+600,7,7.00,6/1,DEN Nuggets,Unknown,70067,"[{'id': '32913', 'name': 'DEN Nuggets', 'type': 'Team'}]",Game Threes,"DEN Nuggets Total Three Pointers Made - Last 3 Mins (Q4, 03.00-0.00)"
0QA239127720#188063569_13L42648Q1412602393Q20,2,239127720,3+,+2800,29,29.00,28/1,DEN Nuggets,Unknown,290069,"[{'id': '32913', 'name': 'DEN Nuggets', 'type': 'Team'}]",Game Threes,"DEN Nuggets Total Three Pointers Made - Last 3 Mins (Q4, 03.00-0.00)"
0QA239127706#188062931_13L42648Q1166904247Q20,2,239127706,1+,-185,1.54054055,1.54,20/37,GS Warriors,Unknown,15431,"[{'id': '32917', 'name': 'GS Warriors', 'type': 'Team'}]",Game Threes,"GS Warriors Total Three Pointers Made - Last 3 Mins (Q4, 03.00-0.00)"
0QA239127706#188062940_13L42648Q1279280911Q20,2,239127706,2+,+285,3.85,3.85,57/20,GS Warriors,Unknown,38540,"[{'id': '32917', 'name': 'GS Warriors', 'type': 'Team'}]",Game Threes,"GS Warriors Total Three Pointers Made - Last 3 Mins (Q4, 03.00-0.00)"
0QA239127706#188062947_13L42648Q1412602393Q20,2,239127706,3+,+1200,13,13.00,12/1,GS Warriors,Unknown,130047,"[{'id': '32917', 'name': 'GS Warriors', 'type': 'Team'}]",Game Threes,"GS Warriors Total Three Pointers Made - Last 3 Mins (Q4, 03.00-0.00)"
0QA239127717#188063466_13L42648Q1166904247Q20,2,239127717,1+,-120,1.83333334,1.83,5/6,POR Trail Blazers,Unknown,18366,"[{'id': '32952', 'name': 'POR Trail Blazers', 'type': 'Team'}]",Game Threes,"POR Trail Blazers Total Three Pointers Made - Last 3 Mins (Q4, 03.00-0.00)"
0QA239127717#188063467_13L42648Q1279280911Q20,2,239127717,2+,+475,5.75,5.75,19/4,POR Trail Blazers,Unknown,57567,"[{'id': '32952', 'name': 'POR Trail Blazers', 'type': 'Team'}]",Game Threes,"POR Trail Blazers Total Three Pointers Made - Last 3 Mins (Q4, 03.00-0.00)"
0QA239127717#188063468_13L42648Q1412602393Q20,2,239127717,3+,+2200,23,23.00,22/1,POR Trail Blazers,Unknown,230068,"[{'id': '32952', 'name': 'POR Trail Blazers', 'type': 'Team'}]",Game Threes,"POR Trail Blazers Total Three Pointers Made - Last 3 Mins (Q4, 03.00-0.00)"
0QA239127692#188062827_13L42648Q1166904247Q20,2,239127692,1+,-230,1.43478261,1.43,10/23,WAS Wizards,Unknown,14327,"[{'id': '32962', 'name': 'WAS Wizards', 'type': 'Team'}]",Game Threes,"WAS Wizards Total Three Pointers Made - Last 3 Mins (Q4, 03.00-0.00)"
0QA239127692#188062828_13L42648Q1279280911Q20,2,239127692,2+,+220,3.2,3.20,11/5,WAS Wizards,Unknown,32028,"[{'id': '32962', 'name': 'WAS Wizards', 'type': 'Team'}]",Game Threes,"WAS Wizards Total Three Pointers Made - Last 3 Mins (Q4, 03.00-0.00)"
0QA239127692#188062829_13L42648Q1412602393Q20,2,239127692,3+,+900,10,10.00,9/1,WAS Wizards,Unknown,100029,"[{'id': '32962', 'name': 'WAS Wizards', 'type': 'Team'}]",Game Threes,"WAS Wizards Total Three Pointers Made - Last 3 Mins (Q4, 03.00-0.00)"
0QA239132565#188088784_13L42648Q1166904247Q20,2,239132565,1+,-130,1.76923077,1.76,10/13,LA Lakers,Unknown,17684,"[{'id': '32927', 'name': 'LA Lakers', 'type': 'Team'}]",Game Threes,"LA Lakers Total Three Pointers Made - Last 3 Mins (Q4, 03.00-0.00)"
0QA239132565#188088787_13L42648Q1279280911Q20,2,239132565,2+,+450,5.5,5.50,9/2,LA Lakers,Unknown,55087,"[{'id': '32927', 'name': 'LA Lakers', 'type': 'Team'}]",Game Threes,"LA Lakers Total Three Pointers Made - Last 3 Mins (Q4, 03.00-0.00)"
0QA239132565#188088790_13L42648Q1412602393Q20,2,239132565,3+,+2200,23,23.00,22/1,LA Lakers,Unknown,230090,"[{'id': '32927', 'name': 'LA Lakers', 'type': 'Team'}]",Game Threes,"LA Lakers Total Three Pointers Made - Last 3 Mins (Q4, 03.00-0.00)"
0QA239132560#188088603_13L42648Q1166904247Q20,2,239132560,1+,-230,1.43478261,1.43,10/23,SA Spurs,Unknown,14303,"[{'id': '32955', 'name': 'SA Spurs', 'type': 'Team'}]",Game Threes,"SA Spurs Total Three Pointers Made - Last 3 Mins (Q4, 03.00-0.00)"
0QA239132560#188088604_13L42648Q1279280911Q20,2,239132560,2+,+220,3.2,3.20,11/5,SA Spurs,Unknown,32004,"[{'id': '32955', 'name': 'SA Spurs', 'type': 'Team'}]",Game Threes,"SA Spurs Total Three Pointers Made - Last 3 Mins (Q4, 03.00-0.00)"
0QA239132560#188088605_13L42648Q1412602393Q20,2,239132560,3+,+950,10.5,10.50,19/2,SA Spurs,Unknown,105005,"[{'id': '32955', 'name': 'SA Spurs', 'type': 'Team'}]",Game Threes,"SA Spurs Total Three Pointers Made - Last 3 Mins (Q4, 03.00-0.00)"
0QA239142727#188136693_15L42648Q11666672970Q20,2,239142727,TOR Raptors,+110,2.1,2.10,11/10,TOR Raptors,Team,188137693,"[{'id': '32957', 'name': 'TOR Raptors', 'type': 'Team'}]",Game Props,Race to 10 Points - 4th Quarter
0QA239142727#188136731_13L42648Q1-678827936Q20,2,239142727,Neither,+9000,91,91.00,90/1,,Unknown,188138731,Game Props,Race to 10 Points - 4th Quarter
0QA239142727#188136692_13L42648Q1-853869447Q20,2,239142727,PHO Suns,-140,1.71428572,1.71,5/7,PHO Suns,Team,188139692,"[{'id': '32949', 'name': 'PHO Suns', 'type': 'Team'}]",Game Props,Race to 10 Points - 4th Quarter
0QA239142728#188136698_15L42648Q11666672970Q20,2,239142728,TOR Raptors,+110,2.1,2.10,11/10,TOR Raptors,Team,188137698,"[{'id': '32957', 'name': 'TOR Raptors', 'type': 'Team'}]",Game Props,Race to 15 Points - 4th Quarter
0QA239142728#188136699_13L42648Q1-678827936Q20,2,239142728,Neither,+9000,91,91.00,90/1,,Unknown,188138699,Game Props,Race to 15 Points - 4th Quarter
0QA239142728#188136695_13L42648Q1-853869447Q20,2,239142728,PHO Suns,-140,1.71428572,1.71,5/7,PHO Suns,Team,188139695,"[{'id': '32949', 'name': 'PHO Suns', 'type': 'Team'}]",Game Props,Race to 15 Points - 4th Quarter
0QA239142729#188136696_15L42648Q11666672970Q20,2,239142729,TOR Raptors,+110,2.1,2.10,11/10,TOR Raptors,Team,188137696,"[{'id': '32957', 'name': 'TOR Raptors', 'type': 'Team'}]",Game Props,Race to 20 Points - 4th Quarter
0QA239142729#188136697_13L42648Q1-678827936Q20,2,239142729,Neither,+4000,41,41.00,40/1,,Unknown,188138697,Game Props,Race to 20 Points - 4th Quarter
0QA239142729#188136694_13L42648Q1-853869447Q20,2,239142729,PHO Suns,-130,1.76923077,1.76,10/13,PHO Suns,Team,188139694,"[{'id': '32949', 'name': 'PHO Suns', 'type': 'Team'}]",Game Props,Race to 20 Points - 4th Quarter
0QA239142731#188136701_15L42648Q11666672970Q20,2,239142731,TOR Raptors,+110,2.1,2.10,11/10,TOR Raptors,Team,188137701,"[{'id': '32957', 'name': 'TOR Raptors', 'type': 'Team'}]",Game Props,Race to 25 Points - 4th Quarter
0QA239142731#188136702_13L42648Q1-678827936Q20,2,239142731,Neither,+650,7.5,7.50,13/2,,Unknown,188138702,Game Props,Race to 25 Points - 4th Quarter
0QA239142731#188136700_13L42648Q1-853869447Q20,2,239142731,PHO Suns,+105,2.05,2.05,21/20,PHO Suns,Team,188139700,"[{'id': '32949', 'name': 'PHO Suns', 'type': 'Team'}]",Game Props,Race to 25 Points - 4th Quarter
0QA239142730#188136704_15L42648Q11666672970Q20,2,239142730,TOR Raptors,+190,2.9,2.90,19/10,TOR Raptors,Team,188137704,"[{'id': '32957', 'name': 'TOR Raptors', 'type': 'Team'}]",Game Props,Race to 30 Points - 4th Quarter
0QA239142730#188136705_13L42648Q1-678827936Q20,2,239142730,Neither,+125,2.25,2.25,5/4,,Unknown,188138705,Game Props,Race to 30 Points - 4th Quarter
0QA239142730#188136703_13L42648Q1-853869447Q20,2,239142730,PHO Suns,+225,3.25,3.25,9/4,PHO Suns,Team,188139703,"[{'id': '32949', 'name': 'PHO Suns', 'type': 'Team'}]",Game Props,Race to 30 Points - 4th Quarter
0QA239142189#188134419_15L42648Q1-1842957874Q20,2,239142189,MEM Grizzlies,-105,1.95238096,1.95,20/21,MEM Grizzlies,Team,188135419,"[{'id': '32929', 'name': 'MEM Grizzlies', 'type': 'Team'}]",Game Props,Race to 10 Points - 4th Quarter
0QA239142189#188134418_13L42648Q1215673135Q20,2,239142189,SAC Kings,-125,1.8,1.80,4/5,SAC Kings,Team,188137418,"[{'id': '32954', 'name': 'SAC Kings', 'type': 'Team'}]",Game Props,Race to 10 Points - 4th Quarter
0QA239142193#188134426_15L42648Q1-1842957874Q20,2,239142193,MEM Grizzlies,+100,2,2.00,1/1,MEM Grizzlies,Team,188135426,"[{'id': '32929', 'name': 'MEM Grizzlies', 'type': 'Team'}]",Game Props,Race to 15 Points - 4th Quarter
0QA239142193#188134485_13L42648Q1-678827936Q20,2,239142193,Neither,+9000,91,91.00,90/1,,Unknown,188136485,Game Props,Race to 15 Points - 4th Quarter
0QA239142193#188134424_13L42648Q1215673135Q20,2,239142193,SAC Kings,-125,1.8,1.80,4/5,SAC Kings,Team,188137424,"[{'id': '32954', 'name': 'SAC Kings', 'type': 'Team'}]",Game Props,Race to 15 Points - 4th Quarter
0QA239142192#188134416_15L42648Q1-1842957874Q20,2,239142192,MEM Grizzlies,-105,1.95238096,1.95,20/21,MEM Grizzlies,Team,188135416,"[{'id': '32929', 'name': 'MEM Grizzlies', 'type': 'Team'}]",Game Props,Race to 20 Points - 4th Quarter
0QA239142192#188134417_13L42648Q1-678827936Q20,2,239142192,Neither,+5000,51,51.00,50/1,,Unknown,188136417,Game Props,Race to 20 Points - 4th Quarter
0QA239142192#188134415_13L42648Q1215673135Q20,2,239142192,SAC Kings,-120,1.83333334,1.83,5/6,SAC Kings,Team,188137415,"[{'id': '32954', 'name': 'SAC Kings', 'type': 'Team'}]",Game Props,Race to 20 Points - 4th Quarter
0QA239142190#188134421_15L42648Q1-1842957874Q20,2,239142190,MEM Grizzlies,+100,2,2.00,1/1,MEM Grizzlies,Team,188135421,"[{'id': '32929', 'name': 'MEM Grizzlies', 'type': 'Team'}]",Game Props,Race to 25 Points - 4th Quarter
0QA239142190#188134422_13L42648Q1-678827936Q20,2,239142190,Neither,+1100,12,12.00,11/1,,Unknown,188136422,Game Props,Race to 25 Points - 4th Quarter
0QA239142190#188134420_13L42648Q1215673135Q20,2,239142190,SAC Kings,+100,2,2.00,1/1,SAC Kings,Team,188137420,"[{'id': '32954', 'name': 'SAC Kings', 'type': 'Team'}]",Game Props,Race to 25 Points - 4th Quarter
0QA239142191#188134425_15L42648Q1-1842957874Q20,2,239142191,MEM Grizzlies,+140,2.4,2.40,7/5,MEM Grizzlies,Team,188135425,"[{'id': '32929', 'name': 'MEM Grizzlies', 'type': 'Team'}]",Game Props,Race to 30 Points - 4th Quarter
0QA239142191#188134427_13L42648Q1-678827936Q20,2,239142191,Neither,+205,3.05,3.05,41/20,,Unknown,188136427,Game Props,Race to 30 Points - 4th Quarter
0QA239142191#188134423_13L42648Q1215673135Q20,2,239142191,SAC Kings,+180,2.8,2.80,9/5,SAC Kings,Team,188137423,"[{'id': '32954', 'name': 'SAC Kings', 'type': 'Team'}]",Game Props,Race to 30 Points - 4th Quarter
0QA239138287#188117948_15L42648Q1-2129925552Q20,2,239138287,DEN Nuggets,+210,3.1,3.10,21/10,DEN Nuggets,Team,188118948,"[{'id': '32913', 'name': 'DEN Nuggets', 'type': 'Team'}]",Game Props,Race to 20 Points - 3rd Quarter
0QA239138287#188117949_13L42648Q1-678827936Q20,2,239138287,Neither,+6000,61,61.00,60/1,,Unknown,188119949,Game Props,Race to 20 Points - 3rd Quarter
0QA239138287#188117947_13L42648Q1-973271748Q20,2,239138287,GS Warriors,-275,1.36363637,1.36,4/11,GS Warriors,Team,188120947,"[{'id': '32917', 'name': 'GS Warriors', 'type': 'Team'}]",Game Props,Race to 20 Points - 3rd Quarter
0QA239138288#188117951_15L42648Q1-2129925552Q20,2,239138288,DEN Nuggets,+280,3.8,3.80,14/5,DEN Nuggets,Team,188118951,"[{'id': '32913', 'name': 'DEN Nuggets', 'type': 'Team'}]",Game Props,Race to 25 Points - 3rd Quarter
0QA239138288#188117952_13L42648Q1-678827936Q20,2,239138288,Neither,+900,10,10.00,9/1,,Unknown,188119952,Game Props,Race to 25 Points - 3rd Quarter
0QA239138288#188117950_13L42648Q1-973271748Q20,2,239138288,GS Warriors,-235,1.42553192,1.42,20/47,GS Warriors,Team,188120950,"[{'id': '32917', 'name': 'GS Warriors', 'type': 'Team'}]",Game Props,Race to 25 Points - 3rd Quarter
0QA239138289#188117954_15L42648Q1-2129925552Q20,2,239138289,DEN Nuggets,+600,7,7.00,6/1,DEN Nuggets,Team,188118954,"[{'id': '32913', 'name': 'DEN Nuggets', 'type': 'Team'}]",Game Props,Race to 30 Points - 3rd Quarter
0QA239138289#188117955_13L42648Q1-678827936Q20,2,239138289,Neither,+115,2.15,2.15,23/20,,Unknown,188119955,Game Props,Race to 30 Points - 3rd Quarter
0QA239138289#188117953_13L42648Q1-973271748Q20,2,239138289,GS Warriors,+105,2.05,2.05,21/20,GS Warriors,Team,188120953,"[{'id': '32917', 'name': 'GS Warriors', 'type': 'Team'}]",Game Props,Race to 30 Points - 3rd Quarter
0QA239142393#188135621_15L42648Q1361919670Q20,2,239142393,WAS Wizards,+105,2.05,2.05,21/20,WAS Wizards,Team,188136621,"[{'id': '32962', 'name': 'WAS Wizards', 'type': 'Team'}]",Game Props,Race to 10 Points - 4th Quarter
0QA239142393#188135620_13L42648Q1-1780900792Q20,2,239142393,POR Trail Blazers,-135,1.74074075,1.74,20/27,POR Trail Blazers,Team,188138620,"[{'id': '32952', 'name': 'POR Trail Blazers', 'type': 'Team'}]",Game Props,Race to 10 Points - 4th Quarter
0QA239142393#188136961_13L42648Q1-678827936Q20,2,239142393,Neither,+9000,91,91.00,90/1,,Unknown,188138961,Game Props,Race to 10 Points - 4th Quarter
0QA239142396#188135638_15L42648Q1361919670Q20,2,239142396,WAS Wizards,+100,2,2.00,1/1,WAS Wizards,Team,188136638,"[{'id': '32962', 'name': 'WAS Wizards', 'type': 'Team'}]",Game Props,Race to 15 Points - 4th Quarter
0QA239142396#188135639_13L42648Q1-678827936Q20,2,239142396,Neither,+8000,81,81.00,80/1,,Unknown,188137639,Game Props,Race to 15 Points - 4th Quarter
0QA239142396#188135637_13L42648Q1-1780900792Q20,2,239142396,POR Trail Blazers,-125,1.8,1.80,4/5,POR Trail Blazers,Team,188138637,"[{'id': '32952', 'name': 'POR Trail Blazers', 'type': 'Team'}]",Game Props,Race to 15 Points - 4th Quarter
0QA239142395#188135629_15L42648Q1361919670Q20,2,239142395,WAS Wizards,+100,2,2.00,1/1,WAS Wizards,Team,188136629,"[{'id': '32962', 'name': 'WAS Wizards', 'type': 'Team'}]",Game Props,Race to 20 Points - 4th Quarter
0QA239142395#188135632_13L42648Q1-678827936Q20,2,239142395,Neither,+2800,29,29.00,28/1,,Unknown,188137632,Game Props,Race to 20 Points - 4th Quarter
0QA239142395#188135625_13L42648Q1-1780900792Q20,2,239142395,POR Trail Blazers,-115,1.86956522,1.86,20/23,POR Trail Blazers,Team,188138625,"[{'id': '32952', 'name': 'POR Trail Blazers', 'type': 'Team'}]",Game Props,Race to 20 Points - 4th Quarter
0QA239142397#188135628_15L42648Q1361919670Q20,2,239142397,WAS Wizards,+110,2.1,2.10,11/10,WAS Wizards,Team,188136628,"[{'id': '32962', 'name': 'WAS Wizards', 'type': 'Team'}]",Game Props,Race to 25 Points - 4th Quarter
0QA239142397#188135631_13L42648Q1-678827936Q20,2,239142397,Neither,+500,6,6.00,5/1,,Unknown,188137631,Game Props,Race to 25 Points - 4th Quarter
0QA239142397#188135624_13L42648Q1-1780900792Q20,2,239142397,POR Trail Blazers,+125,2.25,2.25,5/4,POR Trail Blazers,Team,188138624,"[{'id': '32952', 'name': 'POR Trail Blazers', 'type': 'Team'}]",Game Props,Race to 25 Points - 4th Quarter
0QA239142394#188135623_15L42648Q1361919670Q20,2,239142394,WAS Wizards,+195,2.95,2.95,39/20,WAS Wizards,Team,188136623,"[{'id': '32962', 'name': 'WAS Wizards', 'type': 'Team'}]",Game Props,Race to 30 Points - 4th Quarter
0QA239142394#188135626_13L42648Q1-678827936Q20,2,239142394,Neither,+115,2.15,2.15,23/20,,Unknown,188137626,Game Props,Race to 30 Points - 4th Quarter
0QA239142394#188135622_13L42648Q1-1780900792Q20,2,239142394,POR Trail Blazers,+250,3.5,3.50,5/2,POR Trail Blazers,Team,188138622,"[{'id': '32952', 'name': 'POR Trail Blazers', 'type': 'Team'}]",Game Props,Race to 30 Points - 4th Quarter
0QA239141026#188129828_15L42648Q1538362775Q20,2,239141026,SA Spurs,+135,2.35,2.35,27/20,SA Spurs,Team,188130828,"[{'id': '32955', 'name': 'SA Spurs', 'type': 'Team'}]",Game Props,Race to 10 Points - 3rd Quarter
0QA239141026#188129827_13L42648Q1888044704Q20,2,239141026,LA Lakers,-175,1.57142858,1.57,4/7,LA Lakers,Team,188132827,"[{'id': '32927', 'name': 'LA Lakers', 'type': 'Team'}]",Game Props,Race to 10 Points - 3rd Quarter
0QA239141027#188129826_15L42648Q1538362775Q20,2,239141027,SA Spurs,+140,2.4,2.40,7/5,SA Spurs,Team,188130826,"[{'id': '32955', 'name': 'SA Spurs', 'type': 'Team'}]",Game Props,Race to 15 Points - 3rd Quarter
0QA239141027#188129825_13L42648Q1888044704Q20,2,239141027,LA Lakers,-180,1.55555556,1.55,5/9,LA Lakers,Team,188132825,"[{'id': '32927', 'name': 'LA Lakers', 'type': 'Team'}]",Game Props,Race to 15 Points - 3rd Quarter
0QA239141033#188129859_15L42648Q1538362775Q20,2,239141033,SA Spurs,+140,2.4,2.40,7/5,SA Spurs,Team,188130859,"[{'id': '32955', 'name': 'SA Spurs', 'type': 'Team'}]",Game Props,Race to 20 Points - 3rd Quarter
0QA239141033#188129860_13L42648Q1-678827936Q20,2,239141033,Neither,+8000,81,81.00,80/1,,Unknown,188131860,Game Props,Race to 20 Points - 3rd Quarter
0QA239141033#188129858_13L42648Q1888044704Q20,2,239141033,LA Lakers,-180,1.55555556,1.55,5/9,LA Lakers,Team,188132858,"[{'id': '32927', 'name': 'LA Lakers', 'type': 'Team'}]",Game Props,Race to 20 Points - 3rd Quarter
0QA239141028#188129823_15L42648Q1538362775Q20,2,239141028,SA Spurs,+145,2.45,2.45,29/20,SA Spurs,Team,188130823,"[{'id': '32955', 'name': 'SA Spurs', 'type': 'Team'}]",Game Props,Race to 25 Points - 3rd Quarter
0QA239141028#188129824_13L42648Q1-678827936Q20,2,239141028,Neither,+2000,21,21.00,20/1,,Unknown,188131824,Game Props,Race to 25 Points - 3rd Quarter
0QA239141028#188129822_13L42648Q1888044704Q20,2,239141028,LA Lakers,-160,1.625,1.62,5/8,LA Lakers,Team,188132822,"[{'id': '32927', 'name': 'LA Lakers', 'type': 'Team'}]",Game Props,Race to 25 Points - 3rd Quarter
0QA239141030#188129839_15L42648Q1538362775Q20,2,239141030,SA Spurs,+205,3.05,3.05,41/20,SA Spurs,Team,188130839,"[{'id': '32955', 'name': 'SA Spurs', 'type': 'Team'}]",Game Props,Race to 30 Points - 3rd Quarter
0QA239141030#188129840_13L42648Q1-678827936Q20,2,239141030,Neither,+320,4.2,4.20,16/5,,Unknown,188131840,Game Props,Race to 30 Points - 3rd Quarter
0QA239141030#188129838_13L42648Q1888044704Q20,2,239141030,LA Lakers,-105,1.95238096,1.95,20/21,LA Lakers,Team,188132838,"[{'id': '32927', 'name': 'LA Lakers', 'type': 'Team'}]",Game Props,Race to 30 Points - 3rd Quarter
0QA239100703#187914952_15L42648Q1233429924Q20,2,239100703,ATL Hawks,-170,1.5882353,1.58,10/17,ATL Hawks,Team,187915952,['SGP'],"[{'id': '32892', 'name': 'ATL Hawks', 'type': 'Team'}]",Game Props,Race to 10 Points - 1st Quarter
0QA239100703#187914949_13L42648Q1-1942807144Q20,2,239100703,CHA Hornets,+140,2.4,2.40,7/5,CHA Hornets,Team,187917949,['SGP'],"[{'id': '32904', 'name': 'CHA Hornets', 'type': 'Team'}]",Game Props,Race to 10 Points - 1st Quarter
0QA239100707#187914937_15L42648Q1233429924Q20,2,239100707,ATL Hawks,-150,1.66666667,1.66,4/6,ATL Hawks,Team,187915937,['SGP'],"[{'id': '32892', 'name': 'ATL Hawks', 'type': 'Team'}]",Game Props,Race to 10 Points - 2nd Quarter
0QA239100707#187914936_13L42648Q1-1942807144Q20,2,239100707,CHA Hornets,+120,2.2,2.20,6/5,CHA Hornets,Team,187917936,['SGP'],"[{'id': '32904', 'name': 'CHA Hornets', 'type': 'Team'}]",Game Props,Race to 10 Points - 2nd Quarter
0QA239100719#187914985_15L42648Q1233429924Q20,2,239100719,ATL Hawks,-165,1.60606061,1.60,20/33,ATL Hawks,Team,187915985,['SGP'],"[{'id': '32892', 'name': 'ATL Hawks', 'type': 'Team'}]",Game Props,Race to 10 Points - 3rd Quarter
0QA239100719#187914984_13L42648Q1-1942807144Q20,2,239100719,CHA Hornets,+135,2.35,2.35,27/20,CHA Hornets,Team,187917984,['SGP'],"[{'id': '32904', 'name': 'CHA Hornets', 'type': 'Team'}]",Game Props,Race to 10 Points - 3rd Quarter
0QA239100716#187914964_15L42648Q1233429924Q20,2,239100716,ATL Hawks,-150,1.66666667,1.66,4/6,ATL Hawks,Team,187915964,['SGP'],"[{'id': '32892', 'name': 'ATL Hawks', 'type': 'Team'}]",Game Props,Race to 10 Points - 4th Quarter
0QA239100716#187914963_13L42648Q1-1942807144Q20,2,239100716,CHA Hornets,+120,2.2,2.20,6/5,CHA Hornets,Team,187917963,['SGP'],"[{'id': '32904', 'name': 'CHA Hornets', 'type': 'Team'}]",Game Props,Race to 10 Points - 4th Quarter
0QA239100702#187914951_15L42648Q1233429924Q20,2,239100702,ATL Hawks,-180,1.55555556,1.55,5/9,ATL Hawks,Team,187915951,['SGP'],"[{'id': '32892', 'name': 'ATL Hawks', 'type': 'Team'}]",Game Props,Race to 15 Points - 1st Quarter
0QA239100702#187914948_13L42648Q1-1942807144Q20,2,239100702,CHA Hornets,+145,2.45,2.45,29/20,CHA Hornets,Team,187917948,['SGP'],"[{'id': '32904', 'name': 'CHA Hornets', 'type': 'Team'}]",Game Props,Race to 15 Points - 1st Quarter
0QA239100709#187914970_15L42648Q1233429924Q20,2,239100709,ATL Hawks,-150,1.66666667,1.66,4/6,ATL Hawks,Team,187915970,['SGP'],"[{'id': '32892', 'name': 'ATL Hawks', 'type': 'Team'}]",Game Props,Race to 15 Points - 2nd Quarter
0QA239100709#187914971_13L42648Q1-778818167Q20,2,239100709,Neither,+10000,101,101.00,100/1,,Unknown,187916971,['SGP'],Game Props,Race to 15 Points - 2nd Quarter
0QA239100709#187914969_13L42648Q1-1942807144Q20,2,239100709,CHA Hornets,+125,2.25,2.25,5/4,CHA Hornets,Team,187917969,['SGP'],"[{'id': '32904', 'name': 'CHA Hornets', 'type': 'Team'}]",Game Props,Race to 15 Points - 2nd Quarter
0QA239100718#187914982_15L42648Q1233429924Q20,2,239100718,ATL Hawks,-175,1.57142858,1.57,4/7,ATL Hawks,Team,187915982,['SGP'],"[{'id': '32892', 'name': 'ATL Hawks', 'type': 'Team'}]",Game Props,Race to 15 Points - 3rd Quarter
0QA239100718#187914981_13L42648Q1-1942807144Q20,2,239100718,CHA Hornets,+145,2.45,2.45,29/20,CHA Hornets,Team,187917981,['SGP'],"[{'id': '32904', 'name': 'CHA Hornets', 'type': 'Team'}]",Game Props,Race to 15 Points - 3rd Quarter
0QA239100717#187914979_15L42648Q1233429924Q20,2,239100717,ATL Hawks,-145,1.68965518,1.68,20/29,ATL Hawks,Team,187915979,['SGP'],"[{'id': '32892', 'name': 'ATL Hawks', 'type': 'Team'}]",Game Props,Race to 15 Points - 4th Quarter
0QA239100717#187914980_13L42648Q1-778818167Q20,2,239100717,Neither,+9000,91,91.00,90/1,,Unknown,187916980,['SGP'],Game Props,Race to 15 Points - 4th Quarter
0QA239100717#187914978_13L42648Q1-1942807144Q20,2,239100717,CHA Hornets,+120,2.2,2.20,6/5,CHA Hornets,Team,187917978,['SGP'],"[{'id': '32904', 'name': 'CHA Hornets', 'type': 'Team'}]",Game Props,Race to 15 Points - 4th Quarter
0QA239100705#187914973_15L42648Q1233429924Q20,2,239100705,ATL Hawks,-180,1.55555556,1.55,5/9,ATL Hawks,Team,187915973,['SGP'],"[{'id': '32892', 'name': 'ATL Hawks', 'type': 'Team'}]",Game Props,Race to 20 Points - 1st Quarter
0QA239100705#187914974_13L42648Q1-778818167Q20,2,239100705,Neither,+7500,76,76.00,75/1,,Unknown,187916974,['SGP'],Game Props,Race to 20 Points - 1st Quarter
0QA239100705#187914972_13L42648Q1-1942807144Q20,2,239100705,CHA Hornets,+150,2.5,2.50,6/4,CHA Hornets,Team,187917972,['SGP'],"[{'id': '32904', 'name': 'CHA Hornets', 'type': 'Team'}]",Game Props,Race to 20 Points - 1st Quarter
0QA239100710#187914943_15L42648Q1233429924Q20,2,239100710,ATL Hawks,-155,1.6451613,1.64,20/31,ATL Hawks,Team,187915943,['SGP'],"[{'id': '32892', 'name': 'ATL Hawks', 'type': 'Team'}]",Game Props,Race to 20 Points - 2nd Quarter
0QA239100710#187914944_13L42648Q1-778818167Q20,2,239100710,Neither,+8000,81,81.00,80/1,,Unknown,187916944,['SGP'],Game Props,Race to 20 Points - 2nd Quarter
0QA239100710#187914941_13L42648Q1-1942807144Q20,2,239100710,CHA Hornets,+125,2.25,2.25,5/4,CHA Hornets,Team,187917941,['SGP'],"[{'id': '32904', 'name': 'CHA Hornets', 'type': 'Team'}]",Game Props,Race to 20 Points - 2nd Quarter
0QA239100706#187914934_15L42648Q1233429924Q20,2,239100706,ATL Hawks,-175,1.57142858,1.57,4/7,ATL Hawks,Team,187915934,['SGP'],"[{'id': '32892', 'name': 'ATL Hawks', 'type': 'Team'}]",Game Props,Race to 20 Points - 3rd Quarter
0QA239100706#187914935_13L42648Q1-778818167Q20,2,239100706,Neither,+7500,76,76.00,75/1,,Unknown,187916935,['SGP'],Game Props,Race to 20 Points - 3rd Quarter
0QA239100706#187914933_13L42648Q1-1942807144Q20,2,239100706,CHA Hornets,+140,2.4,2.40,7/5,CHA Hornets,Team,187917933,['SGP'],"[{'id': '32904', 'name': 'CHA Hornets', 'type': 'Team'}]",Game Props,Race to 20 Points - 3rd Quarter
0QA239100720#187914988_15L42648Q1233429924Q20,2,239100720,ATL Hawks,-145,1.68965518,1.68,20/29,ATL Hawks,Team,187915988,['SGP'],"[{'id': '32892', 'name': 'ATL Hawks', 'type': 'Team'}]",Game Props,Race to 20 Points - 4th Quarter
0QA239100720#187914989_13L42648Q1-778818167Q20,2,239100720,Neither,+5000,51,51.00,50/1,,Unknown,187916989,['SGP'],Game Props,Race to 20 Points - 4th Quarter
0QA239100720#187914987_13L42648Q1-1942807144Q20,2,239100720,CHA Hornets,+120,2.2,2.20,6/5,CHA Hornets,Team,187917987,['SGP'],"[{'id': '32904', 'name': 'CHA Hornets', 'type': 'Team'}]",Game Props,Race to 20 Points - 4th Quarter
0QA239100704#187914953_15L42648Q1233429924Q20,2,239100704,ATL Hawks,-165,1.60606061,1.60,20/33,ATL Hawks,Team,187915953,['SGP'],"[{'id': '32892', 'name': 'ATL Hawks', 'type': 'Team'}]",Game Props,Race to 25 Points - 1st Quarter
0QA239100704#187914956_13L42648Q1-778818167Q20,2,239100704,Neither,+1800,19,19.00,18/1,,Unknown,187916956,['SGP'],Game Props,Race to 25 Points - 1st Quarter
0QA239100704#187914950_13L42648Q1-1942807144Q20,2,239100704,CHA Hornets,+160,2.6,2.60,8/5,CHA Hornets,Team,187917950,['SGP'],"[{'id': '32904', 'name': 'CHA Hornets', 'type': 'Team'}]",Game Props,Race to 25 Points - 1st Quarter
0QA239100708#187914940_15L42648Q1233429924Q20,2,239100708,ATL Hawks,-145,1.68965518,1.68,20/29,ATL Hawks,Team,187915940,['SGP'],"[{'id': '32892', 'name': 'ATL Hawks', 'type': 'Team'}]",Game Props,Race to 25 Points - 2nd Quarter
0QA239100708#187914942_13L42648Q1-778818167Q20,2,239100708,Neither,+1800,19,19.00,18/1,,Unknown,187916942,['SGP'],Game Props,Race to 25 Points - 2nd Quarter
0QA239100708#187914939_13L42648Q1-1942807144Q20,2,239100708,CHA Hornets,+135,2.35,2.35,27/20,CHA Hornets,Team,187917939,['SGP'],"[{'id': '32904', 'name': 'CHA Hornets', 'type': 'Team'}]",Game Props,Race to 25 Points - 2nd Quarter
0QA239100715#187914976_15L42648Q1233429924Q20,2,239100715,ATL Hawks,-160,1.625,1.62,5/8,ATL Hawks,Team,187915976,['SGP'],"[{'id': '32892', 'name': 'ATL Hawks', 'type': 'Team'}]",Game Props,Race to 25 Points - 3rd Quarter
0QA239100715#187914977_13L42648Q1-778818167Q20,2,239100715,Neither,+1700,18,18.00,17/1,,Unknown,187916977,['SGP'],Game Props,Race to 25 Points - 3rd Quarter
0QA239100715#187914975_13L42648Q1-1942807144Q20,2,239100715,CHA Hornets,+155,2.55,2.55,31/20,CHA Hornets,Team,187917975,['SGP'],"[{'id': '32904', 'name': 'CHA Hornets', 'type': 'Team'}]",Game Props,Race to 25 Points - 3rd Quarter
0QA239100714#187914961_15L42648Q1233429924Q20,2,239100714,ATL Hawks,-115,1.86956522,1.86,20/23,ATL Hawks,Team,187915961,['SGP'],"[{'id': '32892', 'name': 'ATL Hawks', 'type': 'Team'}]",Game Props,Race to 25 Points - 4th Quarter
0QA239100714#187914962_13L42648Q1-778818167Q20,2,239100714,Neither,+800,9,9.00,8/1,,Unknown,187916962,['SGP'],Game Props,Race to 25 Points - 4th Quarter
0QA239100714#187914960_13L42648Q1-1942807144Q20,2,239100714,CHA Hornets,+135,2.35,2.35,27/20,CHA Hornets,Team,187917960,['SGP'],"[{'id': '32904', 'name': 'CHA Hornets', 'type': 'Team'}]",Game Props,Race to 25 Points - 4th Quarter
0QA239100712#187914958_15L42648Q1233429924Q20,2,239100712,ATL Hawks,-110,1.90909091,1.90,10/11,ATL Hawks,Team,187915958,['SGP'],"[{'id': '32892', 'name': 'ATL Hawks', 'type': 'Team'}]",Game Props,Race to 30 Points - 1st Quarter
0QA239100712#187914959_13L42648Q1-778818167Q20,2,239100712,Neither,+310,4.1,4.10,31/10,,Unknown,187916959,['SGP'],Game Props,Race to 30 Points - 1st Quarter
0QA239100712#187914957_13L42648Q1-1942807144Q20,2,239100712,CHA Hornets,+230,3.3,3.30,23/10,CHA Hornets,Team,187917957,['SGP'],"[{'id': '32904', 'name': 'CHA Hornets', 'type': 'Team'}]",Game Props,Race to 30 Points - 1st Quarter
0QA239100711#187914946_15L42648Q1233429924Q20,2,239100711,ATL Hawks,+105,2.05,2.05,21/20,ATL Hawks,Team,187915946,['SGP'],"[{'id': '32892', 'name': 'ATL Hawks', 'type': 'Team'}]",Game Props,Race to 30 Points - 2nd Quarter
0QA239100711#187914947_13L42648Q1-778818167Q20,2,239100711,Neither,+310,4.1,4.10,31/10,,Unknown,187916947,['SGP'],Game Props,Race to 30 Points - 2nd Quarter
0QA239100711#187914945_13L42648Q1-1942807144Q20,2,239100711,CHA Hornets,+195,2.95,2.95,39/20,CHA Hornets,Team,187917945,['SGP'],"[{'id': '32904', 'name': 'CHA Hornets', 'type': 'Team'}]",Game Props,Race to 30 Points - 2nd Quarter
0QA239100713#187914967_15L42648Q1233429924Q20,2,239100713,ATL Hawks,+100,2,2.00,1/1,ATL Hawks,Team,187915967,['SGP'],"[{'id': '32892', 'name': 'ATL Hawks', 'type': 'Team'}]",Game Props,Race to 30 Points - 3rd Quarter
0QA239100713#187914968_13L42648Q1-778818167Q20,2,239100713,Neither,+290,3.9,3.90,29/10,,Unknown,187916968,['SGP'],Game Props,Race to 30 Points - 3rd Quarter
0QA239100713#187914966_13L42648Q1-1942807144Q20,2,239100713,CHA Hornets,+225,3.25,3.25,9/4,CHA Hornets,Team,187917966,['SGP'],"[{'id': '32904', 'name': 'CHA Hornets', 'type': 'Team'}]",Game Props,Race to 30 Points - 3rd Quarter
0QA239100721#187914991_15L42648Q1233429924Q20,2,239100721,ATL Hawks,+175,2.75,2.75,7/4,ATL Hawks,Team,187915991,['SGP'],"[{'id': '32892', 'name': 'ATL Hawks', 'type': 'Team'}]",Game Props,Race to 30 Points - 4th Quarter
0QA239100721#187914992_13L42648Q1-778818167Q20,2,239100721,Neither,+145,2.45,2.45,29/20,,Unknown,187916992,['SGP'],Game Props,Race to 30 Points - 4th Quarter
0QA239100721#187914990_13L42648Q1-1942807144Q20,2,239100721,CHA Hornets,+235,3.35,3.35,47/20,CHA Hornets,Team,187917990,['SGP'],"[{'id': '32904', 'name': 'CHA Hornets', 'type': 'Team'}]",Game Props,Race to 30 Points - 4th Quarter
0QA239101397#187919060_15L42648Q11404609906Q20,2,239101397,BKN Nets,+150,2.5,2.50,6/4,BKN Nets,Team,187920060,['SGP'],"[{'id': '32902', 'name': 'BKN Nets', 'type': 'Team'}]",Game Props,Race to 10 Points - 1st Quarter
0QA239101397#187919059_13L42648Q1-992767548Q20,2,239101397,BOS Celtics,-185,1.54054055,1.54,20/37,BOS Celtics,Team,187922059,['SGP'],"[{'id': '32898', 'name': 'BOS Celtics', 'type': 'Team'}]",Game Props,Race to 10 Points - 1st Quarter
0QA239101413#187919111_15L42648Q11404609906Q20,2,239101413,BKN Nets,+130,2.3,2.30,13/10,BKN Nets,Team,187920111,['SGP'],"[{'id': '32902', 'name': 'BKN Nets', 'type': 'Team'}]",Game Props,Race to 10 Points - 2nd Quarter
0QA239101413#187919110_13L42648Q1-992767548Q20,2,239101413,BOS Celtics,-160,1.625,1.62,5/8,BOS Celtics,Team,187922110,['SGP'],"[{'id': '32898', 'name': 'BOS Celtics', 'type': 'Team'}]",Game Props,Race to 10 Points - 2nd Quarter
0QA239101400#187919082_15L42648Q11404609906Q20,2,239101400,BKN Nets,+125,2.25,2.25,5/4,BKN Nets,Team,187920082,['SGP'],"[{'id': '32902', 'name': 'BKN Nets', 'type': 'Team'}]",Game Props,Race to 10 Points - 3rd Quarter
0QA239101400#187919079_13L42648Q1-992767548Q20,2,239101400,BOS Celtics,-155,1.6451613,1.64,20/31,BOS Celtics,Team,187922079,['SGP'],"[{'id': '32898', 'name': 'BOS Celtics', 'type': 'Team'}]",Game Props,Race to 10 Points - 3rd Quarter
0QA239101406#187919090_15L42648Q11404609906Q20,2,239101406,BKN Nets,+130,2.3,2.30,13/10,BKN Nets,Team,187920090,['SGP'],"[{'id': '32902', 'name': 'BKN Nets', 'type': 'Team'}]",Game Props,Race to 10 Points - 4th Quarter
0QA239101406#187919089_13L42648Q1-992767548Q20,2,239101406,BOS Celtics,-160,1.625,1.62,5/8,BOS Celtics,Team,187922089,['SGP'],"[{'id': '32898', 'name': 'BOS Celtics', 'type': 'Team'}]",Game Props,Race to 10 Points - 4th Quarter
0QA239101401#187919069_15L42648Q11404609906Q20,2,239101401,BKN Nets,+170,2.7,2.70,17/10,BKN Nets,Team,187920069,['SGP'],"[{'id': '32902', 'name': 'BKN Nets', 'type': 'Team'}]",Game Props,Race to 15 Points - 1st Quarter
0QA239101401#187919070_13L42648Q1-778818167Q20,2,239101401,Neither,+9000,91,91.00,90/1,,Unknown,187921070,['SGP'],Game Props,Race to 15 Points - 1st Quarter
0QA239101401#187919067_13L42648Q1-992767548Q20,2,239101401,BOS Celtics,-210,1.47619048,1.47,10/21,BOS Celtics,Team,187922067,['SGP'],"[{'id': '32898', 'name': 'BOS Celtics', 'type': 'Team'}]",Game Props,Race to 15 Points - 1st Quarter
0QA239101409#187919099_15L42648Q11404609906Q20,2,239101409,BKN Nets,+155,2.55,2.55,31/20,BKN Nets,Team,187920099,['SGP'],"[{'id': '32902', 'name': 'BKN Nets', 'type': 'Team'}]",Game Props,Race to 15 Points - 2nd Quarter
0QA239101409#187919100_13L42648Q1-778818167Q20,2,239101409,Neither,+9000,91,91.00,90/1,,Unknown,187921100,['SGP'],Game Props,Race to 15 Points - 2nd Quarter
0QA239101409#187919098_13L42648Q1-992767548Q20,2,239101409,BOS Celtics,-190,1.52631579,1.52,10/19,BOS Celtics,Team,187922098,['SGP'],"[{'id': '32898', 'name': 'BOS Celtics', 'type': 'Team'}]",Game Props,Race to 15 Points - 2nd Quarter
0QA239101402#187919072_15L42648Q11404609906Q20,2,239101402,BKN Nets,+155,2.55,2.55,31/20,BKN Nets,Team,187920072,['SGP'],"[{'id': '32902', 'name': 'BKN Nets', 'type': 'Team'}]",Game Props,Race to 15 Points - 3rd Quarter
0QA239101402#187919073_13L42648Q1-778818167Q20,2,239101402,Neither,+10000,101,101.00,100/1,,Unknown,187921073,['SGP'],Game Props,Race to 15 Points - 3rd Quarter
0QA239101402#187919071_13L42648Q1-992767548Q20,2,239101402,BOS Celtics,-190,1.52631579,1.52,10/19,BOS Celtics,Team,187922071,['SGP'],"[{'id': '32898', 'name': 'BOS Celtics', 'type': 'Team'}]",Game Props,Race to 15 Points - 3rd Quarter
0QA239101412#187919108_15L42648Q11404609906Q20,2,239101412,BKN Nets,+140,2.4,2.40,7/5,BKN Nets,Team,187920108,['SGP'],"[{'id': '32902', 'name': 'BKN Nets', 'type': 'Team'}]",Game Props,Race to 15 Points - 4th Quarter
0QA239101412#187919109_13L42648Q1-778818167Q20,2,239101412,Neither,+9000,91,91.00,90/1,,Unknown,187921109,['SGP'],Game Props,Race to 15 Points - 4th Quarter
0QA239101412#187919107_13L42648Q1-992767548Q20,2,239101412,BOS Celtics,-175,1.57142858,1.57,4/7,BOS Celtics,Team,187922107,['SGP'],"[{'id': '32898', 'name': 'BOS Celtics', 'type': 'Team'}]",Game Props,Race to 15 Points - 4th Quarter
0QA239101408#187919096_15L42648Q11404609906Q20,2,239101408,BKN Nets,+200,3,3.00,2/1,BKN Nets,Team,187920096,['SGP'],"[{'id': '32902', 'name': 'BKN Nets', 'type': 'Team'}]",Game Props,Race to 20 Points - 1st Quarter
0QA239101408#187919097_13L42648Q1-778818167Q20,2,239101408,Neither,+5500,56,56.00,55/1,,Unknown,187921097,['SGP'],Game Props,Race to 20 Points - 1st Quarter
0QA239101408#187919095_13L42648Q1-992767548Q20,2,239101408,BOS Celtics,-245,1.40816327,1.40,20/49,BOS Celtics,Team,187922095,['SGP'],"[{'id': '32898', 'name': 'BOS Celtics', 'type': 'Team'}]",Game Props,Race to 20 Points - 1st Quarter
0QA239101415#187919117_15L42648Q11404609906Q20,2,239101415,BKN Nets,+175,2.75,2.75,7/4,BKN Nets,Team,187920117,['SGP'],"[{'id': '32902', 'name': 'BKN Nets', 'type': 'Team'}]",Game Props,Race to 20 Points - 2nd Quarter
0QA239101415#187919118_13L42648Q1-778818167Q20,2,239101415,Neither,+5000,51,51.00,50/1,,Unknown,187921118,['SGP'],Game Props,Race to 20 Points - 2nd Quarter
0QA239101415#187919116_13L42648Q1-992767548Q20,2,239101415,BOS Celtics,-215,1.46511628,1.46,20/43,BOS Celtics,Team,187922116,['SGP'],"[{'id': '32898', 'name': 'BOS Celtics', 'type': 'Team'}]",Game Props,Race to 20 Points - 2nd Quarter
0QA239101398#187919063_15L42648Q11404609906Q20,2,239101398,BKN Nets,+170,2.7,2.70,17/10,BKN Nets,Team,187920063,['SGP'],"[{'id': '32902', 'name': 'BKN Nets', 'type': 'Team'}]",Game Props,Race to 20 Points - 3rd Quarter
0QA239101398#187919064_13L42648Q1-778818167Q20,2,239101398,Neither,+5000,51,51.00,50/1,,Unknown,187921064,['SGP'],Game Props,Race to 20 Points - 3rd Quarter
0QA239101398#187919062_13L42648Q1-992767548Q20,2,239101398,BOS Celtics,-205,1.48780488,1.48,20/41,BOS Celtics,Team,187922062,['SGP'],"[{'id': '32898', 'name': 'BOS Celtics', 'type': 'Team'}]",Game Props,Race to 20 Points - 3rd Quarter
0QA239101414#187919114_15L42648Q11404609906Q20,2,239101414,BKN Nets,+155,2.55,2.55,31/20,BKN Nets,Team,187920114,['SGP'],"[{'id': '32902', 'name': 'BKN Nets', 'type': 'Team'}]",Game Props,Race to 20 Points - 4th Quarter
0QA239101414#187919115_13L42648Q1-778818167Q20,2,239101414,Neither,+3000,31,31.00,30/1,,Unknown,187921115,['SGP'],Game Props,Race to 20 Points - 4th Quarter
0QA239101414#187919113_13L42648Q1-992767548Q20,2,239101414,BOS Celtics,-175,1.57142858,1.57,4/7,BOS Celtics,Team,187922113,['SGP'],"[{'id': '32898', 'name': 'BOS Celtics', 'type': 'Team'}]",Game Props,Race to 20 Points - 4th Quarter
0QA239101396#187919083_15L42648Q11404609906Q20,2,239101396,BKN Nets,+250,3.5,3.50,5/2,BKN Nets,Team,187920083,['SGP'],"[{'id': '32902', 'name': 'BKN Nets', 'type': 'Team'}]",Game Props,Race to 25 Points - 1st Quarter
0QA239101396#187919085_13L42648Q1-778818167Q20,2,239101396,Neither,+850,9.5,9.50,17/2,,Unknown,187921085,['SGP'],Game Props,Race to 25 Points - 1st Quarter
0QA239101396#187919080_13L42648Q1-992767548Q20,2,239101396,BOS Celtics,-210,1.47619048,1.47,10/21,BOS Celtics,Team,187922080,['SGP'],"[{'id': '32898', 'name': 'BOS Celtics', 'type': 'Team'}]",Game Props,Race to 25 Points - 1st Quarter
0QA239101399#187919066_15L42648Q11404609906Q20,2,239101399,BKN Nets,+225,3.25,3.25,9/4,BKN Nets,Team,187920066,['SGP'],"[{'id': '32902', 'name': 'BKN Nets', 'type': 'Team'}]",Game Props,Race to 25 Points - 2nd Quarter
0QA239101399#187919068_13L42648Q1-778818167Q20,2,239101399,Neither,+900,10,10.00,9/1,,Unknown,187921068,['SGP'],Game Props,Race to 25 Points - 2nd Quarter
0QA239101399#187919065_13L42648Q1-992767548Q20,2,239101399,BOS Celtics,-185,1.54054055,1.54,20/37,BOS Celtics,Team,187922065,['SGP'],"[{'id': '32898', 'name': 'BOS Celtics', 'type': 'Team'}]",Game Props,Race to 25 Points - 2nd Quarter
0QA239101407#187919093_15L42648Q11404609906Q20,2,239101407,BKN Nets,+220,3.2,3.20,11/5,BKN Nets,Team,187920093,['SGP'],"[{'id': '32902', 'name': 'BKN Nets', 'type': 'Team'}]",Game Props,Race to 25 Points - 3rd Quarter
0QA239101407#187919094_13L42648Q1-778818167Q20,2,239101407,Neither,+850,9.5,9.50,17/2,,Unknown,187921094,['SGP'],Game Props,Race to 25 Points - 3rd Quarter
0QA239101407#187919092_13L42648Q1-992767548Q20,2,239101407,BOS Celtics,-180,1.55555556,1.55,5/9,BOS Celtics,Team,187922092,['SGP'],"[{'id': '32898', 'name': 'BOS Celtics', 'type': 'Team'}]",Game Props,Race to 25 Points - 3rd Quarter
0QA239101410#187919102_15L42648Q11404609906Q20,2,239101410,BKN Nets,+190,2.9,2.90,19/10,BKN Nets,Team,187920102,['SGP'],"[{'id': '32902', 'name': 'BKN Nets', 'type': 'Team'}]",Game Props,Race to 25 Points - 4th Quarter
0QA239101410#187919103_13L42648Q1-778818167Q20,2,239101410,Neither,+400,5,5.00,4/1,,Unknown,187921103,['SGP'],Game Props,Race to 25 Points - 4th Quarter
0QA239101410#187919101_13L42648Q1-992767548Q20,2,239101410,BOS Celtics,-115,1.86956522,1.86,20/23,BOS Celtics,Team,187922101,['SGP'],"[{'id': '32898', 'name': 'BOS Celtics', 'type': 'Team'}]",Game Props,Race to 25 Points - 4th Quarter
0QA239101404#187919078_15L42648Q11404609906Q20,2,239101404,BKN Nets,+475,5.75,5.75,19/4,BKN Nets,Team,187920078,['SGP'],"[{'id': '32902', 'name': 'BKN Nets', 'type': 'Team'}]",Game Props,Race to 30 Points - 1st Quarter
0QA239101404#187919081_13L42648Q1-778818167Q20,2,239101404,Neither,+165,2.65,2.65,33/20,,Unknown,187921081,['SGP'],Game Props,Race to 30 Points - 1st Quarter
0QA239101404#187919077_13L42648Q1-992767548Q20,2,239101404,BOS Celtics,-105,1.95238096,1.95,20/21,BOS Celtics,Team,187922077,['SGP'],"[{'id': '32898', 'name': 'BOS Celtics', 'type': 'Team'}]",Game Props,Race to 30 Points - 1st Quarter
0QA239101405#187919087_15L42648Q11404609906Q20,2,239101405,BKN Nets,+450,5.5,5.50,9/2,BKN Nets,Team,187920087,['SGP'],"[{'id': '32902', 'name': 'BKN Nets', 'type': 'Team'}]",Game Props,Race to 30 Points - 2nd Quarter
0QA239101405#187919088_13L42648Q1-778818167Q20,2,239101405,Neither,+155,2.55,2.55,31/20,,Unknown,187921088,['SGP'],Game Props,Race to 30 Points - 2nd Quarter
0QA239101405#187919086_13L42648Q1-992767548Q20,2,239101405,BOS Celtics,+105,2.05,2.05,21/20,BOS Celtics,Team,187922086,['SGP'],"[{'id': '32898', 'name': 'BOS Celtics', 'type': 'Team'}]",Game Props,Race to 30 Points - 2nd Quarter
0QA239101403#187919075_15L42648Q11404609906Q20,2,239101403,BKN Nets,+425,5.25,5.25,17/4,BKN Nets,Team,187920075,['SGP'],"[{'id': '32902', 'name': 'BKN Nets', 'type': 'Team'}]",Game Props,Race to 30 Points - 3rd Quarter
0QA239101403#187919076_13L42648Q1-778818167Q20,2,239101403,Neither,+145,2.45,2.45,29/20,,Unknown,187921076,['SGP'],Game Props,Race to 30 Points - 3rd Quarter
0QA239101403#187919074_13L42648Q1-992767548Q20,2,239101403,BOS Celtics,+110,2.1,2.10,11/10,BOS Celtics,Team,187922074,['SGP'],"[{'id': '32898', 'name': 'BOS Celtics', 'type': 'Team'}]",Game Props,Race to 30 Points - 3rd Quarter
0QA239101411#187919105_15L42648Q11404609906Q20,2,239101411,BKN Nets,+400,5,5.00,4/1,BKN Nets,Team,187920105,['SGP'],"[{'id': '32902', 'name': 'BKN Nets', 'type': 'Team'}]",Game Props,Race to 30 Points - 4th Quarter
0QA239101411#187919106_13L42648Q1-778818167Q20,2,239101411,Neither,-135,1.74074075,1.74,20/27,,Unknown,187921106,['SGP'],Game Props,Race to 30 Points - 4th Quarter
0QA239101411#187919104_13L42648Q1-992767548Q20,2,239101411,BOS Celtics,+235,3.35,3.35,47/20,BOS Celtics,Team,187922104,['SGP'],"[{'id': '32898', 'name': 'BOS Celtics', 'type': 'Team'}]",Game Props,Race to 30 Points - 4th Quarter
0QA239101653#187921351_15L42648Q1925350860Q20,2,239101653,MIL Bucks,-125,1.8,1.80,4/5,MIL Bucks,Team,187922351,['SGP'],"[{'id': '32933', 'name': 'MIL Bucks', 'type': 'Team'}]",Game Props,Race to 10 Points - 1st Quarter
0QA239101653#187921348_13L42648Q1-1544280736Q20,2,239101653,GS Warriors,+105,2.05,2.05,21/20,GS Warriors,Team,187924348,['SGP'],"[{'id': '32917', 'name': 'GS Warriors', 'type': 'Team'}]",Game Props,Race to 10 Points - 1st Quarter
0QA239101667#187921369_15L42648Q1925350860Q20,2,239101667,MIL Bucks,+100,2,2.00,1/1,MIL Bucks,Team,187922369,['SGP'],"[{'id': '32933', 'name': 'MIL Bucks', 'type': 'Team'}]",Game Props,Race to 10 Points - 2nd Quarter
0QA239101667#187921368_13L42648Q1-1544280736Q20,2,239101667,GS Warriors,-120,1.83333334,1.83,5/6,GS Warriors,Team,187924368,['SGP'],"[{'id': '32917', 'name': 'GS Warriors', 'type': 'Team'}]",Game Props,Race to 10 Points - 2nd Quarter
0QA239101663#187921357_15L42648Q1925350860Q20,2,239101663,MIL Bucks,-115,1.86956522,1.86,20/23,MIL Bucks,Team,187922357,['SGP'],"[{'id': '32933', 'name': 'MIL Bucks', 'type': 'Team'}]",Game Props,Race to 10 Points - 3rd Quarter
0QA239101663#187921356_13L42648Q1-1544280736Q20,2,239101663,GS Warriors,-105,1.95238096,1.95,20/21,GS Warriors,Team,187924356,['SGP'],"[{'id': '32917', 'name': 'GS Warriors', 'type': 'Team'}]",Game Props,Race to 10 Points - 3rd Quarter
0QA239101672#187921384_15L42648Q1925350860Q20,2,239101672,MIL Bucks,-125,1.8,1.80,4/5,MIL Bucks,Team,187922384,['SGP'],"[{'id': '32933', 'name': 'MIL Bucks', 'type': 'Team'}]",Game Props,Race to 10 Points - 4th Quarter
0QA239101672#187921383_13L42648Q1-1544280736Q20,2,239101672,GS Warriors,+100,2,2.00,1/1,GS Warriors,Team,187924383,['SGP'],"[{'id': '32917', 'name': 'GS Warriors', 'type': 'Team'}]",Game Props,Race to 10 Points - 4th Quarter
0QA239101654#187921345_15L42648Q1925350860Q20,2,239101654,MIL Bucks,-125,1.8,1.80,4/5,MIL Bucks,Team,187922345,['SGP'],"[{'id': '32933', 'name': 'MIL Bucks', 'type': 'Team'}]",Game Props,Race to 15 Points - 1st Quarter
0QA239101654#187921346_13L42648Q1-778818167Q20,2,239101654,Neither,+10000,101,101.00,100/1,,Unknown,187923346,['SGP'],Game Props,Race to 15 Points - 1st Quarter
0QA239101654#187921344_13L42648Q1-1544280736Q20,2,239101654,GS Warriors,+100,2,2.00,1/1,GS Warriors,Team,187924344,['SGP'],"[{'id': '32917', 'name': 'GS Warriors', 'type': 'Team'}]",Game Props,Race to 15 Points - 1st Quarter
0QA239101657#187921350_15L42648Q1925350860Q20,2,239101657,MIL Bucks,+100,2,2.00,1/1,MIL Bucks,Team,187922350,['SGP'],"[{'id': '32933', 'name': 'MIL Bucks', 'type': 'Team'}]",Game Props,Race to 15 Points - 2nd Quarter
0QA239101657#187921353_13L42648Q1-778818167Q20,2,239101657,Neither,+9000,91,91.00,90/1,,Unknown,187923353,['SGP'],Game Props,Race to 15 Points - 2nd Quarter
0QA239101657#187921347_13L42648Q1-1544280736Q20,2,239101657,GS Warriors,-125,1.8,1.80,4/5,GS Warriors,Team,187924347,['SGP'],"[{'id': '32917', 'name': 'GS Warriors', 'type': 'Team'}]",Game Props,Race to 15 Points - 2nd Quarter
0QA239101670#187921378_15L42648Q1925350860Q20,2,239101670,MIL Bucks,-115,1.86956522,1.86,20/23,MIL Bucks,Team,187922378,['SGP'],"[{'id': '32933', 'name': 'MIL Bucks', 'type': 'Team'}]",Game Props,Race to 15 Points - 3rd Quarter
0QA239101670#187921379_13L42648Q1-778818167Q20,2,239101670,Neither,+10000,101,101.00,100/1,,Unknown,187923379,['SGP'],Game Props,Race to 15 Points - 3rd Quarter
0QA239101670#187921377_13L42648Q1-1544280736Q20,2,239101670,GS Warriors,-110,1.90909091,1.90,10/11,GS Warriors,Team,187924377,['SGP'],"[{'id': '32917', 'name': 'GS Warriors', 'type': 'Team'}]",Game Props,Race to 15 Points - 3rd Quarter
0QA239101661#187921341_15L42648Q1925350860Q20,2,239101661,MIL Bucks,-120,1.83333334,1.83,5/6,MIL Bucks,Team,187922341,['SGP'],"[{'id': '32933', 'name': 'MIL Bucks', 'type': 'Team'}]",Game Props,Race to 15 Points - 4th Quarter
0QA239101661#187921343_13L42648Q1-778818167Q20,2,239101661,Neither,+9000,91,91.00,90/1,,Unknown,187923343,['SGP'],Game Props,Race to 15 Points - 4th Quarter
0QA239101661#187921339_13L42648Q1-1544280736Q20,2,239101661,GS Warriors,+100,2,2.00,1/1,GS Warriors,Team,187924339,['SGP'],"[{'id': '32917', 'name': 'GS Warriors', 'type': 'Team'}]",Game Props,Race to 15 Points - 4th Quarter
0QA239101655#187921327_15L42648Q1925350860Q20,2,239101655,MIL Bucks,-120,1.83333334,1.83,5/6,MIL Bucks,Team,187922327,['SGP'],"[{'id': '32933', 'name': 'MIL Bucks', 'type': 'Team'}]",Game Props,Race to 20 Points - 1st Quarter
0QA239101655#187921328_13L42648Q1-778818167Q20,2,239101655,Neither,+7500,76,76.00,75/1,,Unknown,187923328,['SGP'],Game Props,Race to 20 Points - 1st Quarter
0QA239101655#187921326_13L42648Q1-1544280736Q20,2,239101655,GS Warriors,+100,2,2.00,1/1,GS Warriors,Team,187924326,['SGP'],"[{'id': '32917', 'name': 'GS Warriors', 'type': 'Team'}]",Game Props,Race to 20 Points - 1st Quarter
0QA239101664#187921364_15L42648Q1925350860Q20,2,239101664,MIL Bucks,+100,2,2.00,1/1,MIL Bucks,Team,187922364,['SGP'],"[{'id': '32933', 'name': 'MIL Bucks', 'type': 'Team'}]",Game Props,Race to 20 Points - 2nd Quarter
0QA239101664#187921366_13L42648Q1-778818167Q20,2,239101664,Neither,+7500,76,76.00,75/1,,Unknown,187923366,['SGP'],Game Props,Race to 20 Points - 2nd Quarter
0QA239101664#187921361_13L42648Q1-1544280736Q20,2,239101664,GS Warriors,-125,1.8,1.80,4/5,GS Warriors,Team,187924361,['SGP'],"[{'id': '32917', 'name': 'GS Warriors', 'type': 'Team'}]",Game Props,Race to 20 Points - 2nd Quarter
0QA239101659#187921334_15L42648Q1925350860Q20,2,239101659,MIL Bucks,-105,1.95238096,1.95,20/21,MIL Bucks,Team,187922334,['SGP'],"[{'id': '32933', 'name': 'MIL Bucks', 'type': 'Team'}]",Game Props,Race to 20 Points - 3rd Quarter
0QA239101659#187921336_13L42648Q1-778818167Q20,2,239101659,Neither,+7500,76,76.00,75/1,,Unknown,187923336,['SGP'],Game Props,Race to 20 Points - 3rd Quarter
0QA239101659#187921332_13L42648Q1-1544280736Q20,2,239101659,GS Warriors,-110,1.90909091,1.90,10/11,GS Warriors,Team,187924332,['SGP'],"[{'id': '32917', 'name': 'GS Warriors', 'type': 'Team'}]",Game Props,Race to 20 Points - 3rd Quarter
0QA239101669#187921372_15L42648Q1925350860Q20,2,239101669,MIL Bucks,-110,1.90909091,1.90,10/11,MIL Bucks,Team,187922372,['SGP'],"[{'id': '32933', 'name': 'MIL Bucks', 'type': 'Team'}]",Game Props,Race to 20 Points - 4th Quarter
0QA239101669#187921373_13L42648Q1-778818167Q20,2,239101669,Neither,+4500,46,46.00,45/1,,Unknown,187923373,['SGP'],Game Props,Race to 20 Points - 4th Quarter
0QA239101669#187921371_13L42648Q1-1544280736Q20,2,239101669,GS Warriors,-105,1.95238096,1.95,20/21,GS Warriors,Team,187924371,['SGP'],"[{'id': '32917', 'name': 'GS Warriors', 'type': 'Team'}]",Game Props,Race to 20 Points - 4th Quarter
0QA239101660#187921352_15L42648Q1925350860Q20,2,239101660,MIL Bucks,+100,2,2.00,1/1,MIL Bucks,Team,187922352,['SGP'],"[{'id': '32933', 'name': 'MIL Bucks', 'type': 'Team'}]",Game Props,Race to 25 Points - 1st Quarter
0QA239101660#187921355_13L42648Q1-778818167Q20,2,239101660,Neither,+1500,16,16.00,15/1,,Unknown,187923355,['SGP'],Game Props,Race to 25 Points - 1st Quarter
0QA239101660#187921349_13L42648Q1-1544280736Q20,2,239101660,GS Warriors,+100,2,2.00,1/1,GS Warriors,Team,187924349,['SGP'],"[{'id': '32917', 'name': 'GS Warriors', 'type': 'Team'}]",Game Props,Race to 25 Points - 1st Quarter
0QA239101656#187921330_15L42648Q1925350860Q20,2,239101656,MIL Bucks,+115,2.15,2.15,23/20,MIL Bucks,Team,187922330,['SGP'],"[{'id': '32933', 'name': 'MIL Bucks', 'type': 'Team'}]",Game Props,Race to 25 Points - 2nd Quarter
0QA239101656#187921331_13L42648Q1-778818167Q20,2,239101656,Neither,+1600,17,17.00,16/1,,Unknown,187923331,['SGP'],Game Props,Race to 25 Points - 2nd Quarter
0QA239101656#187921329_13L42648Q1-1544280736Q20,2,239101656,GS Warriors,-120,1.83333334,1.83,5/6,GS Warriors,Team,187924329,['SGP'],"[{'id': '32917', 'name': 'GS Warriors', 'type': 'Team'}]",Game Props,Race to 25 Points - 2nd Quarter
0QA239101658#187921340_15L42648Q1925350860Q20,2,239101658,MIL Bucks,+105,2.05,2.05,21/20,MIL Bucks,Team,187922340,['SGP'],"[{'id': '32933', 'name': 'MIL Bucks', 'type': 'Team'}]",Game Props,Race to 25 Points - 3rd Quarter
0QA239101658#187921342_13L42648Q1-778818167Q20,2,239101658,Neither,+1400,15,15.00,14/1,,Unknown,187923342,['SGP'],Game Props,Race to 25 Points - 3rd Quarter
0QA239101658#187921337_13L42648Q1-1544280736Q20,2,239101658,GS Warriors,-105,1.95238096,1.95,20/21,GS Warriors,Team,187924337,['SGP'],"[{'id': '32917', 'name': 'GS Warriors', 'type': 'Team'}]",Game Props,Race to 25 Points - 3rd Quarter
0QA239101668#187921375_15L42648Q1925350860Q20,2,239101668,MIL Bucks,+110,2.1,2.10,11/10,MIL Bucks,Team,187922375,['SGP'],"[{'id': '32933', 'name': 'MIL Bucks', 'type': 'Team'}]",Game Props,Race to 25 Points - 4th Quarter
0QA239101668#187921376_13L42648Q1-778818167Q20,2,239101668,Neither,+700,8,8.00,7/1,,Unknown,187923376,['SGP'],Game Props,Race to 25 Points - 4th Quarter
0QA239101668#187921374_13L42648Q1-1544280736Q20,2,239101668,GS Warriors,+115,2.15,2.15,23/20,GS Warriors,Team,187924374,['SGP'],"[{'id': '32917', 'name': 'GS Warriors', 'type': 'Team'}]",Game Props,Race to 25 Points - 4th Quarter
0QA239101665#187921365_15L42648Q1925350860Q20,2,239101665,MIL Bucks,+155,2.55,2.55,31/20,MIL Bucks,Team,187922365,['SGP'],"[{'id': '32933', 'name': 'MIL Bucks', 'type': 'Team'}]",Game Props,Race to 30 Points - 1st Quarter
0QA239101665#187921367_13L42648Q1-778818167Q20,2,239101665,Neither,+265,3.65,3.65,53/20,,Unknown,187923367,['SGP'],Game Props,Race to 30 Points - 1st Quarter
0QA239101665#187921363_13L42648Q1-1544280736Q20,2,239101665,GS Warriors,+150,2.5,2.50,6/4,GS Warriors,Team,187924363,['SGP'],"[{'id': '32917', 'name': 'GS Warriors', 'type': 'Team'}]",Game Props,Race to 30 Points - 1st Quarter
0QA239101666#187921360_15L42648Q1925350860Q20,2,239101666,MIL Bucks,+175,2.75,2.75,7/4,MIL Bucks,Team,187922360,['SGP'],"[{'id': '32933', 'name': 'MIL Bucks', 'type': 'Team'}]",Game Props,Race to 30 Points - 2nd Quarter
0QA239101666#187921362_13L42648Q1-778818167Q20,2,239101666,Neither,+270,3.7,3.70,27/10,,Unknown,187923362,['SGP'],Game Props,Race to 30 Points - 2nd Quarter
0QA239101666#187921358_13L42648Q1-1544280736Q20,2,239101666,GS Warriors,+130,2.3,2.30,13/10,GS Warriors,Team,187924358,['SGP'],"[{'id': '32917', 'name': 'GS Warriors', 'type': 'Team'}]",Game Props,Race to 30 Points - 2nd Quarter
0QA239101671#187921381_15L42648Q1925350860Q20,2,239101671,MIL Bucks,+170,2.7,2.70,17/10,MIL Bucks,Team,187922381,['SGP'],"[{'id': '32933', 'name': 'MIL Bucks', 'type': 'Team'}]",Game Props,Race to 30 Points - 3rd Quarter
0QA239101671#187921382_13L42648Q1-778818167Q20,2,239101671,Neither,+235,3.35,3.35,47/20,,Unknown,187923382,['SGP'],Game Props,Race to 30 Points - 3rd Quarter
0QA239101671#187921380_13L42648Q1-1544280736Q20,2,239101671,GS Warriors,+150,2.5,2.50,6/4,GS Warriors,Team,187924380,['SGP'],"[{'id': '32917', 'name': 'GS Warriors', 'type': 'Team'}]",Game Props,Race to 30 Points - 3rd Quarter
0QA239101662#187921335_15L42648Q1925350860Q20,2,239101662,MIL Bucks,+200,3,3.00,2/1,MIL Bucks,Team,187922335,['SGP'],"[{'id': '32933', 'name': 'MIL Bucks', 'type': 'Team'}]",Game Props,Race to 30 Points - 4th Quarter
0QA239101662#187921338_13L42648Q1-778818167Q20,2,239101662,Neither,+130,2.3,2.30,13/10,,Unknown,187923338,['SGP'],Game Props,Race to 30 Points - 4th Quarter
0QA239101662#187921333_13L42648Q1-1544280736Q20,2,239101662,GS Warriors,+220,3.2,3.20,11/5,GS Warriors,Team,187924333,['SGP'],"[{'id': '32917', 'name': 'GS Warriors', 'type': 'Team'}]",Game Props,Race to 30 Points - 4th Quarter
0QA239102748#187926619_15L42648Q1-1663030963Q20,2,239102748,CLE Cavaliers,-150,1.66666667,1.66,4/6,CLE Cavaliers,Team,187927619,['SGP'],"[{'id': '32908', 'name': 'CLE Cavaliers', 'type': 'Team'}]",Game Props,Race to 10 Points - 1st Quarter
0QA239102748#187926618_13L42648Q1-1054795079Q20,2,239102748,LA Clippers,+125,2.25,2.25,5/4,LA Clippers,Team,187929618,['SGP'],"[{'id': '32925', 'name': 'LA Clippers', 'type': 'Team'}]",Game Props,Race to 10 Points - 1st Quarter
0QA239102753#187926613_15L42648Q1-1663030963Q20,2,239102753,CLE Cavaliers,-125,1.8,1.80,4/5,CLE Cavaliers,Team,187927613,['SGP'],"[{'id': '32908', 'name': 'CLE Cavaliers', 'type': 'Team'}]",Game Props,Race to 10 Points - 2nd Quarter
0QA239102753#187926612_13L42648Q1-1054795079Q20,2,239102753,LA Clippers,+105,2.05,2.05,21/20,LA Clippers,Team,187929612,['SGP'],"[{'id': '32925', 'name': 'LA Clippers', 'type': 'Team'}]",Game Props,Race to 10 Points - 2nd Quarter
0QA239102756#187926634_15L42648Q1-1663030963Q20,2,239102756,CLE Cavaliers,-130,1.76923077,1.76,10/13,CLE Cavaliers,Team,187927634,['SGP'],"[{'id': '32908', 'name': 'CLE Cavaliers', 'type': 'Team'}]",Game Props,Race to 10 Points - 3rd Quarter
0QA239102756#187926633_13L42648Q1-1054795079Q20,2,239102756,LA Clippers,+105,2.05,2.05,21/20,LA Clippers,Team,187929633,['SGP'],"[{'id': '32925', 'name': 'LA Clippers', 'type': 'Team'}]",Game Props,Race to 10 Points - 3rd Quarter
0QA239102761#187926649_15L42648Q1-1663030963Q20,2,239102761,CLE Cavaliers,-145,1.68965518,1.68,20/29,CLE Cavaliers,Team,187927649,['SGP'],"[{'id': '32908', 'name': 'CLE Cavaliers', 'type': 'Team'}]",Game Props,Race to 10 Points - 4th Quarter
0QA239102761#187926648_13L42648Q1-1054795079Q20,2,239102761,LA Clippers,+120,2.2,2.20,6/5,LA Clippers,Team,187929648,['SGP'],"[{'id': '32925', 'name': 'LA Clippers', 'type': 'Team'}]",Game Props,Race to 10 Points - 4th Quarter
0QA239102751#187926640_15L42648Q1-1663030963Q20,2,239102751,CLE Cavaliers,-145,1.68965518,1.68,20/29,CLE Cavaliers,Team,187927640,['SGP'],"[{'id': '32908', 'name': 'CLE Cavaliers', 'type': 'Team'}]",Game Props,Race to 15 Points - 1st Quarter
0QA239102751#187926641_13L42648Q1-778818167Q20,2,239102751,Neither,+9000,91,91.00,90/1,,Unknown,187928641,['SGP'],Game Props,Race to 15 Points - 1st Quarter
0QA239102751#187926639_13L42648Q1-1054795079Q20,2,239102751,LA Clippers,+120,2.2,2.20,6/5,LA Clippers,Team,187929639,['SGP'],"[{'id': '32925', 'name': 'LA Clippers', 'type': 'Team'}]",Game Props,Race to 15 Points - 1st Quarter
0QA239102755#187926616_15L42648Q1-1663030963Q20,2,239102755,CLE Cavaliers,-125,1.8,1.80,4/5,CLE Cavaliers,Team,187927616,['SGP'],"[{'id': '32908', 'name': 'CLE Cavaliers', 'type': 'Team'}]",Game Props,Race to 15 Points - 2nd Quarter
0QA239102755#187926615_13L42648Q1-1054795079Q20,2,239102755,LA Clippers,+100,2,2.00,1/1,LA Clippers,Team,187929615,['SGP'],"[{'id': '32925', 'name': 'LA Clippers', 'type': 'Team'}]",Game Props,Race to 15 Points - 2nd Quarter
0QA239102762#187926655_15L42648Q1-1663030963Q20,2,239102762,CLE Cavaliers,-130,1.76923077,1.76,10/13,CLE Cavaliers,Team,187927655,['SGP'],"[{'id': '32908', 'name': 'CLE Cavaliers', 'type': 'Team'}]",Game Props,Race to 15 Points - 3rd Quarter
0QA239102762#187926654_13L42648Q1-1054795079Q20,2,239102762,LA Clippers,+105,2.05,2.05,21/20,LA Clippers,Team,187929654,['SGP'],"[{'id': '32925', 'name': 'LA Clippers', 'type': 'Team'}]",Game Props,Race to 15 Points - 3rd Quarter
0QA239102766#187926667_15L42648Q1-1663030963Q20,2,239102766,CLE Cavaliers,-140,1.71428572,1.71,5/7,CLE Cavaliers,Team,187927667,['SGP'],"[{'id': '32908', 'name': 'CLE Cavaliers', 'type': 'Team'}]",Game Props,Race to 15 Points - 4th Quarter
0QA239102766#187926668_13L42648Q1-778818167Q20,2,239102766,Neither,+9000,91,91.00,90/1,,Unknown,187928668,['SGP'],Game Props,Race to 15 Points - 4th Quarter
0QA239102766#187926666_13L42648Q1-1054795079Q20,2,239102766,LA Clippers,+115,2.15,2.15,23/20,LA Clippers,Team,187929666,['SGP'],"[{'id': '32925', 'name': 'LA Clippers', 'type': 'Team'}]",Game Props,Race to 15 Points - 4th Quarter
0QA239102757#187926631_15L42648Q1-1663030963Q20,2,239102757,CLE Cavaliers,-145,1.68965518,1.68,20/29,CLE Cavaliers,Team,187927631,['SGP'],"[{'id': '32908', 'name': 'CLE Cavaliers', 'type': 'Team'}]",Game Props,Race to 20 Points - 1st Quarter
0QA239102757#187926632_13L42648Q1-778818167Q20,2,239102757,Neither,+8000,81,81.00,80/1,,Unknown,187928632,['SGP'],Game Props,Race to 20 Points - 1st Quarter
0QA239102757#187926630_13L42648Q1-1054795079Q20,2,239102757,LA Clippers,+120,2.2,2.20,6/5,LA Clippers,Team,187929630,['SGP'],"[{'id': '32925', 'name': 'LA Clippers', 'type': 'Team'}]",Game Props,Race to 20 Points - 1st Quarter
0QA239102763#187926652_15L42648Q1-1663030963Q20,2,239102763,CLE Cavaliers,-125,1.8,1.80,4/5,CLE Cavaliers,Team,187927652,['SGP'],"[{'id': '32908', 'name': 'CLE Cavaliers', 'type': 'Team'}]",Game Props,Race to 20 Points - 2nd Quarter
0QA239102763#187926653_13L42648Q1-778818167Q20,2,239102763,Neither,+8000,81,81.00,80/1,,Unknown,187928653,['SGP'],Game Props,Race to 20 Points - 2nd Quarter
0QA239102763#187926651_13L42648Q1-1054795079Q20,2,239102763,LA Clippers,+105,2.05,2.05,21/20,LA Clippers,Team,187929651,['SGP'],"[{'id': '32925', 'name': 'LA Clippers', 'type': 'Team'}]",Game Props,Race to 20 Points - 2nd Quarter
0QA239102752#187926625_15L42648Q1-1663030963Q20,2,239102752,CLE Cavaliers,-135,1.74074075,1.74,20/27,CLE Cavaliers,Team,187927625,['SGP'],"[{'id': '32908', 'name': 'CLE Cavaliers', 'type': 'Team'}]",Game Props,Race to 20 Points - 3rd Quarter
0QA239102752#187926626_13L42648Q1-778818167Q20,2,239102752,Neither,+7500,76,76.00,75/1,,Unknown,187928626,['SGP'],Game Props,Race to 20 Points - 3rd Quarter
0QA239102752#187926624_13L42648Q1-1054795079Q20,2,239102752,LA Clippers,+110,2.1,2.10,11/10,LA Clippers,Team,187929624,['SGP'],"[{'id': '32925', 'name': 'LA Clippers', 'type': 'Team'}]",Game Props,Race to 20 Points - 3rd Quarter
0QA239102758#187926628_15L42648Q1-1663030963Q20,2,239102758,CLE Cavaliers,-135,1.74074075,1.74,20/27,CLE Cavaliers,Team,187927628,['SGP'],"[{'id': '32908', 'name': 'CLE Cavaliers', 'type': 'Team'}]",Game Props,Race to 20 Points - 4th Quarter
0QA239102758#187926629_13L42648Q1-778818167Q20,2,239102758,Neither,+4500,46,46.00,45/1,,Unknown,187928629,['SGP'],Game Props,Race to 20 Points - 4th Quarter
0QA239102758#187926627_13L42648Q1-1054795079Q20,2,239102758,LA Clippers,+120,2.2,2.20,6/5,LA Clippers,Team,187929627,['SGP'],"[{'id': '32925', 'name': 'LA Clippers', 'type': 'Team'}]",Game Props,Race to 20 Points - 4th Quarter
0QA239102750#187926622_15L42648Q1-1663030963Q20,2,239102750,CLE Cavaliers,-130,1.76923077,1.76,10/13,CLE Cavaliers,Team,187927622,['SGP'],"[{'id': '32908', 'name': 'CLE Cavaliers', 'type': 'Team'}]",Game Props,Race to 25 Points - 1st Quarter
0QA239102750#187926623_13L42648Q1-778818167Q20,2,239102750,Neither,+1500,16,16.00,15/1,,Unknown,187928623,['SGP'],Game Props,Race to 25 Points - 1st Quarter
0QA239102750#187926621_13L42648Q1-1054795079Q20,2,239102750,LA Clippers,+130,2.3,2.30,13/10,LA Clippers,Team,187929621,['SGP'],"[{'id': '32925', 'name': 'LA Clippers', 'type': 'Team'}]",Game Props,Race to 25 Points - 1st Quarter
0QA239102754#187926637_15L42648Q1-1663030963Q20,2,239102754,CLE Cavaliers,-115,1.86956522,1.86,20/23,CLE Cavaliers,Team,187927637,['SGP'],"[{'id': '32908', 'name': 'CLE Cavaliers', 'type': 'Team'}]",Game Props,Race to 25 Points - 2nd Quarter
0QA239102754#187926638_13L42648Q1-778818167Q20,2,239102754,Neither,+1400,15,15.00,14/1,,Unknown,187928638,['SGP'],Game Props,Race to 25 Points - 2nd Quarter
0QA239102754#187926636_13L42648Q1-1054795079Q20,2,239102754,LA Clippers,+110,2.1,2.10,11/10,LA Clippers,Team,187929636,['SGP'],"[{'id': '32925', 'name': 'LA Clippers', 'type': 'Team'}]",Game Props,Race to 25 Points - 2nd Quarter
0QA239102767#187926664_15L42648Q1-1663030963Q20,2,239102767,CLE Cavaliers,-120,1.83333334,1.83,5/6,CLE Cavaliers,Team,187927664,['SGP'],"[{'id': '32908', 'name': 'CLE Cavaliers', 'type': 'Team'}]",Game Props,Race to 25 Points - 3rd Quarter
0QA239102767#187926665_13L42648Q1-778818167Q20,2,239102767,Neither,+1300,14,14.00,13/1,,Unknown,187928665,['SGP'],Game Props,Race to 25 Points - 3rd Quarter
0QA239102767#187926663_13L42648Q1-1054795079Q20,2,239102767,LA Clippers,+120,2.2,2.20,6/5,LA Clippers,Team,187929663,['SGP'],"[{'id': '32925', 'name': 'LA Clippers', 'type': 'Team'}]",Game Props,Race to 25 Points - 3rd Quarter
0QA239102760#187926646_15L42648Q1-1663030963Q20,2,239102760,CLE Cavaliers,-110,1.90909091,1.90,10/11,CLE Cavaliers,Team,187927646,['SGP'],"[{'id': '32908', 'name': 'CLE Cavaliers', 'type': 'Team'}]",Game Props,Race to 25 Points - 4th Quarter
0QA239102760#187926647_13L42648Q1-778818167Q20,2,239102760,Neither,+650,7.5,7.50,13/2,,Unknown,187928647,['SGP'],Game Props,Race to 25 Points - 4th Quarter
0QA239102760#187926645_13L42648Q1-1054795079Q20,2,239102760,LA Clippers,+145,2.45,2.45,29/20,LA Clippers,Team,187929645,['SGP'],"[{'id': '32925', 'name': 'LA Clippers', 'type': 'Team'}]",Game Props,Race to 25 Points - 4th Quarter
0QA239102749#187926610_15L42648Q1-1663030963Q20,2,239102749,CLE Cavaliers,+125,2.25,2.25,5/4,CLE Cavaliers,Team,187927610,['SGP'],"[{'id': '32908', 'name': 'CLE Cavaliers', 'type': 'Team'}]",Game Props,Race to 30 Points - 1st Quarter
0QA239102749#187926611_13L42648Q1-778818167Q20,2,239102749,Neither,+240,3.4,3.40,12/5,,Unknown,187928611,['SGP'],Game Props,Race to 30 Points - 1st Quarter
0QA239102749#187926609_13L42648Q1-1054795079Q20,2,239102749,LA Clippers,+200,3,3.00,2/1,LA Clippers,Team,187929609,['SGP'],"[{'id': '32925', 'name': 'LA Clippers', 'type': 'Team'}]",Game Props,Race to 30 Points - 1st Quarter
0QA239102759#187926643_15L42648Q1-1663030963Q20,2,239102759,CLE Cavaliers,+145,2.45,2.45,29/20,CLE Cavaliers,Team,187927643,['SGP'],"[{'id': '32908', 'name': 'CLE Cavaliers', 'type': 'Team'}]",Game Props,Race to 30 Points - 2nd Quarter
0QA239102759#187926644_13L42648Q1-778818167Q20,2,239102759,Neither,+220,3.2,3.20,11/5,,Unknown,187928644,['SGP'],Game Props,Race to 30 Points - 2nd Quarter
0QA239102759#187926642_13L42648Q1-1054795079Q20,2,239102759,LA Clippers,+180,2.8,2.80,9/5,LA Clippers,Team,187929642,['SGP'],"[{'id': '32925', 'name': 'LA Clippers', 'type': 'Team'}]",Game Props,Race to 30 Points - 2nd Quarter
0QA239102764#187926658_15L42648Q1-1663030963Q20,2,239102764,CLE Cavaliers,+140,2.4,2.40,7/5,CLE Cavaliers,Team,187927658,['SGP'],"[{'id': '32908', 'name': 'CLE Cavaliers', 'type': 'Team'}]",Game Props,Race to 30 Points - 3rd Quarter
0QA239102764#187926659_13L42648Q1-778818167Q20,2,239102764,Neither,+215,3.15,3.15,43/20,,Unknown,187928659,['SGP'],Game Props,Race to 30 Points - 3rd Quarter
0QA239102764#187926656_13L42648Q1-1054795079Q20,2,239102764,LA Clippers,+195,2.95,2.95,39/20,LA Clippers,Team,187929656,['SGP'],"[{'id': '32925', 'name': 'LA Clippers', 'type': 'Team'}]",Game Props,Race to 30 Points - 3rd Quarter
0QA239102765#187926661_15L42648Q1-1663030963Q20,2,239102765,CLE Cavaliers,+195,2.95,2.95,39/20,CLE Cavaliers,Team,187927661,['SGP'],"[{'id': '32908', 'name': 'CLE Cavaliers', 'type': 'Team'}]",Game Props,Race to 30 Points - 4th Quarter
0QA239102765#187926662_13L42648Q1-778818167Q20,2,239102765,Neither,+115,2.15,2.15,23/20,,Unknown,187928662,['SGP'],Game Props,Race to 30 Points - 4th Quarter
0QA239102765#187926660_13L42648Q1-1054795079Q20,2,239102765,LA Clippers,+280,3.8,3.80,14/5,LA Clippers,Team,187929660,['SGP'],"[{'id': '32925', 'name': 'LA Clippers', 'type': 'Team'}]",Game Props,Race to 30 Points - 4th Quarter
0OU79094848O9250_1,2,3_79094848,Over,-125,1.8,1.80,4/5,92.5,TOR Raptors,Unknown,True,92500,['MainPointLine'],"[{'id': '32957', 'name': 'TOR Raptors', 'type': 'Team'}]",Team Props,TOR Raptors: Team Total Points
0OU79094848U9250_3,2,3_79094848,Under,-105,1.95238096,1.95,20/21,92.5,TOR Raptors,Unknown,True,92502,['MainPointLine'],"[{'id': '32957', 'name': 'TOR Raptors', 'type': 'Team'}]",Team Props,TOR Raptors: Team Total Points
0OU79094847O11650_1,2,3_79094847,Over,-105,1.95238096,1.95,20/21,116.5,PHO Suns,Unknown,True,116500,['MainPointLine'],"[{'id': '32949', 'name': 'PHO Suns', 'type': 'Team'}]",Team Props,PHO Suns: Team Total Points
0OU79094847U11650_3,2,3_79094847,Under,-125,1.8,1.80,4/5,116.5,PHO Suns,Unknown,True,116502,['MainPointLine'],"[{'id': '32949', 'name': 'PHO Suns', 'type': 'Team'}]",Team Props,PHO Suns: Team Total Points
0OU79094906O11850_1,2,3_79094906,Over,-120,1.83333334,1.83,5/6,118.5,MEM Grizzlies,Unknown,True,118500,['MainPointLine'],"[{'id': '32929', 'name': 'MEM Grizzlies', 'type': 'Team'}]",Team Props,MEM Grizzlies: Team Total Points
0OU79094906U11850_3,2,3_79094906,Under,-110,1.90909091,1.90,10/11,118.5,MEM Grizzlies,Unknown,True,118502,['MainPointLine'],"[{'id': '32929', 'name': 'MEM Grizzlies', 'type': 'Team'}]",Team Props,MEM Grizzlies: Team Total Points
0OU79094905O12750_1,2,3_79094905,Over,-110,1.90909091,1.90,10/11,127.5,SAC Kings,Unknown,True,127500,['MainPointLine'],"[{'id': '32954', 'name': 'SAC Kings', 'type': 'Team'}]",Team Props,SAC Kings: Team Total Points
0OU79094905U12750_3,2,3_79094905,Under,-120,1.83333334,1.83,5/6,127.5,SAC Kings,Unknown,True,127502,['MainPointLine'],"[{'id': '32954', 'name': 'SAC Kings', 'type': 'Team'}]",Team Props,SAC Kings: Team Total Points
0OU79094818O10950_1,2,3_79094818,Over,-125,1.8,1.80,4/5,109.5,GS Warriors,Unknown,True,109500,['MainPointLine'],"[{'id': '32917', 'name': 'GS Warriors', 'type': 'Team'}]",Team Props,GS Warriors: Team Total Points
0OU79094818U10950_3,2,3_79094818,Under,-105,1.95238096,1.95,20/21,109.5,GS Warriors,Unknown,True,109502,['MainPointLine'],"[{'id': '32917', 'name': 'GS Warriors', 'type': 'Team'}]",Team Props,GS Warriors: Team Total Points
0OU79094819O11050_1,2,3_79094819,Over,-125,1.8,1.80,4/5,110.5,DEN Nuggets,Unknown,True,110500,['MainPointLine'],"[{'id': '32913', 'name': 'DEN Nuggets', 'type': 'Team'}]",Team Props,DEN Nuggets: Team Total Points
0OU79094819U11050_3,2,3_79094819,Under,-105,1.95238096,1.95,20/21,110.5,DEN Nuggets,Unknown,True,110502,['MainPointLine'],"[{'id': '32913', 'name': 'DEN Nuggets', 'type': 'Team'}]",Team Props,DEN Nuggets: Team Total Points
0OU79094877O10250_1,2,3_79094877,Over,-110,1.90909091,1.90,10/11,102.5,WAS Wizards,Unknown,True,102500,['MainPointLine'],"[{'id': '32962', 'name': 'WAS Wizards', 'type': 'Team'}]",Team Props,WAS Wizards: Team Total Points
0OU79094877U10250_3,2,3_79094877,Under,-120,1.83333334,1.83,5/6,102.5,WAS Wizards,Unknown,True,102502,['MainPointLine'],"[{'id': '32962', 'name': 'WAS Wizards', 'type': 'Team'}]",Team Props,WAS Wizards: Team Total Points
0OU79094876O11950_1,2,3_79094876,Over,-120,1.83333334,1.83,5/6,119.5,POR Trail Blazers,Unknown,True,119500,['MainPointLine'],"[{'id': '32952', 'name': 'POR Trail Blazers', 'type': 'Team'}]",Team Props,POR Trail Blazers: Team Total Points
0OU79094876U11950_3,2,3_79094876,Under,-110,1.90909091,1.90,10/11,119.5,POR Trail Blazers,Unknown,True,119502,['MainPointLine'],"[{'id': '32952', 'name': 'POR Trail Blazers', 'type': 'Team'}]",Team Props,POR Trail Blazers: Team Total Points
0OU79094935O10850_1,2,3_79094935,Over,-115,1.86956522,1.86,20/23,108.5,SA Spurs,Unknown,True,108500,['MainPointLine'],"[{'id': '32955', 'name': 'SA Spurs', 'type': 'Team'}]",Team Props,SA Spurs: Team Total Points
0OU79094935U10850_3,2,3_79094935,Under,-115,1.86956522,1.86,20/23,108.5,SA Spurs,Unknown,True,108502,['MainPointLine'],"[{'id': '32955', 'name': 'SA Spurs', 'type': 'Team'}]",Team Props,SA Spurs: Team Total Points
0OU79094934O12350_1,2,3_79094934,Over,-115,1.86956522,1.86,20/23,123.5,LA Lakers,Unknown,True,123500,['MainPointLine'],"[{'id': '32927', 'name': 'LA Lakers', 'type': 'Team'}]",Team Props,LA Lakers: Team Total Points
0OU79094934U12350_3,2,3_79094934,Under,-115,1.86956522,1.86,20/23,123.5,LA Lakers,Unknown,True,123502,['MainPointLine'],"[{'id': '32927', 'name': 'LA Lakers', 'type': 'Team'}]",Team Props,LA Lakers: Team Total Points
0QA197428343#1799842614_4L42648Q159136Q2-1,2,197428343,OKC Thunder,+175,2.75,2.75,7/4,OKC Thunder,Team,27514,"[{'id': '32942', 'name': 'OKC Thunder', 'type': 'Team'}]",Team Futures,Finals Winner
0QA197428343#1799842622_4L42648Q119350Q2-1,2,197428343,BOS Celtics,+235,3.35,3.35,47/20,BOS Celtics,Team,33522,"[{'id': '32898', 'name': 'BOS Celtics', 'type': 'Team'}]",Team Futures,Finals Winner
0QA197428343#1799845721_4L42648Q119947Q2-1,2,197428343,CLE Cavaliers,+600,7,7.00,6/1,CLE Cavaliers,Team,70021,"[{'id': '32908', 'name': 'CLE Cavaliers', 'type': 'Team'}]",Team Futures,Finals Winner
0QA197428343#1799842620_4L42648Q12048Q2-1,2,197428343,DEN Nuggets,+1400,15,15.00,14/1,DEN Nuggets,Team,150020,"[{'id': '32913', 'name': 'DEN Nuggets', 'type': 'Team'}]",Team Futures,Finals Winner
0QA197428343#1799844635_4L42648Q119735Q2-1,2,197428343,GS Warriors,+1400,15,15.00,14/1,GS Warriors,Team,150035,"[{'id': '32917', 'name': 'GS Warriors', 'type': 'Team'}]",Team Futures,Finals Winner
0QA197428343#1799844631_4L42648Q119651Q2-1,2,197428343,LA Lakers,+1500,16,16.00,15/1,LA Lakers,Team,160031,"[{'id': '32927', 'name': 'LA Lakers', 'type': 'Team'}]",Team Futures,Finals Winner
0QA197428343#1799843694_4L42648Q17329Q2-1,2,197428343,NY Knicks,+1900,20,20.00,19/1,NY Knicks,Team,200094,"[{'id': '32940', 'name': 'NY Knicks', 'type': 'Team'}]",Team Futures,Finals Winner
0QA197428343#1799842618_4L42648Q11801Q2-1,2,197428343,MIL Bucks,+4500,46,46.00,45/1,MIL Bucks,Team,460018,"[{'id': '32933', 'name': 'MIL Bucks', 'type': 'Team'}]",Team Futures,Finals Winner
0QA197428343#1799842616_4L42648Q119946Q2-1,2,197428343,MIN Timberwolves,+6000,61,61.00,60/1,MIN Timberwolves,Team,610016,"[{'id': '32935', 'name': 'MIN Timberwolves', 'type': 'Team'}]",Team Futures,Finals Winner
0QA197428343#1799844629_4L42648Q18504Q2-1,2,197428343,MEM Grizzlies,+6000,61,61.00,60/1,MEM Grizzlies,Team,610029,"[{'id': '32929', 'name': 'MEM Grizzlies', 'type': 'Team'}]",Team Futures,Finals Winner
0QA197428343#1799843696_4L42648Q120425Q2-1,2,197428343,LA Clippers,+6500,66,66.00,65/1,LA Clippers,Team,660096,"[{'id': '32925', 'name': 'LA Clippers', 'type': 'Team'}]",Team Futures,Finals Winner
0QA197428343#1799844633_4L42648Q1623Q2-1,2,197428343,IND Pacers,+15000,151,151.00,150/1,IND Pacers,Team,1510033,"[{'id': '32922', 'name': 'IND Pacers', 'type': 'Team'}]",Team Futures,Finals Winner
0QA197428343#1799847583_4L42648Q1251Q2-1,2,197428343,HOU Rockets,+15000,151,151.00,150/1,HOU Rockets,Team,1510083,"[{'id': '32919', 'name': 'HOU Rockets', 'type': 'Team'}]",Team Futures,Finals Winner
0QA197428343#1799847585_4L42648Q1407Q2-1,2,197428343,DET Pistons,+40000,401,401.00,400/1,DET Pistons,Team,4010085,"[{'id': '32915', 'name': 'DET Pistons', 'type': 'Team'}]",Team Futures,Finals Winner
0QA197428343#1799845715_4L42648Q1747Q2-1,2,197428343,SAC Kings,+80000,801,801.00,800/1,SAC Kings,Team,8010015,"[{'id': '32954', 'name': 'SAC Kings', 'type': 'Team'}]",Team Futures,Finals Winner
0QA197428343#1799845717_4L42648Q119732Q2-1,2,197428343,ORL Magic,+80000,801,801.00,800/1,ORL Magic,Team,8010017,"[{'id': '32945', 'name': 'ORL Magic', 'type': 'Team'}]",Team Futures,Finals Winner
0QA197428343#1799843690_4L42648Q11808Q2-1,2,197428343,PHO Suns,+100000,1001,1001.00,1000/1,PHO Suns,Team,10010090,"[{'id': '32949', 'name': 'PHO Suns', 'type': 'Team'}]",Team Futures,Finals Winner
0QA197428343#1799845725_4L42648Q11804Q2-1,2,197428343,ATL Hawks,+300000,3001,3001.00,3000/1,ATL Hawks,Team,30010025,"[{'id': '32892', 'name': 'ATL Hawks', 'type': 'Team'}]",Team Futures,Finals Winner
0QA197428343#1799844627_4L42648Q1823Q2-1,2,197428343,MIA Heat,+300000,3001,3001.00,3000/1,MIA Heat,Team,30010027,"[{'id': '32931', 'name': 'MIA Heat', 'type': 'Team'}]",Team Futures,Finals Winner
0QA197428343#1799847581_4L42648Q1432Q2-1,2,197428343,POR Trail Blazers,+400000,4001,4001.00,4000/1,POR Trail Blazers,Team,40010081,"[{'id': '32952', 'name': 'POR Trail Blazers', 'type': 'Team'}]",Team Futures,Finals Winner
0QA197428343#1799847587_4L42648Q11803Q2-1,2,197428343,CHI Bulls,+400000,4001,4001.00,4000/1,CHI Bulls,Team,40010087,"[{'id': '32906', 'name': 'CHI Bulls', 'type': 'Team'}]",Team Futures,Finals Winner
0QA197428343#1799843698_4L42648Q12047Q2-1,2,197428343,DAL Mavericks,+400000,4001,4001.00,4000/1,DAL Mavericks,Team,40010098,"[{'id': '32911', 'name': 'DAL Mavericks', 'type': 'Team'}]",Team Futures,Finals Winner
0QA197428343#1799847577_4L42648Q119349Q2-1,2,197428343,TOR Raptors,+500000,5001,5001.00,5000/1,TOR Raptors,Team,50010077,"[{'id': '32957', 'name': 'TOR Raptors', 'type': 'Team'}]",Team Futures,Finals Winner
0QA197428343#1799847579_4L42648Q119948Q2-1,2,197428343,SA Spurs,+500000,5001,5001.00,5000/1,SA Spurs,Team,50010079,"[{'id': '32955', 'name': 'SA Spurs', 'type': 'Team'}]",Team Futures,Finals Winner
0QA197428343#1799843692_4L42648Q11806Q2-1,2,197428343,PHI 76ers,+500000,5001,5001.00,5000/1,PHI 76ers,Team,50010092,"[{'id': '32947', 'name': 'PHI 76ers', 'type': 'Team'}]",Team Futures,Finals Winner
0QA197428343#1799847591_4L42648Q11805Q2-1,2,197428343,BKN Nets,+1000000,10001,10001.00,10000/1,BKN Nets,Team,100010091,"[{'id': '32902', 'name': 'BKN Nets', 'type': 'Team'}]",Team Futures,Finals Winner
0QA204740229#1833772632_13L42648Q1394306Q2-1,2,204740229,Yes,+2000,21,21.00,20/1,Yes,Unknown,10,"[{'name': 'Yes', 'type': 'Team'}]",Wins/Playoffs,To Make the Playoffs
0QA204740229#1833772635_13L42648Q1394307Q2-1,2,204740229,No,-20000,1.005,1.005,1/200,No,Unknown,20,"[{'name': 'No', 'type': 'Team'}]",Wins/Playoffs,To Make the Playoffs
0QA201046890#1817013168_13L42648Q11044603Q2-1,2,201046890,Shai Gilgeous-Alexander,-700,1.14285715,1.14,1/7,Shai Gilgeous-Alexander,Unknown,11467,"[{'name': 'Shai Gilgeous-Alexander', 'type': 'Team'}]",Awards,Regular Season MVP [all bets action]
0QA201046890#1817013171_13L42648Q1789037Q2-1,2,201046890,Nikola Jokic,+450,5.5,5.50,9/2,Nikola Jokic,Unknown,55071,"[{'name': 'Nikola Jokic', 'type': 'Team'}]",Awards,Regular Season MVP [all bets action]
0QA201046890#1817013180_13L42648Q1788150Q2-1,2,201046890,Jayson Tatum,+50000,501,501.00,500/1,Jayson Tatum,Unknown,5010080,"[{'name': 'Jayson Tatum', 'type': 'Team'}]",Awards,Regular Season MVP [all bets action]
0QA201046890#1817013186_13L42648Q1576348Q2-1,2,201046890,Giannis Antetokounmpo,+50000,501,501.00,500/1,Giannis Antetokounmpo,Unknown,5010086,"[{'name': 'Giannis Antetokounmpo', 'type': 'Team'}]",Awards,Regular Season MVP [all bets action]
